source_csv_row,received_at_ms,node,seq
2,1788715797784,esp32-vibration-01,387
3,1788715798156,esp32-thermal-01,333
4,1788715798166,esp32-marker-01,344
5,1788715798284,esp32-vibration-01,388
6,1788715798657,esp32-thermal-01,334
7,1788715798666,esp32-marker-01,345
8,1788715798784,esp32-vibration-01,389
9,1788715799156,esp32-thermal-01,335
10,1788715799165,esp32-marker-01,346
11,1788715799285,esp32-vibration-01,390
12,1788715799656,esp32-thermal-01,336
13,1788715799665,esp32-marker-01,347
14,1788715799784,esp32-vibration-01,391
15,1788715800157,esp32-thermal-01,337
16,1788715800165,esp32-marker-01,348
166,1788715825166,esp32-marker-01,398
167,1788715825285,esp32-vibration-01,442
168,1788715825657,esp32-thermal-01,388
169,1788715825666,esp32-marker-01,399
170,1788715825785,esp32-vibration-01,443
171,1788715826157,esp32-thermal-01,389
172,1788715826166,esp32-marker-01,400
173,1788715826285,esp32-vibration-01,444
174,1788715826657,esp32-thermal-01,390
175,1788715826666,esp32-marker-01,401
176,1788715826785,esp32-vibration-01,445
177,1788715827157,esp32-thermal-01,391
178,1788715827166,esp32-marker-01,402
179,1788715827286,esp32-vibration-01,446
180,1788715827657,esp32-thermal-01,392
181,1788715827666,esp32-marker-01,403
182,1788715827784,esp32-vibration-01,447
183,1788715828158,esp32-thermal-01,393
184,1788715828167,esp32-marker-01,404
185,1788715828285,esp32-vibration-01,448
186,1788715828657,esp32-thermal-01,394
187,1788715828666,esp32-marker-01,405
188,1788715828785,esp32-vibration-01,449
189,1788715829157,esp32-thermal-01,395
190,1788715829166,esp32-marker-01,406
191,1788715829286,esp32-vibration-01,450
192,1788715829658,esp32-thermal-01,396
193,1788715829666,esp32-marker-01,407
194,1788715829784,esp32-vibration-01,451
195,1788715830157,esp32-thermal-01,397
196,1788715830165,esp32-marker-01,408
197,1788715830285,esp32-vibration-01,452
198,1788715830657,esp32-thermal-01,398
199,1788715830663,esp32-marker-01,409
200,1788715830785,esp32-vibration-01,453
201,1788715831158,esp32-thermal-01,399
202,1788715831163,esp32-marker-01,410
203,1788715831285,esp32-vibration-01,454
204,1788715831657,esp32-thermal-01,400
205,1788715831663,esp32-marker-01,411
206,1788715831785,esp32-vibration-01,455
207,1788715832157,esp32-thermal-01,401
208,1788715832162,esp32-marker-01,412
209,1788715832285,esp32-vibration-01,456
210,1788715832658,esp32-thermal-01,402
211,1788715832663,esp32-marker-01,413
212,1788715832785,esp32-vibration-01,457
213,1788715833158,esp32-thermal-01,403
214,1788715833163,esp32-marker-01,414
215,1788715833285,esp32-vibration-01,458
216,1788715833658,esp32-thermal-01,404
375,1788715860158,esp32-thermal-01,457
376,1788715860167,esp32-marker-01,468
377,1788715860286,esp32-vibration-01,512
378,1788715860658,esp32-thermal-01,458
379,1788715860667,esp32-marker-01,469
380,1788715860786,esp32-vibration-01,513
381,1788715861159,esp32-thermal-01,459
382,1788715861167,esp32-marker-01,470
383,1788715861286,esp32-vibration-01,514
384,1788715861658,esp32-thermal-01,460
385,1788715861667,esp32-marker-01,471
386,1788715861786,esp32-vibration-01,515
387,1788715862158,esp32-thermal-01,461
388,1788715862167,esp32-marker-01,472
389,1788715862287,esp32-vibration-01,516
390,1788715862667,esp32-marker-01,473
391,1788715862769,esp32-vibration-01,517
392,1788715863167,esp32-marker-01,474
393,1788715863288,esp32-vibration-01,518
394,1788715863667,esp32-marker-01,475
395,1788715863785,esp32-vibration-01,519
396,1788715864167,esp32-marker-01,476
397,1788715864285,esp32-vibration-01,520
398,1788715864667,esp32-marker-01,477
399,1788715864787,esp32-vibration-01,521
400,1788715865167,esp32-marker-01,478
401,1788715865287,esp32-vibration-01,522
402,1788715865668,esp32-marker-01,479
403,1788715865785,esp32-vibration-01,523
404,1788715866167,esp32-marker-01,480
405,1788715866286,esp32-vibration-01,524
406,1788715866667,esp32-marker-01,481
407,1788715866786,esp32-vibration-01,525
408,1788715867168,esp32-marker-01,482
409,1788715867287,esp32-vibration-01,526
410,1788715867668,esp32-marker-01,483
411,1788715867786,esp32-vibration-01,527
412,1788715868167,esp32-marker-01,484
413,1788715868287,esp32-vibration-01,528
414,1788715868668,esp32-marker-01,485
415,1788715868786,esp32-vibration-01,529
416,1788715869167,esp32-marker-01,486
417,1788715869287,esp32-vibration-01,530
418,1788715869668,esp32-marker-01,487
419,1788715869786,esp32-vibration-01,531
420,1788716061391,esp32-thermal-01,13
421,1788716061886,esp32-thermal-01,14
422,1788716062387,esp32-thermal-01,15
423,1788716062885,esp32-thermal-01,16
424,1788716063386,esp32-thermal-01,17
425,1788716063887,esp32-thermal-01,18
426,1788716064386,esp32-thermal-01,19
427,1788716064887,esp32-thermal-01,20
428,1788716065386,esp32-thermal-01,21
429,1788716065887,esp32-thermal-01,22
430,1788716066386,esp32-thermal-01,23
431,1788716066886,esp32-thermal-01,24
432,1788716067386,esp32-thermal-01,25
433,1788716067886,esp32-thermal-01,26
434,1788716068386,esp32-thermal-01,27
435,1788716068886,esp32-thermal-01,28
436,1788716069385,esp32-thermal-01,29
437,1788716069886,esp32-thermal-01,30
438,1788716070385,esp32-thermal-01,31
439,1788716070886,esp32-thermal-01,32
440,1788716071386,esp32-thermal-01,33
441,1788716071886,esp32-thermal-01,34
442,1788716072010,esp32-marker-01,6
443,1788716072385,esp32-thermal-01,35
444,1788716072508,esp32-marker-01,7
445,1788716072886,esp32-thermal-01,36
446,1788716073008,esp32-marker-01,8
447,1788716073386,esp32-thermal-01,37
448,1788716073508,esp32-marker-01,9
449,1788716073886,esp32-thermal-01,38
450,1788716074012,esp32-marker-01,10
451,1788716074386,esp32-thermal-01,39
452,1788716074512,esp32-marker-01,11
453,1788716074886,esp32-thermal-01,40
454,1788716075012,esp32-marker-01,12
455,1788716075385,esp32-thermal-01,41
456,1788716075512,esp32-marker-01,13
457,1788716075886,esp32-thermal-01,42
458,1788716076015,esp32-marker-01,14
459,1788716076385,esp32-thermal-01,43
460,1788716076512,esp32-marker-01,15
461,1788716076888,esp32-thermal-01,44
462,1788716077017,esp32-marker-01,16
463,1788716077386,esp32-thermal-01,45
464,1788716077515,esp32-marker-01,17
465,1788716077886,esp32-thermal-01,46
466,1788716078015,esp32-marker-01,18
467,1788716078387,esp32-thermal-01,47
468,1788716078516,esp32-marker-01,19
469,1788716078886,esp32-thermal-01,48
470,1788716079016,esp32-marker-01,20
471,1788716079386,esp32-thermal-01,49
472,1788716079521,esp32-marker-01,21
473,1788716079886,esp32-thermal-01,50
474,1788716080015,esp32-marker-01,22
475,1788716080386,esp32-thermal-01,51
476,1788716080516,esp32-marker-01,23
477,1788716080886,esp32-thermal-01,52
478,1788716081015,esp32-marker-01,24
479,1788716081386,esp32-thermal-01,53
480,1788716081515,esp32-marker-01,25
481,1788716081886,esp32-thermal-01,54
482,1788716082016,esp32-marker-01,26
483,1788716082386,esp32-thermal-01,55
484,1788716082516,esp32-marker-01,27
485,1788716082887,esp32-thermal-01,56
486,1788716083017,esp32-marker-01,28
487,1788716083386,esp32-thermal-01,57
488,1788716083516,esp32-marker-01,29
489,1788716083886,esp32-thermal-01,58
490,1788716084016,esp32-marker-01,30
491,1788716084386,esp32-thermal-01,59
492,1788716084516,esp32-marker-01,31
493,1788716084887,esp32-thermal-01,60
494,1788716085016,esp32-marker-01,32
495,1788716085387,esp32-thermal-01,61
496,1788716085516,esp32-marker-01,33
497,1788716085886,esp32-thermal-01,62
498,1788716086016,esp32-marker-01,34
499,1788716086387,esp32-thermal-01,63
500,1788716086516,esp32-marker-01,35
501,1788716086907,esp32-thermal-01,64
502,1788716087016,esp32-marker-01,36
503,1788716087387,esp32-thermal-01,65
504,1788716087516,esp32-marker-01,37
505,1788716087887,esp32-thermal-01,66
506,1788716088016,esp32-marker-01,38
507,1788716088386,esp32-thermal-01,67
508,1788716088517,esp32-marker-01,39
509,1788716088887,esp32-thermal-01,68
510,1788716089016,esp32-marker-01,40
511,1788716089386,esp32-thermal-01,69
512,1788716089516,esp32-marker-01,41
513,1788716089887,esp32-thermal-01,70
514,1788716090016,esp32-marker-01,42
515,1788716090403,esp32-thermal-01,71
516,1788716090516,esp32-marker-01,43
517,1788716090888,esp32-thermal-01,72
518,1788716091016,esp32-marker-01,44
519,1788716091388,esp32-thermal-01,73
520,1788716091517,esp32-marker-01,45
521,1788716091887,esp32-thermal-01,74
522,1788716092016,esp32-marker-01,46
523,1788716092386,esp32-thermal-01,75
524,1788716092517,esp32-marker-01,47
525,1788716092887,esp32-thermal-01,76
526,1788716093016,esp32-marker-01,48
527,1788716093387,esp32-thermal-01,77
528,1788716093517,esp32-marker-01,49
529,1788716093887,esp32-thermal-01,78
530,1788716094017,esp32-marker-01,50
531,1788716094386,esp32-thermal-01,79
532,1788716094516,esp32-marker-01,51
533,1788716094886,esp32-thermal-01,80
534,1788716095016,esp32-marker-01,52
535,1788716095385,esp32-thermal-01,81
536,1788716095516,esp32-marker-01,53
537,1788716095886,esp32-thermal-01,82
538,1788716096016,esp32-marker-01,54
539,1788716096387,esp32-thermal-01,83
540,1788716096517,esp32-marker-01,55
541,1788716096886,esp32-thermal-01,84
542,1788716097015,esp32-marker-01,56
543,1788716097386,esp32-thermal-01,85
544,1788716097516,esp32-marker-01,57
545,1788716097886,esp32-thermal-01,86
546,1788716098016,esp32-marker-01,58
547,1788716098386,esp32-thermal-01,87
548,1788716098515,esp32-marker-01,59
549,1788716098887,esp32-thermal-01,88
550,1788716099017,esp32-marker-01,60
551,1788716099387,esp32-thermal-01,89
552,1788716099516,esp32-marker-01,61
553,1788716099886,esp32-thermal-01,90
554,1788716100016,esp32-marker-01,62
555,1788716100387,esp32-thermal-01,91
556,1788716100517,esp32-marker-01,63
557,1788716100887,esp32-thermal-01,92
558,1788716101016,esp32-marker-01,64
559,1788716101387,esp32-thermal-01,93
560,1788716101516,esp32-marker-01,65
561,1788716101887,esp32-thermal-01,94
562,1788716102017,esp32-marker-01,66
563,1788716102387,esp32-thermal-01,95
564,1788716102516,esp32-marker-01,67
565,1788716102887,esp32-thermal-01,96
566,1788716103017,esp32-marker-01,68
567,1788716103387,esp32-thermal-01,97
568,1788716103519,esp32-marker-01,69
569,1788716103887,esp32-thermal-01,98
570,1788716104017,esp32-marker-01,70
571,1788716104387,esp32-thermal-01,99
572,1788716104516,esp32-marker-01,71
573,1788716104887,esp32-thermal-01,100
574,1788716105016,esp32-marker-01,72
575,1788716105387,esp32-thermal-01,101
576,1788716105515,esp32-marker-01,73
577,1788716105886,esp32-thermal-01,102
578,1788716106014,esp32-marker-01,74
579,1788716106387,esp32-thermal-01,103
580,1788716106512,esp32-marker-01,75
581,1788716106887,esp32-thermal-01,104
582,1788716107012,esp32-marker-01,76
583,1788716107387,esp32-thermal-01,105
584,1788716107513,esp32-marker-01,77
585,1788716107886,esp32-thermal-01,106
586,1788716108013,esp32-marker-01,78
587,1788716108386,esp32-thermal-01,107
588,1788716108513,esp32-marker-01,79
589,1788716108886,esp32-thermal-01,108
590,1788716109017,esp32-marker-01,80
591,1788716109386,esp32-thermal-01,109
592,1788716109517,esp32-marker-01,81
593,1788716109887,esp32-thermal-01,110
594,1788716110016,esp32-marker-01,82
595,1788716110386,esp32-thermal-01,111
596,1788716110516,esp32-marker-01,83
597,1788716110887,esp32-thermal-01,112
598,1788716111017,esp32-marker-01,84
599,1788716111387,esp32-thermal-01,113
600,1788716111517,esp32-marker-01,85
601,1788716111887,esp32-thermal-01,114
602,1788716112018,esp32-marker-01,86
603,1788716112387,esp32-thermal-01,115
604,1788716112517,esp32-marker-01,87
605,1788716112887,esp32-thermal-01,116
606,1788716113017,esp32-marker-01,88
607,1788716113387,esp32-thermal-01,117
608,1788716113517,esp32-marker-01,89
609,1788716113888,esp32-thermal-01,118
610,1788716114017,esp32-marker-01,90
611,1788716114387,esp32-thermal-01,119
612,1788716114517,esp32-marker-01,91
613,1788716114887,esp32-thermal-01,120
614,1788716115017,esp32-marker-01,92
615,1788716115387,esp32-thermal-01,121
616,1788716115517,esp32-marker-01,93
617,1788716115888,esp32-thermal-01,122
618,1788716116017,esp32-marker-01,94
619,1788716116387,esp32-thermal-01,123
620,1788716116517,esp32-marker-01,95
621,1788716116888,esp32-thermal-01,124
622,1788716117017,esp32-marker-01,96
623,1788716117388,esp32-thermal-01,125
624,1788716117518,esp32-marker-01,97
625,1788716117887,esp32-thermal-01,126
626,1788716118017,esp32-marker-01,98
627,1788716118388,esp32-thermal-01,127
628,1788716118517,esp32-marker-01,99
629,1788716118887,esp32-thermal-01,128
630,1788716119017,esp32-marker-01,100
631,1788716119387,esp32-thermal-01,129
632,1788716119518,esp32-marker-01,101
633,1788716119888,esp32-thermal-01,130
634,1788716120019,esp32-marker-01,102
635,1788716120387,esp32-thermal-01,131
636,1788716120517,esp32-marker-01,103
637,1788716120888,esp32-thermal-01,132
638,1788716121017,esp32-marker-01,104
639,1788716121387,esp32-thermal-01,133
640,1788716121517,esp32-marker-01,105
641,1788716121887,esp32-thermal-01,134
642,1788716122017,esp32-marker-01,106
643,1788716122387,esp32-thermal-01,135
644,1788716122517,esp32-marker-01,107
645,1788716122888,esp32-thermal-01,136
646,1788716123017,esp32-marker-01,108
647,1788716123388,esp32-thermal-01,137
648,1788716123517,esp32-marker-01,109
649,1788716123888,esp32-thermal-01,138
650,1788716124017,esp32-marker-01,110
651,1788716124387,esp32-thermal-01,139
652,1788716124517,esp32-marker-01,111
653,1788716124888,esp32-thermal-01,140
654,1788716125017,esp32-marker-01,112
655,1788716125387,esp32-thermal-01,141
656,1788716125517,esp32-marker-01,113
657,1788716125888,esp32-thermal-01,142
658,1788716126018,esp32-marker-01,114
659,1788716126387,esp32-thermal-01,143
660,1788716126517,esp32-marker-01,115
661,1788716126887,esp32-thermal-01,144
662,1788716127017,esp32-marker-01,116
663,1788716127387,esp32-thermal-01,145
664,1788716127516,esp32-marker-01,117
665,1788716127887,esp32-thermal-01,146
666,1788716128018,esp32-marker-01,118
667,1788716128388,esp32-thermal-01,147
668,1788716128518,esp32-marker-01,119
669,1788716128887,esp32-thermal-01,148
670,1788716129017,esp32-marker-01,120
671,1788716129387,esp32-thermal-01,149
672,1788716129517,esp32-marker-01,121
673,1788716129888,esp32-thermal-01,150
674,1788716130020,esp32-marker-01,122
675,1788716130387,esp32-thermal-01,151
676,1788716130518,esp32-marker-01,123
677,1788716130888,esp32-thermal-01,152
678,1788716131018,esp32-marker-01,124
679,1788716131387,esp32-thermal-01,153
680,1788716131517,esp32-marker-01,125
681,1788716131887,esp32-thermal-01,154
682,1788716132017,esp32-marker-01,126
683,1788716132388,esp32-thermal-01,155
684,1788716132517,esp32-marker-01,127
685,1788716132888,esp32-thermal-01,156
686,1788716133020,esp32-marker-01,128
687,1788716133388,esp32-thermal-01,157
688,1788716133527,esp32-marker-01,129
689,1788716133888,esp32-thermal-01,158
690,1788716134017,esp32-marker-01,130
691,1788716134388,esp32-thermal-01,159
692,1788716134518,esp32-marker-01,131
693,1788716134887,esp32-thermal-01,160
694,1788716135017,esp32-marker-01,132
695,1788716135388,esp32-thermal-01,161
696,1788716135518,esp32-marker-01,133
697,1788716135888,esp32-thermal-01,162
698,1788716136018,esp32-marker-01,134
699,1788716136387,esp32-thermal-01,163
700,1788716136517,esp32-marker-01,135
701,1788716136887,esp32-thermal-01,164
702,1788716137017,esp32-marker-01,136
703,1788716137388,esp32-thermal-01,165
704,1788716137518,esp32-marker-01,137
705,1788716137888,esp32-thermal-01,166
706,1788716138016,esp32-marker-01,138
707,1788716138388,esp32-thermal-01,167
708,1788716138514,esp32-marker-01,139
709,1788716138888,esp32-thermal-01,168
710,1788716139014,esp32-marker-01,140
711,1788716139389,esp32-thermal-01,169
712,1788716139514,esp32-marker-01,141
713,1788716139627,esp32-vibration-01,38
714,1788716139628,esp32-vibration-01,39
715,1788716139634,esp32-vibration-01,40
716,1788716139634,esp32-vibration-01,41
717,1788716139888,esp32-thermal-01,170
718,1788716140015,esp32-marker-01,142
719,1788716140388,esp32-thermal-01,171
720,1788716140514,esp32-marker-01,143
721,1788716140888,esp32-thermal-01,172
722,1788716141015,esp32-marker-01,144
723,1788716141389,esp32-thermal-01,173
724,1788716141518,esp32-marker-01,145
1024,1788716191519,esp32-marker-01,245
1025,1788716191654,esp32-vibration-01,142
1026,1788716191654,esp32-vibration-01,143
1027,1788716191654,esp32-vibration-01,144
1028,1788716191654,esp32-vibration-01,145
1029,1788716191890,esp32-thermal-01,274
1030,1788716192020,esp32-marker-01,246
1031,1788716192025,esp32-vibration-01,146
1032,1788716192389,esp32-thermal-01,275
1033,1788716192519,esp32-marker-01,247
1034,1788716192650,esp32-vibration-01,147
1035,1788716192889,esp32-thermal-01,276
1036,1788716193019,esp32-marker-01,248
1037,1788716193389,esp32-thermal-01,277
1038,1788716193519,esp32-marker-01,249
1039,1788716193650,esp32-vibration-01,148
1040,1788716193650,esp32-vibration-01,149
1041,1788716193889,esp32-thermal-01,278
1042,1788716194019,esp32-marker-01,250
1043,1788716194389,esp32-thermal-01,279
1044,1788716194519,esp32-marker-01,251
1045,1788716194888,esp32-thermal-01,280
1046,1788716195019,esp32-marker-01,252
1047,1788716195389,esp32-thermal-01,281
1048,1788716195518,esp32-marker-01,253
1049,1788716195649,esp32-vibration-01,150
1050,1788716195649,esp32-vibration-01,151
1051,1788716195650,esp32-vibration-01,152
1052,1788716195650,esp32-vibration-01,153
1053,1788716195889,esp32-thermal-01,282
1054,1788716196019,esp32-marker-01,254
1055,1788716196389,esp32-thermal-01,283
1056,1788716196518,esp32-marker-01,255
1057,1788716196888,esp32-thermal-01,284
1058,1788716197015,esp32-marker-01,256
1059,1788716197389,esp32-thermal-01,285
1060,1788716197517,esp32-marker-01,257
1061,1788716197627,esp32-vibration-01,154
1062,1788716197627,esp32-vibration-01,155
1063,1788716197627,esp32-vibration-01,156
1064,1788716197627,esp32-vibration-01,157
1065,1788716197888,esp32-thermal-01,286
1066,1788716198015,esp32-marker-01,258
1067,1788716198389,esp32-thermal-01,287
1068,1788716198515,esp32-marker-01,259
1069,1788716198888,esp32-thermal-01,288
1070,1788716199015,esp32-marker-01,260
1071,1788716199388,esp32-thermal-01,289
1072,1788716199519,esp32-marker-01,261
1073,1788716199652,esp32-vibration-01,158
1074,1788716199652,esp32-vibration-01,159
1075,1788716199652,esp32-vibration-01,160
1076,1788716199652,esp32-vibration-01,161
1077,1788716199888,esp32-thermal-01,290
1114,1788716206018,esp32-marker-01,274
1115,1788716206389,esp32-thermal-01,303
1116,1788716206519,esp32-marker-01,275
1117,1788716206889,esp32-thermal-01,304
1118,1788716207019,esp32-marker-01,276
1119,1788716207389,esp32-thermal-01,305
1120,1788716207519,esp32-marker-01,277
1121,1788716207651,esp32-vibration-01,174
1122,1788716207651,esp32-vibration-01,175
1123,1788716207652,esp32-vibration-01,176
1124,1788716207652,esp32-vibration-01,177
1125,1788716207889,esp32-thermal-01,306
1126,1788716208019,esp32-marker-01,278
1127,1788716208227,esp32-vibration-01,178
1128,1788716208389,esp32-thermal-01,307
1129,1788716208519,esp32-marker-01,279
1130,1788716208889,esp32-thermal-01,308
1131,1788716209019,esp32-marker-01,280
1132,1788716209389,esp32-thermal-01,309
1133,1788716209519,esp32-marker-01,281
1134,1788716209656,esp32-vibration-01,179
1135,1788716209656,esp32-vibration-01,180
1136,1788716209657,esp32-vibration-01,181
1137,1788716209889,esp32-thermal-01,310
1138,1788716210019,esp32-marker-01,282
1139,1788716210389,esp32-thermal-01,311
1140,1788716210519,esp32-marker-01,283
1141,1788716210889,esp32-thermal-01,312
1142,1788716211018,esp32-marker-01,284
1143,1788716211389,esp32-thermal-01,313
1144,1788716211515,esp32-marker-01,285
1145,1788716211672,esp32-vibration-01,182
1146,1788716211672,esp32-vibration-01,183
1147,1788716211672,esp32-vibration-01,184
1148,1788716211672,esp32-vibration-01,185
1149,1788716211889,esp32-thermal-01,314
1150,1788716212016,esp32-marker-01,286
1151,1788716212389,esp32-thermal-01,315
1152,1788716212516,esp32-marker-01,287
1153,1788716212654,esp32-vibration-01,186
1154,1788716212654,esp32-vibration-01,187
1155,1788716212889,esp32-thermal-01,316
1156,1788716213015,esp32-marker-01,288
1157,1788716213389,esp32-thermal-01,317
1158,1788716213516,esp32-marker-01,289
1159,1788716213658,esp32-vibration-01,188
1160,1788716213658,esp32-vibration-01,189
1161,1788716213889,esp32-thermal-01,318
1162,1788716214016,esp32-marker-01,290
1163,1788716214389,esp32-thermal-01,319
1606,1788716288022,esp32-marker-01,438
1607,1788716288391,esp32-thermal-01,467
1608,1788716288522,esp32-marker-01,439
1609,1788716288891,esp32-thermal-01,468
1610,1788716289022,esp32-marker-01,440
1611,1788716289391,esp32-thermal-01,469
1612,1788716289522,esp32-marker-01,441
1613,1788716289694,esp32-vibration-01,338
1614,1788716289694,esp32-vibration-01,339
1615,1788716289696,esp32-vibration-01,340
1616,1788716289696,esp32-vibration-01,341
1617,1788716289846,esp32-vibration-01,342
1618,1788716289891,esp32-thermal-01,470
1619,1788716290022,esp32-marker-01,442
1620,1788716290391,esp32-thermal-01,471
1621,1788716290522,esp32-marker-01,443
1622,1788716290892,esp32-thermal-01,472
1623,1788716291022,esp32-marker-01,444
1624,1788716291391,esp32-thermal-01,473
1625,1788716291522,esp32-marker-01,445
1626,1788716291695,esp32-vibration-01,343
1627,1788716291695,esp32-vibration-01,344
1628,1788716291696,esp32-vibration-01,345
1629,1788716291891,esp32-thermal-01,474
1630,1788716292022,esp32-marker-01,446
1631,1788716292391,esp32-thermal-01,475
1632,1788716292523,esp32-marker-01,447
1633,1788716292659,esp32-vibration-01,346
1634,1788716292660,esp32-vibration-01,347
1635,1788716292891,esp32-thermal-01,476
1636,1788716293021,esp32-marker-01,448
1637,1788716293392,esp32-thermal-01,477
1638,1788716293519,esp32-marker-01,449
1639,1788716293696,esp32-vibration-01,348
1640,1788716293696,esp32-vibration-01,349
1641,1788716293892,esp32-thermal-01,478
1642,1788716294018,esp32-marker-01,450
1643,1788716294392,esp32-thermal-01,479
1644,1788716294519,esp32-marker-01,451
1645,1788716294891,esp32-thermal-01,480
1646,1788716295018,esp32-marker-01,452
1647,1788716295391,esp32-thermal-01,481
1648,1788716295519,esp32-marker-01,453
1649,1788716295697,esp32-vibration-01,350
1650,1788716295697,esp32-vibration-01,351
1651,1788716295700,esp32-vibration-01,352
1652,1788716295700,esp32-vibration-01,353
1653,1788716295891,esp32-thermal-01,482
1654,1788716296019,esp32-marker-01,454
1655,1788716296391,esp32-thermal-01,483
1798,1788716320022,esp32-marker-01,502
1799,1788716320392,esp32-thermal-01,531
1800,1788716320523,esp32-marker-01,503
1801,1788716320894,esp32-thermal-01,532
1802,1788716321022,esp32-marker-01,504
1803,1788716321393,esp32-thermal-01,533
1804,1788716321523,esp32-marker-01,505
1805,1788716321706,esp32-vibration-01,402
1806,1788716321706,esp32-vibration-01,403
1807,1788716321707,esp32-vibration-01,404
1808,1788716321707,esp32-vibration-01,405
1809,1788716321892,esp32-thermal-01,534
1810,1788716322023,esp32-marker-01,506
1811,1788716322249,esp32-vibration-01,406
1812,1788716322392,esp32-thermal-01,535
1813,1788716322523,esp32-marker-01,507
1814,1788716322665,esp32-vibration-01,407
1815,1788716322893,esp32-thermal-01,536
1816,1788716323023,esp32-marker-01,508
1817,1788716323393,esp32-thermal-01,537
1818,1788716323523,esp32-marker-01,509
1819,1788716323708,esp32-vibration-01,408
1820,1788716323708,esp32-vibration-01,409
1821,1788716323892,esp32-thermal-01,538
1822,1788716324022,esp32-marker-01,510
1823,1788716324393,esp32-thermal-01,539
1824,1788716324522,esp32-marker-01,511
1825,1788716324893,esp32-thermal-01,540
1826,1788716325022,esp32-marker-01,512
1827,1788716325392,esp32-thermal-01,541
1828,1788716325521,esp32-marker-01,513
1829,1788716325708,esp32-vibration-01,410
1830,1788716325708,esp32-vibration-01,411
1831,1788716325709,esp32-vibration-01,412
1832,1788716325709,esp32-vibration-01,413
1833,1788716325893,esp32-thermal-01,542
1834,1788716326019,esp32-marker-01,514
1835,1788716326392,esp32-thermal-01,543
1836,1788716326519,esp32-marker-01,515
1837,1788716326892,esp32-thermal-01,544
1838,1788716327019,esp32-marker-01,516
1839,1788716327393,esp32-thermal-01,545
1840,1788716327520,esp32-marker-01,517
1841,1788716327667,esp32-vibration-01,414
1842,1788716327667,esp32-vibration-01,415
1843,1788716327668,esp32-vibration-01,416
1844,1788716327668,esp32-vibration-01,417
1845,1788716327893,esp32-thermal-01,546
1846,1788716328020,esp32-marker-01,518
1847,1788716328393,esp32-thermal-01,547
1848,1788716328520,esp32-marker-01,519
1849,1788716328893,esp32-thermal-01,548
1990,1788716352023,esp32-marker-01,566
1991,1788716352394,esp32-thermal-01,595
1992,1788716352524,esp32-marker-01,567
1993,1788716352670,esp32-vibration-01,466
1994,1788716352670,esp32-vibration-01,467
1995,1788716352894,esp32-thermal-01,596
1996,1788716353023,esp32-marker-01,568
1997,1788716353393,esp32-thermal-01,597
1998,1788716353524,esp32-marker-01,569
1999,1788716353721,esp32-vibration-01,468
2000,1788716353721,esp32-vibration-01,469
2001,1788716353894,esp32-thermal-01,598
2002,1788716354023,esp32-marker-01,570
2003,1788716354393,esp32-thermal-01,599
2004,1788716354523,esp32-marker-01,571
2005,1788716354894,esp32-thermal-01,600
2006,1788716355024,esp32-marker-01,572
2007,1788716355393,esp32-thermal-01,601
2008,1788716355523,esp32-marker-01,573
2009,1788716355722,esp32-vibration-01,470
2010,1788716355722,esp32-vibration-01,471
2011,1788716355722,esp32-vibration-01,472
2012,1788716355722,esp32-vibration-01,473
2013,1788716355894,esp32-thermal-01,602
2014,1788716356024,esp32-marker-01,574
2015,1788716356394,esp32-thermal-01,603
2016,1788716356523,esp32-marker-01,575
2017,1788716356894,esp32-thermal-01,604
2018,1788716357022,esp32-marker-01,576
2019,1788716357394,esp32-thermal-01,605
2020,1788716357522,esp32-marker-01,577
2021,1788716357671,esp32-vibration-01,474
2022,1788716357671,esp32-vibration-01,475
2023,1788716357673,esp32-vibration-01,476
2024,1788716357673,esp32-vibration-01,477
2025,1788716357894,esp32-thermal-01,606
2026,1788716358020,esp32-marker-01,578
2027,1788716358393,esp32-thermal-01,607
2028,1788716358520,esp32-marker-01,579
2029,1788716358894,esp32-thermal-01,608
2030,1788716359020,esp32-marker-01,580
2031,1788716359393,esp32-thermal-01,609
2032,1788716359521,esp32-marker-01,581
2033,1788716359725,esp32-vibration-01,478
2034,1788716359725,esp32-vibration-01,479
2035,1788716359726,esp32-vibration-01,480
2036,1788716359727,esp32-vibration-01,481
2037,1788716359894,esp32-thermal-01,610
2038,1788716360020,esp32-marker-01,582
2039,1788716360393,esp32-thermal-01,611
2040,1788716360520,esp32-marker-01,583
2041,1788716360894,esp32-thermal-01,612
2184,1788716384525,esp32-marker-01,631
2185,1788716384895,esp32-thermal-01,660
2186,1788716385024,esp32-marker-01,632
2187,1788716385394,esp32-thermal-01,661
2188,1788716385525,esp32-marker-01,633
2189,1788716385734,esp32-vibration-01,530
2190,1788716385734,esp32-vibration-01,531
2191,1788716385734,esp32-vibration-01,532
2192,1788716385734,esp32-vibration-01,533
2193,1788716385895,esp32-thermal-01,662
2194,1788716386024,esp32-marker-01,634
2195,1788716386394,esp32-thermal-01,663
2196,1788716386525,esp32-marker-01,635
2197,1788716386895,esp32-thermal-01,664
2198,1788716387025,esp32-marker-01,636
2199,1788716387395,esp32-thermal-01,665
2200,1788716387525,esp32-marker-01,637
2201,1788716387677,esp32-vibration-01,534
2202,1788716387677,esp32-vibration-01,535
2203,1788716387678,esp32-vibration-01,536
2204,1788716387678,esp32-vibration-01,537
2205,1788716387894,esp32-thermal-01,666
2206,1788716388024,esp32-marker-01,638
2207,1788716388394,esp32-thermal-01,667
2208,1788716388524,esp32-marker-01,639
2209,1788716388894,esp32-thermal-01,668
2210,1788716389025,esp32-marker-01,640
2211,1788716389394,esp32-thermal-01,669
2212,1788716389524,esp32-marker-01,641
2213,1788716389737,esp32-vibration-01,538
2214,1788716389737,esp32-vibration-01,539
2215,1788716389738,esp32-vibration-01,540
2216,1788716389738,esp32-vibration-01,541
2217,1788716389894,esp32-thermal-01,670
2218,1788716390021,esp32-marker-01,642
2219,1788716390394,esp32-thermal-01,671
2220,1788716390521,esp32-marker-01,643
2221,1788716390894,esp32-thermal-01,672
2222,1788716391021,esp32-marker-01,644
2223,1788716391394,esp32-thermal-01,673
2224,1788716391521,esp32-marker-01,645
2225,1788716391739,esp32-vibration-01,542
2226,1788716391739,esp32-vibration-01,543
2227,1788716391740,esp32-vibration-01,544
2228,1788716391740,esp32-vibration-01,545
2229,1788716391894,esp32-thermal-01,674
2230,1788716392022,esp32-marker-01,646
2231,1788716392394,esp32-thermal-01,675
2232,1788716392521,esp32-marker-01,647
2233,1788716392679,esp32-vibration-01,546
2234,1788716392679,esp32-vibration-01,547
2235,1788716392895,esp32-thermal-01,676
2376,1788716416526,esp32-marker-01,695
2377,1788716416897,esp32-thermal-01,724
2378,1788716417026,esp32-marker-01,696
2379,1788716417396,esp32-thermal-01,725
2380,1788716417526,esp32-marker-01,697
2381,1788716417684,esp32-vibration-01,594
2382,1788716417684,esp32-vibration-01,595
2383,1788716417686,esp32-vibration-01,596
2384,1788716417687,esp32-vibration-01,597
2385,1788716417896,esp32-thermal-01,726
2386,1788716418027,esp32-marker-01,698
2387,1788716418396,esp32-thermal-01,727
2388,1788716418528,esp32-marker-01,699
2389,1788716418896,esp32-thermal-01,728
2390,1788716419026,esp32-marker-01,700
2391,1788716419397,esp32-thermal-01,729
2392,1788716419526,esp32-marker-01,701
2393,1788716419751,esp32-vibration-01,598
2394,1788716419751,esp32-vibration-01,599
2395,1788716419752,esp32-vibration-01,600
2396,1788716419752,esp32-vibration-01,601
2397,1788716419895,esp32-thermal-01,730
2398,1788716420026,esp32-marker-01,702
2399,1788716420396,esp32-thermal-01,731
2400,1788716420527,esp32-marker-01,703
2401,1788716420896,esp32-thermal-01,732
2402,1788716421027,esp32-marker-01,704
2403,1788716421417,esp32-thermal-01,733
2404,1788716421525,esp32-marker-01,705
2405,1788716421753,esp32-vibration-01,602
2406,1788716421754,esp32-vibration-01,603
2407,1788716421754,esp32-vibration-01,604
2408,1788716421754,esp32-vibration-01,605
2409,1788716421896,esp32-thermal-01,734
2410,1788716422023,esp32-marker-01,706
2411,1788716422396,esp32-thermal-01,735
2412,1788716422523,esp32-marker-01,707
2413,1788716422682,esp32-vibration-01,606
2414,1788716422683,esp32-vibration-01,607
2415,1788716422896,esp32-thermal-01,736
2416,1788716423023,esp32-marker-01,708
2417,1788716423395,esp32-thermal-01,737
2418,1788716423523,esp32-marker-01,709
2419,1788716423754,esp32-vibration-01,608
2420,1788716423754,esp32-vibration-01,609
2421,1788716423896,esp32-thermal-01,738
2422,1788716424023,esp32-marker-01,710
2423,1788716424397,esp32-thermal-01,739
2424,1788716424523,esp32-marker-01,711
2425,1788716424896,esp32-thermal-01,740
2482,1788716434058,esp32-marker-01,730
2483,1788716434396,esp32-thermal-01,759
2484,1788716434527,esp32-marker-01,731
2485,1788716434897,esp32-thermal-01,760
2486,1788716435028,esp32-marker-01,732
2487,1788716435396,esp32-thermal-01,761
2488,1788716435527,esp32-marker-01,733
2489,1788716435761,esp32-vibration-01,630
2490,1788716435762,esp32-vibration-01,631
2491,1788716435763,esp32-vibration-01,632
2492,1788716435764,esp32-vibration-01,633
2493,1788716435896,esp32-thermal-01,762
2494,1788716436027,esp32-marker-01,734
2495,1788716436396,esp32-thermal-01,763
2496,1788716436527,esp32-marker-01,735
2497,1788716436897,esp32-thermal-01,764
2498,1788716437027,esp32-marker-01,736
2499,1788716437397,esp32-thermal-01,765
2500,1788716437527,esp32-marker-01,737
2501,1788716437637,esp32-vibration-01,634
2502,1788716437638,esp32-vibration-01,635
2503,1788716437641,esp32-vibration-01,636
2504,1788716437641,esp32-vibration-01,637
2505,1788716437897,esp32-thermal-01,766
2506,1788716438026,esp32-marker-01,738
2507,1788716438396,esp32-thermal-01,767
2508,1788716438526,esp32-marker-01,739
2509,1788716438896,esp32-thermal-01,768
2510,1788716439026,esp32-marker-01,740
2511,1788716439398,esp32-thermal-01,769
2512,1788716439526,esp32-marker-01,741
2513,1788716439762,esp32-vibration-01,638
2514,1788716439764,esp32-vibration-01,639
2515,1788716439767,esp32-vibration-01,640
2516,1788716439767,esp32-vibration-01,641
2517,1788716439897,esp32-thermal-01,770
2518,1788716440048,esp32-marker-01,742
2519,1788716440397,esp32-thermal-01,771
2520,1788716440525,esp32-marker-01,743
2521,1788716440897,esp32-thermal-01,772
2522,1788716441023,esp32-marker-01,744
2523,1788716441397,esp32-thermal-01,773
2524,1788716441524,esp32-marker-01,745
2525,1788716441763,esp32-vibration-01,642
2526,1788716441763,esp32-vibration-01,643
2527,1788716441765,esp32-vibration-01,644
2528,1788716441766,esp32-vibration-01,645
2529,1788716441897,esp32-thermal-01,774
2530,1788716442027,esp32-marker-01,746
2531,1788716442399,esp32-thermal-01,775
2710,1788716472042,esp32-marker-01,806
2711,1788716472398,esp32-thermal-01,835
2712,1788716472529,esp32-marker-01,807
2713,1788716472695,esp32-vibration-01,706
2714,1788716472695,esp32-vibration-01,707
2715,1788716472898,esp32-thermal-01,836
2716,1788716473028,esp32-marker-01,808
2717,1788716473398,esp32-thermal-01,837
2718,1788716473528,esp32-marker-01,809
2719,1788716473775,esp32-vibration-01,708
2720,1788716473776,esp32-vibration-01,709
2721,1788716473898,esp32-thermal-01,838
2722,1788716474039,esp32-marker-01,810
2723,1788716474398,esp32-thermal-01,839
2724,1788716474529,esp32-marker-01,811
2725,1788716474898,esp32-thermal-01,840
2726,1788716475029,esp32-marker-01,812
2727,1788716475397,esp32-thermal-01,841
2728,1788716475529,esp32-marker-01,813
2729,1788716475776,esp32-vibration-01,710
2730,1788716475777,esp32-vibration-01,711
2731,1788716475777,esp32-vibration-01,712
2732,1788716475778,esp32-vibration-01,713
2733,1788716475898,esp32-thermal-01,842
2734,1788716476043,esp32-marker-01,814
2735,1788716476398,esp32-thermal-01,843
2736,1788716476529,esp32-marker-01,815
2737,1788716476897,esp32-thermal-01,844
2738,1788716477027,esp32-marker-01,816
2739,1788716477398,esp32-thermal-01,845
2740,1788716477528,esp32-marker-01,817
2741,1788716477693,esp32-vibration-01,714
2742,1788716477694,esp32-vibration-01,715
2743,1788716477696,esp32-vibration-01,716
2744,1788716477697,esp32-vibration-01,717
2745,1788716477898,esp32-thermal-01,846
2746,1788716478025,esp32-marker-01,818
2747,1788716478398,esp32-thermal-01,847
2748,1788716478524,esp32-marker-01,819
2749,1788716478898,esp32-thermal-01,848
2750,1788716479024,esp32-marker-01,820
2751,1788716479398,esp32-thermal-01,849
2752,1788716479524,esp32-marker-01,821
2753,1788716479779,esp32-vibration-01,718
2754,1788716479780,esp32-vibration-01,719
2755,1788716479781,esp32-vibration-01,720
2756,1788716479782,esp32-vibration-01,721
2757,1788716479898,esp32-thermal-01,850
2758,1788716480025,esp32-marker-01,822
2759,1788716480397,esp32-thermal-01,851
2868,1788716498530,esp32-marker-01,859
2869,1788716498899,esp32-thermal-01,888
2870,1788716499030,esp32-marker-01,860
2871,1788716499398,esp32-thermal-01,889
2872,1788716499529,esp32-marker-01,861
2873,1788716499788,esp32-vibration-01,758
2874,1788716499788,esp32-vibration-01,759
2875,1788716499790,esp32-vibration-01,760
2876,1788716499790,esp32-vibration-01,761
2877,1788716499899,esp32-thermal-01,890
2878,1788716500029,esp32-marker-01,862
2879,1788716500399,esp32-thermal-01,891
2880,1788716500529,esp32-marker-01,863
2881,1788716500898,esp32-thermal-01,892
2882,1788716501028,esp32-marker-01,864
2883,1788716501398,esp32-thermal-01,893
2884,1788716501530,esp32-marker-01,865
2885,1788716501790,esp32-vibration-01,762
2886,1788716501790,esp32-vibration-01,763
2887,1788716501791,esp32-vibration-01,764
2888,1788716501791,esp32-vibration-01,765
2889,1788716501898,esp32-thermal-01,894
2890,1788716502030,esp32-marker-01,866
2891,1788716502399,esp32-thermal-01,895
2892,1788716502529,esp32-marker-01,867
2893,1788716502699,esp32-vibration-01,766
2894,1788716502699,esp32-vibration-01,767
2895,1788716502899,esp32-thermal-01,896
2896,1788716503029,esp32-marker-01,868
2897,1788716503399,esp32-thermal-01,897
2898,1788716503528,esp32-marker-01,869
2899,1788716503793,esp32-vibration-01,768
2900,1788716503793,esp32-vibration-01,769
2901,1788716503899,esp32-thermal-01,898
2902,1788716504026,esp32-marker-01,870
2903,1788716504399,esp32-thermal-01,899
2904,1788716504525,esp32-marker-01,871
2905,1788716504899,esp32-thermal-01,900
2906,1788716505025,esp32-marker-01,872
2907,1788716505399,esp32-thermal-01,901
2908,1788716505525,esp32-marker-01,873
2909,1788716505793,esp32-vibration-01,770
2910,1788716505793,esp32-vibration-01,771
2911,1788716505795,esp32-vibration-01,772
2912,1788716505795,esp32-vibration-01,773
2913,1788716505899,esp32-thermal-01,902
2914,1788716506025,esp32-marker-01,874
2915,1788716506399,esp32-thermal-01,903
2916,1788716506525,esp32-marker-01,875
2917,1788716506899,esp32-thermal-01,904
3004,1788716521529,esp32-marker-01,905
3005,1788716521805,esp32-vibration-01,802
3006,1788716521805,esp32-vibration-01,803
3007,1788716521806,esp32-vibration-01,804
3008,1788716521807,esp32-vibration-01,805
3009,1788716521899,esp32-thermal-01,934
3010,1788716522029,esp32-marker-01,906
3011,1788716522400,esp32-thermal-01,935
3012,1788716522530,esp32-marker-01,907
3013,1788716522707,esp32-vibration-01,806
3014,1788716522708,esp32-vibration-01,807
3015,1788716522900,esp32-thermal-01,936
3016,1788716523029,esp32-marker-01,908
3017,1788716523399,esp32-thermal-01,937
3018,1788716523530,esp32-marker-01,909
3019,1788716523803,esp32-vibration-01,808
3020,1788716523803,esp32-vibration-01,809
3021,1788716523899,esp32-thermal-01,938
3022,1788716524030,esp32-marker-01,910
3023,1788716524400,esp32-thermal-01,939
3024,1788716524530,esp32-marker-01,911
3025,1788716524900,esp32-thermal-01,940
3026,1788716525029,esp32-marker-01,912
3027,1788716525399,esp32-thermal-01,941
3028,1788716525530,esp32-marker-01,913
3029,1788716525805,esp32-vibration-01,810
3030,1788716525806,esp32-vibration-01,811
3031,1788716525807,esp32-vibration-01,812
3032,1788716525807,esp32-vibration-01,813
3033,1788716525900,esp32-thermal-01,942
3034,1788716526030,esp32-marker-01,914
3035,1788716526400,esp32-thermal-01,943
3036,1788716526529,esp32-marker-01,915
3037,1788716526900,esp32-thermal-01,944
3038,1788716527028,esp32-marker-01,916
3039,1788716527399,esp32-thermal-01,945
3040,1788716527527,esp32-marker-01,917
3041,1788716527646,esp32-vibration-01,814
3042,1788716527647,esp32-vibration-01,815
3043,1788716527647,esp32-vibration-01,816
3044,1788716527648,esp32-vibration-01,817
3045,1788716527899,esp32-thermal-01,946
3046,1788716528026,esp32-marker-01,918
3047,1788716528400,esp32-thermal-01,947
3048,1788716528526,esp32-marker-01,919
3049,1788716528899,esp32-thermal-01,948
3050,1788716529027,esp32-marker-01,920
3051,1788716529400,esp32-thermal-01,949
3052,1788716529526,esp32-marker-01,921
3053,1788716529810,esp32-vibration-01,818
3054,1788716529810,esp32-vibration-01,819
3055,1788716529811,esp32-vibration-01,820
3056,1788716529814,esp32-vibration-01,821
3057,1788716529899,esp32-thermal-01,950
3058,1788716530026,esp32-marker-01,922
3059,1788716530399,esp32-thermal-01,951
3203,1788716554031,esp32-marker-01,970
3204,1788716554400,esp32-thermal-01,999
3205,1788716554531,esp32-marker-01,971
3206,1788716554900,esp32-thermal-01,1000
3207,1788716555031,esp32-marker-01,972
3208,1788716555400,esp32-thermal-01,1001
3209,1788716555531,esp32-marker-01,973
3210,1788716555829,esp32-vibration-01,871
3211,1788716555829,esp32-vibration-01,872
3212,1788716555830,esp32-vibration-01,873
3213,1788716555830,esp32-vibration-01,874
3214,1788716555900,esp32-thermal-01,1002
3215,1788716556030,esp32-marker-01,974
3216,1788716556400,esp32-thermal-01,1003
3217,1788716556531,esp32-marker-01,975
3218,1788716556900,esp32-thermal-01,1004
3219,1788716557031,esp32-marker-01,976
3220,1788716557400,esp32-thermal-01,1005
3221,1788716557531,esp32-marker-01,977
3222,1788716557648,esp32-vibration-01,875
3223,1788716557649,esp32-vibration-01,876
3224,1788716557651,esp32-vibration-01,877
3225,1788716557829,esp32-vibration-01,878
3226,1788716557900,esp32-thermal-01,1006
3227,1788716558031,esp32-marker-01,978
3228,1788716558400,esp32-thermal-01,1007
3229,1788716558531,esp32-marker-01,979
3230,1788716558900,esp32-thermal-01,1008
3231,1788716559029,esp32-marker-01,980
3232,1788716559400,esp32-thermal-01,1009
3233,1788716559527,esp32-marker-01,981
3234,1788716559830,esp32-vibration-01,879
3235,1788716559831,esp32-vibration-01,880
3236,1788716559831,esp32-vibration-01,881
3237,1788716559832,esp32-vibration-01,882
3238,1788716559900,esp32-thermal-01,1010
3239,1788716560027,esp32-marker-01,982
3240,1788716560401,esp32-thermal-01,1011
3241,1788716560527,esp32-marker-01,983
3242,1788716560901,esp32-thermal-01,1012
3243,1788716561027,esp32-marker-01,984
3244,1788716561401,esp32-thermal-01,1013
3245,1788716561527,esp32-marker-01,985
3246,1788716561833,esp32-vibration-01,883
3247,1788716561833,esp32-vibration-01,884
3248,1788716561834,esp32-vibration-01,885
3249,1788716561834,esp32-vibration-01,886
3250,1788716561900,esp32-thermal-01,1014
3251,1788716562027,esp32-marker-01,986
3252,1788716562401,esp32-thermal-01,1015
3431,1788716592031,esp32-marker-01,1046
3432,1788716592402,esp32-thermal-01,1075
3433,1788716592532,esp32-marker-01,1047
3434,1788716592731,esp32-vibration-01,947
3435,1788716592902,esp32-thermal-01,1076
3436,1788716593032,esp32-marker-01,1048
3437,1788716593401,esp32-thermal-01,1077
3438,1788716593532,esp32-marker-01,1049
3439,1788716593861,esp32-vibration-01,948
3440,1788716593862,esp32-vibration-01,949
3441,1788716593863,esp32-vibration-01,950
3442,1788716593901,esp32-thermal-01,1078
3443,1788716594032,esp32-marker-01,1050
3444,1788716594402,esp32-thermal-01,1079
3445,1788716594532,esp32-marker-01,1051
3446,1788716594902,esp32-thermal-01,1080
3447,1788716595032,esp32-marker-01,1052
3448,1788716595401,esp32-thermal-01,1081
3449,1788716595532,esp32-marker-01,1053
3450,1788716595862,esp32-vibration-01,951
3451,1788716595862,esp32-vibration-01,952
3452,1788716595863,esp32-vibration-01,953
3453,1788716595863,esp32-vibration-01,954
3454,1788716595901,esp32-thermal-01,1082
3455,1788716596032,esp32-marker-01,1054
3456,1788716596402,esp32-thermal-01,1083
3457,1788716596532,esp32-marker-01,1055
3458,1788716596901,esp32-thermal-01,1084
3459,1788716597031,esp32-marker-01,1056
3460,1788716597402,esp32-thermal-01,1085
3461,1788716597529,esp32-marker-01,1057
3462,1788716597733,esp32-vibration-01,955
3463,1788716597733,esp32-vibration-01,956
3464,1788716597733,esp32-vibration-01,957
3465,1788716597862,esp32-vibration-01,958
3466,1788716597901,esp32-thermal-01,1086
3467,1788716598027,esp32-marker-01,1058
3468,1788716598401,esp32-thermal-01,1087
3469,1788716598529,esp32-marker-01,1059
3470,1788716598902,esp32-thermal-01,1088
3471,1788716599029,esp32-marker-01,1060
3472,1788716599401,esp32-thermal-01,1089
3473,1788716599529,esp32-marker-01,1061
3474,1788716599866,esp32-vibration-01,959
3475,1788716599867,esp32-vibration-01,960
3476,1788716599868,esp32-vibration-01,961
3477,1788716599868,esp32-vibration-01,962
3478,1788716599901,esp32-thermal-01,1090
3479,1788716600028,esp32-marker-01,1062
3480,1788716600402,esp32-thermal-01,1091
3498,1788716603533,esp32-marker-01,1069
3499,1788716603867,esp32-vibration-01,968
3500,1788716603867,esp32-vibration-01,969
3501,1788716603869,esp32-vibration-01,970
3502,1788716603902,esp32-thermal-01,1098
3503,1788716604032,esp32-marker-01,1070
3504,1788716604401,esp32-thermal-01,1099
3505,1788716604533,esp32-marker-01,1071
3506,1788716604902,esp32-thermal-01,1100
3507,1788716605032,esp32-marker-01,1072
3508,1788716605401,esp32-thermal-01,1101
3509,1788716605533,esp32-marker-01,1073
3510,1788716605869,esp32-vibration-01,971
3511,1788716605870,esp32-vibration-01,972
3512,1788716605871,esp32-vibration-01,973
3513,1788716605871,esp32-vibration-01,974
3514,1788716605902,esp32-thermal-01,1102
3515,1788716606032,esp32-marker-01,1074
3516,1788716606401,esp32-thermal-01,1103
3517,1788716606533,esp32-marker-01,1075
3518,1788716606902,esp32-thermal-01,1104
3519,1788716607033,esp32-marker-01,1076
3520,1788716607402,esp32-thermal-01,1105
3521,1788716607533,esp32-marker-01,1077
3522,1788716607737,esp32-vibration-01,975
3523,1788716607737,esp32-vibration-01,976
3524,1788716607738,esp32-vibration-01,977
3525,1788716607870,esp32-vibration-01,978
3526,1788716607901,esp32-thermal-01,1106
3527,1788716608032,esp32-marker-01,1078
3528,1788716608402,esp32-thermal-01,1107
3529,1788716608531,esp32-marker-01,1079
3530,1788716608902,esp32-thermal-01,1108
3531,1788716609031,esp32-marker-01,1080
3532,1788716609402,esp32-thermal-01,1109
3533,1788716609529,esp32-marker-01,1081
3534,1788716609873,esp32-vibration-01,979
3535,1788716609874,esp32-vibration-01,980
3536,1788716609875,esp32-vibration-01,981
3537,1788716609875,esp32-vibration-01,982
3538,1788716609902,esp32-thermal-01,1110
3539,1788716610029,esp32-marker-01,1082
3540,1788716610401,esp32-thermal-01,1111
3541,1788716610530,esp32-marker-01,1083
3542,1788716610902,esp32-thermal-01,1112
3543,1788716611028,esp32-marker-01,1084
3544,1788716611401,esp32-thermal-01,1113
3545,1788716611529,esp32-marker-01,1085
3546,1788716611876,esp32-vibration-01,983
3547,1788716611876,esp32-vibration-01,984
3548,1788716611877,esp32-vibration-01,985
3549,1788716611879,esp32-vibration-01,986
3550,1788716611902,esp32-thermal-01,1114
3836,1788716659914,esp32-vibration-01,1080
3937,1788716676535,esp32-marker-01,1215
3938,1788716676904,esp32-thermal-01,1244
3939,1788716677035,esp32-marker-01,1216
3940,1788716677404,esp32-thermal-01,1245
3941,1788716677535,esp32-marker-01,1217
3942,1788716677671,esp32-vibration-01,1115
3943,1788716677672,esp32-vibration-01,1116
3944,1788716677673,esp32-vibration-01,1117
3945,1788716677909,esp32-thermal-01,1246
3946,1788716677935,esp32-vibration-01,1118
3947,1788716678034,esp32-marker-01,1218
3948,1788716678404,esp32-thermal-01,1247
3949,1788716678535,esp32-marker-01,1219
3950,1788716678904,esp32-thermal-01,1248
3951,1788716679035,esp32-marker-01,1220
3952,1788716679404,esp32-thermal-01,1249
3953,1788716679535,esp32-marker-01,1221
3954,1788716679903,esp32-thermal-01,1250
3955,1788716679929,esp32-vibration-01,1119
3956,1788716679929,esp32-vibration-01,1120
3957,1788716679932,esp32-vibration-01,1121
3958,1788716679932,esp32-vibration-01,1122
3959,1788716680034,esp32-marker-01,1222
3960,1788716680404,esp32-thermal-01,1251
3961,1788716680535,esp32-marker-01,1223
3962,1788716680904,esp32-thermal-01,1252
3963,1788716681035,esp32-marker-01,1224
3964,1788716681404,esp32-thermal-01,1253
3965,1788716681533,esp32-marker-01,1225
3966,1788716681904,esp32-thermal-01,1254
3967,1788716681930,esp32-vibration-01,1123
3968,1788716681931,esp32-vibration-01,1124
3969,1788716681932,esp32-vibration-01,1125
3970,1788716681932,esp32-vibration-01,1126
3971,1788716682033,esp32-marker-01,1226
3972,1788716682405,esp32-thermal-01,1255
3973,1788716682531,esp32-marker-01,1227
3974,1788716682771,esp32-vibration-01,1127
3975,1788716682906,esp32-thermal-01,1256
3976,1788716683056,esp32-marker-01,1228
3977,1788716683404,esp32-thermal-01,1257
3978,1788716683531,esp32-marker-01,1229
3979,1788716683904,esp32-thermal-01,1258
3980,1788716683931,esp32-vibration-01,1128
3981,1788716683932,esp32-vibration-01,1129
3982,1788716683932,esp32-vibration-01,1130
3983,1788716684031,esp32-marker-01,1230
3984,1788716684404,esp32-thermal-01,1259
3985,1788716684531,esp32-marker-01,1231
3986,1788716684904,esp32-thermal-01,1260
3987,1788716685031,esp32-marker-01,1232
3988,1788716685404,esp32-thermal-01,1261
4131,1788716709036,esp32-marker-01,1280
4132,1788716709405,esp32-thermal-01,1309
4133,1788716709536,esp32-marker-01,1281
4134,1788716709905,esp32-thermal-01,1310
4135,1788716709951,esp32-vibration-01,1179
4136,1788716709952,esp32-vibration-01,1180
4137,1788716709952,esp32-vibration-01,1181
4138,1788716709953,esp32-vibration-01,1182
4139,1788716710035,esp32-marker-01,1282
4140,1788716710406,esp32-thermal-01,1311
4141,1788716710536,esp32-marker-01,1283
4142,1788716710905,esp32-thermal-01,1312
4143,1788716711035,esp32-marker-01,1284
4144,1788716711405,esp32-thermal-01,1313
4145,1788716711536,esp32-marker-01,1285
4146,1788716711905,esp32-thermal-01,1314
4147,1788716711951,esp32-vibration-01,1183
4148,1788716711952,esp32-vibration-01,1184
4149,1788716711954,esp32-vibration-01,1185
4150,1788716711954,esp32-vibration-01,1186
4151,1788716712036,esp32-marker-01,1286
4152,1788716712405,esp32-thermal-01,1315
4153,1788716712536,esp32-marker-01,1287
4154,1788716712772,esp32-vibration-01,1187
4155,1788716712909,esp32-thermal-01,1316
4156,1788716713038,esp32-marker-01,1288
4157,1788716713406,esp32-thermal-01,1317
4158,1788716713537,esp32-marker-01,1289
4159,1788716713905,esp32-thermal-01,1318
4160,1788716713954,esp32-vibration-01,1188
4161,1788716713954,esp32-vibration-01,1189
4162,1788716713955,esp32-vibration-01,1190
4163,1788716714038,esp32-marker-01,1290
4164,1788716714406,esp32-thermal-01,1319
4165,1788716714532,esp32-marker-01,1291
4166,1788716714905,esp32-thermal-01,1320
4167,1788716715031,esp32-marker-01,1292
4168,1788716715405,esp32-thermal-01,1321
4169,1788716715534,esp32-marker-01,1293
4170,1788716715905,esp32-thermal-01,1322
4171,1788716715954,esp32-vibration-01,1191
4172,1788716715954,esp32-vibration-01,1192
4173,1788716715954,esp32-vibration-01,1193
4174,1788716715954,esp32-vibration-01,1194
4175,1788716716031,esp32-marker-01,1294
4176,1788716716405,esp32-thermal-01,1323
4177,1788716716532,esp32-marker-01,1295
4178,1788716716925,esp32-thermal-01,1324
4179,1788716717032,esp32-marker-01,1296
4180,1788716717405,esp32-thermal-01,1325
4273,1788716732536,esp32-marker-01,1327
4274,1788716732779,esp32-vibration-01,1227
4275,1788716732906,esp32-thermal-01,1356
4276,1788716733042,esp32-marker-01,1328
4277,1788716733405,esp32-thermal-01,1357
4278,1788716733536,esp32-marker-01,1329
4279,1788716733905,esp32-thermal-01,1358
4280,1788716733966,esp32-vibration-01,1228
4281,1788716733966,esp32-vibration-01,1229
4282,1788716733967,esp32-vibration-01,1230
4283,1788716734036,esp32-marker-01,1330
4284,1788716734406,esp32-thermal-01,1359
4285,1788716734536,esp32-marker-01,1331
4286,1788716734905,esp32-thermal-01,1360
4287,1788716735036,esp32-marker-01,1332
4288,1788716735406,esp32-thermal-01,1361
4289,1788716735536,esp32-marker-01,1333
4290,1788716735905,esp32-thermal-01,1362
4291,1788716735968,esp32-vibration-01,1231
4292,1788716735968,esp32-vibration-01,1232
4293,1788716735969,esp32-vibration-01,1233
4294,1788716735969,esp32-vibration-01,1234
4295,1788716736036,esp32-marker-01,1334
4296,1788716736406,esp32-thermal-01,1363
4297,1788716736537,esp32-marker-01,1335
4298,1788716736906,esp32-thermal-01,1364
4299,1788716737036,esp32-marker-01,1336
4300,1788716737406,esp32-thermal-01,1365
4301,1788716737535,esp32-marker-01,1337
4302,1788716737678,esp32-vibration-01,1235
4303,1788716737679,esp32-vibration-01,1236
4304,1788716737684,esp32-vibration-01,1237
4305,1788716737905,esp32-thermal-01,1366
4306,1788716737968,esp32-vibration-01,1238
4307,1788716738033,esp32-marker-01,1338
4308,1788716738406,esp32-thermal-01,1367
4309,1788716738533,esp32-marker-01,1339
4310,1788716738906,esp32-thermal-01,1368
4311,1788716739033,esp32-marker-01,1340
4312,1788716739406,esp32-thermal-01,1369
4313,1788716739533,esp32-marker-01,1341
4314,1788716739905,esp32-thermal-01,1370
4315,1788716739969,esp32-vibration-01,1239
4316,1788716739970,esp32-vibration-01,1240
4317,1788716739970,esp32-vibration-01,1241
4318,1788716739970,esp32-vibration-01,1242
4319,1788716740034,esp32-marker-01,1342
4320,1788716740406,esp32-thermal-01,1371
4321,1788716740533,esp32-marker-01,1343
4322,1788716740906,esp32-thermal-01,1372
4365,1788716747906,esp32-thermal-01,1386
4366,1788716747977,esp32-vibration-01,1258
4367,1788716748036,esp32-marker-01,1358
4368,1788716748406,esp32-thermal-01,1387
4369,1788716748537,esp32-marker-01,1359
4370,1788716748906,esp32-thermal-01,1388
4371,1788716749037,esp32-marker-01,1360
4372,1788716749406,esp32-thermal-01,1389
4373,1788716749537,esp32-marker-01,1361
4374,1788716749906,esp32-thermal-01,1390
4375,1788716749979,esp32-vibration-01,1259
4376,1788716749980,esp32-vibration-01,1260
4377,1788716749982,esp32-vibration-01,1261
4378,1788716749982,esp32-vibration-01,1262
4379,1788716750038,esp32-marker-01,1362
4380,1788716751983,esp32-vibration-01,1263
4381,1788717351304,esp32-vibration-01,9
4382,1788717351306,esp32-vibration-01,10
4383,1788717351306,esp32-vibration-01,11
4384,1788717353315,esp32-vibration-01,12
4385,1788717353315,esp32-vibration-01,13
4386,1788717353317,esp32-vibration-01,14
4387,1788717353318,esp32-vibration-01,15
4388,1788717353385,esp32-vibration-01,16
4389,1788717355316,esp32-vibration-01,17
4390,1788717355317,esp32-vibration-01,18
4391,1788717355317,esp32-marker-01,11
4392,1788717355317,esp32-marker-01,12
4393,1788717355319,esp32-vibration-01,19
4394,1788717355319,esp32-marker-01,13
4395,1788717355320,esp32-marker-01,14
4396,1788717355691,esp32-marker-01,15
4397,1788717355693,esp32-vibration-01,20
4398,1788717356302,esp32-vibration-01,21
4399,1788717356306,esp32-marker-01,16
4400,1788717357315,esp32-vibration-01,22
4401,1788717357315,esp32-vibration-01,23
4402,1788717357315,esp32-marker-01,17
4403,1788717357315,esp32-marker-01,18
4404,1788717359319,esp32-vibration-01,24
4405,1788717359319,esp32-vibration-01,25
4406,1788717359320,esp32-marker-01,19
4407,1788717359320,esp32-marker-01,20
4408,1788717359322,esp32-vibration-01,26
4409,1788717359322,esp32-vibration-01,27
4410,1788717359322,esp32-marker-01,21
4411,1788717359323,esp32-marker-01,22
4412,1788717361292,esp32-vibration-01,28
4413,1788717361293,esp32-vibration-01,29
4414,1788717361293,esp32-marker-01,23
4415,1788717361293,esp32-marker-01,24
4416,1788717361297,esp32-vibration-01,30
4417,1788717361297,esp32-vibration-01,31
4418,1788717361297,esp32-marker-01,25
4419,1788717361297,esp32-marker-01,26
4420,1788717363322,esp32-vibration-01,32
4421,1788717363322,esp32-vibration-01,33
4422,1788717363322,esp32-marker-01,27
4423,1788717363322,esp32-marker-01,28
4424,1788717363326,esp32-vibration-01,34
4425,1788717363327,esp32-vibration-01,35
4426,1788717363327,esp32-marker-01,29
4427,1788717363327,esp32-marker-01,30
4428,1788717363792,esp32-vibration-01,36
4429,1788717363793,esp32-marker-01,31
4430,1788717365319,esp32-vibration-01,37
4431,1788717365319,esp32-vibration-01,38
4432,1788717365319,esp32-marker-01,32
4433,1788717365319,esp32-marker-01,33
4434,1788717365319,esp32-vibration-01,39
4435,1788717365319,esp32-marker-01,34
4436,1788717365414,esp32-vibration-01,40
4437,1788717366303,esp32-thermal-01,14
4438,1788717366304,esp32-marker-01,35
4439,1788717366305,esp32-marker-01,36
4440,1788717366305,esp32-vibration-01,41
4441,1788717367320,esp32-thermal-01,15
4442,1788717367320,esp32-thermal-01,16
4443,1788717367320,esp32-vibration-01,42
4444,1788717367321,esp32-vibration-01,43
4445,1788717367321,esp32-marker-01,37
4446,1788717367321,esp32-marker-01,38
4583,1788717391299,esp32-marker-01,83
4584,1788717391300,esp32-marker-01,84
4585,1788717391300,esp32-vibration-01,88
4586,1788717391300,esp32-vibration-01,89
4587,1788717391300,esp32-vibration-01,90
4588,1788717391300,esp32-marker-01,85
4589,1788717391300,esp32-marker-01,86
4590,1788717391300,esp32-vibration-01,91
4591,1788717393345,esp32-thermal-01,65
4592,1788717393346,esp32-thermal-01,66
4593,1788717393346,esp32-thermal-01,67
4594,1788717393346,esp32-thermal-01,68
4595,1788717393347,esp32-vibration-01,92
4596,1788717393347,esp32-vibration-01,93
4597,1788717393348,esp32-marker-01,87
4598,1788717393348,esp32-marker-01,88
4599,1788717393348,esp32-vibration-01,94
4600,1788717393348,esp32-vibration-01,95
4601,1788717393348,esp32-marker-01,89
4602,1788717393348,esp32-marker-01,90
4603,1788717395345,esp32-thermal-01,69
4604,1788717395345,esp32-thermal-01,70
4605,1788717395345,esp32-thermal-01,71
4606,1788717395345,esp32-thermal-01,72
4607,1788717395349,esp32-vibration-01,96
4608,1788717395349,esp32-vibration-01,97
4609,1788717395349,esp32-marker-01,91
4610,1788717395349,esp32-marker-01,92
4611,1788717395349,esp32-vibration-01,98
4612,1788717395349,esp32-vibration-01,99
4613,1788717395349,esp32-marker-01,93
4614,1788717395349,esp32-marker-01,94
4615,1788717396196,esp32-vibration-01,100
4616,1788717396196,esp32-vibration-01,101
4617,1788717396199,esp32-thermal-01,73
4618,1788717396199,esp32-thermal-01,74
4619,1788717396199,esp32-marker-01,95
4620,1788717396199,esp32-marker-01,96
4621,1788717397347,esp32-vibration-01,102
4622,1788717397347,esp32-vibration-01,103
4623,1788717397347,esp32-thermal-01,75
4624,1788717397347,esp32-thermal-01,76
4625,1788717397347,esp32-marker-01,97
4626,1788717397347,esp32-marker-01,98
4627,1788717399347,esp32-thermal-01,77
4628,1788717399348,esp32-thermal-01,78
4629,1788717399348,esp32-thermal-01,79
4630,1788717399348,esp32-thermal-01,80
4631,1788717399350,esp32-vibration-01,104
4632,1788717399350,esp32-vibration-01,105
4633,1788717399350,esp32-marker-01,99
4634,1788717399350,esp32-marker-01,100
4635,1788717399350,esp32-vibration-01,106
4636,1788717399350,esp32-vibration-01,107
4637,1788717399350,esp32-marker-01,101
4638,1788717399350,esp32-marker-01,102
4722,1788717413355,esp32-marker-01,130
4723,1788717415357,esp32-thermal-01,109
4724,1788717415357,esp32-thermal-01,110
4725,1788717415357,esp32-thermal-01,111
4726,1788717415358,esp32-thermal-01,112
4727,1788717415358,esp32-marker-01,131
4728,1788717415358,esp32-marker-01,132
4729,1788717415361,esp32-vibration-01,136
4730,1788717415362,esp32-vibration-01,137
4731,1788717415362,esp32-marker-01,133
4732,1788717415362,esp32-marker-01,134
4733,1788717415362,esp32-vibration-01,138
4734,1788717415362,esp32-vibration-01,139
4735,1788717416313,esp32-vibration-01,140
4736,1788717416313,esp32-vibration-01,141
4737,1788717416315,esp32-thermal-01,113
4738,1788717416315,esp32-thermal-01,114
4739,1788717416315,esp32-marker-01,135
4740,1788717416315,esp32-marker-01,136
4741,1788717417356,esp32-vibration-01,142
4742,1788717417356,esp32-vibration-01,143
4743,1788717417357,esp32-thermal-01,115
4744,1788717417357,esp32-thermal-01,116
4745,1788717417357,esp32-marker-01,137
4746,1788717417358,esp32-marker-01,138
4747,1788717419357,esp32-thermal-01,117
4748,1788717419357,esp32-thermal-01,118
4749,1788717419357,esp32-thermal-01,119
4750,1788717419357,esp32-thermal-01,120
4751,1788717419360,esp32-vibration-01,144
4752,1788717419360,esp32-vibration-01,145
4753,1788717419360,esp32-vibration-01,146
4754,1788717419360,esp32-marker-01,139
4755,1788717419360,esp32-marker-01,140
4756,1788717419360,esp32-vibration-01,147
4757,1788717419360,esp32-marker-01,141
4758,1788717419360,esp32-marker-01,142
4759,1788717421105,esp32-vibration-01,148
4760,1788717421105,esp32-vibration-01,149
4761,1788717421105,esp32-vibration-01,150
4762,1788717421106,esp32-thermal-01,121
4763,1788717421106,esp32-thermal-01,122
4764,1788717421106,esp32-thermal-01,123
4765,1788717421106,esp32-thermal-01,124
4766,1788717421108,esp32-marker-01,143
4767,1788717421108,esp32-marker-01,144
4768,1788717421108,esp32-vibration-01,151
4769,1788717421108,esp32-marker-01,145
4770,1788717421295,esp32-marker-01,146
4771,1788717423360,esp32-thermal-01,125
4772,1788717423360,esp32-thermal-01,126
4773,1788717423360,esp32-thermal-01,127
4774,1788717423360,esp32-thermal-01,128
4784,1788717425360,esp32-vibration-01,157
4785,1788717425360,esp32-vibration-01,158
4786,1788717425360,esp32-thermal-01,129
4787,1788717425360,esp32-thermal-01,130
4788,1788717425360,esp32-thermal-01,131
4789,1788717425360,esp32-thermal-01,132
4790,1788717425360,esp32-marker-01,151
4791,1788717425360,esp32-marker-01,152
4792,1788717425360,esp32-vibration-01,159
4793,1788717425360,esp32-marker-01,153
4794,1788717425360,esp32-marker-01,154
4828,1788717431321,esp32-marker-01,165
4829,1788717431321,esp32-marker-01,166
4830,1788717431321,esp32-vibration-01,171
4831,1788717433365,esp32-thermal-01,145
4832,1788717433365,esp32-thermal-01,146
4833,1788717433365,esp32-thermal-01,147
4834,1788717433365,esp32-thermal-01,148
4835,1788717433365,esp32-marker-01,167
4836,1788717433365,esp32-marker-01,168
4837,1788717433368,esp32-vibration-01,172
4838,1788717433368,esp32-vibration-01,173
4839,1788717433368,esp32-vibration-01,174
4840,1788717433368,esp32-marker-01,169
4841,1788717433368,esp32-marker-01,170
4842,1788717433368,esp32-vibration-01,175
4843,1788717435365,esp32-thermal-01,149
4844,1788717435366,esp32-thermal-01,150
4845,1788717435366,esp32-thermal-01,151
4846,1788717435366,esp32-thermal-01,152
4847,1788717435369,esp32-vibration-01,176
4848,1788717435369,esp32-vibration-01,177
4849,1788717435369,esp32-vibration-01,178
4850,1788717435369,esp32-marker-01,171
4851,1788717435369,esp32-marker-01,172
4852,1788717435369,esp32-vibration-01,179
4853,1788717435369,esp32-marker-01,173
4854,1788717435370,esp32-marker-01,174
4855,1788717436317,esp32-vibration-01,180
4856,1788717436317,esp32-vibration-01,181
4857,1788717436319,esp32-thermal-01,153
4858,1788717436319,esp32-thermal-01,154
4859,1788717436319,esp32-marker-01,175
4860,1788717436319,esp32-marker-01,176
4861,1788717437307,esp32-vibration-01,182
4862,1788717437307,esp32-vibration-01,183
4863,1788717437309,esp32-thermal-01,155
4864,1788717437309,esp32-thermal-01,156
4865,1788717437310,esp32-marker-01,177
4866,1788717437310,esp32-marker-01,178
4867,1788717439368,esp32-thermal-01,157
4868,1788717439368,esp32-thermal-01,158
4869,1788717439368,esp32-thermal-01,159
4870,1788717439368,esp32-thermal-01,160
4871,1788717439372,esp32-marker-01,179
4872,1788717439372,esp32-vibration-01,184
4873,1788717439372,esp32-vibration-01,185
4874,1788717439372,esp32-vibration-01,186
4875,1788717439372,esp32-marker-01,180
4876,1788717439373,esp32-marker-01,181
4877,1788717439373,esp32-marker-01,182
4878,1788717439373,esp32-vibration-01,187
5071,1788717471386,esp32-vibration-01,252
5072,1788717473388,esp32-thermal-01,225
5073,1788717473388,esp32-thermal-01,226
5074,1788717473389,esp32-thermal-01,227
5075,1788717473389,esp32-thermal-01,228
5158,1788717485918,esp32-vibration-01,281
5159,1788717486326,esp32-thermal-01,254
5160,1788717486327,esp32-marker-01,276
5178,1788717489401,esp32-vibration-01,287
5179,1788717489401,esp32-vibration-01,288
5191,1788717491397,esp32-vibration-01,292
5192,1788717493396,esp32-thermal-01,265
5193,1788717493396,esp32-thermal-01,266
5194,1788717493396,esp32-thermal-01,267
5195,1788717493396,esp32-thermal-01,268
5196,1788717493399,esp32-marker-01,287
5197,1788717493399,esp32-marker-01,288
5401,1788717527411,esp32-vibration-01,362
5405,1788717527413,esp32-marker-01,357
5406,1788717527413,esp32-marker-01,358
5407,1788717527413,esp32-vibration-01,364
5408,1788717529413,esp32-thermal-01,337
5409,1788717529413,esp32-thermal-01,338
5410,1788717529414,esp32-thermal-01,339
5411,1788717529414,esp32-thermal-01,340
5412,1788717529418,esp32-marker-01,359
5413,1788717529418,esp32-marker-01,360
5414,1788717529418,esp32-vibration-01,365
5415,1788717529419,esp32-vibration-01,366
5416,1788717529419,esp32-marker-01,361
5417,1788717529419,esp32-marker-01,362
5418,1788717529424,esp32-vibration-01,367
5419,1788717529424,esp32-vibration-01,368
5420,1788717531335,esp32-thermal-01,341
5421,1788717531336,esp32-thermal-01,342
5422,1788717531336,esp32-thermal-01,343
5423,1788717531337,esp32-thermal-01,344
5424,1788717531339,esp32-marker-01,363
5425,1788717531339,esp32-marker-01,364
5426,1788717531339,esp32-vibration-01,369
5427,1788717531339,esp32-vibration-01,370
5428,1788717531341,esp32-marker-01,365
5429,1788717531341,esp32-marker-01,366
5430,1788717531342,esp32-vibration-01,371
5431,1788717531413,esp32-vibration-01,372
5432,1788717533415,esp32-thermal-01,345
5433,1788717533415,esp32-thermal-01,346
5434,1788717533416,esp32-thermal-01,347
5435,1788717533416,esp32-thermal-01,348
5436,1788717533420,esp32-marker-01,367
5437,1788717533420,esp32-marker-01,368
5438,1788717533421,esp32-vibration-01,373
5439,1788717533421,esp32-vibration-01,374
5440,1788717533421,esp32-marker-01,369
5441,1788717533421,esp32-marker-01,370
5442,1788717533425,esp32-vibration-01,375
5443,1788717533426,esp32-vibration-01,376
5444,1788717535413,esp32-thermal-01,349
5445,1788717535414,esp32-thermal-01,350
5446,1788717535414,esp32-thermal-01,351
5447,1788717535414,esp32-thermal-01,352
5448,1788717535417,esp32-marker-01,371
5449,1788717535417,esp32-marker-01,372
5450,1788717535418,esp32-vibration-01,377
5451,1788717535418,esp32-vibration-01,378
5452,1788717535418,esp32-marker-01,373
5453,1788717535418,esp32-marker-01,374
5454,1788717535418,esp32-vibration-01,379
5455,1788717535419,esp32-vibration-01,380
5456,1788717536336,esp32-thermal-01,353
5457,1788717536337,esp32-thermal-01,354
5458,1788717536338,esp32-marker-01,375
5459,1788717536339,esp32-marker-01,376
5460,1788717536339,esp32-vibration-01,381
5461,1788717537417,esp32-thermal-01,355
5462,1788717537417,esp32-thermal-01,356
5463,1788717537418,esp32-vibration-01,382
5464,1788717537418,esp32-vibration-01,383
5465,1788717537418,esp32-marker-01,377
5466,1788717537418,esp32-marker-01,378
5467,1788717537419,esp32-vibration-01,384
5468,1788717539416,esp32-thermal-01,357
5469,1788717539417,esp32-thermal-01,358
5470,1788717539417,esp32-thermal-01,359
5471,1788717539418,esp32-thermal-01,360
5472,1788717539422,esp32-vibration-01,385
5473,1788717539422,esp32-vibration-01,386
5474,1788717539422,esp32-marker-01,379
5475,1788717539422,esp32-marker-01,380
5476,1788717539423,esp32-vibration-01,387
5477,1788717539423,esp32-vibration-01,388
5478,1788717539423,esp32-marker-01,381
5479,1788717539423,esp32-marker-01,382
5480,1788717541302,esp32-thermal-01,361
5481,1788717541302,esp32-thermal-01,362
5482,1788717541302,esp32-thermal-01,363
5483,1788717541303,esp32-thermal-01,364
5484,1788717541307,esp32-vibration-01,389
5485,1788717541307,esp32-vibration-01,390
5486,1788717541307,esp32-marker-01,383
5487,1788717541307,esp32-marker-01,384
5488,1788717541310,esp32-vibration-01,391
5489,1788717541310,esp32-marker-01,385
5490,1788717541310,esp32-marker-01,386
5491,1788717541416,esp32-vibration-01,392
5492,1788717543418,esp32-thermal-01,365
5493,1788717543418,esp32-thermal-01,366
5494,1788717543419,esp32-thermal-01,367
5495,1788717543419,esp32-thermal-01,368
5514,1788717545429,esp32-marker-01,393
5515,1788717545429,esp32-marker-01,394
5516,1788717546337,esp32-thermal-01,373
5517,1788717546337,esp32-thermal-01,374
5518,1788717546340,esp32-marker-01,395
5519,1788717546340,esp32-marker-01,396
5520,1788717546340,esp32-vibration-01,401
5521,1788717547418,esp32-thermal-01,375
5522,1788717547418,esp32-thermal-01,376
5523,1788717547419,esp32-marker-01,397
5524,1788717547419,esp32-marker-01,398
5525,1788717547421,esp32-vibration-01,402
5526,1788717547421,esp32-vibration-01,403
5527,1788717547421,esp32-vibration-01,404
5528,1788717549419,esp32-thermal-01,377
5529,1788717549419,esp32-thermal-01,378
5530,1788717549420,esp32-thermal-01,379
5531,1788717549420,esp32-thermal-01,380
5532,1788717549425,esp32-marker-01,399
5533,1788717549425,esp32-marker-01,400
5534,1788717549425,esp32-vibration-01,405
5535,1788717549426,esp32-vibration-01,406
5536,1788717549426,esp32-marker-01,401
5537,1788717549426,esp32-marker-01,402
5538,1788717549426,esp32-vibration-01,407
5539,1788717549426,esp32-vibration-01,408
5540,1788717551338,esp32-thermal-01,381
5541,1788717551339,esp32-thermal-01,382
5542,1788717551339,esp32-thermal-01,383
5543,1788717551340,esp32-thermal-01,384
5544,1788717551343,esp32-marker-01,403
5545,1788717551343,esp32-marker-01,404
5546,1788717551343,esp32-vibration-01,409
5547,1788717551343,esp32-vibration-01,410
5548,1788717551348,esp32-marker-01,405
5549,1788717551348,esp32-marker-01,406
5550,1788717551348,esp32-vibration-01,411
5551,1788717551419,esp32-vibration-01,412
5552,1788717553421,esp32-marker-01,407
5553,1788717553422,esp32-marker-01,408
5554,1788717553422,esp32-vibration-01,413
5555,1788717553423,esp32-vibration-01,414
5556,1788717553423,esp32-thermal-01,385
5557,1788717553423,esp32-thermal-01,386
5558,1788717553423,esp32-thermal-01,387
5559,1788717553424,esp32-thermal-01,388
5560,1788717553428,esp32-marker-01,409
5579,1788717556342,esp32-marker-01,416
5580,1788717556342,esp32-vibration-01,421
5581,1788717557421,esp32-thermal-01,395
5582,1788717557422,esp32-thermal-01,396
5653,1788717569428,esp32-thermal-01,420
5654,1788717569428,esp32-marker-01,439
5655,1788717569428,esp32-marker-01,440
5656,1788717569435,esp32-vibration-01,447
5657,1788717569435,esp32-vibration-01,448
5658,1788717569436,esp32-marker-01,441
5659,1788717569436,esp32-marker-01,442
5660,1788717569436,esp32-thermal-01,421
5661,1788717571306,esp32-marker-01,443
5662,1788717571306,esp32-marker-01,444
5663,1788717571309,esp32-thermal-01,422
5664,1788717571310,esp32-thermal-01,423
5665,1788717571310,esp32-thermal-01,424
5666,1788717571311,esp32-vibration-01,449
5667,1788717571311,esp32-vibration-01,450
5668,1788717571311,esp32-marker-01,445
5669,1788717571311,esp32-marker-01,446
5670,1788717571311,esp32-vibration-01,451
5671,1788717571428,esp32-vibration-01,452
5672,1788717571431,esp32-thermal-01,425
5673,1788717573429,esp32-marker-01,447
5674,1788717573429,esp32-marker-01,448
5675,1788717573430,esp32-thermal-01,426
5676,1788717573430,esp32-thermal-01,427
5677,1788717573430,esp32-thermal-01,428
5678,1788717573437,esp32-vibration-01,453
5679,1788717573438,esp32-vibration-01,454
5680,1788717573438,esp32-marker-01,449
5681,1788717573438,esp32-marker-01,450
5682,1788717573438,esp32-vibration-01,455
5683,1788717573439,esp32-vibration-01,456
5684,1788717573439,esp32-thermal-01,429
5685,1788717575430,esp32-marker-01,451
5686,1788717575430,esp32-marker-01,452
5687,1788717575430,esp32-thermal-01,430
5688,1788717575430,esp32-thermal-01,431
5689,1788717575430,esp32-thermal-01,432
5690,1788717575430,esp32-vibration-01,457
5691,1788717575430,esp32-vibration-01,458
5692,1788717575430,esp32-marker-01,453
5693,1788717575430,esp32-marker-01,454
5694,1788717575430,esp32-vibration-01,459
5695,1788717575430,esp32-vibration-01,460
5696,1788717575436,esp32-thermal-01,433
5697,1788717576342,esp32-marker-01,455
5698,1788717576342,esp32-marker-01,456
5699,1788717576344,esp32-thermal-01,434
5700,1788717576344,esp32-vibration-01,461
5701,1788717577429,esp32-thermal-01,435
5702,1788717577430,esp32-thermal-01,436
5703,1788717577430,esp32-vibration-01,462
5704,1788717577430,esp32-vibration-01,463
5745,1788717585433,esp32-marker-01,471
5746,1788717585433,esp32-marker-01,472
5747,1788717585433,esp32-vibration-01,477
5748,1788717585433,esp32-vibration-01,478
5749,1788717585433,esp32-thermal-01,450
5750,1788717585433,esp32-thermal-01,451
5751,1788717585433,esp32-thermal-01,452
5752,1788717585433,esp32-thermal-01,453
5753,1788717585433,esp32-marker-01,473
5754,1788717585433,esp32-marker-01,474
5755,1788717585434,esp32-vibration-01,479
5756,1788717585434,esp32-vibration-01,480
5757,1788717586344,esp32-vibration-01,481
5758,1788717586345,esp32-thermal-01,454
5759,1788717586347,esp32-marker-01,475
5760,1788717586348,esp32-marker-01,476
5761,1788717587437,esp32-vibration-01,482
5762,1788717587437,esp32-vibration-01,483
5763,1788717587437,esp32-marker-01,477
5764,1788717587438,esp32-marker-01,478
5765,1788717587438,esp32-thermal-01,455
5766,1788717587438,esp32-thermal-01,456
5767,1788717587438,esp32-thermal-01,457
5768,1788717587444,esp32-vibration-01,484
5769,1788717589438,esp32-thermal-01,458
5770,1788717589438,esp32-thermal-01,459
5771,1788717589439,esp32-thermal-01,460
5772,1788717589439,esp32-thermal-01,461
5773,1788717589443,esp32-vibration-01,485
5774,1788717589444,esp32-vibration-01,486
5775,1788717589444,esp32-marker-01,479
5776,1788717589445,esp32-marker-01,480
5777,1788717589445,esp32-vibration-01,487
5778,1788717589445,esp32-vibration-01,488
5779,1788717589445,esp32-marker-01,481
5780,1788717589445,esp32-marker-01,482
5781,1788717591345,esp32-marker-01,483
5782,1788717591346,esp32-marker-01,484
5783,1788717591350,esp32-vibration-01,489
5784,1788717591351,esp32-vibration-01,490
5785,1788717591351,esp32-thermal-01,462
5786,1788717591351,esp32-thermal-01,463
5787,1788717591351,esp32-thermal-01,464
5788,1788717591352,esp32-marker-01,485
5789,1788717591352,esp32-marker-01,486
5790,1788717591357,esp32-vibration-01,491
5791,1788717591437,esp32-vibration-01,492
5792,1788717591437,esp32-thermal-01,465
5793,1788717593439,esp32-marker-01,487
5794,1788717593439,esp32-marker-01,488
5795,1788717593440,esp32-thermal-01,466
5796,1788717593440,esp32-thermal-01,467
5797,1788717593440,esp32-thermal-01,468
5798,1788717593440,esp32-thermal-01,469
5799,1788717593445,esp32-vibration-01,493
5800,1788717593445,esp32-vibration-01,494
5801,1788717593445,esp32-marker-01,489
5802,1788717593445,esp32-marker-01,490
5803,1788717593446,esp32-vibration-01,495
5804,1788717593446,esp32-vibration-01,496
5805,1788717595441,esp32-thermal-01,470
5806,1788717595442,esp32-thermal-01,471
5807,1788717595443,esp32-thermal-01,472
5808,1788717595443,esp32-thermal-01,473
5809,1788717595447,esp32-marker-01,491
5810,1788717595448,esp32-marker-01,492
5811,1788717595448,esp32-vibration-01,497
5812,1788717595449,esp32-vibration-01,498
5813,1788717595449,esp32-marker-01,493
5814,1788717595449,esp32-marker-01,494
5815,1788717595450,esp32-vibration-01,499
5816,1788717595450,esp32-vibration-01,500
5817,1788717596346,esp32-marker-01,495
5818,1788717596347,esp32-marker-01,496
5819,1788717596348,esp32-vibration-01,501
5820,1788717596348,esp32-thermal-01,474
5821,1788717597441,esp32-thermal-01,475
5822,1788717597442,esp32-thermal-01,476
5823,1788717597442,esp32-thermal-01,477
5824,1788717597443,esp32-marker-01,497
5825,1788717597443,esp32-marker-01,498
5826,1788717597443,esp32-vibration-01,502
5827,1788717597443,esp32-vibration-01,503
5828,1788717597444,esp32-vibration-01,504
5829,1788717599443,esp32-marker-01,499
5830,1788717599444,esp32-marker-01,500
5831,1788717599444,esp32-thermal-01,478
5832,1788717599445,esp32-thermal-01,479
5833,1788717599445,esp32-thermal-01,480
5834,1788717599445,esp32-thermal-01,481
5835,1788717599445,esp32-vibration-01,505
5836,1788717599445,esp32-vibration-01,506
5837,1788717599451,esp32-marker-01,501
5838,1788717599451,esp32-marker-01,502
5839,1788717599451,esp32-vibration-01,507
5840,1788717599452,esp32-vibration-01,508
5841,1788717601307,esp32-marker-01,503
5896,1788717609453,esp32-marker-01,520
5897,1788717609453,esp32-vibration-01,527
5898,1788717609453,esp32-vibration-01,528
5899,1788717609453,esp32-marker-01,521
5900,1788717609453,esp32-marker-01,522
5901,1788717611351,esp32-marker-01,523
5902,1788717611352,esp32-marker-01,524
5903,1788717611354,esp32-thermal-01,502
5904,1788717611354,esp32-thermal-01,503
5905,1788717611354,esp32-thermal-01,504
5906,1788717611355,esp32-vibration-01,529
5907,1788717611355,esp32-vibration-01,530
5908,1788717611355,esp32-marker-01,525
5909,1788717611356,esp32-marker-01,526
5910,1788717611356,esp32-vibration-01,531
5911,1788717611446,esp32-thermal-01,505
5912,1788717611446,esp32-vibration-01,532
5913,1788717613448,esp32-thermal-01,506
5914,1788717613449,esp32-thermal-01,507
5915,1788717613449,esp32-thermal-01,508
5916,1788717613450,esp32-thermal-01,509
5917,1788717613454,esp32-marker-01,527
5918,1788717613455,esp32-marker-01,528
5919,1788717613455,esp32-vibration-01,533
5920,1788717613455,esp32-vibration-01,534
5921,1788717613455,esp32-marker-01,529
5922,1788717613456,esp32-marker-01,530
5923,1788717613456,esp32-vibration-01,535
5924,1788717613456,esp32-vibration-01,536
5925,1788717615447,esp32-marker-01,531
5926,1788717615447,esp32-marker-01,532
5927,1788717615447,esp32-thermal-01,510
5928,1788717615448,esp32-thermal-01,511
5929,1788717615448,esp32-thermal-01,512
5930,1788717615448,esp32-thermal-01,513
5931,1788717615453,esp32-vibration-01,537
5932,1788717615453,esp32-vibration-01,538
5933,1788717615453,esp32-marker-01,533
5934,1788717615453,esp32-marker-01,534
5935,1788717615453,esp32-vibration-01,539
5936,1788717615453,esp32-vibration-01,540
5937,1788717616351,esp32-marker-01,535
5938,1788717616352,esp32-marker-01,536
5939,1788717616354,esp32-vibration-01,541
5940,1788717616355,esp32-thermal-01,514
5941,1788717617449,esp32-vibration-01,542
5942,1788717617450,esp32-vibration-01,543
5943,1788717617450,esp32-marker-01,537
5944,1788717617450,esp32-marker-01,538
5945,1788717617450,esp32-thermal-01,515
5946,1788717617451,esp32-thermal-01,516
5947,1788717617451,esp32-thermal-01,517
5948,1788717617455,esp32-vibration-01,544
5999,1788717626355,esp32-thermal-01,534
6000,1788717626355,esp32-vibration-01,561
6001,1788717627454,esp32-thermal-01,535
6002,1788717627454,esp32-thermal-01,536
6003,1788717627455,esp32-thermal-01,537
6087,1788717641361,esp32-vibration-01,590
6100,1788717643469,esp32-thermal-01,569
6101,1788717643469,esp32-marker-01,589
6102,1788717643469,esp32-marker-01,590
6103,1788717643469,esp32-vibration-01,595
6104,1788717643469,esp32-vibration-01,596
6105,1788717645462,esp32-marker-01,591
6159,1788717653471,esp32-thermal-01,588
6160,1788717653471,esp32-thermal-01,589
6161,1788717653471,esp32-marker-01,609
6162,1788717653471,esp32-marker-01,610
6163,1788717653471,esp32-vibration-01,615
6164,1788717653472,esp32-vibration-01,616
6165,1788717655465,esp32-thermal-01,590
6166,1788717655466,esp32-thermal-01,591
6167,1788717655466,esp32-thermal-01,592
6168,1788717655467,esp32-thermal-01,593
6169,1788717655470,esp32-marker-01,611
6170,1788717655471,esp32-marker-01,612
6171,1788717655471,esp32-vibration-01,617
6172,1788717655471,esp32-vibration-01,618
6173,1788717655472,esp32-marker-01,613
6174,1788717655472,esp32-marker-01,614
6175,1788717655472,esp32-vibration-01,619
6176,1788717655472,esp32-vibration-01,620
6177,1788717656358,esp32-marker-01,615
6178,1788717656358,esp32-marker-01,616
6179,1788717656359,esp32-thermal-01,594
6180,1788717656360,esp32-vibration-01,621
6181,1788717657466,esp32-thermal-01,595
6182,1788717657467,esp32-thermal-01,596
6183,1788717657467,esp32-thermal-01,597
6184,1788717657468,esp32-vibration-01,622
6185,1788717657469,esp32-vibration-01,623
6186,1788717657469,esp32-marker-01,617
6187,1788717657469,esp32-marker-01,618
6188,1788717657469,esp32-vibration-01,624
6189,1788717659468,esp32-marker-01,619
6190,1788717659469,esp32-marker-01,620
6191,1788717659469,esp32-vibration-01,625
6192,1788717659470,esp32-vibration-01,626
6193,1788717659473,esp32-thermal-01,598
6194,1788717659474,esp32-thermal-01,599
6195,1788717659475,esp32-thermal-01,600
6196,1788717659475,esp32-thermal-01,601
6197,1788717659475,esp32-marker-01,621
6198,1788717659475,esp32-marker-01,622
6199,1788717659476,esp32-vibration-01,627
6200,1788717659476,esp32-vibration-01,628
6201,1788717661312,esp32-thermal-01,602
6202,1788717661313,esp32-thermal-01,603
6203,1788717661313,esp32-thermal-01,604
6204,1788717661316,esp32-vibration-01,629
6205,1788717661316,esp32-vibration-01,630
6206,1788717661316,esp32-marker-01,623
6207,1788717661317,esp32-marker-01,624
6208,1788717661320,esp32-vibration-01,631
6209,1788717661320,esp32-marker-01,625
6210,1788717661320,esp32-marker-01,626
6225,1788717665470,esp32-vibration-01,637
6226,1788717665470,esp32-vibration-01,638
6227,1788717665470,esp32-marker-01,631
6228,1788717665470,esp32-marker-01,632
6229,1788717665474,esp32-thermal-01,610
6230,1788717665474,esp32-thermal-01,611
6231,1788717665475,esp32-thermal-01,612
6232,1788717665475,esp32-vibration-01,639
6233,1788717665475,esp32-vibration-01,640
6234,1788717665475,esp32-marker-01,633
6235,1788717665476,esp32-marker-01,634
6236,1788717665476,esp32-thermal-01,613
6237,1788717666359,esp32-marker-01,635
6238,1788717666359,esp32-marker-01,636
6239,1788717666362,esp32-vibration-01,641
6240,1788717666362,esp32-thermal-01,614
6241,1788717667469,esp32-vibration-01,642
6242,1788717667470,esp32-vibration-01,643
6243,1788717667470,esp32-marker-01,637
6244,1788717667470,esp32-marker-01,638
6245,1788717667475,esp32-thermal-01,615
6246,1788717667476,esp32-thermal-01,616
6247,1788717667476,esp32-thermal-01,617
6248,1788717667476,esp32-vibration-01,644
6249,1788717669471,esp32-marker-01,639
6250,1788717669472,esp32-marker-01,640
6251,1788717669472,esp32-vibration-01,645
6252,1788717669472,esp32-thermal-01,618
6253,1788717669473,esp32-thermal-01,619
6254,1788717669473,esp32-thermal-01,620
6255,1788717669473,esp32-thermal-01,621
6256,1788717669479,esp32-marker-01,641
6257,1788717669480,esp32-marker-01,642
6258,1788717669480,esp32-vibration-01,646
6259,1788717669480,esp32-vibration-01,647
6260,1788717669481,esp32-vibration-01,648
6261,1788717671360,esp32-thermal-01,622
6262,1788717671361,esp32-thermal-01,623
6263,1788717671362,esp32-thermal-01,624
6264,1788717671366,esp32-vibration-01,649
6265,1788717671366,esp32-vibration-01,650
6266,1788717671367,esp32-marker-01,643
6267,1788717671367,esp32-marker-01,644
6268,1788717671371,esp32-vibration-01,651
6269,1788717671371,esp32-marker-01,645
6270,1788717671371,esp32-marker-01,646
6271,1788717671473,esp32-vibration-01,652
6272,1788717671474,esp32-thermal-01,625
6273,1788717673473,esp32-thermal-01,626
6274,1788717673473,esp32-thermal-01,627
6275,1788717673474,esp32-thermal-01,628
6276,1788717673474,esp32-thermal-01,629
6277,1788717673479,esp32-marker-01,647
6278,1788717673479,esp32-marker-01,648
6279,1788717673479,esp32-vibration-01,653
6280,1788717673480,esp32-vibration-01,654
6281,1788717673480,esp32-marker-01,649
6282,1788717673480,esp32-marker-01,650
6283,1788717673480,esp32-vibration-01,655
6284,1788717673481,esp32-vibration-01,656
6285,1788717675474,esp32-marker-01,651
6286,1788717675475,esp32-marker-01,652
6287,1788717675476,esp32-vibration-01,657
6288,1788717675477,esp32-vibration-01,658
6289,1788717675477,esp32-thermal-01,630
6290,1788717675477,esp32-thermal-01,631
6291,1788717675477,esp32-thermal-01,632
6292,1788717675478,esp32-thermal-01,633
6293,1788717675484,esp32-marker-01,653
6294,1788717675484,esp32-marker-01,654
6295,1788717675484,esp32-vibration-01,659
6296,1788717675485,esp32-vibration-01,660
6297,1788717676361,esp32-marker-01,655
6298,1788717676361,esp32-marker-01,656
6299,1788717676363,esp32-vibration-01,661
6300,1788717676364,esp32-thermal-01,634
6301,1788717677475,esp32-thermal-01,635
6302,1788717677476,esp32-thermal-01,636
6303,1788717677477,esp32-thermal-01,637
6304,1788717677478,esp32-marker-01,657
6305,1788717677478,esp32-marker-01,658
6306,1788717677478,esp32-vibration-01,662
6307,1788717677479,esp32-vibration-01,663
6308,1788717677479,esp32-vibration-01,664
6309,1788717679477,esp32-thermal-01,638
6310,1788717679478,esp32-thermal-01,639
6311,1788717679478,esp32-thermal-01,640
6312,1788717679478,esp32-thermal-01,641
6313,1788717679484,esp32-vibration-01,665
6314,1788717679484,esp32-vibration-01,666
6315,1788717679484,esp32-marker-01,659
6316,1788717679485,esp32-marker-01,660
6317,1788717679485,esp32-vibration-01,667
6318,1788717679485,esp32-vibration-01,668
6319,1788717679485,esp32-marker-01,661
6333,1788717683480,esp32-marker-01,667
6334,1788717683481,esp32-marker-01,668
6335,1788717683481,esp32-thermal-01,646
6336,1788717683481,esp32-thermal-01,647
6337,1788717683481,esp32-thermal-01,648
6338,1788717683482,esp32-thermal-01,649
6339,1788717683487,esp32-vibration-01,673
6340,1788717683487,esp32-vibration-01,674
6341,1788717683488,esp32-marker-01,669
6342,1788717683488,esp32-marker-01,670
6343,1788717683488,esp32-vibration-01,675
6344,1788717683488,esp32-vibration-01,676
6345,1788717685480,esp32-marker-01,671
6346,1788717685481,esp32-marker-01,672
6347,1788717685481,esp32-thermal-01,650
6348,1788717685482,esp32-thermal-01,651
6349,1788717685482,esp32-thermal-01,652
6350,1788717685482,esp32-thermal-01,653
6351,1788717685482,esp32-vibration-01,677
6352,1788717685482,esp32-vibration-01,678
6353,1788717685487,esp32-marker-01,673
6354,1788717685488,esp32-marker-01,674
6355,1788717685488,esp32-vibration-01,679
6356,1788717685488,esp32-vibration-01,680
6357,1788717686361,esp32-marker-01,675
6358,1788717686362,esp32-marker-01,676
6359,1788717686363,esp32-vibration-01,681
6360,1788717686363,esp32-thermal-01,654
6361,1788717687480,esp32-thermal-01,655
6362,1788717687480,esp32-thermal-01,656
6363,1788717687480,esp32-thermal-01,657
6364,1788717687481,esp32-marker-01,677
6365,1788717687482,esp32-marker-01,678
6366,1788717687482,esp32-vibration-01,682
6367,1788717687482,esp32-vibration-01,683
6368,1788717687482,esp32-vibration-01,684
6369,1788717689482,esp32-marker-01,679
6370,1788717689483,esp32-marker-01,680
6371,1788717689483,esp32-thermal-01,658
6372,1788717689484,esp32-thermal-01,659
6373,1788717689484,esp32-thermal-01,660
6374,1788717689484,esp32-thermal-01,661
6375,1788717689484,esp32-vibration-01,685
6376,1788717689484,esp32-vibration-01,686
6377,1788717689491,esp32-marker-01,681
6378,1788717689492,esp32-marker-01,682
6379,1788717689492,esp32-vibration-01,687
6380,1788717689492,esp32-vibration-01,688
6381,1788717691316,esp32-marker-01,683
6382,1788717691317,esp32-marker-01,684
6383,1788717691318,esp32-thermal-01,662
6384,1788717691319,esp32-thermal-01,663
6385,1788717691319,esp32-thermal-01,664
6472,1788717705498,esp32-thermal-01,693
6473,1788717705498,esp32-marker-01,713
6474,1788717705498,esp32-marker-01,714
6475,1788717705498,esp32-vibration-01,719
6476,1788717705498,esp32-vibration-01,720
6477,1788717706366,esp32-marker-01,715
6478,1788717706367,esp32-marker-01,716
6479,1788717706368,esp32-vibration-01,721
6480,1788717706369,esp32-thermal-01,694
6481,1788717707490,esp32-vibration-01,722
6482,1788717707490,esp32-vibration-01,723
6483,1788717707490,esp32-marker-01,717
6484,1788717707490,esp32-marker-01,718
6485,1788717707491,esp32-thermal-01,695
6486,1788717707491,esp32-thermal-01,696
6487,1788717707491,esp32-thermal-01,697
6488,1788717707494,esp32-vibration-01,724
6489,1788717709492,esp32-thermal-01,698
6490,1788717709493,esp32-thermal-01,699
6491,1788717709493,esp32-thermal-01,700
6492,1788717709493,esp32-thermal-01,701
6493,1788717709496,esp32-vibration-01,725
6494,1788717709497,esp32-vibration-01,726
6495,1788717709497,esp32-marker-01,719
6496,1788717709497,esp32-marker-01,720
6497,1788717709497,esp32-vibration-01,727
6498,1788717709497,esp32-vibration-01,728
6499,1788717709498,esp32-marker-01,721
6500,1788717709498,esp32-marker-01,722
6501,1788717711367,esp32-vibration-01,729
6502,1788717711368,esp32-vibration-01,730
6503,1788717711370,esp32-marker-01,723
6504,1788717711371,esp32-marker-01,724
6505,1788717711371,esp32-thermal-01,702
6506,1788717711371,esp32-thermal-01,703
6507,1788717711371,esp32-thermal-01,704
6508,1788717711371,esp32-vibration-01,731
6509,1788717711374,esp32-marker-01,725
6510,1788717711375,esp32-marker-01,726
6511,1788717711492,esp32-vibration-01,732
6512,1788717711493,esp32-thermal-01,705
6513,1788717713492,esp32-vibration-01,733
6514,1788717713493,esp32-vibration-01,734
6515,1788717713493,esp32-thermal-01,706
6516,1788717713493,esp32-thermal-01,707
6517,1788717713494,esp32-thermal-01,708
6518,1788717713494,esp32-thermal-01,709
6519,1788717713496,esp32-marker-01,727
6520,1788717713497,esp32-marker-01,728
6521,1788717713497,esp32-vibration-01,735
6522,1788717713497,esp32-vibration-01,736
6523,1788717713498,esp32-marker-01,729
6524,1788717713498,esp32-marker-01,730
6525,1788717715495,esp32-thermal-01,710
6526,1788717715495,esp32-thermal-01,711
6527,1788717715496,esp32-thermal-01,712
6528,1788717715496,esp32-thermal-01,713
6578,1788717723503,esp32-marker-01,748
6579,1788717723503,esp32-vibration-01,753
6580,1788717723503,esp32-vibration-01,754
6581,1788717723503,esp32-marker-01,749
6582,1788717723503,esp32-marker-01,750
6583,1788717723509,esp32-vibration-01,755
6584,1788717723509,esp32-vibration-01,756
6585,1788717725499,esp32-vibration-01,757
6586,1788717725500,esp32-vibration-01,758
6587,1788717725500,esp32-marker-01,751
6588,1788717725500,esp32-marker-01,752
6589,1788717725501,esp32-thermal-01,730
6590,1788717725501,esp32-thermal-01,731
6591,1788717725501,esp32-thermal-01,732
6592,1788717725501,esp32-thermal-01,733
6593,1788717725506,esp32-vibration-01,759
6594,1788717725506,esp32-vibration-01,760
6595,1788717725507,esp32-marker-01,753
6596,1788717725507,esp32-marker-01,754
6597,1788717726370,esp32-marker-01,755
6598,1788717726370,esp32-marker-01,756
6599,1788717726373,esp32-vibration-01,761
6600,1788717726374,esp32-thermal-01,734
6601,1788717727496,esp32-vibration-01,762
6602,1788717727497,esp32-vibration-01,763
6603,1788717727497,esp32-vibration-01,764
6604,1788717727501,esp32-thermal-01,735
6605,1788717727501,esp32-thermal-01,736
6606,1788717727501,esp32-thermal-01,737
6607,1788717727502,esp32-marker-01,757
6608,1788717727503,esp32-marker-01,758
6609,1788717729497,esp32-thermal-01,738
6610,1788717729498,esp32-thermal-01,739
6611,1788717729498,esp32-thermal-01,740
6612,1788717729498,esp32-thermal-01,741
6613,1788717729500,esp32-marker-01,759
6614,1788717729501,esp32-marker-01,760
6615,1788717729501,esp32-vibration-01,765
6616,1788717729502,esp32-vibration-01,766
6617,1788717729505,esp32-marker-01,761
6618,1788717729505,esp32-marker-01,762
6619,1788717729505,esp32-vibration-01,767
6620,1788717729506,esp32-vibration-01,768
6621,1788717731371,esp32-thermal-01,742
6622,1788717731371,esp32-thermal-01,743
6623,1788717731371,esp32-thermal-01,744
6624,1788717731374,esp32-vibration-01,769
6625,1788717731374,esp32-vibration-01,770
6626,1788717731374,esp32-marker-01,763
6627,1788717731374,esp32-marker-01,764
6628,1788717731375,esp32-vibration-01,771
6629,1788717731375,esp32-marker-01,765
6630,1788717731375,esp32-marker-01,766
6874,1788717773521,esp32-marker-01,848
6875,1788717773521,esp32-vibration-01,853
6876,1788717773521,esp32-vibration-01,854
6912,1788717779528,esp32-marker-01,860
6913,1788717779528,esp32-thermal-01,838
6914,1788717779528,esp32-thermal-01,839
6915,1788717779528,esp32-thermal-01,840
6916,1788717779528,esp32-thermal-01,841
6917,1788717779536,esp32-vibration-01,867
6918,1788717779536,esp32-vibration-01,868
6919,1788717779536,esp32-marker-01,861
6920,1788717779537,esp32-marker-01,862
6921,1788717781321,esp32-marker-01,863
6922,1788717781321,esp32-marker-01,864
6923,1788717781325,esp32-thermal-01,842
6924,1788717781326,esp32-thermal-01,843
6925,1788717781326,esp32-thermal-01,844
6926,1788717781328,esp32-vibration-01,869
6927,1788717781329,esp32-vibration-01,870
6928,1788717781329,esp32-marker-01,865
6929,1788717781329,esp32-marker-01,866
6930,1788717781329,esp32-vibration-01,871
6931,1788717781526,esp32-thermal-01,845
6932,1788717781527,esp32-vibration-01,872
6933,1788717783525,esp32-thermal-01,846
6934,1788717783526,esp32-thermal-01,847
6935,1788717783527,esp32-thermal-01,848
6936,1788717783527,esp32-thermal-01,849
6937,1788717783532,esp32-vibration-01,873
6938,1788717783532,esp32-vibration-01,874
6939,1788717783533,esp32-marker-01,867
6940,1788717783533,esp32-marker-01,868
6941,1788717783534,esp32-vibration-01,875
6942,1788717783534,esp32-vibration-01,876
6943,1788717783534,esp32-marker-01,869
6944,1788717783534,esp32-marker-01,870
6945,1788717785525,esp32-thermal-01,850
6946,1788717785526,esp32-thermal-01,851
6947,1788717785526,esp32-thermal-01,852
6948,1788717785526,esp32-thermal-01,853
6949,1788717785531,esp32-marker-01,871
6950,1788717785531,esp32-marker-01,872
6951,1788717785531,esp32-vibration-01,877
6952,1788717785531,esp32-vibration-01,878
6953,1788717785531,esp32-marker-01,873
6954,1788717785531,esp32-marker-01,874
6955,1788717785531,esp32-vibration-01,879
6956,1788717785531,esp32-vibration-01,880
6957,1788717786380,esp32-marker-01,875
6958,1788717786380,esp32-marker-01,876
6959,1788717786382,esp32-vibration-01,881
6960,1788717786383,esp32-thermal-01,854
6961,1788717787528,esp32-thermal-01,855
6962,1788717787529,esp32-thermal-01,856
6963,1788717787529,esp32-thermal-01,857
6964,1788717787530,esp32-marker-01,877
6965,1788717787531,esp32-marker-01,878
6966,1788717787531,esp32-vibration-01,882
6967,1788717787531,esp32-vibration-01,883
6968,1788717787531,esp32-vibration-01,884
6969,1788717789529,esp32-thermal-01,858
6970,1788717789530,esp32-thermal-01,859
6971,1788717789530,esp32-thermal-01,860
6972,1788717789531,esp32-thermal-01,861
6973,1788717789535,esp32-vibration-01,885
6974,1788717789536,esp32-vibration-01,886
6975,1788717789536,esp32-marker-01,879
6976,1788717789536,esp32-marker-01,880
6977,1788717789537,esp32-vibration-01,887
6978,1788717789537,esp32-vibration-01,888
6979,1788717789537,esp32-marker-01,881
6980,1788717789537,esp32-marker-01,882
6981,1788717791380,esp32-marker-01,883
6982,1788717791381,esp32-marker-01,884
6983,1788717791383,esp32-thermal-01,862
6984,1788717791383,esp32-thermal-01,863
6985,1788717791383,esp32-thermal-01,864
6986,1788717791384,esp32-vibration-01,889
6987,1788717791385,esp32-vibration-01,890
6988,1788717791385,esp32-marker-01,885
6989,1788717791385,esp32-marker-01,886
6990,1788717791385,esp32-vibration-01,891
6991,1788717791528,esp32-vibration-01,892
6992,1788717791529,esp32-thermal-01,865
6993,1788717793531,esp32-marker-01,887
6994,1788717793532,esp32-marker-01,888
6995,1788717793532,esp32-thermal-01,866
6996,1788717793532,esp32-thermal-01,867
6997,1788717793533,esp32-thermal-01,868
6998,1788717793533,esp32-thermal-01,869
6999,1788717793533,esp32-vibration-01,893
7000,1788717793534,esp32-vibration-01,894
7014,1788717795542,esp32-vibration-01,900
7015,1788717795542,esp32-marker-01,893
7016,1788717795542,esp32-marker-01,894
7019,1788717796384,esp32-marker-01,895
7020,1788717796384,esp32-marker-01,896
7021,1788717797532,esp32-thermal-01,875
7022,1788717797533,esp32-thermal-01,876
7023,1788717797533,esp32-thermal-01,877
7024,1788717797535,esp32-marker-01,897
7025,1788717797535,esp32-marker-01,898
7026,1788717797536,esp32-vibration-01,902
7027,1788717797536,esp32-vibration-01,903
7028,1788717797536,esp32-vibration-01,904
7029,1788717799535,esp32-vibration-01,905
7030,1788717799535,esp32-vibration-01,906
7031,1788717799536,esp32-thermal-01,878
7032,1788717799536,esp32-thermal-01,879
7033,1788717799536,esp32-thermal-01,880
7034,1788717799537,esp32-thermal-01,881
7035,1788717799537,esp32-marker-01,899
7036,1788717799537,esp32-marker-01,900
7037,1788717799544,esp32-vibration-01,907
7038,1788717799544,esp32-vibration-01,908
7039,1788717799544,esp32-marker-01,901
7040,1788717799545,esp32-marker-01,902
7041,1788717801383,esp32-marker-01,903
7042,1788717801383,esp32-marker-01,904
7043,1788717801387,esp32-vibration-01,909
7044,1788717801387,esp32-vibration-01,910
7045,1788717801387,esp32-thermal-01,882
7046,1788717801387,esp32-thermal-01,883
7047,1788717801388,esp32-thermal-01,884
7048,1788717801391,esp32-marker-01,905
7049,1788717801392,esp32-marker-01,906
7050,1788717801392,esp32-vibration-01,911
7051,1788717801534,esp32-vibration-01,912
7052,1788717801535,esp32-thermal-01,885
7053,1788717803535,esp32-marker-01,907
7054,1788717803536,esp32-marker-01,908
7055,1788717803536,esp32-vibration-01,913
7056,1788717803536,esp32-vibration-01,914
7057,1788717803537,esp32-thermal-01,886
7058,1788717803537,esp32-thermal-01,887
7059,1788717803537,esp32-thermal-01,888
7060,1788717803537,esp32-thermal-01,889
7061,1788717803538,esp32-marker-01,909
7062,1788717803538,esp32-marker-01,910
7063,1788717803543,esp32-vibration-01,915
7064,1788717803543,esp32-vibration-01,916
7065,1788717805538,esp32-marker-01,911
7066,1788717805538,esp32-marker-01,912
7160,1788717819556,esp32-marker-01,942
7161,1788717821385,esp32-marker-01,943
7162,1788717821386,esp32-marker-01,944
7163,1788717821387,esp32-thermal-01,922
7164,1788717821388,esp32-thermal-01,923
7165,1788717821388,esp32-thermal-01,924
7166,1788717821389,esp32-vibration-01,949
7167,1788717821390,esp32-vibration-01,950
7168,1788717821390,esp32-marker-01,945
7169,1788717821390,esp32-marker-01,946
7170,1788717821390,esp32-vibration-01,951
7171,1788717821391,esp32-vibration-01,952
7172,1788717821544,esp32-thermal-01,925
7173,1788717823548,esp32-marker-01,947
7174,1788717823548,esp32-marker-01,948
7175,1788717823549,esp32-thermal-01,926
7176,1788717823549,esp32-thermal-01,927
7177,1788717823550,esp32-thermal-01,928
7178,1788717823550,esp32-thermal-01,929
7179,1788717823555,esp32-vibration-01,953
7180,1788717823556,esp32-vibration-01,954
7181,1788717823556,esp32-marker-01,949
7182,1788717823556,esp32-marker-01,950
7183,1788717823556,esp32-vibration-01,955
7184,1788717823557,esp32-vibration-01,956
7185,1788717825547,esp32-marker-01,951
7186,1788717825547,esp32-marker-01,952
7187,1788717825548,esp32-vibration-01,957
7188,1788717825548,esp32-vibration-01,958
7189,1788717825553,esp32-thermal-01,930
7190,1788717825554,esp32-thermal-01,931
7191,1788717825554,esp32-thermal-01,932
7192,1788717825554,esp32-thermal-01,933
7193,1788717825555,esp32-marker-01,953
7194,1788717825555,esp32-marker-01,954
7195,1788717825555,esp32-vibration-01,959
7196,1788717825555,esp32-vibration-01,960
7197,1788717826385,esp32-marker-01,955
7198,1788717826386,esp32-marker-01,956
7199,1788717826387,esp32-vibration-01,961
7200,1788717826387,esp32-thermal-01,934
7201,1788717827545,esp32-vibration-01,962
7202,1788717827546,esp32-vibration-01,963
7203,1788717827547,esp32-vibration-01,964
7204,1788717827548,esp32-marker-01,957
7205,1788717827549,esp32-marker-01,958
7206,1788717827549,esp32-thermal-01,935
7207,1788717827549,esp32-thermal-01,936
7208,1788717827549,esp32-thermal-01,937
7209,1788717829547,esp32-marker-01,959
7210,1788717829548,esp32-marker-01,960
7211,1788717829548,esp32-thermal-01,938
7212,1788717829548,esp32-thermal-01,939
7213,1788717829549,esp32-thermal-01,940
7214,1788717829549,esp32-thermal-01,941
7266,1788717837558,esp32-vibration-01,984
7267,1788717837558,esp32-marker-01,977
7268,1788717837558,esp32-marker-01,978
7269,1788717839554,esp32-vibration-01,985
7270,1788717839554,esp32-vibration-01,986
7271,1788717839554,esp32-thermal-01,958
7272,1788717839555,esp32-thermal-01,959
7273,1788717839555,esp32-thermal-01,960
7274,1788717839555,esp32-thermal-01,961
7275,1788717839560,esp32-marker-01,979
7276,1788717839561,esp32-marker-01,980
7277,1788717839561,esp32-vibration-01,987
7278,1788717839561,esp32-vibration-01,988
7279,1788717839562,esp32-marker-01,981
7280,1788717839562,esp32-marker-01,982
7281,1788717841329,esp32-vibration-01,989
7282,1788717841329,esp32-vibration-01,990
7283,1788717841331,esp32-marker-01,983
7284,1788717841332,esp32-marker-01,984
7285,1788717841332,esp32-thermal-01,962
7286,1788717841332,esp32-thermal-01,963
7287,1788717841332,esp32-thermal-01,964
7288,1788717841335,esp32-vibration-01,991
7289,1788717841335,esp32-marker-01,985
7290,1788717841335,esp32-marker-01,986
7291,1788717841391,esp32-vibration-01,992
7292,1788717841554,esp32-thermal-01,965
7293,1788717843557,esp32-marker-01,987
7294,1788717843557,esp32-marker-01,988
7295,1788717843557,esp32-vibration-01,993
7296,1788717843558,esp32-vibration-01,994
7297,1788717843558,esp32-thermal-01,966
7298,1788717843558,esp32-thermal-01,967
7299,1788717843559,esp32-thermal-01,968
7300,1788717843559,esp32-thermal-01,969
7301,1788717843563,esp32-marker-01,989
7302,1788717843564,esp32-marker-01,990
7303,1788717843564,esp32-vibration-01,995
7304,1788717843564,esp32-vibration-01,996
7305,1788717845557,esp32-marker-01,991
7306,1788717845558,esp32-marker-01,992
7307,1788717845558,esp32-vibration-01,997
7308,1788717845559,esp32-vibration-01,998
7309,1788717845560,esp32-thermal-01,970
7310,1788717845560,esp32-thermal-01,971
7311,1788717845560,esp32-thermal-01,972
7312,1788717845560,esp32-thermal-01,973
7313,1788717845565,esp32-marker-01,993
7404,1788717861402,esp32-marker-01,1023
7405,1788717861402,esp32-marker-01,1024
7406,1788717861402,esp32-vibration-01,1029
7407,1788717861402,esp32-vibration-01,1030
7408,1788717861407,esp32-marker-01,1025
7409,1788717861407,esp32-marker-01,1026
7410,1788717861408,esp32-vibration-01,1031
7411,1788717861408,esp32-vibration-01,1032
7412,1788717861567,esp32-thermal-01,1005
7413,1788717863569,esp32-marker-01,1027
7414,1788717863570,esp32-marker-01,1028
7415,1788717863570,esp32-thermal-01,1006
7416,1788717863570,esp32-thermal-01,1007
7417,1788717863570,esp32-thermal-01,1008
7418,1788717863570,esp32-thermal-01,1009
7419,1788717863571,esp32-vibration-01,1033
7420,1788717863571,esp32-vibration-01,1034
7421,1788717863578,esp32-marker-01,1029
7422,1788717863578,esp32-marker-01,1030
7423,1788717863578,esp32-vibration-01,1035
7424,1788717863579,esp32-vibration-01,1036
7425,1788717865569,esp32-thermal-01,1010
7426,1788717865570,esp32-thermal-01,1011
7427,1788717865570,esp32-thermal-01,1012
7428,1788717865570,esp32-thermal-01,1013
7429,1788717865575,esp32-marker-01,1031
7430,1788717865576,esp32-marker-01,1032
7431,1788717865576,esp32-vibration-01,1037
7432,1788717865576,esp32-vibration-01,1038
7433,1788717865577,esp32-marker-01,1033
7434,1788717865577,esp32-marker-01,1034
7435,1788717865577,esp32-vibration-01,1039
7436,1788717865577,esp32-vibration-01,1040
7437,1788717866397,esp32-marker-01,1035
7438,1788717866397,esp32-marker-01,1036
7439,1788717866398,esp32-vibration-01,1041
7440,1788717866398,esp32-vibration-01,1042
7441,1788717866399,esp32-thermal-01,1014
7442,1788717867568,esp32-marker-01,1037
7443,1788717867569,esp32-marker-01,1038
7444,1788717867570,esp32-thermal-01,1015
7445,1788717867570,esp32-thermal-01,1016
7446,1788717867570,esp32-thermal-01,1017
7447,1788717867574,esp32-vibration-01,1043
7448,1788717867574,esp32-vibration-01,1044
7449,1788717869572,esp32-marker-01,1039
7450,1788717869572,esp32-marker-01,1040
7451,1788717869573,esp32-thermal-01,1018
7452,1788717869573,esp32-thermal-01,1019
7453,1788717869573,esp32-thermal-01,1020
7454,1788717869573,esp32-thermal-01,1021
7455,1788717869574,esp32-vibration-01,1045
7456,1788717869574,esp32-vibration-01,1046
7471,1788717871397,esp32-vibration-01,1052
7472,1788717871571,esp32-thermal-01,1025
7473,1788717873573,esp32-marker-01,1047
7474,1788717873574,esp32-marker-01,1048
7475,1788717873574,esp32-thermal-01,1026
7476,1788717873575,esp32-thermal-01,1027
7477,1788717873575,esp32-thermal-01,1028
7478,1788717873575,esp32-thermal-01,1029
7593,1788717893584,esp32-vibration-01,1093
7677,1788717906403,esp32-vibration-01,1121
7678,1788717906403,esp32-vibration-01,1122
7679,1788717906404,esp32-thermal-01,1094
7680,1788717906405,esp32-marker-01,1115
7681,1788717906405,esp32-marker-01,1116
7682,1788717907593,esp32-marker-01,1117
7683,1788717907595,esp32-marker-01,1118
7713,1788717913596,esp32-vibration-01,1133
7714,1788717913596,esp32-vibration-01,1134
7715,1788717913597,esp32-marker-01,1127
7716,1788717913597,esp32-marker-01,1128
7717,1788717913601,esp32-thermal-01,1106
7718,1788717913601,esp32-thermal-01,1107
7750,1788717919601,esp32-marker-01,1140
7751,1788717919601,esp32-vibration-01,1145
7826,1788717931343,esp32-vibration-01,1169
8085,1788717975623,esp32-marker-01,1251
8086,1788717975623,esp32-marker-01,1252
8087,1788717975624,esp32-thermal-01,1230
8088,1788717975625,esp32-thermal-01,1231
8089,1788717975625,esp32-thermal-01,1232
8090,1788717975625,esp32-thermal-01,1233
8091,1788717975631,esp32-vibration-01,1257
8092,1788717975631,esp32-vibration-01,1258
8093,1788717975632,esp32-marker-01,1253
8094,1788717975632,esp32-marker-01,1254
8095,1788717975632,esp32-vibration-01,1259
8096,1788717975632,esp32-vibration-01,1260
8097,1788717976420,esp32-marker-01,1255
8098,1788717976421,esp32-marker-01,1256
8099,1788717976422,esp32-vibration-01,1261
8100,1788717976422,esp32-vibration-01,1262
8101,1788717976422,esp32-thermal-01,1234
8102,1788717977622,esp32-thermal-01,1235
8103,1788717977623,esp32-thermal-01,1236
8104,1788717977623,esp32-thermal-01,1237
8105,1788717977626,esp32-vibration-01,1263
8106,1788717977626,esp32-vibration-01,1264
8107,1788717977626,esp32-marker-01,1257
8108,1788717977627,esp32-marker-01,1258
8109,1788717979621,esp32-vibration-01,1265
8110,1788717979621,esp32-vibration-01,1266
8111,1788717979622,esp32-marker-01,1259
8112,1788717979622,esp32-marker-01,1260
8113,1788717979626,esp32-thermal-01,1238
8114,1788717979626,esp32-thermal-01,1239
8115,1788717979627,esp32-thermal-01,1240
8116,1788717979627,esp32-thermal-01,1241
8117,1788717979627,esp32-vibration-01,1267
8118,1788717979627,esp32-vibration-01,1268
8119,1788717979627,esp32-marker-01,1261
8120,1788717979627,esp32-marker-01,1262
8121,1788717981415,esp32-thermal-01,1242
8122,1788717981416,esp32-thermal-01,1243
8123,1788717981416,esp32-thermal-01,1244
8124,1788717981419,esp32-marker-01,1263
8125,1788717981420,esp32-marker-01,1264
8126,1788717981420,esp32-vibration-01,1269
8127,1788717981420,esp32-vibration-01,1270
8128,1788717981421,esp32-marker-01,1265
8129,1788717981421,esp32-marker-01,1266
8130,1788717981424,esp32-vibration-01,1271
8131,1788717981424,esp32-vibration-01,1272
8132,1788717981621,esp32-thermal-01,1245
8133,1788717983621,esp32-vibration-01,1273
8134,1788717983622,esp32-vibration-01,1274
8135,1788717983623,esp32-marker-01,1267
8136,1788717983624,esp32-marker-01,1268
8137,1788717983624,esp32-thermal-01,1246
8138,1788717983624,esp32-thermal-01,1247
8139,1788717983624,esp32-thermal-01,1248
8140,1788717983624,esp32-thermal-01,1249
8141,1788717983625,esp32-vibration-01,1275
8142,1788717983625,esp32-vibration-01,1276
8225,1788717997635,esp32-vibration-01,1303
8226,1788717997635,esp32-vibration-01,1304
8227,1788717997636,esp32-marker-01,1297
8228,1788717997636,esp32-marker-01,1298
8229,1788717999632,esp32-vibration-01,1305
8230,1788717999634,esp32-vibration-01,1306
8231,1788717999634,esp32-thermal-01,1278
8232,1788717999634,esp32-thermal-01,1279
8233,1788717999634,esp32-thermal-01,1280
8234,1788717999635,esp32-thermal-01,1281
8235,1788717999640,esp32-marker-01,1299
8236,1788717999640,esp32-marker-01,1300
8237,1788717999641,esp32-vibration-01,1307
8238,1788717999641,esp32-vibration-01,1308
8239,1788717999641,esp32-marker-01,1301
8240,1788717999641,esp32-marker-01,1302
8241,1788718001420,esp32-marker-01,1303
8242,1788718001420,esp32-marker-01,1304
8243,1788718001422,esp32-vibration-01,1309
8244,1788718001423,esp32-vibration-01,1310
8245,1788718001423,esp32-thermal-01,1282
8246,1788718001424,esp32-thermal-01,1283
8247,1788718001424,esp32-thermal-01,1284
8248,1788718001427,esp32-marker-01,1305
8249,1788718001428,esp32-marker-01,1306
8250,1788718001428,esp32-vibration-01,1311
8251,1788718001428,esp32-vibration-01,1312
8252,1788718001633,esp32-thermal-01,1285
8253,1788718003635,esp32-marker-01,1307
8254,1788718003636,esp32-marker-01,1308
8255,1788718003636,esp32-vibration-01,1313
8256,1788718003636,esp32-vibration-01,1314
8257,1788718003642,esp32-thermal-01,1286
8258,1788718003643,esp32-thermal-01,1287
8259,1788718003643,esp32-thermal-01,1288
8260,1788718003643,esp32-thermal-01,1289
8261,1788718003643,esp32-marker-01,1309
8262,1788718003644,esp32-marker-01,1310
8263,1788718003644,esp32-vibration-01,1315
8264,1788718003644,esp32-vibration-01,1316
8265,1788718005635,esp32-vibration-01,1317
8266,1788718005636,esp32-vibration-01,1318
8267,1788718005636,esp32-marker-01,1311
8268,1788718005636,esp32-marker-01,1312
8269,1788718005639,esp32-thermal-01,1290
8270,1788718005640,esp32-thermal-01,1291
8271,1788718005640,esp32-thermal-01,1292
8272,1788718005641,esp32-thermal-01,1293
8273,1788718005641,esp32-vibration-01,1319
8274,1788718005642,esp32-vibration-01,1320
8275,1788718005642,esp32-marker-01,1313
8276,1788718005642,esp32-marker-01,1314
8277,1788718006418,esp32-vibration-01,1321
8278,1788718006419,esp32-vibration-01,1322
8279,1788718006421,esp32-thermal-01,1294
8280,1788718006422,esp32-marker-01,1315
8281,1788718006422,esp32-marker-01,1316
8292,1788718009639,esp32-thermal-01,1299
8293,1788718009639,esp32-thermal-01,1300
8294,1788718009639,esp32-thermal-01,1301
8295,1788718009639,esp32-vibration-01,1325
8296,1788718009639,esp32-vibration-01,1326
8297,1788718009646,esp32-marker-01,1321
8334,1788718015649,esp32-vibration-01,1340
8335,1788718015649,esp32-marker-01,1333
8336,1788718015649,esp32-marker-01,1334
8337,1788718016420,esp32-marker-01,1335
8338,1788718016420,esp32-marker-01,1336
8339,1788718016422,esp32-thermal-01,1314
8340,1788718016422,esp32-vibration-01,1341
8341,1788718016423,esp32-vibration-01,1342
8342,1788718017640,esp32-thermal-01,1315
8343,1788718017641,esp32-thermal-01,1316
8344,1788718017641,esp32-thermal-01,1317
8345,1788718017642,esp32-marker-01,1337
8346,1788718017643,esp32-marker-01,1338
8347,1788718017643,esp32-vibration-01,1343
8348,1788718017643,esp32-vibration-01,1344
8349,1788718019640,esp32-marker-01,1339
8350,1788718019641,esp32-marker-01,1340
8351,1788718019641,esp32-vibration-01,1345
8352,1788718019641,esp32-vibration-01,1346
8353,1788718019641,esp32-thermal-01,1318
8354,1788718019641,esp32-thermal-01,1319
8355,1788718019641,esp32-thermal-01,1320
8356,1788718019642,esp32-thermal-01,1321
8357,1788718019647,esp32-marker-01,1341
8358,1788718019648,esp32-marker-01,1342
8359,1788718019648,esp32-vibration-01,1347
8360,1788718019649,esp32-vibration-01,1348
8361,1788718021342,esp32-marker-01,1343
8362,1788718021343,esp32-marker-01,1344
8363,1788718021344,esp32-thermal-01,1322
8364,1788718021345,esp32-thermal-01,1323
8365,1788718021346,esp32-thermal-01,1324
8366,1788718021346,esp32-vibration-01,1349
8367,1788718021347,esp32-vibration-01,1350
8368,1788718021347,esp32-marker-01,1345
8369,1788718021347,esp32-marker-01,1346
8370,1788718021349,esp32-vibration-01,1351
8371,1788718021420,esp32-vibration-01,1352
8372,1788718021639,esp32-thermal-01,1325
8373,1788718023644,esp32-marker-01,1347
8374,1788718023644,esp32-marker-01,1348
8375,1788718023645,esp32-thermal-01,1326
8376,1788718023646,esp32-thermal-01,1327
8377,1788718023646,esp32-thermal-01,1328
8378,1788718023647,esp32-thermal-01,1329
8379,1788718023647,esp32-vibration-01,1353
8380,1788718023647,esp32-vibration-01,1354
8381,1788718023652,esp32-marker-01,1349
8382,1788718023653,esp32-marker-01,1350
8383,1788718023653,esp32-vibration-01,1355
8384,1788718023654,esp32-vibration-01,1356
8398,1788718026423,esp32-vibration-01,1361
8399,1788718026424,esp32-vibration-01,1362
8400,1788718026425,esp32-thermal-01,1334
8401,1788718026425,esp32-marker-01,1356
8402,1788718027645,esp32-thermal-01,1335
8403,1788718027646,esp32-thermal-01,1336
8404,1788718027646,esp32-thermal-01,1337
8405,1788718027648,esp32-marker-01,1357
8406,1788718027648,esp32-marker-01,1358
8407,1788718027648,esp32-vibration-01,1363
8408,1788718027649,esp32-vibration-01,1364
8409,1788718029645,esp32-thermal-01,1338
8410,1788718029646,esp32-thermal-01,1339
8411,1788718029646,esp32-thermal-01,1340
8412,1788718029647,esp32-thermal-01,1341
8413,1788718029651,esp32-vibration-01,1365
8414,1788718029651,esp32-vibration-01,1366
8415,1788718029651,esp32-marker-01,1359
8416,1788718029652,esp32-marker-01,1360
8417,1788718029652,esp32-vibration-01,1367
8418,1788718029652,esp32-vibration-01,1368
8419,1788718029652,esp32-marker-01,1361
8420,1788718029652,esp32-marker-01,1362
8421,1788718031422,esp32-thermal-01,1342
8422,1788718031423,esp32-thermal-01,1343
8423,1788718031423,esp32-thermal-01,1344
8424,1788718031427,esp32-marker-01,1363
8425,1788718031427,esp32-marker-01,1364
8426,1788718031427,esp32-vibration-01,1369
8427,1788718031428,esp32-vibration-01,1370
8428,1788718031428,esp32-marker-01,1365
8429,1788718031428,esp32-marker-01,1366
8430,1788718031433,esp32-vibration-01,1371
8431,1788718031433,esp32-vibration-01,1372
8432,1788718031646,esp32-thermal-01,1345
8433,1788718033647,esp32-vibration-01,1373
8434,1788718033648,esp32-vibration-01,1374
8435,1788718033648,esp32-marker-01,1367
8436,1788718033648,esp32-marker-01,1368
8437,1788718033648,esp32-thermal-01,1346
8438,1788718033648,esp32-thermal-01,1347
8439,1788718033649,esp32-thermal-01,1348
8440,1788718033649,esp32-thermal-01,1349
8441,1788718033654,esp32-vibration-01,1375
8442,1788718033654,esp32-vibration-01,1376
8443,1788718033655,esp32-marker-01,1369
8444,1788718033655,esp32-marker-01,1370
8445,1788718035646,esp32-marker-01,1371
8446,1788718035647,esp32-marker-01,1372
8447,1788718035647,esp32-vibration-01,1377
8448,1788718035647,esp32-vibration-01,1378
8449,1788718035650,esp32-thermal-01,1350
8450,1788718035651,esp32-thermal-01,1351
8451,1788718035651,esp32-thermal-01,1352
8452,1788718035651,esp32-thermal-01,1353
8453,1788718035651,esp32-marker-01,1373
8454,1788718035651,esp32-marker-01,1374
8455,1788718035651,esp32-vibration-01,1379
8456,1788718035651,esp32-vibration-01,1380
8470,1788718039650,esp32-marker-01,1380
8471,1788718039650,esp32-thermal-01,1358
8472,1788718039651,esp32-thermal-01,1359
8473,1788718039651,esp32-thermal-01,1360
8474,1788718039651,esp32-thermal-01,1361
8475,1788718039651,esp32-vibration-01,1385
8476,1788718039652,esp32-vibration-01,1386
8477,1788718039652,esp32-marker-01,1381
8478,1788718039652,esp32-marker-01,1382
8479,1788718039658,esp32-vibration-01,1387
8480,1788718039659,esp32-vibration-01,1388
8481,1788718041425,esp32-marker-01,1383
8482,1788718041426,esp32-marker-01,1384
8483,1788718041430,esp32-vibration-01,1389
8484,1788718041430,esp32-vibration-01,1390
8485,1788718041431,esp32-thermal-01,1362
8486,1788718041431,esp32-thermal-01,1363
8487,1788718041431,esp32-thermal-01,1364
8488,1788718041436,esp32-marker-01,1385
8489,1788718041436,esp32-marker-01,1386
8490,1788718041437,esp32-vibration-01,1391
8491,1788718041437,esp32-vibration-01,1392
8492,1788718041649,esp32-thermal-01,1365
8493,1788718043653,esp32-thermal-01,1366
8494,1788718043653,esp32-thermal-01,1367
8495,1788718043654,esp32-thermal-01,1368
8496,1788718043655,esp32-thermal-01,1369
8497,1788718043658,esp32-marker-01,1387
8498,1788718043659,esp32-marker-01,1388
8499,1788718043659,esp32-vibration-01,1393
8500,1788718043659,esp32-vibration-01,1394
8501,1788718043660,esp32-marker-01,1389
8502,1788718043660,esp32-marker-01,1390
8503,1788718043660,esp32-vibration-01,1395
8504,1788718043660,esp32-vibration-01,1396
8505,1788718045651,esp32-vibration-01,1397
8506,1788718045651,esp32-vibration-01,1398
8507,1788718045652,esp32-thermal-01,1370
8508,1788718045652,esp32-thermal-01,1371
8509,1788718045652,esp32-thermal-01,1372
8510,1788718045652,esp32-thermal-01,1373
8511,1788718045656,esp32-marker-01,1391
8512,1788718045657,esp32-marker-01,1392
8513,1788718045657,esp32-vibration-01,1399
8514,1788718045657,esp32-vibration-01,1400
8515,1788718045657,esp32-marker-01,1393
8516,1788718045657,esp32-marker-01,1394
8517,1788718046426,esp32-marker-01,1395
8518,1788718046427,esp32-marker-01,1396
8519,1788718046430,esp32-vibration-01,1401
8520,1788718046431,esp32-vibration-01,1402
8521,1788718046431,esp32-thermal-01,1374
8522,1788718047653,esp32-thermal-01,1375
8523,1788718047653,esp32-thermal-01,1376
8524,1788718047653,esp32-thermal-01,1377
8525,1788718047654,esp32-marker-01,1397
8526,1788718047654,esp32-marker-01,1398
8577,1788718056428,esp32-marker-01,1415
8578,1788718056429,esp32-marker-01,1416
8579,1788718056433,esp32-thermal-01,1394
8580,1788718056433,esp32-vibration-01,1421
8581,1788718056434,esp32-vibration-01,1422
8582,1788718057656,esp32-thermal-01,1395
8583,1788718057657,esp32-thermal-01,1396
8584,1788718057657,esp32-thermal-01,1397
8585,1788718057659,esp32-vibration-01,1423
8586,1788718057659,esp32-vibration-01,1424
8587,1788718057659,esp32-marker-01,1417
8588,1788718057660,esp32-marker-01,1418
8589,1788718059658,esp32-vibration-01,1425
8590,1788718059659,esp32-vibration-01,1426
8591,1788718059659,esp32-thermal-01,1398
8592,1788718059659,esp32-thermal-01,1399
8593,1788718059659,esp32-thermal-01,1400
8594,1788718059660,esp32-thermal-01,1401
8595,1788718059660,esp32-marker-01,1419
8596,1788718059660,esp32-marker-01,1420
8597,1788718059668,esp32-vibration-01,1427
8598,1788718059668,esp32-vibration-01,1428
8599,1788718059668,esp32-marker-01,1421
8600,1788718059669,esp32-marker-01,1422
8601,1788718061431,esp32-marker-01,1423
8602,1788718061431,esp32-marker-01,1424
8603,1788718061435,esp32-vibration-01,1429
8604,1788718061435,esp32-vibration-01,1430
8605,1788718061436,esp32-thermal-01,1402
8606,1788718061436,esp32-thermal-01,1403
8607,1788718061436,esp32-thermal-01,1404
8608,1788718061436,esp32-marker-01,1425
8609,1788718061436,esp32-marker-01,1426
8610,1788718061441,esp32-vibration-01,1431
8611,1788718061441,esp32-vibration-01,1432
8612,1788718061659,esp32-thermal-01,1405
8613,1788718063661,esp32-vibration-01,1433
8614,1788718063662,esp32-vibration-01,1434
8615,1788718063662,esp32-marker-01,1427
8616,1788718063663,esp32-marker-01,1428
8617,1788718063663,esp32-thermal-01,1406
8618,1788718063663,esp32-thermal-01,1407
8619,1788718063663,esp32-thermal-01,1408
8620,1788718063663,esp32-thermal-01,1409
8621,1788718063663,esp32-vibration-01,1435
8622,1788718063663,esp32-vibration-01,1436
8623,1788718063668,esp32-marker-01,1429
8624,1788718063668,esp32-marker-01,1430
8625,1788718065661,esp32-marker-01,1431
8626,1788718065662,esp32-marker-01,1432
8627,1788718065662,esp32-vibration-01,1437
8628,1788718065662,esp32-vibration-01,1438
8629,1788718065666,esp32-thermal-01,1410
8630,1788718065667,esp32-thermal-01,1411
8631,1788718065667,esp32-thermal-01,1412
8632,1788718065667,esp32-thermal-01,1413
8633,1788718065667,esp32-marker-01,1433
8634,1788718065668,esp32-marker-01,1434
8635,1788718065668,esp32-vibration-01,1439
8636,1788718065668,esp32-vibration-01,1440
8637,1788718066431,esp32-marker-01,1435
8638,1788718066431,esp32-marker-01,1436
8639,1788718066435,esp32-thermal-01,1414
8640,1788718066435,esp32-vibration-01,1441
8641,1788718066436,esp32-vibration-01,1442
8642,1788718067661,esp32-thermal-01,1415
8643,1788718067661,esp32-thermal-01,1416
8644,1788718067661,esp32-thermal-01,1417
8645,1788718067662,esp32-marker-01,1437
8646,1788718067662,esp32-marker-01,1438
8647,1788718067662,esp32-vibration-01,1443
8648,1788718067663,esp32-vibration-01,1444
8649,1788718069664,esp32-vibration-01,1445
8650,1788718069665,esp32-vibration-01,1446
8651,1788718069665,esp32-marker-01,1439
8652,1788718069665,esp32-marker-01,1440
8653,1788718069668,esp32-thermal-01,1418
8654,1788718069669,esp32-thermal-01,1419
8655,1788718069669,esp32-thermal-01,1420
8656,1788718069669,esp32-thermal-01,1421
8657,1788718069669,esp32-vibration-01,1447
8658,1788718069669,esp32-vibration-01,1448
8659,1788718069674,esp32-marker-01,1441
8660,1788718069674,esp32-marker-01,1442
8661,1788718071432,esp32-thermal-01,1422
8662,1788718071433,esp32-thermal-01,1423
8663,1788718071433,esp32-thermal-01,1424
8664,1788718071436,esp32-vibration-01,1449
8665,1788718071436,esp32-vibration-01,1450
8666,1788718071437,esp32-marker-01,1443
8667,1788718071437,esp32-marker-01,1444
8681,1788718073674,esp32-marker-01,1449
8682,1788718073674,esp32-marker-01,1450
8683,1788718073674,esp32-vibration-01,1455
8720,1788718079680,esp32-marker-01,1462
8721,1788718081348,esp32-marker-01,1463
8722,1788718081349,esp32-marker-01,1464
8723,1788718081351,esp32-thermal-01,1442
8724,1788718081351,esp32-thermal-01,1443
8725,1788718081352,esp32-thermal-01,1444
8726,1788718081353,esp32-vibration-01,1469
8727,1788718081353,esp32-vibration-01,1470
8728,1788718081353,esp32-marker-01,1465
8729,1788718081354,esp32-marker-01,1466
8730,1788718081354,esp32-vibration-01,1471
8731,1788718081434,esp32-vibration-01,1472
8732,1788718081667,esp32-thermal-01,1445
8733,1788718083670,esp32-marker-01,1467
8734,1788718083671,esp32-marker-01,1468
8735,1788718083671,esp32-thermal-01,1446
8736,1788718083672,esp32-thermal-01,1447
8737,1788718083672,esp32-thermal-01,1448
8738,1788718083672,esp32-thermal-01,1449
8739,1788718083673,esp32-vibration-01,1473
8740,1788718083673,esp32-vibration-01,1474
8741,1788718083680,esp32-marker-01,1469
8742,1788718083681,esp32-marker-01,1470
8743,1788718083681,esp32-vibration-01,1475
8744,1788718083681,esp32-vibration-01,1476
8745,1788718085667,esp32-marker-01,1471
8746,1788718085668,esp32-marker-01,1472
8747,1788718085670,esp32-vibration-01,1477
8748,1788718085670,esp32-vibration-01,1478
8749,1788718085670,esp32-thermal-01,1450
8750,1788718085670,esp32-thermal-01,1451
8751,1788718085671,esp32-thermal-01,1452
8752,1788718085671,esp32-thermal-01,1453
8753,1788718085675,esp32-marker-01,1473
8754,1788718085675,esp32-marker-01,1474
8755,1788718085675,esp32-vibration-01,1479
8756,1788718085675,esp32-vibration-01,1480
8757,1788718086435,esp32-marker-01,1475
8758,1788718086436,esp32-marker-01,1476
8759,1788718086437,esp32-thermal-01,1454
8760,1788718086438,esp32-vibration-01,1481
8761,1788718086438,esp32-vibration-01,1482
8762,1788718087669,esp32-thermal-01,1455
8763,1788718087670,esp32-thermal-01,1456
8764,1788718087670,esp32-thermal-01,1457
8765,1788718087674,esp32-marker-01,1477
8766,1788718087674,esp32-marker-01,1478
8767,1788718087674,esp32-vibration-01,1483
8768,1788718087675,esp32-vibration-01,1484
8769,1788718089669,esp32-marker-01,1479
8770,1788718089669,esp32-marker-01,1480
8788,1788718091443,esp32-vibration-01,1491
8789,1788718091443,esp32-vibration-01,1492
8799,1788718093679,esp32-marker-01,1487
8800,1788718093679,esp32-marker-01,1488
8801,1788718093679,esp32-vibration-01,1495
8802,1788718093679,esp32-vibration-01,1496
8803,1788718093679,esp32-marker-01,1489
8804,1788718093680,esp32-marker-01,1490
8873,1788718105690,esp32-vibration-01,1519
8874,1788718105690,esp32-vibration-01,1520
8875,1788718105690,esp32-marker-01,1513
8876,1788718105690,esp32-marker-01,1514
8894,1788718109686,esp32-vibration-01,1526
8895,1788718109686,esp32-marker-01,1519
8896,1788718109686,esp32-marker-01,1520
9171,1788718155704,esp32-thermal-01,1593
9172,1788718155704,esp32-vibration-01,1617
9173,1788718155704,esp32-vibration-01,1618
9195,1788718159704,esp32-thermal-01,1601
9196,1788718159704,esp32-vibration-01,1625
9197,1788718159704,esp32-vibration-01,1626
9198,1788718159704,esp32-marker-01,1622
9199,1788718159704,esp32-vibration-01,1627
9223,1788718163715,esp32-vibration-01,1635
9224,1788718163715,esp32-vibration-01,1636
9225,1788718163715,esp32-marker-01,1631
9226,1788718165707,esp32-thermal-01,1610
9227,1788718165708,esp32-thermal-01,1611
9228,1788718165708,esp32-thermal-01,1612
9229,1788718165708,esp32-thermal-01,1613
9366,1788718187726,esp32-thermal-01,1657
9367,1788718187726,esp32-vibration-01,1683
9403,1788718193736,esp32-vibration-01,1696
9404,1788718193736,esp32-marker-01,1690
9405,1788718193736,esp32-marker-01,1691
9406,1788718195733,esp32-thermal-01,1670
9407,1788718195734,esp32-thermal-01,1671
9408,1788718195734,esp32-thermal-01,1672
9409,1788718195735,esp32-thermal-01,1673
9410,1788718195738,esp32-vibration-01,1697
9411,1788718195738,esp32-vibration-01,1698
9412,1788718195739,esp32-marker-01,1692
9413,1788718195739,esp32-marker-01,1693
9414,1788718195739,esp32-vibration-01,1699
9415,1788718195739,esp32-vibration-01,1700
9416,1788718195743,esp32-marker-01,1694
9417,1788718195744,esp32-marker-01,1695
9418,1788718196460,esp32-vibration-01,1701
9419,1788718196461,esp32-vibration-01,1702
9420,1788718196464,esp32-thermal-01,1674
9421,1788718196465,esp32-thermal-01,1675
9422,1788718196465,esp32-marker-01,1696
9423,1788718197733,esp32-marker-01,1697
9424,1788718197734,esp32-marker-01,1698
9425,1788718197735,esp32-vibration-01,1703
9426,1788718197735,esp32-vibration-01,1704
9427,1788718197735,esp32-thermal-01,1676
9428,1788718197736,esp32-thermal-01,1677
9429,1788718197741,esp32-marker-01,1699
9430,1788718199735,esp32-thermal-01,1678
9431,1788718199736,esp32-thermal-01,1679
9432,1788718199736,esp32-thermal-01,1680
9433,1788718199737,esp32-thermal-01,1681
9434,1788718199740,esp32-vibration-01,1705
9435,1788718199740,esp32-vibration-01,1706
9436,1788718199741,esp32-marker-01,1700
9437,1788718199742,esp32-marker-01,1701
9438,1788718199742,esp32-vibration-01,1707
9439,1788718199742,esp32-vibration-01,1708
9440,1788718199742,esp32-marker-01,1702
9441,1788718199742,esp32-marker-01,1703
9442,1788718201360,esp32-vibration-01,1709
9443,1788718201360,esp32-vibration-01,1710
9444,1788718201363,esp32-thermal-01,1682
9445,1788718201363,esp32-thermal-01,1683
9446,1788718201363,esp32-thermal-01,1684
9447,1788718201364,esp32-marker-01,1704
9448,1788718201364,esp32-marker-01,1705
9449,1788718201364,esp32-vibration-01,1711
9450,1788718201364,esp32-marker-01,1706
9451,1788718201460,esp32-thermal-01,1685
9452,1788718201462,esp32-vibration-01,1712
9453,1788718201733,esp32-marker-01,1707
9454,1788718203735,esp32-vibration-01,1713
9455,1788718203735,esp32-vibration-01,1714
9546,1788718217755,esp32-thermal-01,1717
9547,1788718217755,esp32-marker-01,1737
9548,1788718217755,esp32-marker-01,1738
9549,1788718217759,esp32-marker-01,1739
9550,1788718219756,esp32-thermal-01,1718
9551,1788718219757,esp32-thermal-01,1719
9552,1788718219758,esp32-thermal-01,1720
9553,1788718219758,esp32-thermal-01,1721
9554,1788718219761,esp32-vibration-01,1745
9555,1788718219762,esp32-vibration-01,1746
9556,1788718219762,esp32-marker-01,1740
9557,1788718219762,esp32-marker-01,1741
9558,1788718219762,esp32-vibration-01,1747
9559,1788718219762,esp32-vibration-01,1748
9560,1788718219763,esp32-marker-01,1742
9561,1788718219763,esp32-marker-01,1743
9562,1788718221468,esp32-vibration-01,1749
9563,1788718221469,esp32-vibration-01,1750
9564,1788718221472,esp32-thermal-01,1722
9565,1788718221472,esp32-thermal-01,1723
9566,1788718221473,esp32-thermal-01,1724
9567,1788718221473,esp32-thermal-01,1725
9568,1788718221477,esp32-marker-01,1744
9569,1788718221478,esp32-marker-01,1745
9570,1788718221478,esp32-vibration-01,1751
9571,1788718221478,esp32-vibration-01,1752
9572,1788718221478,esp32-marker-01,1746
9573,1788718221754,esp32-marker-01,1747
9574,1788718223755,esp32-thermal-01,1726
9575,1788718223756,esp32-thermal-01,1727
9576,1788718223756,esp32-thermal-01,1728
9577,1788718223756,esp32-thermal-01,1729
9578,1788718223760,esp32-marker-01,1748
9579,1788718223760,esp32-marker-01,1749
9580,1788718223761,esp32-vibration-01,1753
9581,1788718223761,esp32-vibration-01,1754
9582,1788718223761,esp32-marker-01,1750
9583,1788718223761,esp32-marker-01,1751
9584,1788718223761,esp32-vibration-01,1755
9585,1788718223762,esp32-vibration-01,1756
9586,1788718225758,esp32-thermal-01,1730
9587,1788718225759,esp32-thermal-01,1731
9588,1788718225759,esp32-thermal-01,1732
9589,1788718225759,esp32-thermal-01,1733
9590,1788718225763,esp32-marker-01,1752
9591,1788718225763,esp32-marker-01,1753
9592,1788718225763,esp32-vibration-01,1757
9629,1788718231369,esp32-vibration-01,1771
9630,1788718231369,esp32-marker-01,1766
9631,1788718231469,esp32-thermal-01,1745
9646,1788718235770,esp32-vibration-01,1777
9647,1788718235770,esp32-vibration-01,1778
9648,1788718235770,esp32-thermal-01,1750
9649,1788718235771,esp32-thermal-01,1751
9650,1788718235771,esp32-thermal-01,1752
9651,1788718235771,esp32-thermal-01,1753
9652,1788718235771,esp32-marker-01,1772
9653,1788718235771,esp32-marker-01,1773
9654,1788718235771,esp32-vibration-01,1779
9655,1788718235771,esp32-vibration-01,1780
9656,1788718235774,esp32-marker-01,1774
9657,1788718235775,esp32-marker-01,1775
9658,1788718236470,esp32-vibration-01,1781
9659,1788718236471,esp32-vibration-01,1782
9660,1788718236473,esp32-thermal-01,1754
9661,1788718236473,esp32-thermal-01,1755
9662,1788718236474,esp32-marker-01,1776
9663,1788718237773,esp32-vibration-01,1783
9664,1788718237774,esp32-vibration-01,1784
9665,1788718237775,esp32-marker-01,1777
9666,1788718237775,esp32-marker-01,1778
9667,1788718237775,esp32-thermal-01,1756
9668,1788718237775,esp32-thermal-01,1757
9669,1788718237782,esp32-marker-01,1779
9670,1788718239777,esp32-thermal-01,1758
9671,1788718239778,esp32-thermal-01,1759
9672,1788718239779,esp32-thermal-01,1760
9673,1788718239780,esp32-thermal-01,1761
9674,1788718239783,esp32-vibration-01,1785
9675,1788718239784,esp32-vibration-01,1786
9676,1788718239784,esp32-marker-01,1780
9677,1788718239785,esp32-marker-01,1781
9678,1788718239785,esp32-vibration-01,1787
9679,1788718239785,esp32-vibration-01,1788
9680,1788718239786,esp32-marker-01,1782
9681,1788718239786,esp32-marker-01,1783
9682,1788718241473,esp32-vibration-01,1789
9683,1788718241474,esp32-vibration-01,1790
9684,1788718241478,esp32-marker-01,1784
9685,1788718241479,esp32-marker-01,1785
9686,1788718241479,esp32-thermal-01,1762
9687,1788718241480,esp32-thermal-01,1763
9688,1788718241480,esp32-thermal-01,1764
9689,1788718241480,esp32-thermal-01,1765
9690,1788718241485,esp32-vibration-01,1791
9691,1788718241485,esp32-vibration-01,1792
9692,1788718241485,esp32-marker-01,1786
9693,1788718241775,esp32-marker-01,1787
9694,1788718243778,esp32-thermal-01,1766
9695,1788718243779,esp32-thermal-01,1767
9696,1788718243779,esp32-thermal-01,1768
9697,1788718243780,esp32-thermal-01,1769
9698,1788718243783,esp32-vibration-01,1793
9699,1788718243784,esp32-vibration-01,1794
9700,1788718243784,esp32-marker-01,1788
9701,1788718243784,esp32-marker-01,1789
9702,1788718243785,esp32-vibration-01,1795
9703,1788718243785,esp32-vibration-01,1796
9704,1788718243785,esp32-marker-01,1790
9705,1788718243785,esp32-marker-01,1791
9706,1788718245781,esp32-thermal-01,1770
9707,1788718245781,esp32-thermal-01,1771
9708,1788718245782,esp32-thermal-01,1772
9709,1788718245782,esp32-thermal-01,1773
9710,1788718245786,esp32-vibration-01,1797
9711,1788718245786,esp32-vibration-01,1798
9712,1788718245786,esp32-marker-01,1792
9713,1788718245787,esp32-marker-01,1793
9714,1788718245787,esp32-vibration-01,1799
9715,1788718245787,esp32-vibration-01,1800
9716,1788718245787,esp32-marker-01,1794
9717,1788718245787,esp32-marker-01,1795
9718,1788718246475,esp32-thermal-01,1774
9719,1788718246477,esp32-thermal-01,1775
9720,1788718246480,esp32-marker-01,1796
9721,1788718246480,esp32-vibration-01,1801
9722,1788718246480,esp32-vibration-01,1802
9723,1788718247782,esp32-marker-01,1797
9724,1788718247782,esp32-marker-01,1798
9725,1788718247782,esp32-vibration-01,1803
9726,1788718247783,esp32-vibration-01,1804
9727,1788718247783,esp32-thermal-01,1776
9728,1788718247783,esp32-thermal-01,1777
9729,1788718247789,esp32-marker-01,1799
9730,1788718249784,esp32-thermal-01,1778
9731,1788718249785,esp32-thermal-01,1779
9732,1788718249785,esp32-thermal-01,1780
9733,1788718249785,esp32-thermal-01,1781
9734,1788718249789,esp32-marker-01,1800
9735,1788718249789,esp32-marker-01,1801
9736,1788718249789,esp32-vibration-01,1805
9737,1788718249790,esp32-vibration-01,1806
9738,1788718249790,esp32-marker-01,1802
9739,1788718249790,esp32-marker-01,1803
9740,1788718249790,esp32-vibration-01,1807
9741,1788718249790,esp32-vibration-01,1808
9742,1788718251477,esp32-thermal-01,1782
9743,1788718251478,esp32-thermal-01,1783
9744,1788718251478,esp32-thermal-01,1784
9745,1788718251479,esp32-thermal-01,1785
9746,1788718251484,esp32-vibration-01,1809
9747,1788718251485,esp32-vibration-01,1810
9748,1788718251485,esp32-marker-01,1804
9749,1788718251486,esp32-marker-01,1805
9750,1788718251486,esp32-vibration-01,1811
9751,1788718251486,esp32-vibration-01,1812
9752,1788718251486,esp32-marker-01,1806
9753,1788718251785,esp32-marker-01,1807
9754,1788718253786,esp32-thermal-01,1786
9755,1788718253787,esp32-thermal-01,1787
9756,1788718253787,esp32-thermal-01,1788
9757,1788718253787,esp32-thermal-01,1789
9758,1788718253791,esp32-vibration-01,1813
9759,1788718253791,esp32-vibration-01,1814
9760,1788718253791,esp32-marker-01,1808
9761,1788718253792,esp32-marker-01,1809
9762,1788718253792,esp32-vibration-01,1815
9763,1788718253792,esp32-vibration-01,1816
9764,1788718253792,esp32-marker-01,1810
9765,1788718253793,esp32-marker-01,1811
9766,1788718255787,esp32-vibration-01,1817
9767,1788718255787,esp32-vibration-01,1818
9768,1788718255788,esp32-thermal-01,1790
9769,1788718255788,esp32-thermal-01,1791
9770,1788718255789,esp32-thermal-01,1792
9771,1788718255789,esp32-thermal-01,1793
9772,1788718255789,esp32-marker-01,1812
9773,1788718255789,esp32-marker-01,1813
9774,1788718255796,esp32-vibration-01,1819
9775,1788718255796,esp32-vibration-01,1820
9776,1788718255796,esp32-marker-01,1814
9777,1788718255797,esp32-marker-01,1815
9778,1788718256478,esp32-thermal-01,1794
9779,1788718256479,esp32-thermal-01,1795
9780,1788718256481,esp32-marker-01,1816
9781,1788718256481,esp32-vibration-01,1821
9782,1788718256482,esp32-vibration-01,1822
9783,1788718257788,esp32-vibration-01,1823
9784,1788718257789,esp32-vibration-01,1824
9785,1788718257789,esp32-thermal-01,1796
9786,1788718257790,esp32-thermal-01,1797
9787,1788718257793,esp32-marker-01,1817
9788,1788718257794,esp32-marker-01,1818
9789,1788718257794,esp32-marker-01,1819
9790,1788718259791,esp32-vibration-01,1825
9791,1788718259792,esp32-vibration-01,1826
9792,1788718259793,esp32-thermal-01,1798
9793,1788718259793,esp32-thermal-01,1799
9794,1788718259793,esp32-thermal-01,1800
9795,1788718259794,esp32-thermal-01,1801
9796,1788718259794,esp32-marker-01,1820
9797,1788718259794,esp32-marker-01,1821
9798,1788718259797,esp32-vibration-01,1827
9799,1788718259798,esp32-vibration-01,1828
9800,1788718259798,esp32-marker-01,1822
9801,1788718259798,esp32-marker-01,1823
9802,1788718261366,esp32-vibration-01,1829
9803,1788718261366,esp32-vibration-01,1830
9804,1788718261367,esp32-thermal-01,1802
9805,1788718261367,esp32-thermal-01,1803
9806,1788718261367,esp32-thermal-01,1804
9807,1788718261367,esp32-marker-01,1824
9808,1788718261368,esp32-marker-01,1825
9809,1788718261368,esp32-vibration-01,1831
9810,1788718261368,esp32-marker-01,1826
9811,1788718261479,esp32-thermal-01,1805
9812,1788718261481,esp32-vibration-01,1832
9813,1788718261791,esp32-marker-01,1827
9814,1788718263794,esp32-thermal-01,1806
9815,1788718263795,esp32-thermal-01,1807
9816,1788718263795,esp32-thermal-01,1808
9817,1788718263795,esp32-thermal-01,1809
9818,1788718263798,esp32-marker-01,1828
9819,1788718263798,esp32-marker-01,1829
9820,1788718263798,esp32-vibration-01,1833
9821,1788718263799,esp32-vibration-01,1834
9822,1788718263799,esp32-marker-01,1830
9823,1788718263800,esp32-marker-01,1831
9824,1788718263800,esp32-vibration-01,1835
9825,1788718263800,esp32-vibration-01,1836
9826,1788718265795,esp32-thermal-01,1810
9827,1788718265796,esp32-thermal-01,1811
9828,1788718265796,esp32-marker-01,1832
9829,1788718265796,esp32-marker-01,1833
9830,1788718265796,esp32-vibration-01,1837
9831,1788718265797,esp32-vibration-01,1838
9832,1788718265802,esp32-thermal-01,1812
9833,1788718265802,esp32-thermal-01,1813
9834,1788718265803,esp32-marker-01,1834
9835,1788718265803,esp32-marker-01,1835
9836,1788718265803,esp32-vibration-01,1839
9837,1788718265803,esp32-vibration-01,1840
9838,1788718266480,esp32-thermal-01,1814
9839,1788718266480,esp32-thermal-01,1815
9840,1788718266483,esp32-marker-01,1836
9841,1788718266483,esp32-vibration-01,1841
9842,1788718266483,esp32-vibration-01,1842
9843,1788718267796,esp32-marker-01,1837
9844,1788718267797,esp32-marker-01,1838
9845,1788718267798,esp32-vibration-01,1843
9846,1788718267798,esp32-vibration-01,1844
9847,1788718267798,esp32-thermal-01,1816
9848,1788718267799,esp32-thermal-01,1817
9849,1788718267803,esp32-marker-01,1839
9850,1788718269798,esp32-thermal-01,1818
9851,1788718269798,esp32-thermal-01,1819
9852,1788718269799,esp32-thermal-01,1820
9853,1788718269799,esp32-thermal-01,1821
9854,1788718269804,esp32-vibration-01,1845
9855,1788718269805,esp32-vibration-01,1846
9856,1788718269805,esp32-marker-01,1840
9857,1788718269805,esp32-marker-01,1841
9858,1788718269805,esp32-vibration-01,1847
9859,1788718269805,esp32-vibration-01,1848
9860,1788718269806,esp32-marker-01,1842
9861,1788718269806,esp32-marker-01,1843
9862,1788718271482,esp32-vibration-01,1849
9863,1788718271483,esp32-vibration-01,1850
9864,1788718271485,esp32-thermal-01,1822
9865,1788718271485,esp32-thermal-01,1823
9866,1788718271486,esp32-thermal-01,1824
9867,1788718271486,esp32-thermal-01,1825
9868,1788718271489,esp32-marker-01,1844
9869,1788718271489,esp32-marker-01,1845
9870,1788718271489,esp32-vibration-01,1851
9871,1788718271489,esp32-vibration-01,1852
9872,1788718271489,esp32-marker-01,1846
9873,1788718271797,esp32-marker-01,1847
9874,1788718273798,esp32-thermal-01,1826
9875,1788718273799,esp32-thermal-01,1827
9876,1788718273799,esp32-thermal-01,1828
9877,1788718273799,esp32-thermal-01,1829
9878,1788718273804,esp32-vibration-01,1853
9879,1788718273805,esp32-vibration-01,1854
9880,1788718273805,esp32-marker-01,1848
9881,1788718273805,esp32-marker-01,1849
9882,1788718273806,esp32-vibration-01,1855
9883,1788718273806,esp32-vibration-01,1856
9884,1788718273806,esp32-marker-01,1850
9885,1788718273806,esp32-marker-01,1851
9886,1788718275798,esp32-thermal-01,1830
9887,1788718275799,esp32-thermal-01,1831
9888,1788718275799,esp32-thermal-01,1832
9889,1788718275799,esp32-thermal-01,1833
9890,1788718275802,esp32-vibration-01,1857
9891,1788718275803,esp32-vibration-01,1858
9892,1788718275803,esp32-vibration-01,1859
9893,1788718275803,esp32-marker-01,1852
9894,1788718275803,esp32-marker-01,1853
9895,1788718275803,esp32-vibration-01,1860
9896,1788718275803,esp32-marker-01,1854
9897,1788718275804,esp32-marker-01,1855
9898,1788718276485,esp32-thermal-01,1834
9899,1788718276485,esp32-thermal-01,1835
9900,1788718276490,esp32-marker-01,1856
9901,1788718276491,esp32-vibration-01,1861
9902,1788718276491,esp32-vibration-01,1862
9903,1788718277802,esp32-marker-01,1857
9904,1788718277803,esp32-marker-01,1858
9905,1788718277803,esp32-vibration-01,1863
9906,1788718277803,esp32-vibration-01,1864
9907,1788718277806,esp32-thermal-01,1836
9908,1788718277806,esp32-thermal-01,1837
9909,1788718277806,esp32-marker-01,1859
9910,1788718279802,esp32-vibration-01,1865
9911,1788718279803,esp32-vibration-01,1866
9912,1788718279803,esp32-thermal-01,1838
9913,1788718279803,esp32-thermal-01,1839
9914,1788718279804,esp32-thermal-01,1840
9915,1788718279804,esp32-thermal-01,1841
9916,1788718279804,esp32-marker-01,1860
9917,1788718279804,esp32-marker-01,1861
9918,1788718279810,esp32-vibration-01,1867
9919,1788718279810,esp32-vibration-01,1868
9920,1788718279810,esp32-marker-01,1862
9921,1788718279811,esp32-marker-01,1863
9922,1788718281488,esp32-vibration-01,1869
9923,1788718281488,esp32-vibration-01,1870
9924,1788718281490,esp32-thermal-01,1842
9925,1788718281491,esp32-thermal-01,1843
9926,1788718281491,esp32-thermal-01,1844
9927,1788718281491,esp32-thermal-01,1845
9928,1788718281495,esp32-marker-01,1864
9929,1788718281496,esp32-marker-01,1865
9930,1788718281496,esp32-vibration-01,1871
9931,1788718281496,esp32-vibration-01,1872
9932,1788718281496,esp32-marker-01,1866
9933,1788718281802,esp32-marker-01,1867
9934,1788718283805,esp32-thermal-01,1846
9935,1788718283805,esp32-thermal-01,1847
9936,1788718283806,esp32-thermal-01,1848
9937,1788718283806,esp32-thermal-01,1849
9938,1788718283810,esp32-marker-01,1868
9939,1788718283810,esp32-marker-01,1869
9940,1788718283810,esp32-vibration-01,1873
9941,1788718283811,esp32-vibration-01,1874
9942,1788718283811,esp32-marker-01,1870
9943,1788718283811,esp32-marker-01,1871
9944,1788718283814,esp32-vibration-01,1875
9945,1788718283815,esp32-vibration-01,1876
9946,1788718285804,esp32-vibration-01,1877
9947,1788718285804,esp32-vibration-01,1878
9948,1788718285805,esp32-thermal-01,1850
9949,1788718285805,esp32-thermal-01,1851
9950,1788718285805,esp32-thermal-01,1852
9951,1788718285805,esp32-thermal-01,1853
9952,1788718285806,esp32-marker-01,1872
9953,1788718285806,esp32-marker-01,1873
9954,1788718285806,esp32-vibration-01,1879
9955,1788718285806,esp32-vibration-01,1880
9956,1788718285811,esp32-marker-01,1874
9957,1788718285812,esp32-marker-01,1875
9958,1788718286487,esp32-thermal-01,1854
9959,1788718286488,esp32-thermal-01,1855
9960,1788718286492,esp32-marker-01,1876
9961,1788718286492,esp32-vibration-01,1881
9962,1788718286492,esp32-vibration-01,1882
9963,1788718287807,esp32-marker-01,1877
9964,1788718287807,esp32-marker-01,1878
9965,1788718287807,esp32-thermal-01,1856
9966,1788718287808,esp32-thermal-01,1857
9967,1788718287808,esp32-vibration-01,1883
9968,1788718287808,esp32-vibration-01,1884
9969,1788718287808,esp32-marker-01,1879
9970,1788718289808,esp32-thermal-01,1858
9971,1788718289808,esp32-thermal-01,1859
9972,1788718289808,esp32-thermal-01,1860
9973,1788718289808,esp32-thermal-01,1861
9974,1788718289811,esp32-vibration-01,1885
9975,1788718289812,esp32-vibration-01,1886
9976,1788718289812,esp32-marker-01,1880
9977,1788718289812,esp32-marker-01,1881
9978,1788718289812,esp32-vibration-01,1887
9979,1788718289812,esp32-vibration-01,1888
9980,1788718289812,esp32-marker-01,1882
9981,1788718289812,esp32-marker-01,1883
9982,1788718291368,esp32-vibration-01,1889
9983,1788718291368,esp32-vibration-01,1890
9984,1788718291370,esp32-marker-01,1884
9985,1788718291370,esp32-marker-01,1885
9986,1788718291370,esp32-thermal-01,1862
9987,1788718291370,esp32-thermal-01,1863
9988,1788718291370,esp32-thermal-01,1864
9989,1788718291370,esp32-vibration-01,1891
9990,1788718291370,esp32-marker-01,1886
9991,1788718291488,esp32-thermal-01,1865
9992,1788718291490,esp32-vibration-01,1892
9993,1788718291810,esp32-marker-01,1887
9994,1788718293813,esp32-thermal-01,1866
9995,1788718293814,esp32-thermal-01,1867
9996,1788718293815,esp32-thermal-01,1868
9997,1788718293815,esp32-thermal-01,1869
9998,1788718293820,esp32-marker-01,1888
9999,1788718293821,esp32-marker-01,1889
10000,1788718293821,esp32-vibration-01,1893
10001,1788718293822,esp32-vibration-01,1894
10002,1788718293822,esp32-marker-01,1890
10003,1788718293822,esp32-marker-01,1891
10004,1788718293823,esp32-vibration-01,1895
10005,1788718293823,esp32-vibration-01,1896
10006,1788718295817,esp32-vibration-01,1897
10007,1788718295818,esp32-vibration-01,1898
10008,1788718295818,esp32-marker-01,1892
10009,1788718295818,esp32-marker-01,1893
10010,1788718295820,esp32-thermal-01,1870
10011,1788718295820,esp32-thermal-01,1871
10012,1788718295820,esp32-thermal-01,1872
10013,1788718295820,esp32-thermal-01,1873
10014,1788718295821,esp32-vibration-01,1899
10015,1788718295821,esp32-vibration-01,1900
10016,1788718295821,esp32-marker-01,1894
10017,1788718295821,esp32-marker-01,1895
10018,1788718296491,esp32-vibration-01,1901
10019,1788718296492,esp32-vibration-01,1902
10020,1788718296494,esp32-thermal-01,1874
10021,1788718296494,esp32-thermal-01,1875
10022,1788718296495,esp32-marker-01,1896
10023,1788718297818,esp32-marker-01,1897
10024,1788718297819,esp32-marker-01,1898
10025,1788718297820,esp32-thermal-01,1876
10026,1788718297820,esp32-thermal-01,1877
10027,1788718297820,esp32-vibration-01,1903
10028,1788718297820,esp32-vibration-01,1904
10029,1788718297825,esp32-marker-01,1899
10030,1788718299818,esp32-thermal-01,1878
10031,1788718299818,esp32-thermal-01,1879
10032,1788718299818,esp32-thermal-01,1880
10033,1788718299818,esp32-thermal-01,1881
10034,1788718299821,esp32-vibration-01,1905
10035,1788718299821,esp32-vibration-01,1906
10036,1788718299821,esp32-marker-01,1900
10037,1788718299821,esp32-marker-01,1901
10038,1788718299821,esp32-vibration-01,1907
10039,1788718299821,esp32-vibration-01,1908
10040,1788718299821,esp32-marker-01,1902
10041,1788718299821,esp32-marker-01,1903
10042,1788718301494,esp32-thermal-01,1882
10043,1788718301496,esp32-thermal-01,1883
10044,1788718301496,esp32-thermal-01,1884
10045,1788718301497,esp32-thermal-01,1885
10046,1788718301501,esp32-marker-01,1904
10047,1788718301502,esp32-marker-01,1905
10048,1788718301502,esp32-vibration-01,1909
10049,1788718301502,esp32-vibration-01,1910
10050,1788718301503,esp32-marker-01,1906
10051,1788718301503,esp32-vibration-01,1911
10052,1788718301503,esp32-vibration-01,1912
10053,1788718301820,esp32-marker-01,1907
10054,1788718303821,esp32-vibration-01,1913
10055,1788718303822,esp32-vibration-01,1914
10056,1788718303822,esp32-thermal-01,1886
10057,1788718303822,esp32-thermal-01,1887
10058,1788718303823,esp32-thermal-01,1888
10059,1788718303823,esp32-thermal-01,1889
10060,1788718303827,esp32-marker-01,1908
10061,1788718303828,esp32-marker-01,1909
10062,1788718303828,esp32-vibration-01,1915
10063,1788718303828,esp32-vibration-01,1916
10064,1788718303828,esp32-marker-01,1910
10065,1788718303828,esp32-marker-01,1911
10066,1788718305824,esp32-thermal-01,1890
10067,1788718305825,esp32-thermal-01,1891
10068,1788718305825,esp32-thermal-01,1892
10069,1788718305825,esp32-thermal-01,1893
10070,1788718305830,esp32-vibration-01,1917
10071,1788718305830,esp32-vibration-01,1918
10072,1788718305831,esp32-marker-01,1912
10073,1788718305831,esp32-marker-01,1913
10074,1788718305831,esp32-vibration-01,1919
10075,1788718305831,esp32-vibration-01,1920
10076,1788718305835,esp32-marker-01,1914
10077,1788718305835,esp32-marker-01,1915
10078,1788718306493,esp32-thermal-01,1894
10079,1788718306494,esp32-thermal-01,1895
10080,1788718306498,esp32-vibration-01,1921
10081,1788718306498,esp32-vibration-01,1922
10082,1788718306499,esp32-marker-01,1916
10083,1788718307826,esp32-thermal-01,1896
10084,1788718307827,esp32-thermal-01,1897
10085,1788718307827,esp32-marker-01,1917
10086,1788718307828,esp32-marker-01,1918
10087,1788718307832,esp32-vibration-01,1923
10088,1788718307833,esp32-vibration-01,1924
10089,1788718307833,esp32-marker-01,1919
10090,1788718309826,esp32-thermal-01,1898
10091,1788718309826,esp32-thermal-01,1899
10092,1788718309826,esp32-thermal-01,1900
10093,1788718309826,esp32-thermal-01,1901
10094,1788718309829,esp32-vibration-01,1925
10095,1788718309829,esp32-vibration-01,1926
10096,1788718309829,esp32-marker-01,1920
10097,1788718309829,esp32-marker-01,1921
10098,1788718309829,esp32-vibration-01,1927
10099,1788718309829,esp32-vibration-01,1928
10100,1788718309829,esp32-marker-01,1922
10101,1788718309829,esp32-marker-01,1923
10102,1788718311495,esp32-thermal-01,1902
10103,1788718311496,esp32-thermal-01,1903
10104,1788718311497,esp32-thermal-01,1904
10105,1788718311497,esp32-thermal-01,1905
10106,1788718311500,esp32-marker-01,1924
10107,1788718311501,esp32-marker-01,1925
10108,1788718311501,esp32-vibration-01,1929
10109,1788718311502,esp32-vibration-01,1930
10110,1788718311502,esp32-marker-01,1926
10111,1788718311506,esp32-vibration-01,1931
10112,1788718311506,esp32-vibration-01,1932
10113,1788718311826,esp32-marker-01,1927
10114,1788718313826,esp32-thermal-01,1906
10115,1788718313827,esp32-thermal-01,1907
10116,1788718313827,esp32-thermal-01,1908
10117,1788718313827,esp32-thermal-01,1909
10118,1788718313829,esp32-vibration-01,1933
10119,1788718313830,esp32-vibration-01,1934
10120,1788718313830,esp32-marker-01,1928
10121,1788718313830,esp32-marker-01,1929
10122,1788718313830,esp32-vibration-01,1935
10123,1788718313830,esp32-vibration-01,1936
10124,1788718313830,esp32-marker-01,1930
10125,1788718313830,esp32-marker-01,1931
10126,1788718315827,esp32-thermal-01,1910
10127,1788718315827,esp32-thermal-01,1911
10128,1788718315827,esp32-thermal-01,1912
10129,1788718315827,esp32-thermal-01,1913
10130,1788718315830,esp32-vibration-01,1937
10131,1788718315830,esp32-vibration-01,1938
10132,1788718315831,esp32-marker-01,1932
10133,1788718315831,esp32-marker-01,1933
10134,1788718315831,esp32-vibration-01,1939
10135,1788718315831,esp32-vibration-01,1940
10136,1788718315831,esp32-marker-01,1934
10137,1788718315831,esp32-marker-01,1935
10138,1788718316498,esp32-vibration-01,1941
10139,1788718316498,esp32-vibration-01,1942
10140,1788718316501,esp32-marker-01,1936
10141,1788718316501,esp32-thermal-01,1914
10142,1788718316502,esp32-thermal-01,1915
10143,1788718317830,esp32-thermal-01,1916
10144,1788718317831,esp32-thermal-01,1917
10145,1788718317831,esp32-marker-01,1937
10146,1788718317832,esp32-marker-01,1938
10147,1788718317832,esp32-vibration-01,1943
10148,1788718317832,esp32-vibration-01,1944
10149,1788718317835,esp32-marker-01,1939
10150,1788718319832,esp32-vibration-01,1945
10151,1788718319833,esp32-vibration-01,1946
10152,1788718319833,esp32-marker-01,1940
10153,1788718319833,esp32-marker-01,1941
10154,1788718319833,esp32-thermal-01,1918
10155,1788718319834,esp32-thermal-01,1919
10156,1788718319834,esp32-thermal-01,1920
10157,1788718319835,esp32-thermal-01,1921
10158,1788718319840,esp32-vibration-01,1947
10159,1788718319841,esp32-vibration-01,1948
10160,1788718319841,esp32-marker-01,1942
10161,1788718319841,esp32-marker-01,1943
10162,1788718321370,esp32-thermal-01,1922
10163,1788718321371,esp32-thermal-01,1923
10164,1788718321371,esp32-thermal-01,1924
10165,1788718321373,esp32-marker-01,1944
10166,1788718321374,esp32-marker-01,1945
10167,1788718321376,esp32-vibration-01,1949
10168,1788718321377,esp32-vibration-01,1950
10169,1788718321377,esp32-marker-01,1946
10170,1788718321377,esp32-vibration-01,1951
10171,1788718321498,esp32-vibration-01,1952
10172,1788718321499,esp32-thermal-01,1925
10173,1788718321833,esp32-marker-01,1947
10174,1788718323835,esp32-thermal-01,1926
10175,1788718323835,esp32-thermal-01,1927
10176,1788718323836,esp32-thermal-01,1928
10177,1788718323836,esp32-thermal-01,1929
10178,1788718323841,esp32-vibration-01,1953
10179,1788718323841,esp32-vibration-01,1954
10180,1788718323842,esp32-marker-01,1948
10181,1788718323842,esp32-marker-01,1949
10182,1788718323842,esp32-vibration-01,1955
10183,1788718323842,esp32-vibration-01,1956
10184,1788718323842,esp32-marker-01,1950
10185,1788718323843,esp32-marker-01,1951
10186,1788718325835,esp32-vibration-01,1957
10187,1788718325836,esp32-vibration-01,1958
10188,1788718325837,esp32-thermal-01,1930
10189,1788718325837,esp32-thermal-01,1931
10190,1788718325837,esp32-thermal-01,1932
10191,1788718325837,esp32-thermal-01,1933
10192,1788718325842,esp32-marker-01,1952
10193,1788718325843,esp32-marker-01,1953
10194,1788718325843,esp32-vibration-01,1959
10195,1788718325843,esp32-vibration-01,1960
10196,1788718325843,esp32-marker-01,1954
10197,1788718325844,esp32-marker-01,1955
10198,1788718326500,esp32-thermal-01,1934
10199,1788718326500,esp32-thermal-01,1935
10200,1788718326503,esp32-vibration-01,1961
10201,1788718326504,esp32-vibration-01,1962
10202,1788718326504,esp32-marker-01,1956
10203,1788718327837,esp32-marker-01,1957
10204,1788718327837,esp32-marker-01,1958
10205,1788718327838,esp32-vibration-01,1963
10206,1788718327838,esp32-vibration-01,1964
10207,1788718327838,esp32-thermal-01,1936
10208,1788718327839,esp32-thermal-01,1937
10209,1788718327843,esp32-marker-01,1959
10210,1788718329836,esp32-thermal-01,1938
10211,1788718329837,esp32-thermal-01,1939
10212,1788718329837,esp32-thermal-01,1940
10213,1788718329837,esp32-thermal-01,1941
10214,1788718329839,esp32-vibration-01,1965
10215,1788718329840,esp32-vibration-01,1966
10216,1788718329840,esp32-marker-01,1960
10217,1788718329840,esp32-marker-01,1961
10218,1788718329840,esp32-vibration-01,1967
10219,1788718329841,esp32-vibration-01,1968
10220,1788718329841,esp32-marker-01,1962
10221,1788718329841,esp32-marker-01,1963
10222,1788718331502,esp32-thermal-01,1942
10223,1788718331503,esp32-thermal-01,1943
10224,1788718331503,esp32-thermal-01,1944
10225,1788718331504,esp32-thermal-01,1945
10226,1788718331508,esp32-vibration-01,1969
10227,1788718331508,esp32-vibration-01,1970
10228,1788718331511,esp32-marker-01,1964
10229,1788718331511,esp32-marker-01,1965
10230,1788718331512,esp32-vibration-01,1971
10231,1788718331512,esp32-vibration-01,1972
10232,1788718331512,esp32-marker-01,1966
10233,1788718331837,esp32-marker-01,1967
10234,1788718333841,esp32-thermal-01,1946
10235,1788718333842,esp32-thermal-01,1947
10236,1788718333842,esp32-thermal-01,1948
10237,1788718333842,esp32-thermal-01,1949
10238,1788718333845,esp32-marker-01,1968
10239,1788718333846,esp32-marker-01,1969
10240,1788718333846,esp32-vibration-01,1973
10241,1788718333846,esp32-vibration-01,1974
10242,1788718333847,esp32-marker-01,1970
10243,1788718333847,esp32-marker-01,1971
10244,1788718333847,esp32-vibration-01,1975
10245,1788718333847,esp32-vibration-01,1976
10246,1788718335841,esp32-thermal-01,1950
10247,1788718335842,esp32-thermal-01,1951
10248,1788718335842,esp32-thermal-01,1952
10249,1788718335843,esp32-thermal-01,1953
10250,1788718335848,esp32-vibration-01,1977
10251,1788718335848,esp32-vibration-01,1978
10252,1788718335849,esp32-marker-01,1972
10253,1788718335849,esp32-marker-01,1973
10254,1788718335849,esp32-vibration-01,1979
10255,1788718335849,esp32-vibration-01,1980
10256,1788718335849,esp32-marker-01,1974
10257,1788718335849,esp32-marker-01,1975
10258,1788718336504,esp32-thermal-01,1954
10259,1788718336505,esp32-thermal-01,1955
10260,1788718336509,esp32-vibration-01,1981
10261,1788718336510,esp32-vibration-01,1982
10262,1788718336510,esp32-marker-01,1976
10263,1788718337844,esp32-vibration-01,1983
10264,1788718337845,esp32-vibration-01,1984
10265,1788718337846,esp32-marker-01,1977
10266,1788718337846,esp32-marker-01,1978
10267,1788718337846,esp32-thermal-01,1956
10268,1788718337846,esp32-thermal-01,1957
10269,1788718337847,esp32-marker-01,1979
10270,1788718339847,esp32-thermal-01,1958
10271,1788718339848,esp32-thermal-01,1959
10272,1788718339848,esp32-thermal-01,1960
10273,1788718339849,esp32-thermal-01,1961
10274,1788718339851,esp32-vibration-01,1985
10275,1788718339854,esp32-vibration-01,1986
10276,1788718339855,esp32-marker-01,1980
10277,1788718339855,esp32-marker-01,1981
10278,1788718339855,esp32-vibration-01,1987
10279,1788718339856,esp32-vibration-01,1988
10280,1788718339856,esp32-marker-01,1982
10281,1788718339856,esp32-marker-01,1983
10282,1788718341507,esp32-vibration-01,1989
10283,1788718341508,esp32-vibration-01,1990
10284,1788718341511,esp32-marker-01,1984
10285,1788718341511,esp32-marker-01,1985
10286,1788718341512,esp32-thermal-01,1962
10287,1788718341512,esp32-thermal-01,1963
10288,1788718341512,esp32-thermal-01,1964
10289,1788718341512,esp32-thermal-01,1965
10290,1788718341518,esp32-vibration-01,1991
10291,1788718341518,esp32-vibration-01,1992
10292,1788718341519,esp32-marker-01,1986
10293,1788718341842,esp32-marker-01,1987
10294,1788718343845,esp32-thermal-01,1966
10295,1788718343846,esp32-thermal-01,1967
10296,1788718343846,esp32-thermal-01,1968
10297,1788718343846,esp32-thermal-01,1969
10298,1788718343850,esp32-marker-01,1988
10299,1788718343850,esp32-marker-01,1989
10300,1788718343851,esp32-vibration-01,1993
10301,1788718343851,esp32-vibration-01,1994
10302,1788718343851,esp32-marker-01,1990
10303,1788718343851,esp32-marker-01,1991
10304,1788718343851,esp32-vibration-01,1995
10305,1788718343852,esp32-vibration-01,1996
10306,1788718345851,esp32-vibration-01,1997
10307,1788718345852,esp32-vibration-01,1998
10308,1788718345852,esp32-thermal-01,1970
10309,1788718345852,esp32-thermal-01,1971
10310,1788718345853,esp32-thermal-01,1972
10311,1788718345853,esp32-thermal-01,1973
10312,1788718345857,esp32-marker-01,1992
10313,1788718345857,esp32-marker-01,1993
10314,1788718345857,esp32-vibration-01,1999
10315,1788718345857,esp32-vibration-01,2000
10316,1788718345858,esp32-marker-01,1994
10317,1788718345858,esp32-marker-01,1995
10318,1788718346505,esp32-thermal-01,1974
10319,1788718346505,esp32-thermal-01,1975
10320,1788718346508,esp32-vibration-01,2001
10321,1788718346509,esp32-vibration-01,2002
10322,1788718346509,esp32-marker-01,1996
10323,1788718347851,esp32-marker-01,1997
10324,1788718347851,esp32-marker-01,1998
10325,1788718347852,esp32-vibration-01,2003
10326,1788718347852,esp32-vibration-01,2004
10327,1788718347853,esp32-thermal-01,1976
10328,1788718347853,esp32-thermal-01,1977
10329,1788718347853,esp32-marker-01,1999
10330,1788718349849,esp32-thermal-01,1978
10331,1788718349850,esp32-thermal-01,1979
10332,1788718349850,esp32-thermal-01,1980
10333,1788718349850,esp32-thermal-01,1981
10334,1788718349856,esp32-marker-01,2000
10335,1788718349856,esp32-marker-01,2001
10336,1788718349856,esp32-vibration-01,2005
10337,1788718349857,esp32-vibration-01,2006
10338,1788718349859,esp32-marker-01,2002
10339,1788718349859,esp32-marker-01,2003
10340,1788718349860,esp32-vibration-01,2007
10341,1788718349860,esp32-vibration-01,2008
10342,1788718351374,esp32-thermal-01,1982
10343,1788718351374,esp32-thermal-01,1983
10344,1788718351375,esp32-thermal-01,1984
10345,1788718351377,esp32-vibration-01,2009
10346,1788718351378,esp32-vibration-01,2010
10347,1788718351378,esp32-marker-01,2004
10348,1788718351378,esp32-marker-01,2005
10349,1788718351382,esp32-vibration-01,2011
10350,1788718351382,esp32-marker-01,2006
10351,1788718351508,esp32-vibration-01,2012
10352,1788718351510,esp32-thermal-01,1985
10353,1788718351853,esp32-marker-01,2007
10354,1788718353855,esp32-thermal-01,1986
10355,1788718353856,esp32-thermal-01,1987
10356,1788718353856,esp32-thermal-01,1988
10357,1788718353857,esp32-thermal-01,1989
10358,1788718353860,esp32-marker-01,2008
10359,1788718353861,esp32-marker-01,2009
10360,1788718353861,esp32-vibration-01,2013
10361,1788718353861,esp32-vibration-01,2014
10362,1788718353862,esp32-marker-01,2010
10363,1788718353862,esp32-marker-01,2011
10364,1788718353862,esp32-vibration-01,2015
10365,1788718353862,esp32-vibration-01,2016
10366,1788718355856,esp32-thermal-01,1990
10367,1788718355857,esp32-thermal-01,1991
10368,1788718355857,esp32-thermal-01,1992
10369,1788718355857,esp32-thermal-01,1993
10370,1788718355860,esp32-vibration-01,2017
10371,1788718355861,esp32-vibration-01,2018
10372,1788718355861,esp32-marker-01,2012
10373,1788718355861,esp32-marker-01,2013
10374,1788718355861,esp32-vibration-01,2019
10375,1788718355861,esp32-vibration-01,2020
10376,1788718355861,esp32-marker-01,2014
10377,1788718355861,esp32-marker-01,2015
10378,1788718356507,esp32-vibration-01,2021
10379,1788718356508,esp32-vibration-01,2022
10380,1788718356511,esp32-marker-01,2016
10381,1788718356511,esp32-thermal-01,1994
10382,1788718356512,esp32-thermal-01,1995
10383,1788718357857,esp32-vibration-01,2023
10384,1788718357858,esp32-vibration-01,2024
10385,1788718357858,esp32-thermal-01,1996
10386,1788718357858,esp32-thermal-01,1997
10387,1788718357859,esp32-marker-01,2017
10388,1788718357859,esp32-marker-01,2018
10389,1788718357859,esp32-marker-01,2019
10390,1788718359860,esp32-thermal-01,1998
10391,1788718359861,esp32-thermal-01,1999
10392,1788718359862,esp32-thermal-01,2000
10393,1788718359862,esp32-thermal-01,2001
10394,1788718359865,esp32-marker-01,2020
10395,1788718359866,esp32-marker-01,2021
10396,1788718359866,esp32-vibration-01,2025
10397,1788718359866,esp32-vibration-01,2026
10398,1788718359866,esp32-marker-01,2022
10399,1788718359867,esp32-marker-01,2023
10400,1788718359867,esp32-vibration-01,2027
10401,1788718359867,esp32-vibration-01,2028
10402,1788718361511,esp32-vibration-01,2029
10403,1788718361512,esp32-vibration-01,2030
10404,1788718361514,esp32-thermal-01,2002
10405,1788718361514,esp32-thermal-01,2003
10406,1788718361514,esp32-thermal-01,2004
10407,1788718361514,esp32-thermal-01,2005
10408,1788718361517,esp32-marker-01,2024
10409,1788718361518,esp32-marker-01,2025
10410,1788718361518,esp32-vibration-01,2031
10411,1788718361518,esp32-vibration-01,2032
10412,1788718361518,esp32-marker-01,2026
10413,1788718361858,esp32-marker-01,2027
10414,1788718363860,esp32-thermal-01,2006
10415,1788718363860,esp32-thermal-01,2007
10416,1788718363860,esp32-thermal-01,2008
10417,1788718363861,esp32-thermal-01,2009
10418,1788718363864,esp32-vibration-01,2033
10419,1788718363865,esp32-vibration-01,2034
10420,1788718363865,esp32-vibration-01,2035
10421,1788718363865,esp32-vibration-01,2036
10422,1788718363866,esp32-marker-01,2028
10423,1788718363866,esp32-marker-01,2029
10424,1788718363866,esp32-marker-01,2030
10425,1788718363866,esp32-marker-01,2031
10426,1788718365861,esp32-thermal-01,2010
10427,1788718365861,esp32-thermal-01,2011
10428,1788718365862,esp32-thermal-01,2012
10429,1788718365862,esp32-thermal-01,2013
10430,1788718365865,esp32-marker-01,2032
10431,1788718365866,esp32-marker-01,2033
10432,1788718365866,esp32-vibration-01,2037
10433,1788718365866,esp32-vibration-01,2038
10434,1788718365866,esp32-marker-01,2034
10435,1788718365866,esp32-marker-01,2035
10436,1788718365867,esp32-vibration-01,2039
10437,1788718365867,esp32-vibration-01,2040
10438,1788718366509,esp32-thermal-01,2014
10439,1788718366510,esp32-thermal-01,2015
10440,1788718366513,esp32-marker-01,2036
10441,1788718366514,esp32-vibration-01,2041
10442,1788718366514,esp32-vibration-01,2042
10443,1788718367861,esp32-marker-01,2037
10444,1788718367862,esp32-marker-01,2038
10445,1788718367862,esp32-vibration-01,2043
10446,1788718367862,esp32-vibration-01,2044
10447,1788718367862,esp32-thermal-01,2016
10448,1788718367863,esp32-thermal-01,2017
10449,1788718367863,esp32-marker-01,2039
10450,1788718369865,esp32-thermal-01,2018
10451,1788718369866,esp32-thermal-01,2019
10452,1788718369866,esp32-thermal-01,2020
10453,1788718369866,esp32-thermal-01,2021
10454,1788718369869,esp32-vibration-01,2045
10455,1788718369869,esp32-vibration-01,2046
10456,1788718369869,esp32-marker-01,2040
10457,1788718369870,esp32-marker-01,2041
10458,1788718369870,esp32-vibration-01,2047
10459,1788718369870,esp32-vibration-01,2048
10460,1788718369870,esp32-marker-01,2042
10461,1788718369870,esp32-marker-01,2043
10462,1788718371512,esp32-thermal-01,2022
10463,1788718371513,esp32-thermal-01,2023
10464,1788718371513,esp32-thermal-01,2024
10465,1788718371513,esp32-thermal-01,2025
10466,1788718371517,esp32-vibration-01,2049
10467,1788718371517,esp32-vibration-01,2050
10468,1788718371517,esp32-marker-01,2044
10469,1788718371517,esp32-marker-01,2045
10470,1788718371517,esp32-vibration-01,2051
10471,1788718371518,esp32-vibration-01,2052
10472,1788718371518,esp32-marker-01,2046
10473,1788718371865,esp32-marker-01,2047
10474,1788718373869,esp32-vibration-01,2053
10475,1788718373870,esp32-vibration-01,2054
10476,1788718373870,esp32-thermal-01,2026
10477,1788718373871,esp32-thermal-01,2027
10478,1788718373871,esp32-thermal-01,2028
10479,1788718373871,esp32-thermal-01,2029
10480,1788718373876,esp32-marker-01,2048
10481,1788718373877,esp32-marker-01,2049
10482,1788718373877,esp32-vibration-01,2055
10483,1788718373877,esp32-vibration-01,2056
10484,1788718373878,esp32-marker-01,2050
10485,1788718373878,esp32-marker-01,2051
10486,1788718375872,esp32-vibration-01,2057
10487,1788718375873,esp32-vibration-01,2058
10488,1788718375873,esp32-thermal-01,2030
10489,1788718375873,esp32-thermal-01,2031
10490,1788718375873,esp32-thermal-01,2032
10491,1788718375874,esp32-thermal-01,2033
10492,1788718375878,esp32-marker-01,2052
10493,1788718375879,esp32-marker-01,2053
10494,1788718375879,esp32-vibration-01,2059
10495,1788718375879,esp32-vibration-01,2060
10496,1788718375880,esp32-marker-01,2054
10497,1788718375880,esp32-marker-01,2055
10498,1788718376515,esp32-vibration-01,2061
10499,1788718376515,esp32-vibration-01,2062
10500,1788718376519,esp32-marker-01,2056
10501,1788718376520,esp32-thermal-01,2034
10502,1788718376520,esp32-thermal-01,2035
10503,1788718377870,esp32-vibration-01,2063
10504,1788718377871,esp32-vibration-01,2064
10505,1788718377871,esp32-marker-01,2057
10506,1788718377871,esp32-marker-01,2058
10507,1788718377871,esp32-thermal-01,2036
10508,1788718377871,esp32-thermal-01,2037
10509,1788718377874,esp32-marker-01,2059
10510,1788718379875,esp32-vibration-01,2065
10511,1788718379876,esp32-vibration-01,2066
10512,1788718379877,esp32-thermal-01,2038
10513,1788718379877,esp32-thermal-01,2039
10514,1788718379877,esp32-thermal-01,2040
10515,1788718379877,esp32-thermal-01,2041
10516,1788718379882,esp32-marker-01,2060
10517,1788718379883,esp32-marker-01,2061
10518,1788718379883,esp32-vibration-01,2067
10519,1788718379883,esp32-vibration-01,2068
10520,1788718379884,esp32-marker-01,2062
10521,1788718379884,esp32-marker-01,2063
10522,1788718381377,esp32-thermal-01,2042
10523,1788718381377,esp32-thermal-01,2043
10524,1788718381378,esp32-thermal-01,2044
10525,1788718381381,esp32-marker-01,2064
10526,1788718381382,esp32-marker-01,2065
10527,1788718381382,esp32-vibration-01,2069
10528,1788718381382,esp32-vibration-01,2070
10529,1788718381386,esp32-marker-01,2066
10530,1788718381386,esp32-vibration-01,2071
10531,1788718381517,esp32-vibration-01,2072
10532,1788718381518,esp32-thermal-01,2045
10533,1788718381872,esp32-marker-01,2067
10534,1788718383874,esp32-thermal-01,2046
10535,1788718383875,esp32-thermal-01,2047
10536,1788718383875,esp32-thermal-01,2048
10537,1788718383875,esp32-thermal-01,2049
10538,1788718383880,esp32-marker-01,2068
10539,1788718383881,esp32-marker-01,2069
10540,1788718383881,esp32-vibration-01,2073
10541,1788718383881,esp32-vibration-01,2074
10542,1788718383881,esp32-marker-01,2070
10543,1788718383882,esp32-marker-01,2071
10544,1788718383887,esp32-vibration-01,2075
10545,1788718383888,esp32-vibration-01,2076
10546,1788718385874,esp32-thermal-01,2050
10547,1788718385875,esp32-thermal-01,2051
10548,1788718385875,esp32-thermal-01,2052
10549,1788718385875,esp32-thermal-01,2053
10550,1788718385879,esp32-vibration-01,2077
10551,1788718385879,esp32-vibration-01,2078
10552,1788718385879,esp32-marker-01,2072
10553,1788718385880,esp32-marker-01,2073
10554,1788718385880,esp32-vibration-01,2079
10555,1788718385880,esp32-marker-01,2074
10556,1788718385880,esp32-marker-01,2075
10557,1788718385880,esp32-vibration-01,2080
10558,1788718386515,esp32-vibration-01,2081
10559,1788718386515,esp32-vibration-01,2082
10560,1788718386517,esp32-thermal-01,2054
10561,1788718386518,esp32-thermal-01,2055
10562,1788718386518,esp32-marker-01,2076
10563,1788718387877,esp32-marker-01,2077
10564,1788718387878,esp32-marker-01,2078
10565,1788718387879,esp32-vibration-01,2083
10566,1788718387879,esp32-vibration-01,2084
10567,1788718387882,esp32-thermal-01,2056
10568,1788718387882,esp32-thermal-01,2057
10569,1788718387882,esp32-marker-01,2079
10570,1788718389881,esp32-thermal-01,2058
10571,1788718389882,esp32-thermal-01,2059
10572,1788718389882,esp32-thermal-01,2060
10573,1788718389882,esp32-thermal-01,2061
10574,1788718389888,esp32-marker-01,2080
10575,1788718389888,esp32-marker-01,2081
10576,1788718389889,esp32-vibration-01,2085
10577,1788718389889,esp32-vibration-01,2086
10578,1788718389889,esp32-marker-01,2082
10579,1788718389889,esp32-marker-01,2083
10580,1788718389890,esp32-vibration-01,2087
10581,1788718389890,esp32-vibration-01,2088
10582,1788718391517,esp32-thermal-01,2062
10583,1788718391518,esp32-thermal-01,2063
10584,1788718391518,esp32-thermal-01,2064
10585,1788718391518,esp32-thermal-01,2065
10586,1788718391522,esp32-marker-01,2084
10587,1788718391523,esp32-marker-01,2085
10588,1788718391523,esp32-vibration-01,2089
10589,1788718391523,esp32-vibration-01,2090
10590,1788718391524,esp32-marker-01,2086
10591,1788718391527,esp32-vibration-01,2091
10592,1788718391527,esp32-vibration-01,2092
10593,1788718391879,esp32-marker-01,2087
10594,1788718393882,esp32-thermal-01,2066
10595,1788718393882,esp32-thermal-01,2067
10596,1788718393882,esp32-thermal-01,2068
10597,1788718393883,esp32-thermal-01,2069
10598,1788718393888,esp32-vibration-01,2093
10599,1788718393888,esp32-vibration-01,2094
10600,1788718393889,esp32-marker-01,2088
10601,1788718393889,esp32-marker-01,2089
10602,1788718393889,esp32-vibration-01,2095
10603,1788718393890,esp32-vibration-01,2096
10604,1788718393890,esp32-marker-01,2090
10605,1788718393890,esp32-marker-01,2091
10606,1788718395885,esp32-thermal-01,2070
10607,1788718395887,esp32-thermal-01,2071
10608,1788718395887,esp32-thermal-01,2072
10609,1788718395887,esp32-thermal-01,2073
10610,1788718395891,esp32-vibration-01,2097
10611,1788718395891,esp32-vibration-01,2098
10612,1788718395892,esp32-marker-01,2092
10613,1788718395892,esp32-marker-01,2093
10614,1788718395893,esp32-vibration-01,2099
10615,1788718395893,esp32-vibration-01,2100
10616,1788718395893,esp32-marker-01,2094
10617,1788718395893,esp32-marker-01,2095
10618,1788718396516,esp32-thermal-01,2074
10619,1788718396518,esp32-thermal-01,2075
10620,1788718396522,esp32-marker-01,2096
10621,1788718396523,esp32-vibration-01,2101
10622,1788718396523,esp32-vibration-01,2102
10623,1788718397883,esp32-vibration-01,2103
10624,1788718397884,esp32-vibration-01,2104
10625,1788718397884,esp32-marker-01,2097
10626,1788718397885,esp32-marker-01,2098
10627,1788718397889,esp32-thermal-01,2076
10628,1788718397889,esp32-thermal-01,2077
10629,1788718397890,esp32-marker-01,2099
10630,1788718399886,esp32-thermal-01,2078
10631,1788718399886,esp32-thermal-01,2079
10632,1788718399887,esp32-thermal-01,2080
10633,1788718399887,esp32-thermal-01,2081
10634,1788718399892,esp32-vibration-01,2105
10635,1788718399893,esp32-vibration-01,2106
10636,1788718399893,esp32-marker-01,2100
10637,1788718399893,esp32-marker-01,2101
10638,1788718399893,esp32-vibration-01,2107
10639,1788718399894,esp32-vibration-01,2108
10640,1788718399894,esp32-marker-01,2102
10641,1788718399894,esp32-marker-01,2103
10642,1788718401517,esp32-thermal-01,2082
10643,1788718401517,esp32-thermal-01,2083
10644,1788718401518,esp32-thermal-01,2084
10645,1788718401518,esp32-thermal-01,2085
10646,1788718401521,esp32-vibration-01,2109
10647,1788718401521,esp32-vibration-01,2110
10648,1788718401521,esp32-marker-01,2104
10649,1788718401521,esp32-marker-01,2105
10650,1788718401524,esp32-vibration-01,2111
10651,1788718401524,esp32-vibration-01,2112
10652,1788718401524,esp32-marker-01,2106
10653,1788718401884,esp32-marker-01,2107
10654,1788718403888,esp32-thermal-01,2086
10655,1788718403889,esp32-thermal-01,2087
10656,1788718403889,esp32-thermal-01,2088
10657,1788718403890,esp32-thermal-01,2089
10658,1788718403894,esp32-marker-01,2108
10659,1788718403894,esp32-marker-01,2109
10660,1788718403895,esp32-vibration-01,2113
10661,1788718403895,esp32-vibration-01,2114
10662,1788718403896,esp32-marker-01,2110
10663,1788718403896,esp32-marker-01,2111
10664,1788718403896,esp32-vibration-01,2115
10665,1788718403896,esp32-vibration-01,2116
10666,1788718405889,esp32-vibration-01,2117
10667,1788718405890,esp32-vibration-01,2118
10668,1788718405890,esp32-thermal-01,2090
10669,1788718405891,esp32-thermal-01,2091
10670,1788718405891,esp32-thermal-01,2092
10671,1788718405891,esp32-thermal-01,2093
10672,1788718405892,esp32-marker-01,2112
10673,1788718405892,esp32-marker-01,2113
10674,1788718405897,esp32-vibration-01,2119
10675,1788718405898,esp32-vibration-01,2120
10676,1788718405898,esp32-marker-01,2114
10677,1788718405898,esp32-marker-01,2115
10678,1788718406519,esp32-vibration-01,2121
10679,1788718406520,esp32-vibration-01,2122
10680,1788718406522,esp32-thermal-01,2094
10681,1788718406523,esp32-thermal-01,2095
10682,1788718406523,esp32-marker-01,2116
10683,1788718407889,esp32-marker-01,2117
10684,1788718407889,esp32-marker-01,2118
10685,1788718407890,esp32-thermal-01,2096
10686,1788718407890,esp32-thermal-01,2097
10687,1788718407890,esp32-vibration-01,2123
10688,1788718407891,esp32-vibration-01,2124
10689,1788718407896,esp32-marker-01,2119
10690,1788718409889,esp32-thermal-01,2098
10691,1788718409890,esp32-thermal-01,2099
10692,1788718409890,esp32-thermal-01,2100
10693,1788718409891,esp32-thermal-01,2101
10694,1788718409895,esp32-marker-01,2120
10695,1788718409895,esp32-marker-01,2121
10696,1788718409896,esp32-vibration-01,2125
10697,1788718409896,esp32-vibration-01,2126
10698,1788718409896,esp32-marker-01,2122
10699,1788718409896,esp32-marker-01,2123
10700,1788718409896,esp32-vibration-01,2127
10701,1788718409896,esp32-vibration-01,2128
10702,1788718411381,esp32-vibration-01,2129
10703,1788718411382,esp32-vibration-01,2130
10704,1788718411382,esp32-vibration-01,2131
10705,1788718411384,esp32-marker-01,2124
10706,1788718411384,esp32-marker-01,2125
10707,1788718411384,esp32-thermal-01,2102
10708,1788718411384,esp32-thermal-01,2103
10709,1788718411385,esp32-thermal-01,2104
10710,1788718411388,esp32-marker-01,2126
10711,1788718411520,esp32-vibration-01,2132
10712,1788718411521,esp32-thermal-01,2105
10713,1788718411890,esp32-marker-01,2127
10714,1788718413891,esp32-thermal-01,2106
10715,1788718413891,esp32-thermal-01,2107
10716,1788718413892,esp32-thermal-01,2108
10717,1788718413893,esp32-thermal-01,2109
10718,1788718413896,esp32-vibration-01,2133
10719,1788718413896,esp32-vibration-01,2134
10720,1788718413897,esp32-vibration-01,2135
10721,1788718413897,esp32-marker-01,2128
10722,1788718413897,esp32-marker-01,2129
10723,1788718413897,esp32-vibration-01,2136
10724,1788718413897,esp32-marker-01,2130
10725,1788718413898,esp32-marker-01,2131
10726,1788718415892,esp32-thermal-01,2110
10727,1788718415892,esp32-marker-01,2132
10728,1788718415892,esp32-marker-01,2133
10729,1788718415895,esp32-vibration-01,2137
10730,1788718415895,esp32-vibration-01,2138
10731,1788718415895,esp32-vibration-01,2139
10732,1788718415896,esp32-thermal-01,2111
10733,1788718415896,esp32-thermal-01,2112
10734,1788718415896,esp32-thermal-01,2113
10735,1788718415900,esp32-marker-01,2134
10736,1788718415900,esp32-marker-01,2135
10737,1788718415900,esp32-vibration-01,2140
10738,1788718416522,esp32-vibration-01,2141
10739,1788718416523,esp32-vibration-01,2142
10740,1788718416524,esp32-thermal-01,2114
10741,1788718416524,esp32-thermal-01,2115
10742,1788718416525,esp32-marker-01,2136
10743,1788718417893,esp32-thermal-01,2116
10744,1788718417895,esp32-thermal-01,2117
10745,1788718417895,esp32-vibration-01,2143
10746,1788718417895,esp32-vibration-01,2144
10747,1788718417899,esp32-marker-01,2137
10748,1788718417900,esp32-marker-01,2138
10749,1788718417900,esp32-marker-01,2139
10750,1788718419897,esp32-thermal-01,2118
10751,1788718419898,esp32-thermal-01,2119
10752,1788718419899,esp32-thermal-01,2120
10753,1788718419899,esp32-thermal-01,2121
10754,1788718419903,esp32-vibration-01,2145
10755,1788718419903,esp32-vibration-01,2146
10756,1788718419904,esp32-vibration-01,2147
10757,1788718419904,esp32-marker-01,2140
10758,1788718419904,esp32-marker-01,2141
10759,1788718419904,esp32-vibration-01,2148
10760,1788718419905,esp32-marker-01,2142
10761,1788718419905,esp32-marker-01,2143
10762,1788718421522,esp32-thermal-01,2122
10763,1788718421523,esp32-thermal-01,2123
10764,1788718421523,esp32-thermal-01,2124
10765,1788718421524,esp32-thermal-01,2125
10766,1788718421528,esp32-vibration-01,2149
10767,1788718421529,esp32-vibration-01,2150
10768,1788718421529,esp32-vibration-01,2151
10769,1788718421530,esp32-marker-01,2144
10770,1788718421530,esp32-marker-01,2145
10771,1788718421530,esp32-vibration-01,2152
10772,1788718421531,esp32-marker-01,2146
10773,1788718421892,esp32-marker-01,2147
10774,1788718423893,esp32-vibration-01,2153
10775,1788718423894,esp32-vibration-01,2154
10776,1788718423894,esp32-vibration-01,2155
10777,1788718423897,esp32-thermal-01,2126
10778,1788718423898,esp32-thermal-01,2127
10779,1788718423898,esp32-thermal-01,2128
10780,1788718423898,esp32-thermal-01,2129
10781,1788718423901,esp32-marker-01,2148
10782,1788718423901,esp32-marker-01,2149
10783,1788718423902,esp32-vibration-01,2156
10784,1788718423903,esp32-marker-01,2150
10785,1788718423904,esp32-marker-01,2151
10786,1788718425896,esp32-thermal-01,2130
10787,1788718425898,esp32-thermal-01,2131
10788,1788718425898,esp32-thermal-01,2132
10789,1788718425899,esp32-thermal-01,2133
10790,1788718425902,esp32-vibration-01,2157
10791,1788718425903,esp32-vibration-01,2158
10792,1788718425903,esp32-vibration-01,2159
10793,1788718425903,esp32-marker-01,2152
10794,1788718425904,esp32-marker-01,2153
10795,1788718425904,esp32-vibration-01,2160
10796,1788718425908,esp32-marker-01,2154
10797,1788718425908,esp32-marker-01,2155
10798,1788718426525,esp32-vibration-01,2161
10799,1788718426526,esp32-vibration-01,2162
10800,1788718426529,esp32-thermal-01,2134
10801,1788718426530,esp32-thermal-01,2135
10802,1788718426531,esp32-marker-01,2156
10803,1788718427898,esp32-marker-01,2157
10804,1788718427899,esp32-marker-01,2158
10805,1788718427899,esp32-thermal-01,2136
10806,1788718427899,esp32-thermal-01,2137
10807,1788718427900,esp32-vibration-01,2163
10808,1788718427900,esp32-vibration-01,2164
10809,1788718427907,esp32-marker-01,2159
10810,1788718429895,esp32-thermal-01,2138
10811,1788718429895,esp32-thermal-01,2139
10812,1788718429896,esp32-thermal-01,2140
10813,1788718429896,esp32-thermal-01,2141
10814,1788718429902,esp32-vibration-01,2165
10815,1788718429903,esp32-vibration-01,2166
10816,1788718429903,esp32-vibration-01,2167
10817,1788718429904,esp32-marker-01,2160
10818,1788718429905,esp32-marker-01,2161
10819,1788718429905,esp32-vibration-01,2168
10820,1788718429906,esp32-marker-01,2162
10821,1788718429906,esp32-marker-01,2163
10822,1788718431524,esp32-thermal-01,2142
10823,1788718431525,esp32-thermal-01,2143
10824,1788718431525,esp32-thermal-01,2144
10825,1788718431526,esp32-thermal-01,2145
10826,1788718431531,esp32-vibration-01,2169
10827,1788718431532,esp32-vibration-01,2170
10828,1788718431532,esp32-vibration-01,2171
10829,1788718431533,esp32-marker-01,2164
10830,1788718431534,esp32-marker-01,2165
10831,1788718431534,esp32-vibration-01,2172
10832,1788718431534,esp32-marker-01,2166
10833,1788718431894,esp32-marker-01,2167
10834,1788718433897,esp32-thermal-01,2146
10835,1788718433898,esp32-thermal-01,2147
10836,1788718433899,esp32-thermal-01,2148
10837,1788718433899,esp32-thermal-01,2149
10838,1788718433903,esp32-vibration-01,2173
10839,1788718433904,esp32-vibration-01,2174
10840,1788718433905,esp32-vibration-01,2175
10841,1788718433906,esp32-marker-01,2168
10842,1788718433906,esp32-marker-01,2169
10843,1788718433907,esp32-vibration-01,2176
10844,1788718433907,esp32-marker-01,2170
10845,1788718433907,esp32-marker-01,2171
10846,1788718435897,esp32-thermal-01,2150
10847,1788718435898,esp32-thermal-01,2151
10848,1788718435898,esp32-thermal-01,2152
10849,1788718435898,esp32-thermal-01,2153
10850,1788718435903,esp32-vibration-01,2177
10851,1788718435903,esp32-vibration-01,2178
10852,1788718435903,esp32-vibration-01,2179
10853,1788718435904,esp32-marker-01,2172
10854,1788718435904,esp32-marker-01,2173
10855,1788718435905,esp32-vibration-01,2180
10856,1788718435906,esp32-marker-01,2174
10857,1788718435906,esp32-marker-01,2175
10858,1788718436524,esp32-vibration-01,2181
10859,1788718436525,esp32-vibration-01,2182
10860,1788718436528,esp32-marker-01,2176
10861,1788718436529,esp32-thermal-01,2154
10862,1788718436529,esp32-thermal-01,2155
10863,1788718437895,esp32-marker-01,2177
10864,1788718437896,esp32-marker-01,2178
10865,1788718437899,esp32-vibration-01,2183
10866,1788718437899,esp32-vibration-01,2184
10867,1788718437899,esp32-thermal-01,2156
10868,1788718437899,esp32-thermal-01,2157
10869,1788718437899,esp32-marker-01,2179
10870,1788718439897,esp32-thermal-01,2158
10871,1788718439898,esp32-thermal-01,2159
10872,1788718439898,esp32-thermal-01,2160
10873,1788718439899,esp32-thermal-01,2161
10874,1788718439905,esp32-vibration-01,2185
10875,1788718439905,esp32-vibration-01,2186
10876,1788718439906,esp32-vibration-01,2187
10877,1788718439906,esp32-marker-01,2180
10878,1788718439907,esp32-marker-01,2181
10879,1788718439907,esp32-vibration-01,2188
10880,1788718439908,esp32-marker-01,2182
10881,1788718439908,esp32-marker-01,2183
10882,1788718441383,esp32-vibration-01,2189
10883,1788718441384,esp32-vibration-01,2190
10884,1788718441384,esp32-vibration-01,2191
10885,1788718441387,esp32-marker-01,2184
10886,1788718441388,esp32-marker-01,2185
10887,1788718441388,esp32-thermal-01,2162
10888,1788718441388,esp32-thermal-01,2163
10889,1788718441388,esp32-thermal-01,2164
10890,1788718441393,esp32-marker-01,2186
10891,1788718441527,esp32-vibration-01,2192
10892,1788718441529,esp32-thermal-01,2165
10893,1788718441898,esp32-marker-01,2187
10894,1788718443901,esp32-vibration-01,2193
10895,1788718443902,esp32-vibration-01,2194
10896,1788718443902,esp32-vibration-01,2195
10897,1788718443903,esp32-thermal-01,2166
10898,1788718443903,esp32-thermal-01,2167
10899,1788718443904,esp32-thermal-01,2168
10900,1788718443904,esp32-thermal-01,2169
10901,1788718443904,esp32-marker-01,2188
10902,1788718443904,esp32-marker-01,2189
10903,1788718443904,esp32-vibration-01,2196
10904,1788718443904,esp32-marker-01,2190
10905,1788718443905,esp32-marker-01,2191
10906,1788718445902,esp32-thermal-01,2170
10907,1788718445903,esp32-thermal-01,2171
10908,1788718445903,esp32-thermal-01,2172
10909,1788718445904,esp32-thermal-01,2173
10910,1788718445907,esp32-marker-01,2192
10911,1788718445908,esp32-marker-01,2193
10912,1788718445908,esp32-vibration-01,2197
10913,1788718445909,esp32-vibration-01,2198
10914,1788718445909,esp32-vibration-01,2199
10915,1788718445909,esp32-marker-01,2194
10916,1788718445910,esp32-marker-01,2195
10917,1788718445910,esp32-vibration-01,2200
10918,1788718446527,esp32-vibration-01,2201
10919,1788718446528,esp32-vibration-01,2202
10920,1788718446532,esp32-thermal-01,2174
10921,1788718446532,esp32-thermal-01,2175
10922,1788718446533,esp32-marker-01,2196
10923,1788718447903,esp32-vibration-01,2203
10924,1788718447903,esp32-vibration-01,2204
10925,1788718447904,esp32-thermal-01,2176
10926,1788718447904,esp32-thermal-01,2177
10927,1788718447905,esp32-marker-01,2197
10928,1788718447908,esp32-marker-01,2198
10929,1788718447908,esp32-marker-01,2199
10930,1788718449905,esp32-thermal-01,2178
10931,1788718449905,esp32-thermal-01,2179
10932,1788718449905,esp32-thermal-01,2180
10933,1788718449906,esp32-thermal-01,2181
10934,1788718449910,esp32-vibration-01,2205
10935,1788718449911,esp32-vibration-01,2206
10936,1788718449911,esp32-vibration-01,2207
10937,1788718449912,esp32-marker-01,2200
10938,1788718449912,esp32-marker-01,2201
10939,1788718449912,esp32-vibration-01,2208
10940,1788718449912,esp32-marker-01,2202
10941,1788718449912,esp32-marker-01,2203
10942,1788718451528,esp32-vibration-01,2209
10943,1788718451528,esp32-vibration-01,2210
10944,1788718451529,esp32-vibration-01,2211
10945,1788718451533,esp32-thermal-01,2182
10946,1788718451533,esp32-thermal-01,2183
10947,1788718451534,esp32-thermal-01,2184
10948,1788718451534,esp32-thermal-01,2185
10949,1788718451537,esp32-marker-01,2204
10950,1788718451537,esp32-marker-01,2205
10951,1788718451537,esp32-vibration-01,2212
10952,1788718451538,esp32-marker-01,2206
10953,1788718451902,esp32-marker-01,2207
10954,1788718453905,esp32-vibration-01,2213
10955,1788718453906,esp32-vibration-01,2214
10956,1788718453906,esp32-vibration-01,2215
10957,1788718453908,esp32-thermal-01,2186
10958,1788718453909,esp32-thermal-01,2187
10959,1788718453909,esp32-thermal-01,2188
10960,1788718453909,esp32-thermal-01,2189
10961,1788718453910,esp32-marker-01,2208
10962,1788718453910,esp32-marker-01,2209
10963,1788718453910,esp32-vibration-01,2216
10964,1788718453910,esp32-marker-01,2210
10965,1788718453911,esp32-marker-01,2211
10966,1788718453918,esp32-vibration-01,2217
10967,1788718455907,esp32-thermal-01,2190
10968,1788718455908,esp32-thermal-01,2191
10969,1788718455908,esp32-thermal-01,2192
10970,1788718455909,esp32-thermal-01,2193
10971,1788718455911,esp32-marker-01,2212
10972,1788718455911,esp32-marker-01,2213
10973,1788718455912,esp32-vibration-01,2218
10974,1788718455912,esp32-vibration-01,2219
10975,1788718455912,esp32-marker-01,2214
10976,1788718455913,esp32-marker-01,2215
10977,1788718455913,esp32-vibration-01,2220
10978,1788718455917,esp32-vibration-01,2221
10979,1788718456529,esp32-thermal-01,2194
10980,1788718456530,esp32-thermal-01,2195
10981,1788718456532,esp32-vibration-01,2222
10982,1788718456532,esp32-marker-01,2216
10983,1788718457906,esp32-thermal-01,2196
10984,1788718457907,esp32-thermal-01,2197
10985,1788718457907,esp32-vibration-01,2223
10986,1788718457908,esp32-vibration-01,2224
10987,1788718457908,esp32-marker-01,2217
10988,1788718457908,esp32-marker-01,2218
10989,1788718457909,esp32-marker-01,2219
10990,1788718457913,esp32-vibration-01,2225
10991,1788718459907,esp32-thermal-01,2198
10992,1788718459908,esp32-thermal-01,2199
10993,1788718459908,esp32-thermal-01,2200
10994,1788718459908,esp32-thermal-01,2201
10995,1788718459910,esp32-marker-01,2220
10996,1788718459910,esp32-marker-01,2221
10997,1788718459910,esp32-vibration-01,2226
10998,1788718459911,esp32-vibration-01,2227
10999,1788718459911,esp32-marker-01,2222
11000,1788718459911,esp32-marker-01,2223
11001,1788718459911,esp32-vibration-01,2228
11002,1788718459913,esp32-vibration-01,2229
11003,1788718461531,esp32-thermal-01,2202
11004,1788718461531,esp32-thermal-01,2203
11005,1788718461531,esp32-thermal-01,2204
11006,1788718461532,esp32-thermal-01,2205
11007,1788718461535,esp32-vibration-01,2230
11008,1788718461536,esp32-vibration-01,2231
11009,1788718461536,esp32-marker-01,2224
11010,1788718461536,esp32-marker-01,2225
11011,1788718461537,esp32-vibration-01,2232
11012,1788718461537,esp32-marker-01,2226
11013,1788718461905,esp32-marker-01,2227
11014,1788718463910,esp32-vibration-01,2233
11015,1788718463912,esp32-vibration-01,2234
11016,1788718463912,esp32-vibration-01,2235
11017,1788718463913,esp32-thermal-01,2206
11018,1788718463913,esp32-thermal-01,2207
11019,1788718463913,esp32-thermal-01,2208
11020,1788718463913,esp32-thermal-01,2209
11021,1788718463914,esp32-marker-01,2228
11022,1788718463914,esp32-marker-01,2229
11023,1788718463914,esp32-vibration-01,2236
11024,1788718463921,esp32-marker-01,2230
11025,1788718463921,esp32-marker-01,2231
11026,1788718463922,esp32-vibration-01,2237
11027,1788718465909,esp32-thermal-01,2210
11028,1788718465909,esp32-thermal-01,2211
11029,1788718465909,esp32-thermal-01,2212
11030,1788718465909,esp32-thermal-01,2213
11031,1788718465912,esp32-vibration-01,2238
11032,1788718465912,esp32-vibration-01,2239
11033,1788718465912,esp32-marker-01,2232
11034,1788718465913,esp32-marker-01,2233
11035,1788718465913,esp32-vibration-01,2240
11036,1788718465913,esp32-marker-01,2234
11037,1788718465913,esp32-marker-01,2235
11038,1788718465916,esp32-vibration-01,2241
11039,1788718466531,esp32-thermal-01,2214
11040,1788718466532,esp32-thermal-01,2215
11041,1788718466536,esp32-marker-01,2236
11042,1788718466536,esp32-vibration-01,2242
11043,1788718467911,esp32-marker-01,2237
11044,1788718467911,esp32-marker-01,2238
11045,1788718467912,esp32-vibration-01,2243
11046,1788718467912,esp32-vibration-01,2244
11047,1788718467912,esp32-thermal-01,2216
11048,1788718467913,esp32-thermal-01,2217
11049,1788718467913,esp32-marker-01,2239
11050,1788718467919,esp32-vibration-01,2245
11051,1788718469913,esp32-thermal-01,2218
11052,1788718469914,esp32-thermal-01,2219
11053,1788718469914,esp32-thermal-01,2220
11054,1788718469914,esp32-thermal-01,2221
11055,1788718469919,esp32-vibration-01,2246
11056,1788718469919,esp32-vibration-01,2247
11057,1788718469920,esp32-marker-01,2240
11058,1788718469920,esp32-marker-01,2241
11059,1788718469920,esp32-vibration-01,2248
11060,1788718469920,esp32-vibration-01,2249
11061,1788718469920,esp32-marker-01,2242
11062,1788718469921,esp32-marker-01,2243
11063,1788718471388,esp32-thermal-01,2222
11064,1788718471388,esp32-thermal-01,2223
11065,1788718471389,esp32-thermal-01,2224
11066,1788718471392,esp32-marker-01,2244
11067,1788718471393,esp32-marker-01,2245
11068,1788718471393,esp32-vibration-01,2250
11069,1788718471393,esp32-vibration-01,2251
11070,1788718471393,esp32-marker-01,2246
11071,1788718471532,esp32-vibration-01,2252
11072,1788718471534,esp32-thermal-01,2225
11073,1788718471912,esp32-marker-01,2247
11074,1788718471916,esp32-vibration-01,2253
11075,1788718473914,esp32-thermal-01,2226
11076,1788718473915,esp32-thermal-01,2227
11077,1788718473915,esp32-thermal-01,2228
11078,1788718473916,esp32-thermal-01,2229
11079,1788718473919,esp32-vibration-01,2254
11080,1788718473920,esp32-vibration-01,2255
11081,1788718473920,esp32-marker-01,2248
11082,1788718473921,esp32-marker-01,2249
11083,1788718473921,esp32-vibration-01,2256
11084,1788718473921,esp32-vibration-01,2257
11085,1788718473921,esp32-marker-01,2250
11086,1788718473921,esp32-marker-01,2251
11087,1788718475909,esp32-thermal-01,2230
11088,1788718475909,esp32-thermal-01,2231
11089,1788718475909,esp32-thermal-01,2232
11090,1788718475909,esp32-thermal-01,2233
11091,1788718475912,esp32-marker-01,2252
11092,1788718475912,esp32-marker-01,2253
11093,1788718475912,esp32-vibration-01,2258
11094,1788718475912,esp32-vibration-01,2259
11095,1788718475912,esp32-marker-01,2254
11096,1788718475912,esp32-marker-01,2255
11097,1788718475915,esp32-vibration-01,2260
11098,1788718476533,esp32-vibration-01,2261
11099,1788718476534,esp32-vibration-01,2262
11100,1788718476537,esp32-marker-01,2256
11101,1788718476537,esp32-thermal-01,2234
11102,1788718476537,esp32-thermal-01,2235
11103,1788718477913,esp32-vibration-01,2263
11104,1788718477913,esp32-vibration-01,2264
11105,1788718477913,esp32-thermal-01,2236
11106,1788718477914,esp32-thermal-01,2237
11107,1788718477914,esp32-marker-01,2257
11108,1788718477914,esp32-marker-01,2258
11109,1788718477914,esp32-vibration-01,2265
11110,1788718477920,esp32-marker-01,2259
11111,1788718479915,esp32-thermal-01,2238
11112,1788718479915,esp32-thermal-01,2239
11113,1788718479916,esp32-thermal-01,2240
11114,1788718479916,esp32-thermal-01,2241
11115,1788718479920,esp32-marker-01,2260
11116,1788718479920,esp32-marker-01,2261
11117,1788718479920,esp32-vibration-01,2266
11118,1788718479921,esp32-vibration-01,2267
11119,1788718479921,esp32-marker-01,2262
11120,1788718479921,esp32-marker-01,2263
11121,1788718479921,esp32-vibration-01,2268
11122,1788718479921,esp32-vibration-01,2269
11123,1788718481535,esp32-thermal-01,2242
11124,1788718481536,esp32-thermal-01,2243
11125,1788718481536,esp32-thermal-01,2244
11126,1788718481537,esp32-thermal-01,2245
11127,1788718481542,esp32-marker-01,2264
11128,1788718481543,esp32-marker-01,2265
11129,1788718481543,esp32-vibration-01,2270
11130,1788718481544,esp32-vibration-01,2271
11131,1788718481546,esp32-marker-01,2266
11132,1788718481546,esp32-vibration-01,2272
11133,1788718481913,esp32-marker-01,2267
11134,1788718481913,esp32-vibration-01,2273
11135,1788718483916,esp32-thermal-01,2246
11136,1788718483916,esp32-thermal-01,2247
11137,1788718483916,esp32-thermal-01,2248
11138,1788718483917,esp32-thermal-01,2249
11139,1788718483921,esp32-marker-01,2268
11140,1788718483921,esp32-marker-01,2269
11141,1788718483922,esp32-vibration-01,2274
11142,1788718483922,esp32-vibration-01,2275
11143,1788718483922,esp32-marker-01,2270
11144,1788718483922,esp32-marker-01,2271
11145,1788718483923,esp32-vibration-01,2276
11146,1788718483923,esp32-vibration-01,2277
11147,1788718485913,esp32-thermal-01,2250
11148,1788718485913,esp32-thermal-01,2251
11149,1788718485913,esp32-thermal-01,2252
11150,1788718485913,esp32-thermal-01,2253
11151,1788718485916,esp32-marker-01,2272
11152,1788718485916,esp32-marker-01,2273
11153,1788718485916,esp32-vibration-01,2278
11154,1788718485916,esp32-vibration-01,2279
11155,1788718485917,esp32-marker-01,2274
11156,1788718485917,esp32-marker-01,2275
11157,1788718485917,esp32-vibration-01,2280
11158,1788718485917,esp32-vibration-01,2281
11159,1788718486534,esp32-thermal-01,2254
11160,1788718486534,esp32-thermal-01,2255
11161,1788718486538,esp32-vibration-01,2282
11162,1788718486538,esp32-marker-01,2276
11163,1788718487918,esp32-vibration-01,2283
11164,1788718487919,esp32-vibration-01,2284
11165,1788718487920,esp32-marker-01,2277
11166,1788718487920,esp32-marker-01,2278
11167,1788718487920,esp32-thermal-01,2256
11168,1788718487921,esp32-thermal-01,2257
11169,1788718487928,esp32-vibration-01,2285
11170,1788718487928,esp32-marker-01,2279
11171,1788718489917,esp32-thermal-01,2258
11172,1788718489918,esp32-thermal-01,2259
11173,1788718489918,esp32-thermal-01,2260
11174,1788718489918,esp32-thermal-01,2261
11175,1788718489923,esp32-vibration-01,2286
11176,1788718489924,esp32-vibration-01,2287
11177,1788718489924,esp32-marker-01,2280
11178,1788718489925,esp32-marker-01,2281
11179,1788718489925,esp32-vibration-01,2288
11180,1788718489925,esp32-vibration-01,2289
11181,1788718489925,esp32-marker-01,2282
11182,1788718489926,esp32-marker-01,2283
11183,1788718491536,esp32-thermal-01,2262
11184,1788718491537,esp32-thermal-01,2263
11185,1788718491538,esp32-thermal-01,2264
11186,1788718491538,esp32-thermal-01,2265
11187,1788718491543,esp32-marker-01,2284
11188,1788718491543,esp32-marker-01,2285
11189,1788718491544,esp32-vibration-01,2290
11190,1788718491544,esp32-vibration-01,2291
11191,1788718491548,esp32-marker-01,2286
11192,1788718491548,esp32-vibration-01,2292
11193,1788718491917,esp32-marker-01,2287
11194,1788718491917,esp32-vibration-01,2293
11195,1788718493920,esp32-thermal-01,2266
11196,1788718493920,esp32-thermal-01,2267
11197,1788718493921,esp32-thermal-01,2268
11198,1788718493921,esp32-thermal-01,2269
11199,1788718493927,esp32-marker-01,2288
11200,1788718493927,esp32-marker-01,2289
11201,1788718493928,esp32-vibration-01,2294
11202,1788718493928,esp32-vibration-01,2295
11203,1788718493928,esp32-marker-01,2290
11204,1788718493928,esp32-marker-01,2291
11205,1788718493929,esp32-vibration-01,2296
11206,1788718493929,esp32-vibration-01,2297
11207,1788718495919,esp32-thermal-01,2270
11208,1788718495919,esp32-thermal-01,2271
11209,1788718495919,esp32-thermal-01,2272
11210,1788718495919,esp32-thermal-01,2273
11211,1788718495922,esp32-vibration-01,2298
11212,1788718495922,esp32-vibration-01,2299
11213,1788718495923,esp32-marker-01,2292
11214,1788718495923,esp32-marker-01,2293
11215,1788718495923,esp32-vibration-01,2300
11216,1788718495923,esp32-vibration-01,2301
11217,1788718495923,esp32-marker-01,2294
11218,1788718495923,esp32-marker-01,2295
11219,1788718496535,esp32-thermal-01,2274
11220,1788718496537,esp32-thermal-01,2275
11221,1788718496539,esp32-vibration-01,2302
11222,1788718496540,esp32-marker-01,2296
11223,1788718497924,esp32-marker-01,2297
11224,1788718497924,esp32-marker-01,2298
11225,1788718497925,esp32-vibration-01,2303
11226,1788718497925,esp32-vibration-01,2304
11227,1788718497929,esp32-thermal-01,2276
11228,1788718497929,esp32-thermal-01,2277
11229,1788718497930,esp32-marker-01,2299
11230,1788718497930,esp32-vibration-01,2305
11231,1788718499922,esp32-thermal-01,2278
11232,1788718499923,esp32-thermal-01,2279
11233,1788718499924,esp32-thermal-01,2280
11234,1788718499924,esp32-thermal-01,2281
11235,1788718499929,esp32-marker-01,2300
11236,1788718499929,esp32-marker-01,2301
11237,1788718499930,esp32-vibration-01,2306
11238,1788718499930,esp32-vibration-01,2307
11239,1788718499930,esp32-marker-01,2302
11240,1788718499931,esp32-marker-01,2303
11241,1788718499931,esp32-vibration-01,2308
11242,1788718499931,esp32-vibration-01,2309
11243,1788718501390,esp32-thermal-01,2282
11244,1788718501391,esp32-thermal-01,2283
11245,1788718501391,esp32-thermal-01,2284
11246,1788718501393,esp32-marker-01,2304
11247,1788718501394,esp32-marker-01,2305
11248,1788718501394,esp32-vibration-01,2310
11249,1788718501394,esp32-vibration-01,2311
11250,1788718501397,esp32-marker-01,2306
11251,1788718501538,esp32-thermal-01,2285
11252,1788718501539,esp32-vibration-01,2312
11253,1788718501925,esp32-marker-01,2307
11254,1788718501925,esp32-vibration-01,2313
11255,1788718503927,esp32-thermal-01,2286
11256,1788718503928,esp32-thermal-01,2287
11257,1788718503928,esp32-thermal-01,2288
11258,1788718503928,esp32-thermal-01,2289
11259,1788718503933,esp32-marker-01,2308
11260,1788718503935,esp32-marker-01,2309
11261,1788718503935,esp32-vibration-01,2314
11262,1788718503936,esp32-vibration-01,2315
11263,1788718503936,esp32-marker-01,2310
11264,1788718503936,esp32-marker-01,2311
11265,1788718503936,esp32-vibration-01,2316
11266,1788718503936,esp32-vibration-01,2317
11267,1788718505926,esp32-thermal-01,2290
11268,1788718505926,esp32-thermal-01,2291
11269,1788718505927,esp32-thermal-01,2292
11270,1788718505927,esp32-thermal-01,2293
11271,1788718505932,esp32-marker-01,2312
11272,1788718505933,esp32-marker-01,2313
11273,1788718505933,esp32-vibration-01,2318
11274,1788718505934,esp32-vibration-01,2319
11275,1788718505934,esp32-marker-01,2314
11276,1788718505934,esp32-marker-01,2315
11277,1788718505934,esp32-vibration-01,2320
11278,1788718505934,esp32-vibration-01,2321
11279,1788718506538,esp32-thermal-01,2294
11280,1788718506539,esp32-thermal-01,2295
11281,1788718506541,esp32-vibration-01,2322
11282,1788718506542,esp32-marker-01,2316
11283,1788718507928,esp32-marker-01,2317
11284,1788718507929,esp32-marker-01,2318
11285,1788718507929,esp32-thermal-01,2296
11286,1788718507929,esp32-thermal-01,2297
11287,1788718507930,esp32-vibration-01,2323
11288,1788718507930,esp32-vibration-01,2324
11289,1788718507936,esp32-marker-01,2319
11290,1788718507937,esp32-vibration-01,2325
11291,1788718509928,esp32-thermal-01,2298
11292,1788718509930,esp32-thermal-01,2299
11293,1788718509930,esp32-thermal-01,2300
11294,1788718509930,esp32-thermal-01,2301
11295,1788718509934,esp32-marker-01,2320
11296,1788718509934,esp32-marker-01,2321
11297,1788718509934,esp32-vibration-01,2326
11298,1788718509935,esp32-vibration-01,2327
11299,1788718509935,esp32-marker-01,2322
11300,1788718509935,esp32-marker-01,2323
11301,1788718509935,esp32-vibration-01,2328
11302,1788718509935,esp32-vibration-01,2329
11303,1788718511538,esp32-thermal-01,2302
11304,1788718511540,esp32-thermal-01,2303
11305,1788718511540,esp32-thermal-01,2304
11306,1788718511540,esp32-thermal-01,2305
11307,1788718511542,esp32-vibration-01,2330
11308,1788718511542,esp32-vibration-01,2331
11309,1788718511542,esp32-marker-01,2324
11310,1788718511542,esp32-marker-01,2325
11311,1788718511542,esp32-vibration-01,2332
11312,1788718511542,esp32-marker-01,2326
11313,1788718511926,esp32-marker-01,2327
11314,1788718511926,esp32-vibration-01,2333
11315,1788718513927,esp32-thermal-01,2306
11316,1788718513927,esp32-thermal-01,2307
11317,1788718513928,esp32-thermal-01,2308
11318,1788718513928,esp32-thermal-01,2309
11319,1788718513934,esp32-marker-01,2328
11320,1788718513934,esp32-marker-01,2329
11321,1788718513934,esp32-vibration-01,2334
11322,1788718513935,esp32-vibration-01,2335
11323,1788718513935,esp32-marker-01,2330
11324,1788718513935,esp32-marker-01,2331
11325,1788718513935,esp32-vibration-01,2336
11326,1788718513935,esp32-vibration-01,2337
11327,1788718515928,esp32-thermal-01,2310
11328,1788718515928,esp32-thermal-01,2311
11329,1788718515928,esp32-thermal-01,2312
11330,1788718515929,esp32-thermal-01,2313
11331,1788718515931,esp32-marker-01,2332
11332,1788718515931,esp32-marker-01,2333
11333,1788718515931,esp32-vibration-01,2338
11334,1788718515932,esp32-vibration-01,2339
11335,1788718515932,esp32-marker-01,2334
11336,1788718515932,esp32-marker-01,2335
11337,1788718515932,esp32-vibration-01,2340
11338,1788718515932,esp32-vibration-01,2341
11339,1788718516542,esp32-thermal-01,2314
11340,1788718516544,esp32-thermal-01,2315
11341,1788718516545,esp32-vibration-01,2342
11342,1788718516545,esp32-marker-01,2336
11343,1788718517931,esp32-vibration-01,2343
11344,1788718517931,esp32-vibration-01,2344
11345,1788718517932,esp32-vibration-01,2345
11346,1788718517932,esp32-thermal-01,2316
11347,1788718517933,esp32-marker-01,2337
11348,1788718517933,esp32-marker-01,2338
11349,1788718517933,esp32-marker-01,2339
11350,1788718519931,esp32-thermal-01,2318
11351,1788718519931,esp32-thermal-01,2319
11352,1788718519931,esp32-thermal-01,2320
11353,1788718519932,esp32-thermal-01,2321
11354,1788718519935,esp32-marker-01,2340
11355,1788718519935,esp32-marker-01,2341
11356,1788718519935,esp32-vibration-01,2346
11357,1788718519935,esp32-vibration-01,2347
11358,1788718519935,esp32-vibration-01,2348
11359,1788718519935,esp32-marker-01,2342
11360,1788718519935,esp32-marker-01,2343
11361,1788718519935,esp32-vibration-01,2349
11362,1788718521540,esp32-thermal-01,2322
11363,1788718521540,esp32-thermal-01,2323
11364,1788718521540,esp32-thermal-01,2324
11365,1788718521540,esp32-thermal-01,2325
11366,1788718521546,esp32-marker-01,2344
11367,1788718521546,esp32-marker-01,2345
11368,1788718521546,esp32-vibration-01,2350
11369,1788718521546,esp32-vibration-01,2351
11370,1788718521549,esp32-marker-01,2346
11371,1788718521549,esp32-vibration-01,2352
11372,1788718521930,esp32-marker-01,2347
11373,1788718521930,esp32-vibration-01,2353
11374,1788718523931,esp32-thermal-01,2326
11375,1788718523931,esp32-thermal-01,2327
11376,1788718523931,esp32-thermal-01,2328
11377,1788718523931,esp32-thermal-01,2329
11378,1788718523933,esp32-marker-01,2348
11379,1788718523933,esp32-marker-01,2349
11380,1788718523933,esp32-vibration-01,2354
11381,1788718523933,esp32-vibration-01,2355
11382,1788718523933,esp32-marker-01,2350
11383,1788718523933,esp32-marker-01,2351
11384,1788718523933,esp32-vibration-01,2356
11385,1788718523933,esp32-vibration-01,2357
11386,1788718525933,esp32-thermal-01,2330
11387,1788718525934,esp32-thermal-01,2331
11388,1788718525934,esp32-thermal-01,2332
11389,1788718525934,esp32-thermal-01,2333
11390,1788718525934,esp32-marker-01,2352
11391,1788718525934,esp32-marker-01,2353
11392,1788718525936,esp32-vibration-01,2358
11393,1788718525936,esp32-vibration-01,2359
11394,1788718525936,esp32-marker-01,2354
11395,1788718525936,esp32-marker-01,2355
11396,1788718525936,esp32-vibration-01,2360
11397,1788718525936,esp32-vibration-01,2361
11398,1788718526540,esp32-marker-01,2356
11399,1788718526541,esp32-vibration-01,2362
11400,1788718526542,esp32-thermal-01,2334
11401,1788718526542,esp32-thermal-01,2335
11402,1788718527933,esp32-marker-01,2357
11403,1788718527933,esp32-marker-01,2358
11404,1788718527933,esp32-vibration-01,2363
11405,1788718527933,esp32-vibration-01,2364
11406,1788718527933,esp32-thermal-01,2336
11407,1788718527933,esp32-thermal-01,2337
11408,1788718527933,esp32-marker-01,2359
11409,1788718527933,esp32-vibration-01,2365
11410,1788718529935,esp32-thermal-01,2338
11411,1788718529935,esp32-thermal-01,2339
11412,1788718529935,esp32-thermal-01,2340
11413,1788718529935,esp32-thermal-01,2341
11414,1788718529935,esp32-marker-01,2360
11415,1788718529935,esp32-marker-01,2361
11416,1788718529938,esp32-vibration-01,2366
11417,1788718529938,esp32-vibration-01,2367
11418,1788718529938,esp32-marker-01,2362
11419,1788718529938,esp32-marker-01,2363
11420,1788718529938,esp32-vibration-01,2368
11421,1788718529938,esp32-vibration-01,2369
11422,1788718531391,esp32-thermal-01,2342
11423,1788718531391,esp32-thermal-01,2343
11424,1788718531391,esp32-thermal-01,2344
11425,1788718531393,esp32-marker-01,2364
11426,1788718531393,esp32-marker-01,2365
11427,1788718531393,esp32-vibration-01,2370
11428,1788718531393,esp32-vibration-01,2371
11429,1788718531393,esp32-marker-01,2366
11430,1788718531541,esp32-thermal-01,2345
11431,1788718531542,esp32-vibration-01,2372
11432,1788718531936,esp32-vibration-01,2373
11433,1788718531936,esp32-marker-01,2367
11434,1788718533940,esp32-thermal-01,2346
11435,1788718533940,esp32-thermal-01,2347
11436,1788718533940,esp32-thermal-01,2348
11437,1788718533940,esp32-thermal-01,2349
11438,1788718533940,esp32-marker-01,2368
11439,1788718533940,esp32-marker-01,2369
11440,1788718533940,esp32-vibration-01,2374
11441,1788718533940,esp32-vibration-01,2375
11442,1788718533940,esp32-marker-01,2370
11443,1788718533940,esp32-marker-01,2371
11444,1788718533940,esp32-vibration-01,2376
11445,1788718533940,esp32-vibration-01,2377
11446,1788718535936,esp32-thermal-01,2350
11447,1788718535936,esp32-thermal-01,2351
11448,1788718535936,esp32-thermal-01,2352
11449,1788718535936,esp32-thermal-01,2353
11450,1788718535939,esp32-marker-01,2372
11451,1788718535939,esp32-marker-01,2373
11452,1788718535939,esp32-vibration-01,2378
11453,1788718535939,esp32-vibration-01,2379
11454,1788718535939,esp32-marker-01,2374
11455,1788718535939,esp32-marker-01,2375
11456,1788718535939,esp32-vibration-01,2380
11457,1788718535939,esp32-vibration-01,2381
11458,1788718536542,esp32-thermal-01,2354
11459,1788718536543,esp32-thermal-01,2355
11460,1788718536544,esp32-marker-01,2376
11461,1788718536544,esp32-vibration-01,2382
11462,1788718537939,esp32-marker-01,2377
11463,1788718537939,esp32-marker-01,2378
11464,1788718537939,esp32-vibration-01,2383
11465,1788718537939,esp32-vibration-01,2384
11466,1788718537939,esp32-thermal-01,2356
11467,1788718537939,esp32-thermal-01,2357
11468,1788718537939,esp32-marker-01,2379
11469,1788718537939,esp32-vibration-01,2385
11470,1788718539939,esp32-thermal-01,2358
11471,1788718539939,esp32-thermal-01,2359
11472,1788718539939,esp32-thermal-01,2360
11473,1788718539939,esp32-thermal-01,2361
11474,1788718539941,esp32-marker-01,2380
11475,1788718539941,esp32-marker-01,2381
11476,1788718539941,esp32-vibration-01,2386
11477,1788718539941,esp32-vibration-01,2387
11478,1788718539941,esp32-marker-01,2382
11479,1788718539941,esp32-marker-01,2383
11480,1788718539941,esp32-vibration-01,2388
11481,1788718539941,esp32-vibration-01,2389
