window_id,segment_id,segment_order,start_ms,end_ms,t_rel_start_s,start_utc,n_vibration_frames,n_thermal_frames,n_speed_frames,n_distinct_ts_vibration,n_distinct_ts_thermal,n_distinct_ts_speed,vib_rms_mean,vib_rms_std,vib_rms_rms,vib_rms_min,vib_rms_max,vib_rms_range,vib_rms_median,vib_rms_p25,vib_rms_p75,vib_rms_kurtosis,vib_rms_crest_factor,vib_kurt_sensor_mean,vib_kurt_sensor_std,vib_kurt_sensor_min,vib_kurt_sensor_max,vib_kurt_sensor_range,vib_crest_sensor_mean,vib_crest_sensor_std,vib_crest_sensor_min,vib_crest_sensor_max,vib_crest_sensor_range,acceleration_x_mean,acceleration_x_std,acceleration_x_min,acceleration_x_max,acceleration_x_range,acceleration_y_mean,acceleration_y_std,acceleration_y_min,acceleration_y_max,acceleration_y_range,acceleration_z_mean,acceleration_z_std,acceleration_z_min,acceleration_z_max,acceleration_z_range,acceleration_magnitude_mean,acceleration_magnitude_std,acceleration_magnitude_min,acceleration_magnitude_max,acceleration_magnitude_range,vib_rms_slope_per_s,temp_mean,temp_min,temp_max,temp_std,temp_range,temp_slope_per_s,temp_change,ambient_mean,ambient_std,ambient_slope_per_s,temp_over_ambient_mean,temp_over_ambient_min,temp_over_ambient_max,temp_over_ambient_std,temp_over_ambient_slope_per_s,rpm_mean,rpm_min,rpm_max,rpm_std,rpm_range,rpm_cv,rpm_slope_per_s,rpm_change,vib_cv,rpm_stability,vib_per_rpm,vib_std_per_rpm,vib_peak_per_rpm,temp_over_ambient_per_rpm,temp_rise_c_per_min,temp_over_ambient_rise_c_per_min,vib_instability_at_stable_rpm,vib_impulsiveness
0,S001,0,1788715800284,1788715810284,0.0,2026-09-06T17:30:00.284000+00:00,21,20,20,21,20,20,0.0597,0.0031896708294117115,0.059781096709658345,0.0541,0.0662,0.012099999999999993,0.0596,0.0578,0.0611,-0.010317846683118415,1.1073734615729223,2.8035714285714284,0.43240034359706186,2.063,3.725,1.662,2.1443333333333334,0.23170613572655632,1.9,2.702,0.802,0.10932380952380952,0.004423788507818242,0.1021,0.1163,0.014200000000000004,-1.0509666666666666,0.0027295298740503404,-1.0562,-1.0468,0.009400000000000075,-0.1557952380952381,0.0025584128264367722,-0.1612,-0.1518,0.00940000000000002,1.0694619047619045,0.003329485874797535,1.0649,1.076,0.01110000000000011,0.00012213050185499265,31.295000000000005,30.93,31.89,0.2630889383339487,0.9600000000000009,-0.01656893153245695,-0.5,27.918,0.010052493799000478,0.0014434460286657093,3.377,3.0199999999999996,3.9800000000000004,0.2646367918089762,-0.018012377561122967,20.519000000000002,20.46,20.59,0.032589956476771736,0.129999999999999,0.0015882819083177413,-0.0016833030652093572,-0.129999999999999,0.053428322100698686,0.9984142367307937,0.0029094985135727862,0.00015544962373467084,0.003226278083727277,0.16457917052487936,-0.9941358919474169,-1.080742653667378,0.053343597429976075,10.06495
1,S001,0,1788715802784,1788715812784,2.5,2026-09-06T17:30:02.784000+00:00,20,20,20,20,20,20,0.060235,0.0027593429805318733,0.06029501223152708,0.0552,0.0662,0.010999999999999996,0.060149999999999995,0.058675000000000005,0.06135,0.5079546364282539,1.0979349294399068,2.75975,0.38291731620890634,2.063,3.725,1.662,2.09735,0.242278064476163,1.697,2.681,0.984,0.10930999999999999,0.003924806398175315,0.1043,0.1163,0.011999999999999997,-1.0509350000000002,0.0031270088280217836,-1.0562,-1.0439,0.012299999999999978,-0.15627,0.0028514262359295526,-0.1612,-0.1518,0.00940000000000002,1.069515,0.003722658218333544,1.0616,1.076,0.014399999999999968,7.118954925538729e-05,31.294999999999998,30.97,31.89,0.2721358020122346,0.9200000000000017,-0.0032781954887226893,-0.35999999999999943,27.923000000000002,0.013416407864998451,0.002736842105262542,3.372,3.039999999999999,3.9800000000000004,0.27601678057302015,-0.00601503759398499,20.499999999999993,20.46,20.54,0.03178877656956037,0.0799999999999983,0.0015506720277834332,-0.004329850312042526,-0.03999999999999915,0.04580962863006347,0.9984517288330067,0.00293829268292683,0.00013460209661131093,0.003229268292682928,0.16448780487804884,-0.19669172932336135,-0.3609022556390994,0.04573870290288488,9.986725
2,S001,0,1788715805284,1788715815284,5.0,2026-09-06T17:30:05.284000+00:00,20,20,20,20,20,20,0.06039,0.0032271708320055453,0.060471861224870534,0.0529,0.0657,0.012799999999999992,0.06035,0.05845,0.062275,0.24006335890220365,1.0864557278250146,2.7716000000000003,0.40592174511584717,2.063,3.725,1.662,2.0726,0.2095286439405814,1.697,2.609,0.9119999999999999,0.10894,0.003603273365617493,0.1044,0.1163,0.011899999999999994,-1.0511900000000003,0.003272195464500041,-1.057,-1.0439,0.01309999999999989,-0.15660999999999997,0.0026991031648932666,-0.1615,-0.1528,0.008700000000000013,1.06978,0.0038400383770012,1.0616,1.0767,0.015099999999999891,0.0002547846449888283,31.24,30.93,31.89,0.2895731886396726,0.9600000000000009,-0.03428571428571494,-0.28000000000000114,27.927999999999997,0.014363696929191852,0.0022857142857137048,3.312,3.0199999999999996,3.9800000000000004,0.29368081492094705,-0.03657142857142871,20.492500000000007,20.46,20.54,0.034469666298599586,0.0799999999999983,0.0016820625252458009,-0.0077142857142861645,-0.030000000000001137,0.05343882815044784,0.9983207620579674,0.0029469318043186523,0.00015748058226207364,0.0032060509942661935,0.16162010491643278,-2.0571428571428965,-2.194285714285723,0.05334909164263985,9.718525
3,S001,0,1788715807784,1788715817784,7.5,2026-09-06T17:30:07.784000+00:00,20,20,20,20,20,20,0.06099500000000001,0.0031885444625210546,0.06107412299820604,0.0529,0.0657,0.012799999999999992,0.06105,0.058825,0.06307499999999999,0.6658999151070542,1.075742012733115,2.7368,0.33539036172323455,2.063,3.486,1.423,2.0845500000000006,0.21451425544581806,1.697,2.609,0.9119999999999999,0.108725,0.004013775621138046,0.1025,0.1163,0.013800000000000007,-1.0513850000000002,0.00356300804318337,-1.057,-1.0439,0.01309999999999989,-0.15677499999999997,0.0027701178010292194,-0.1615,-0.152,0.009500000000000008,1.0699999999999998,0.004188957915884643,1.0616,1.0767,0.015099999999999891,0.00023237738295911497,31.17900000000001,30.93,31.77,0.23128701695193846,0.8399999999999999,-0.007308270676692432,-0.1999999999999993,27.933999999999997,0.015355437918997962,0.0015037593984960323,3.245,3.0199999999999996,3.8599999999999994,0.23050288273114589,-0.008812030075187946,20.466999999999995,20.4,20.54,0.04566468173429817,0.14000000000000057,0.002231137036903219,-0.012932330827067861,-0.14000000000000057,0.05227550557457258,0.9977738298537605,0.002980163189524602,0.0001557895374271293,0.0032100454389993654,0.15854790638588953,-0.4384962406015459,-0.5287218045112768,0.05215913140468289,9.094974
4,S001,0,1788715810284,1788715820284,10.0,2026-09-06T17:30:10.284000+00:00,19,20,20,19,20,20,0.06163157894736843,0.003083658114710684,0.061704618951906674,0.0529,0.0659,0.012999999999999998,0.0621,0.06005,0.0637,2.286712766877695,1.0679913614143417,2.7417368421052632,0.2988035107084519,2.265,3.486,1.221,2.1218421052631586,0.2600844442265915,1.697,2.643,0.9459999999999997,0.10767894736842105,0.003527602104572899,0.1025,0.115,0.012500000000000011,-1.0506210526315791,0.003433912402197371,-1.057,-1.0439,0.01309999999999989,-0.15652631578947368,0.0025125998278151774,-0.1615,-0.152,0.009500000000000008,1.0691421052631578,0.003982226595131268,1.0616,1.0767,0.015099999999999891,0.0002028048870852874,31.204,30.93,31.77,0.23656311052900406,0.8399999999999999,-0.010105263157895387,0.3000000000000007,27.934999999999995,0.014327007988227272,-0.00033082706766966166,3.2690000000000006,3.0199999999999996,3.8599999999999994,0.2367743762807914,-0.009774436090225484,20.449499999999997,20.4,20.49,0.034561158606310365,0.08999999999999986,0.0016900735277786923,-0.002390977443609774,0.029999999999997584,0.05003373542229119,0.9983127780014565,0.0030138428297693557,0.00015079381474904935,0.003222572679038608,0.15985720922271943,-0.6063157894737232,-0.586466165413529,0.0499493174032174,9.213498
5,S001,0,1788715812784,1788715822784,12.5,2026-09-06T17:30:12.784000+00:00,19,20,20,19,20,20,0.061226315789473684,0.0035323649781953854,0.061322774167342976,0.0529,0.0659,0.012999999999999998,0.0621,0.0595,0.0637,0.8920700633326581,1.074641532363919,2.7306315789473685,0.3282120267493621,2.219,3.486,1.2670000000000003,2.129315789473684,0.22958950146138332,1.705,2.643,0.9379999999999997,0.10836315789473684,0.003361582055837498,0.1025,0.1149,0.012400000000000008,-1.050894736842105,0.003062220270074665,-1.057,-1.0453,0.011700000000000044,-0.15662105263157897,0.00227194946818034,-0.1615,-0.152,0.009500000000000008,1.0694684210526315,0.0035831476900096116,1.0629,1.0767,0.013800000000000034,-0.00023266270116489095,31.194,30.93,31.77,0.2119185543651391,0.8399999999999999,0.026646616541352842,0.8000000000000007,27.935999999999996,0.013138933706635445,-0.0005413533834590456,3.2580000000000005,3.0199999999999996,3.84,0.20894723584776365,0.027187969924811924,20.445999999999998,20.38,20.49,0.04381780460041323,0.10999999999999943,0.002143099119652413,-0.0018045112781958999,-0.08999999999999986,0.05769357395831885,0.9978614839322497,0.0029945376009720085,0.0001727655765526453,0.0032231243274968213,0.15934657145651965,1.5987969924811705,1.6312781954887154,0.05757019532340305,9.213498
6,S002,1,1788715833666,1788715843666,33.382,2026-09-06T17:30:33.666000+00:00,20,20,20,20,20,20,0.06413500000000001,0.004392131121616666,0.06427771386724951,0.0584,0.0759,0.017499999999999995,0.06305,0.06145,0.065925,1.6841046280866871,1.1808136200480557,2.6687000000000003,0.3411701381391618,2.088,3.269,1.181,2.0373499999999996,0.17444868797684357,1.781,2.357,0.5760000000000003,0.10836000000000001,0.005128393613270296,0.0969,0.1171,0.020199999999999996,-1.0506499999999999,0.0022175140182313677,-1.0537,-1.0459,0.007800000000000029,-0.15562499999999999,0.0031387015417877894,-0.162,-0.1507,0.011300000000000004,1.06919,0.0026425466186198094,1.0637,1.0728,0.009099999999999886,-0.00033543413989790426,31.559000000000005,31.15,32.19,0.3078943769678508,1.0399999999999991,0.030886228727870616,-0.240000000000002,28.011999999999993,0.02419221275317276,0.004751868140282675,3.5469999999999993,3.1199999999999974,4.159999999999997,0.3030563609210946,0.02613436058758777,20.482,20.37,20.56,0.07971000069330181,0.18999999999999773,0.003891709827814755,-0.005052631578947418,-0.08999999999999986,0.06848259330500764,0.9961233768645401,0.0031312860072258576,0.00021443858615450962,0.003705692803437164,0.1731764476125378,1.853173723672237,1.568061635255266,0.06821711209942516,7.705033000000001
7,S002,1,1788715836166,1788715846166,35.882,2026-09-06T17:30:36.166000+00:00,20,20,20,20,20,20,0.06387000000000001,0.004587982012537583,0.06402635394897949,0.0546,0.0759,0.021299999999999993,0.06305,0.061149999999999996,0.066725,1.538107548762187,1.1854493551277687,2.7243000000000004,0.38369561675342273,2.088,3.682,1.5939999999999999,2.04065,0.18269568456286742,1.76,2.357,0.5970000000000002,0.10824999999999999,0.005481884040325819,0.0969,0.1171,0.020199999999999996,-1.050605,0.0022553970358838507,-1.0537,-1.0459,0.007800000000000029,-0.15571000000000002,0.0033507108436710443,-0.162,-0.1507,0.011300000000000004,1.069145,0.0026537907346205598,1.0637,1.0728,0.009099999999999886,-0.00043352883390353544,31.534000000000002,31.15,32.19,0.310693621298844,1.0399999999999991,0.005173863719571211,0.0,28.024,0.023485717944496352,0.0052932553927486315,3.5099999999999993,3.1199999999999974,4.159999999999997,0.3089200203084422,-0.00011939167317755847,20.456,20.37,20.56,0.06652265146470525,0.18999999999999773,0.0032519872636246213,0.006255639097743858,-0.16000000000000014,0.07183312999119433,0.9967585538778804,0.0031223113023073922,0.00022428539365162216,0.003710402815799765,0.1715877982010168,0.31043182317427265,-0.0071635003906535075,0.07160028677054465,8.678474000000001
8,S002,1,1788715838666,1788715848666,38.382,2026-09-06T17:30:38.666000+00:00,20,20,20,20,20,20,0.063315,0.003958239241725649,0.06343243255622474,0.0546,0.0688,0.014199999999999997,0.06325,0.060625,0.06665,-0.4788915915499854,1.0846186600051573,2.76445,0.4162531460288887,2.259,3.682,1.423,2.0882,0.18748743115767857,1.76,2.537,0.7769999999999999,0.108555,0.006761070843244316,0.0969,0.1196,0.022699999999999998,-1.0504249999999997,0.0027202699169480513,-1.0551,-1.0443,0.01079999999999992,-0.15516999999999997,0.0035422413362460946,-0.162,-0.1492,0.012800000000000006,1.0689299999999997,0.003225408990793983,1.0619,1.075,0.01309999999999989,2.3060359788315317e-06,31.565999999999992,31.27,32.19,0.27951838278687396,0.9199999999999982,0.010406015037593325,0.060000000000002274,28.035000000000004,0.022360679774997966,0.005924812030074472,3.530999999999999,3.2399999999999984,4.159999999999997,0.27837687441762504,0.004481203007518716,20.453999999999997,20.37,20.52,0.05585696017507578,0.14999999999999858,0.0027308575425381725,-0.007939849624060583,0.029999999999997584,0.06251661125682142,0.997276579730247,0.0030954825462012323,0.00019351907899313822,0.0033636452527622965,0.17263127016720442,0.6243609022555995,0.268872180451123,0.06234635225052833,9.341234
9,S002,1,1788715841166,1788715851166,40.882,2026-09-06T17:30:41.166000+00:00,20,20,20,20,20,20,0.06215999999999999,0.003939195750136662,0.06227846337218028,0.0546,0.0688,0.014199999999999997,0.062,0.059625000000000004,0.065125,-0.699183811240641,1.1047157600669526,2.8042000000000002,0.4121487467816494,2.259,3.682,1.423,2.1187500000000004,0.17729899664275126,1.76,2.537,0.7769999999999999,0.10797500000000002,0.006205928829077798,0.0969,0.1196,0.022699999999999998,-1.0501749999999999,0.0028423257711729043,-1.0551,-1.0443,0.01079999999999992,-0.154575,0.0031054917400257904,-0.1616,-0.1492,0.012399999999999994,1.0684999999999998,0.003311860663227166,1.0619,1.075,0.01309999999999989,-6.976545439910852e-05,31.631999999999998,31.27,32.19,0.28645932934436075,0.9199999999999982,0.00024060150375862675,0.5999999999999979,28.047000000000004,0.014903196407411575,0.0033383458646608997,3.5849999999999995,3.2399999999999984,4.159999999999997,0.28865386301170265,-0.003097744360902342,20.474000000000004,20.4,20.54,0.05669864938519521,0.14000000000000057,0.002769300057887819,0.0015338345864658262,0.019999999999999574,0.06337187500219857,0.9972383477857489,0.0030360457165185106,0.00019239990964817143,0.003360359480316498,0.17510012699032915,0.014436090225517605,-0.1858646616541405,0.0631968639232775,9.341234
10,S002,1,1788715843666,1788715853666,43.382,2026-09-06T17:30:43.666000+00:00,20,20,20,20,20,20,0.06150500000000001,0.003934259109011773,0.06162442291819048,0.0546,0.0688,0.014199999999999997,0.06055,0.05895,0.063275,-0.44247500664874284,1.116440475091109,2.9016999999999995,0.7851089163462072,2.259,5.675,3.416,2.1715999999999998,0.39733605026740937,1.687,3.531,1.844,0.10866,0.005524529034463622,0.0985,0.1196,0.021099999999999994,-1.0503099999999999,0.002734169747935611,-1.0551,-1.0443,0.01079999999999992,-0.15525499999999998,0.003509157193761246,-0.1616,-0.1492,0.012399999999999994,1.0687700000000002,0.0031919471041653006,1.0619,1.075,0.01309999999999989,-0.00024430685168957115,31.568,31.25,32.09,0.26180748250334057,0.8400000000000034,0.01563909774436061,0.8200000000000038,28.052,0.01576137851304791,0.0019248120300748002,3.5159999999999996,3.1999999999999993,4.040000000000003,0.2608972372813725,0.013714285714285911,20.451500000000003,20.4,20.54,0.05851450562399932,0.14000000000000057,0.002861135155074166,-0.00034586466165442085,-0.05999999999999872,0.06396649230163032,0.9971470275845999,0.0030073588734322665,0.00019237019822564472,0.0033640564261790086,0.17191893015182255,0.9383458646616365,0.8228571428571547,0.06378399766358386,20.038425
11,S002,1,1788715846166,1788715856166,45.882,2026-09-06T17:30:46.166000+00:00,20,20,20,20,20,20,0.061649999999999996,0.0034933771927071265,0.06174395516971682,0.0572,0.069,0.011800000000000005,0.0614,0.05895,0.063275,-0.3444796161438797,1.117518302971333,2.7926499999999996,0.7782347281542139,2.094,5.675,3.581,2.1785499999999995,0.4055803476760833,1.687,3.531,1.844,0.10900499999999999,0.005469578546257856,0.0985,0.1196,0.021099999999999994,-1.050205,0.003009366955637712,-1.0551,-1.0443,0.01079999999999992,-0.155305,0.0034596128472173826,-0.1619,-0.1492,0.012699999999999989,1.0687099999999998,0.0034194336250012694,1.0619,1.075,0.01309999999999989,-3.9777144066973434e-05,31.627,31.25,32.09,0.2549117494349759,0.8400000000000034,-0.006345864661654341,-0.3000000000000007,28.058000000000003,0.01361114094757412,0.00138345864661603,3.5690000000000004,3.1999999999999993,4.040000000000003,0.2568206418987054,-0.007729323308270682,20.446,20.4,20.54,0.057436463752750654,0.14000000000000057,0.002809178506932928,-0.0008721804511278806,0.0400000000000027,0.05666467465867197,0.9971986908704651,0.00301525970850044,0.0001708587103935795,0.003374743226058887,0.174557370634843,-0.3807518796992605,-0.4637593984962409,0.0565059393882285,20.038425
12,S002,1,1788715848666,1788715858666,48.382,2026-09-06T17:30:48.666000+00:00,20,20,20,20,20,20,0.06150500000000001,0.0036674205764011475,0.061608785899415354,0.0572,0.0715,0.014299999999999993,0.0608,0.059175000000000005,0.063125,2.1428328881170664,1.1605487586905767,2.8686499999999997,0.8658394937558395,2.094,5.675,3.581,2.1668999999999996,0.422594480248905,1.687,3.531,1.844,0.10865500000000002,0.00434710732617256,0.1018,0.1148,0.012999999999999998,-1.0505299999999997,0.002605278043551312,-1.0537,-1.0457,0.008000000000000007,-0.155885,0.0034245668185533796,-0.1619,-0.1504,0.011499999999999982,1.069065,0.0028412886253655328,1.0636,1.0725,0.008899999999999908,0.000351098738102612,31.616000000000003,31.25,32.11,0.25497987536687156,0.8599999999999994,-0.00042105263157931884,-0.4200000000000017,28.060000000000002,0.015217718205053318,0.0010225563909771257,3.556,3.1999999999999993,4.059999999999999,0.25724041591271657,-0.0014436090225564788,20.4575,20.41,20.54,0.0510804319315698,0.129999999999999,0.002496904897058282,-0.00942857142857158,-0.08999999999999986,0.059628007095376745,0.9975093141087407,0.0030064768422339004,0.00017927022248080888,0.003495050714896737,0.17382378100940976,-0.02526315789475913,-0.08661654135338873,0.059479492459380376,20.038425
13,S003,2,1788716141626,1788716151626,341.342,2026-09-06T17:35:41.626000+00:00,20,20,20,8,20,20,0.068515,0.00889631946368834,0.06906151243637805,0.0563,0.1011,0.04479999999999999,0.0668,0.063925,0.069525,9.834853978990155,1.4639123360227153,3.31375,2.871239176365274,2.085,15.439,13.354,2.27305,0.6313899016414001,1.659,4.825,3.1660000000000004,0.10829499999999999,0.00508211259429114,0.0993,0.1145,0.015200000000000005,-1.0509100000000002,0.003782633446353699,-1.0589,-1.0437,0.01519999999999988,-0.156215,0.0038030839286585633,-0.162,-0.1506,0.011399999999999993,1.0697049999999997,0.004267561241197174,1.0616,1.0786,0.016999999999999904,-0.001214183051033017,32.736,32.45,33.43,0.3125514694456442,0.9799999999999969,0.0041529402116218285,-0.0799999999999983,28.362000000000002,0.015078740698501115,0.0025864393654809487,4.374,4.080000000000002,5.039999999999999,0.3083470362057044,0.0015665008461410177,20.501999999999995,20.45,20.56,0.04990517323674396,0.10999999999999943,0.0024341612153323563,-0.006706732509294411,-0.09999999999999787,0.12984484366472068,0.9975717495377638,0.003341869085942836,0.00043392446901221055,0.0049312262218320175,0.2133450395083407,0.24917641269730972,0.09399005076846106,0.12952954786307283,74.49317500000001
14,S003,2,1788716144126,1788716154126,343.842,2026-09-06T17:35:44.126000+00:00,20,20,20,8,20,20,0.0671,0.0055705050323816676,0.06731930629470272,0.0563,0.078,0.021699999999999997,0.0679,0.06269999999999999,0.07100000000000001,-0.38941074929110675,1.1586572157850317,2.5497500000000004,0.25998823353941886,2.062,2.974,0.9120000000000004,2.1079499999999998,0.1821397598144435,1.659,2.427,0.768,0.10898000000000001,0.0049227292387348225,0.0995,0.1166,0.01709999999999999,-1.0506050000000002,0.0032122258228278345,-1.0567,-1.0437,0.0129999999999999,-0.15607999999999997,0.003591158733978709,-0.1616,-0.1506,0.010999999999999982,1.069445,0.0034167505338444505,1.0616,1.0764,0.014799999999999924,-0.00033130805261893877,32.705,32.45,33.43,0.28163993436936285,0.9799999999999969,-0.020900128895766285,0.0,28.365000000000002,0.012773327473169829,0.0006315127821224088,4.339999999999998,4.080000000000002,5.039999999999999,0.27984958365822943,-0.021531641677889245,20.482999999999997,20.45,20.54,0.037570985445798434,0.08999999999999986,0.0018342520844504438,0.002526261918482299,0.05000000000000071,0.08301795875382514,0.998169106236252,0.0032758873211931852,0.0002719574785129946,0.0038080359322364894,0.2118830249475174,-1.254007733745977,-1.2918985006733548,0.08286596169086367,7.217898000000001
15,S003,2,1788716146626,1788716156626,346.342,2026-09-06T17:35:46.626000+00:00,20,20,20,7,20,20,0.06661499999999998,0.005521944260951267,0.0668320693978572,0.0563,0.078,0.021699999999999997,0.06705,0.062475,0.070375,-0.35164462346345626,1.167104366253559,2.4952,0.28666569563279043,2.062,2.974,0.9120000000000004,2.09165,0.1724670143900902,1.659,2.424,0.7649999999999999,0.10874000000000002,0.005077131390647155,0.0995,0.1166,0.01709999999999999,-1.050625,0.003531642677282049,-1.0567,-1.0437,0.0129999999999999,-0.15665500000000002,0.0032030372099651062,-0.1616,-0.1508,0.010800000000000004,1.06949,0.003650364077011623,1.0616,1.0764,0.014799999999999924,0.00040232498550720147,32.690999999999995,32.39,33.43,0.2921769471074895,1.0399999999999991,-0.024691729323308525,-0.6600000000000037,28.366000000000003,0.012311740225021586,0.0003007518796984901,4.324999999999998,4.02,5.039999999999999,0.2917010004854467,-0.024992481203007705,20.491499999999995,20.45,20.54,0.03391552974515798,0.08999999999999986,0.0016551023470784464,-0.003924544440754779,0.010000000000001563,0.08289340630415475,0.998347632490265,0.0032508601127296684,0.0002694748681624707,0.0038064563355537672,0.21106312373423125,-1.4815037593985114,-1.4995488721804624,0.0827564359328065,7.208976000000001
16,S003,2,1788716149126,1788716159126,348.842,2026-09-06T17:35:49.126000+00:00,20,20,20,7,20,20,0.06602499999999999,0.005543215388391945,0.06624569042586846,0.0563,0.078,0.021699999999999997,0.0643,0.062349999999999996,0.07,-0.24614594881720153,1.1774350829249047,2.5356,0.32846859979704546,1.924,3.126,1.202,2.1036000000000006,0.1654952376481285,1.88,2.424,0.544,0.10879500000000002,0.005049593521942344,0.0995,0.1166,0.01709999999999999,-1.050085,0.003613756610800619,-1.0558,-1.0437,0.0121,-0.15677000000000002,0.002696020459082141,-0.1616,-0.1508,0.010800000000000004,1.06896,0.0037782479927522964,1.0616,1.0744,0.012799999999999923,0.00029019135731383827,32.675,32.39,33.43,0.2822373021711376,1.0399999999999991,-0.004060150375940087,-0.17999999999999972,28.366000000000003,0.010462967275611716,-0.0010827067669178156,4.308999999999999,4.02,5.039999999999999,0.27973483684977174,-0.002977443609022615,20.479999999999997,20.46,20.54,0.027529888064466827,0.0799999999999983,0.0013442328156477944,2.40605840391412e-07,0.0,0.08395631031263834,0.9986575717204981,0.003223876953125,0.00027066481388632546,0.0038085937500000008,0.210400390625,-0.2436090225564052,-0.1786466165413569,0.08384360498743201,7.577424
17,S003,2,1788716151626,1788716161626,351.342,2026-09-06T17:35:51.626000+00:00,20,20,20,7,20,20,0.06765499999999999,0.005202274300220707,0.06784474555925463,0.0584,0.078,0.0196,0.0683,0.062725,0.0714,-0.7791078038684498,1.1496837280033119,2.50915,0.3210614427177453,1.924,3.126,1.202,2.10595,0.19273965942636062,1.855,2.5,0.645,0.109065,0.004761830143525645,0.1002,0.1166,0.016399999999999998,-1.05064,0.003488235868413156,-1.0558,-1.0454,0.010399999999999965,-0.15679,0.0027866032898022715,-0.1616,-0.1508,0.010800000000000004,1.0696,0.003468960105064089,1.0638,1.0744,0.010599999999999943,-0.00011997836081514672,32.669,32.39,33.33,0.2677371059355366,0.9399999999999977,0.013744360902254501,0.14000000000000057,28.361,0.010208355710680591,-0.0009323308270680195,4.307999999999997,4.02,4.979999999999997,0.2700799102020303,0.014676691729323177,20.496000000000002,20.46,20.54,0.034089665049070884,0.0799999999999983,0.001663235023861772,0.006496796593491534,0.0799999999999983,0.07689415860203543,0.9983395267334315,0.0033008879781420758,0.00025381900371880886,0.003805620608899297,0.21018735362997643,0.82466165413527,0.8806015037593906,0.07676647790732147,7.8149999999999995
18,S003,2,1788716154126,1788716164126,353.842,2026-09-06T17:35:54.126000+00:00,20,20,20,7,20,20,0.06684,0.005220243995104162,0.0670333797447212,0.057,0.0758,0.018800000000000004,0.06715,0.063175,0.0701,-0.527670147269268,1.1307799232063809,2.5195499999999997,0.34346921642496425,1.924,3.165,1.241,2.1144,0.23275159561892994,1.817,2.646,0.829,0.10882,0.00391146762064681,0.1002,0.1141,0.013899999999999996,-1.05085,0.0030988113170935883,-1.0558,-1.0456,0.010199999999999987,-0.15661,0.0025690260288370194,-0.1615,-0.1525,0.009000000000000008,1.069715,0.003119256827818884,1.0638,1.0744,0.010599999999999943,-0.00020371987889900503,32.761,32.39,33.47,0.3365756347312393,1.0799999999999983,0.030401810849255917,0.9200000000000017,28.359,0.010208355710680591,-0.0017743628817343201,4.401999999999998,4.02,5.119999999999997,0.3405815459969667,0.03217617373099041,20.497500000000002,20.46,20.54,0.03209771265829856,0.0799999999999983,0.0015659330483375317,0.0032027793717496348,-0.010000000000001563,0.07810059837079836,0.9984365152640811,0.0032608854738382723,0.0002546771067254134,0.0036980119526771557,0.21475789730454922,1.824108650955355,1.9305704238594246,0.07797848927737948,8.37459
19,S003,2,1788716156626,1788716166626,356.342,2026-09-06T17:35:56.626000+00:00,20,20,20,7,20,20,0.06577,0.005100681069075096,0.06595763033948385,0.057,0.0758,0.018800000000000004,0.06534999999999999,0.06292500000000001,0.0698,-0.450439819823913,1.1492226086634327,2.5923000000000003,0.3384819205309432,1.924,3.165,1.241,2.10485,0.23742417626198936,1.741,2.646,0.9049999999999998,0.10884999999999997,0.00372848212378287,0.1002,0.1134,0.013200000000000003,-1.05095,0.0031288975694323796,-1.0567,-1.0456,0.011099999999999888,-0.15641000000000002,0.002711748319326191,-0.1615,-0.1525,0.009000000000000008,1.069735,0.00327402456345477,1.0638,1.0752,0.011399999999999855,-0.00035129878322376004,32.80200000000001,32.47,33.47,0.2943252765581855,1.0,0.02471917516896944,0.21999999999999886,28.363,0.014903196407411575,0.0018945006393783028,4.438999999999998,4.099999999999998,5.119999999999997,0.29504504562416933,0.022824674529591377,20.495000000000005,20.46,20.54,0.032200032690404806,0.0799999999999983,0.00157111650111758,-0.001744343752156279,0.00999999999999801,0.07755330802911808,0.9984313480338709,0.0032090753842400578,0.00024887441176262964,0.003698463039765796,0.2165894120517198,1.4831505101381663,1.3694804717754827,0.0774316538799984,8.37459
20,S003,2,1788716159126,1788716169126,358.842,2026-09-06T17:35:59.126000+00:00,20,20,20,7,20,20,0.06620999999999999,0.005785726538555671,0.06644971783235804,0.057,0.0758,0.018800000000000004,0.06565,0.062875,0.0701,-0.8964228622982038,1.1407121425440998,2.5652999999999997,0.29823411856071097,2.111,3.165,1.0539999999999998,2.0822,0.2381053725161459,1.741,2.646,0.9049999999999998,0.10876000000000001,0.003202038824183577,0.1028,0.1132,0.010399999999999993,-1.0511,0.0027222281895148614,-1.0567,-1.0484,0.008299999999999974,-0.155785,0.0026200190838999615,-0.1615,-0.1519,0.009599999999999997,1.069815,0.0028122429707114305,1.0666,1.0752,0.008599999999999941,-0.0004258682140596299,32.876,32.47,33.55,0.33667726229635403,1.0799999999999983,0.02706567876202651,-0.6999999999999957,28.369000000000007,0.01889026482776625,0.004481055194812915,4.507,4.099999999999998,5.139999999999997,0.332978583158294,0.022584623567213115,20.4995,20.47,20.54,0.027429335045761664,0.07000000000000028,0.001338048979036643,-0.005548565731857239,-0.029999999999997584,0.08738448177851793,0.9986637390036253,0.003229834874021317,0.0002822374466965375,0.0036976511622234687,0.2198590209517305,1.6239407257215905,1.3550774140327868,0.08726771330382888,8.37459
21,S003,2,1788716161626,1788716171626,361.342,2026-09-06T17:36:01.626000+00:00,20,20,20,7,20,20,0.06563000000000001,0.0053502680700178605,0.0658368513827932,0.057,0.0758,0.018800000000000004,0.06565,0.06295,0.068625,-0.2786527881213212,1.1513308794079227,2.5906499999999992,0.3152264474277099,2.111,3.165,1.0539999999999998,2.0698499999999997,0.2210778084033335,1.741,2.646,0.9049999999999998,0.10870000000000002,0.0033928717846933762,0.1025,0.1141,0.0116,-1.05083,0.002393214090759637,-1.0567,-1.0484,0.008299999999999974,-0.15553,0.002845328581524829,-0.1615,-0.1516,0.009899999999999992,1.069475,0.0025202078026268265,1.0666,1.0752,0.008599999999999941,7.126495109530888e-06,32.894000000000005,32.59,33.55,0.2973992531757151,0.9599999999999937,-0.0058377375543137815,0.03999999999999915,28.377,0.018666040089734194,0.003699212485446369,4.517,4.200000000000003,5.139999999999997,0.2966674551536919,-0.009536950039759738,20.479999999999997,20.43,20.51,0.02635786110641927,0.08000000000000185,0.0012870049368368785,-0.0028867188114529664,-0.05999999999999872,0.08152168322440743,0.9987146493158391,0.0032045898437500007,0.0002612435581063409,0.003701171875000001,0.22055664062500005,-0.3502642532588269,-0.5722170023855843,0.08141689927310099,8.37459
22,S003,2,1788716164126,1788716174126,363.842,2026-09-06T17:36:04.126000+00:00,20,20,20,6,20,20,0.06570500000000001,0.004607371096520514,0.06585828345773978,0.0577,0.0753,0.017600000000000005,0.06605,0.06295,0.069,-0.26775579940213223,1.1433641456555548,2.6538000000000004,0.5368949323853343,2.111,4.448,2.337,2.0808,0.2703710121490955,1.741,2.854,1.113,0.10903500000000002,0.003609967925211057,0.1025,0.1143,0.011800000000000005,-1.051175,0.0034019924502530804,-1.0567,-1.043,0.013700000000000045,-0.15557,0.002732090003911596,-0.1599,-0.1516,0.008299999999999974,1.0698500000000002,0.003337742697661025,1.0629,1.0753,0.012399999999999967,0.00032611857650852817,32.899,32.55,33.55,0.30034891989852436,1.0,0.0007531380168278234,-0.28000000000000114,28.383000000000003,0.013416407864998453,-0.0005113822892094794,4.515999999999998,4.179999999999996,5.139999999999997,0.29619339343710754,0.0012645203060365452,20.479,20.43,20.57,0.04375770608824585,0.14000000000000057,0.0021367110741855487,0.000933203400849349,0.08000000000000185,0.07012207741451203,0.9978678447256012,0.0032084086137018418,0.00022498027718738777,0.0036769373504565656,0.2205185800087894,0.0451882810096694,0.07587121836219271,0.06997256625730087,12.694592000000002
23,S003,2,1788716166626,1788716176626,366.342,2026-09-06T17:36:06.626000+00:00,21,20,20,8,20,20,0.06594761904761906,0.004287495661527724,0.06608022180869033,0.0577,0.0753,0.017600000000000005,0.0663,0.0633,0.069,-0.0005532910698229365,1.1395240200313184,2.6342857142857143,0.5198384501801635,2.111,4.448,2.337,2.1343809523809525,0.2903028549963773,1.744,2.854,1.11,0.10827619047619048,0.005048752792710765,0.0969,0.1157,0.018799999999999997,-1.050547619047619,0.0030555881672141368,-1.0565,-1.043,0.013500000000000068,-0.1556095238095238,0.0030782957560807475,-0.1602,-0.1496,0.010599999999999998,1.0692047619047618,0.0029116105835905065,1.0629,1.0753,0.012399999999999967,-0.000217303948575542,32.900999999999996,32.55,33.55,0.33601221782297674,1.0,-0.01242147782098959,0.6799999999999997,28.384000000000004,0.014653901941300618,-6.023864395420312e-05,4.516999999999999,4.179999999999996,5.139999999999997,0.3319654389113101,-0.0123612391770358,20.496499999999997,20.43,20.57,0.058244041936087045,0.14000000000000057,0.002841657938481548,0.0066629435483812356,-0.029999999999997584,0.06501365361548284,0.9971663941999347,0.003217506357066771,0.00020918184380395308,0.0036737979655063068,0.22037908911277532,-0.7452886692593754,-0.741674350622148,0.06482943054951457,12.694592000000002
24,S003,2,1788716169126,1788716179126,368.842,2026-09-06T17:36:09.126000+00:00,20,20,20,9,20,20,0.06555000000000001,0.0034744935261355565,0.06563742072933701,0.0587,0.0716,0.012899999999999995,0.06620000000000001,0.06309999999999999,0.0682,-0.7278606656970439,1.0908411574435615,2.6599,0.5193833286747499,2.167,4.448,2.2810000000000006,2.1566,0.30457518300948816,1.615,2.854,1.239,0.10874999999999999,0.005673715945619673,0.0969,0.1161,0.019199999999999995,-1.05105,0.0038450925661296237,-1.0583,-1.043,0.015300000000000091,-0.15523499999999998,0.003224458338845046,-0.1602,-0.1496,0.010599999999999998,1.0696700000000001,0.0038410661897036098,1.0628,1.0774,0.014599999999999946,-0.0002699874508715558,32.870999999999995,32.55,33.43,0.30251402751294876,0.8800000000000026,0.0029755234305122325,0.21999999999999886,28.381999999999998,0.01361114094757412,-0.00024058485637118632,4.488999999999999,4.179999999999996,5.059999999999999,0.3034173779847781,0.003216108286883143,20.482999999999997,20.43,20.57,0.06275264724967468,0.14000000000000057,0.003063645327816955,-0.0005400397365078521,-0.07000000000000028,0.053005240673311305,0.9969457119275659,0.003200214812283358,0.00016962815633137513,0.0034955817018991362,0.21915734999755893,0.17853140583073396,0.19296649721298859,0.05284334739894631,12.694592000000002
25,S003,2,1788716171626,1788716181626,371.342,2026-09-06T17:36:11.626000+00:00,20,20,20,9,20,20,0.06543999999999998,0.0034900459957759255,0.06552835264219604,0.0587,0.0716,0.012899999999999995,0.06620000000000001,0.06309999999999999,0.06787499999999999,-0.7268260407774054,1.0926567983626403,2.6561500000000002,0.5026936154882332,2.167,4.448,2.2810000000000006,2.1651999999999996,0.31111913439946715,1.615,2.854,1.239,0.10878999999999998,0.0054473460462291555,0.0969,0.1161,0.019199999999999995,-1.051165,0.004274437482227764,-1.0583,-1.043,0.015300000000000091,-0.15555,0.003367413500627822,-0.1602,-0.1496,0.010599999999999998,1.069845,0.004389757816122714,1.0628,1.0774,0.014599999999999946,-0.00013127885288242395,32.914,32.55,33.43,0.3201052458505681,0.8800000000000026,-6.084208003055561e-05,-0.7000000000000028,28.383,0.011742858972247748,0.0012932430381226091,4.531,4.179999999999996,5.059999999999999,0.319504550663581,-0.001354085118152476,20.502500000000005,20.43,20.57,0.062228357049279245,0.14000000000000057,0.0030351594707610893,0.0026622122289720333,0.10999999999999943,0.05333199871295731,0.9969740248463846,0.003191805877332031,0.00017022538694188145,0.003492257041824167,0.22099743933666618,-0.0036505248018333368,-0.08124510708914856,0.05317061740995926,12.694592000000002
26,S003,2,1788716174126,1788716184126,373.842,2026-09-06T17:36:14.126000+00:00,21,20,20,11,20,20,0.06600952380952381,0.0037404417869958567,0.06611037667992753,0.0598,0.0747,0.014900000000000004,0.0665,0.0633,0.0681,0.07956365231589446,1.1299285188111847,2.662809523809524,0.2633872850096639,2.247,3.276,1.029,2.147190476190476,0.2336477303650988,1.615,2.744,1.1290000000000002,0.1081952380952381,0.00573380119907171,0.0969,0.1161,0.019199999999999995,-1.0511380952380953,0.0038976244291203995,-1.0583,-1.0455,0.012799999999999923,-0.15586666666666668,0.0034321033395475335,-0.1608,-0.1496,0.011199999999999988,1.0698285714285714,0.004375173465948846,1.0628,1.0774,0.014599999999999946,0.0003867239712316796,32.879000000000005,32.55,33.43,0.2923930303726925,0.8800000000000026,-0.0027385284447826457,-0.240000000000002,28.385,0.012773327473169829,0.0008121143364982134,4.493999999999998,4.179999999999996,5.059999999999999,0.29373099042634576,-0.003550642781280928,20.502000000000002,20.44,20.57,0.05346912537550062,0.129999999999999,0.0026079955797239595,-0.004209962148630502,-0.10000000000000142,0.056665183614855716,0.9973987883687123,0.003219662657766257,0.0001824427756802193,0.0036435469710272166,0.2191981270119987,-0.16431170668695874,-0.21303856687685568,0.0565177854801477,8.989344000000001
27,S003,2,1788716176626,1788716186626,376.342,2026-09-06T17:36:16.626000+00:00,19,20,20,9,20,20,0.06655263157894736,0.003853478720015725,0.06665823674772525,0.0598,0.0747,0.014900000000000004,0.067,0.06485,0.0688,0.035929306985594156,1.1206417037808787,2.669368421052632,0.29314467617473566,2.04,3.276,1.2359999999999998,2.110894736842105,0.21878449435634195,1.615,2.449,0.8339999999999999,0.10860526315789473,0.005163705999485524,0.0999,0.1161,0.016199999999999992,-1.0512157894736844,0.004158426940548904,-1.0583,-1.0455,0.012799999999999923,-0.15563684210526318,0.0032438335562033505,-0.1608,-0.151,0.009800000000000003,1.0699263157894736,0.004763033826047221,1.0628,1.0774,0.014599999999999946,0.0003056561200204842,32.915,32.53,33.43,0.30399965373941445,0.8999999999999986,0.003759610702742646,0.5,28.387,0.011742858972247748,0.0019547522028127598,4.5280000000000005,4.140000000000001,5.059999999999999,0.30603749340304803,0.001804858499929955,20.488,20.44,20.54,0.039815363339980835,0.09999999999999787,0.001943350416828428,0.0031576237305693255,0.05999999999999872,0.05790122236480726,0.998060418868971,0.003248371318769395,0.00018808467005152895,0.0036460367044123393,0.22100741897696216,0.22557664216455875,0.1082915099957973,0.05778891824644497,8.022924
28,S003,2,1788716179126,1788716189126,378.842,2026-09-06T17:36:19.126000+00:00,20,20,20,9,20,20,0.066815,0.0037688857769903293,0.06691590618081772,0.0598,0.0747,0.014900000000000004,0.0678,0.065775,0.0687,0.1411695055011295,1.1163265098457815,2.70065,0.2935001613915095,2.04,3.276,1.2359999999999998,2.1785499999999995,0.22312339635278053,1.875,2.709,0.8340000000000001,0.10866000000000002,0.004513885011244397,0.0999,0.1153,0.015399999999999997,-1.0507399999999998,0.003993863714302342,-1.0563,-1.0444,0.011900000000000022,-0.15591,0.003301498862159747,-0.1608,-0.151,0.009800000000000003,1.069515,0.004572949641211084,1.0627,1.076,0.01330000000000009,-4.26249876000572e-05,32.88,32.53,33.43,0.28265657049165693,0.8999999999999986,-0.01750254865718889,-0.060000000000002274,28.394000000000005,0.016670175069329458,0.0025262258701111836,4.486,4.140000000000001,5.039999999999999,0.2847787691672622,-0.020028774527300557,20.5,20.47,20.54,0.029735677667001244,0.07000000000000028,0.0014505208618049387,-0.006135265229576161,-0.07000000000000028,0.05640777934581051,0.9985515801014745,0.003259268292682927,0.0001838480866824551,0.0036439024390243903,0.21882926829268293,-1.0501529194313335,-1.2017264716380334,0.0563260771957744,8.874684
29,S005,4,1788716214519,1788716224519,414.235,2026-09-06T17:36:54.519000+00:00,22,20,20,8,20,20,0.06512727272727271,0.00502898094554447,0.06531234743348863,0.0591,0.0827,0.023599999999999996,0.06420000000000001,0.061975,0.06695000000000001,6.553154817536729,1.2662230535231984,3.1951818181818186,1.1904009583154922,2.224,7.847,5.623,2.2673636363636365,0.4648154314148631,1.706,3.979,2.273,0.10922272727272726,0.0071482886275688615,0.0972,0.1205,0.0233,-1.0508227272727275,0.0029392146372768874,-1.0546,-1.0458,0.008799999999999919,-0.15618636363636362,0.0032562460791743823,-0.1627,-0.1505,0.012200000000000016,1.0695954545454542,0.003413206462401354,1.0637,1.0747,0.010999999999999899,-0.00018153361549095274,33.069,32.69,33.61,0.2615319241859801,0.9200000000000017,-0.020113174269335357,-0.17999999999999972,28.519,0.015183093090324997,0.001894613026751366,4.549999999999999,4.179999999999996,5.080000000000002,0.2634587753630344,-0.02200778729608714,20.477999999999998,20.45,20.55,0.029307803882602155,0.10000000000000142,0.0014311848756031916,0.0021654135338345292,0.08000000000000185,0.07721774204493186,0.9985708604872525,0.0031803531950030627,0.00024557969262352136,0.004038480320343784,0.222189666959664,-1.2067904561601215,-1.3204672377652282,0.07710738711869031,31.223213
30,S005,4,1788716217019,1788716227019,416.735,2026-09-06T17:36:57.019000+00:00,18,20,20,7,20,20,0.06431666666666666,0.0031395484875826256,0.0643889957817155,0.0591,0.0699,0.010800000000000004,0.0643,0.0616,0.06695000000000001,-1.10337137915704,1.085589224546494,2.9427777777777773,0.5710154582800463,2.224,4.213,1.9889999999999999,2.1910555555555558,0.24162427620103324,1.867,2.608,0.7410000000000001,0.10917222222222223,0.006992668896827135,0.0972,0.1205,0.0233,-1.051161111111111,0.0031059977820697485,-1.0574,-1.0465,0.01089999999999991,-0.15623333333333334,0.0033833502366041593,-0.1627,-0.1505,0.012200000000000016,1.0698944444444445,0.0035583327593331974,1.0647,1.0768,0.0121,0.00040397884620999556,33.047999999999995,32.81,33.61,0.22213319854253397,0.7999999999999972,-0.016717655349095507,-0.03999999999999915,28.522999999999996,0.014903196407411574,0.000932447243330927,4.524999999999999,4.260000000000002,5.079999999999998,0.22070461326349627,-0.017650102592426435,20.4935,20.45,20.55,0.041202324921628106,0.10000000000000142,0.0020105069861969943,0.00621052631578958,-0.00999999999999801,0.04881391792043471,0.9979935270417032,0.0031383934743536564,0.00015319728145912732,0.0034108375826481566,0.22080171761778117,-1.0030593209457304,-1.059006155545586,0.04871597411413884,10.987504000000001
31,S005,4,1788716219519,1788716229519,419.235,2026-09-06T17:36:59.519000+00:00,20,20,20,7,20,20,0.06433000000000001,0.0030822240773762527,0.06440010869556045,0.0591,0.0699,0.010800000000000004,0.0643,0.061675,0.06705,-1.1299028934768487,1.08540189474585,3.0072,0.5521341942146426,2.224,4.213,1.9889999999999999,2.2384999999999997,0.2591088980576151,1.867,2.794,0.927,0.10871,0.0066253023764162935,0.0972,0.1205,0.0233,-1.0509800000000002,0.0034417865617789485,-1.0574,-1.0431,0.01429999999999998,-0.15634000000000003,0.002972222276875993,-0.1627,-0.1505,0.012200000000000016,1.069665,0.0038393084629506,1.0615,1.0768,0.01529999999999987,0.0002165158601246357,33.022000000000006,32.69,33.61,0.2523489647294001,0.9200000000000017,-0.021651295572951798,0.5,28.526999999999994,0.013416407864998451,0.0015337619445765752,4.494999999999999,4.159999999999997,5.079999999999998,0.25238858928247926,-0.02318505751752872,20.486999999999995,20.45,20.55,0.04378175539266543,0.10000000000000142,0.0021370505878198585,0.0009020416826897575,-0.029999999999997584,0.047912701342705616,0.9978675066583296,0.003140040025381951,0.00015044779994026716,0.0034119197539903365,0.2194074291013814,-1.2990777343771078,-1.3911034510517233,0.04781052782611085,11.771122
32,S005,4,1788716222019,1788716232019,421.735,2026-09-06T17:37:02.019000+00:00,20,20,20,7,20,20,0.06450999999999998,0.0035505225708782335,0.06460275535919502,0.0575,0.0699,0.012400000000000001,0.06584999999999999,0.061625,0.0672,-0.9834146845724714,1.0819971936390638,2.963,0.4619404153875487,2.367,3.787,1.42,2.2807500000000003,0.23124716214474933,1.867,2.794,0.927,0.10891499999999998,0.005165398542732513,0.0991,0.1205,0.021400000000000002,-1.0508399999999998,0.0034521389250571502,-1.0574,-1.0431,0.01429999999999998,-0.15585000000000002,0.002543412543890798,-0.1605,-0.15,0.01050000000000001,1.069505,0.003956004762915547,1.0615,1.0768,0.01529999999999987,-0.00035227385088422794,32.998999999999995,32.69,33.41,0.19761472350856954,0.7199999999999989,0.019759398496239734,0.01999999999999602,28.529999999999994,0.012977713690460727,0.0014436090225558933,4.4689999999999985,4.159999999999997,4.8799999999999955,0.1971881281789977,0.018315789473684185,20.488000000000007,20.45,20.55,0.042127625640490295,0.10000000000000142,0.0020562097637880847,-0.004601547600988283,0.019999999999999574,0.05503832848981917,0.9979480095589919,0.0031486723935962497,0.00017329766550557558,0.0034117532213978905,0.21812768449824274,1.185563909774384,1.0989473684210511,0.05492539036586899,10.580878
33,S005,4,1788716224519,1788716234519,424.235,2026-09-06T17:37:04.519000+00:00,18,20,20,6,20,20,0.06397777777777777,0.003966856149700704,0.06409382012158253,0.0575,0.0701,0.012599999999999993,0.0643,0.06035,0.06712499999999999,-1.4326498202972109,1.093709188608575,2.811888888888889,0.39504473147895675,2.367,3.596,1.229,2.2721666666666662,0.22974698359410126,1.867,2.794,0.927,0.10870555555555556,0.002600333060618156,0.1039,0.1133,0.009399999999999992,-1.0509666666666666,0.003407603953789582,-1.0574,-1.0431,0.01429999999999998,-0.1555611111111111,0.002501796739966013,-0.1596,-0.15,0.009599999999999997,1.0695444444444442,0.0037507994790479137,1.0615,1.0768,0.01529999999999987,6.288590539389467e-06,33.06,32.69,33.55,0.23454322909815445,0.8599999999999994,0.02135338345864625,-0.3399999999999963,28.53,0.014509525002199923,0.0002406015037583512,4.529999999999999,4.159999999999997,4.9999999999999964,0.23183478690880832,0.021112781954887277,20.510499999999997,20.46,20.58,0.053259543251593586,0.11999999999999744,0.002596696484805031,0.0052481948137867865,0.029999999999997584,0.0620036563864299,0.9974100288840875,0.0031192695340327044,0.0001934061163648231,0.0034177616342848786,0.22086248506862338,1.281203007518775,1.2667669172932365,0.06184306870730808,10.047224
34,S005,4,1788716227019,1788716237019,426.735,2026-09-06T17:37:07.019000+00:00,20,20,20,6,20,20,0.064335,0.003874243559444182,0.06444572522673633,0.0575,0.0722,0.014699999999999998,0.06484999999999999,0.061175,0.066975,-0.5940280564849441,1.1203225620626065,2.7952000000000004,0.38723848221123786,2.367,3.596,1.229,2.2701000000000002,0.22038504581992996,1.92,2.794,0.8740000000000001,0.10895500000000002,0.003074252155531403,0.1028,0.1164,0.013600000000000001,-1.05089,0.0029645093674120523,-1.0545,-1.0431,0.011400000000000077,-0.155265,0.002660485709513644,-0.1596,-0.15,0.009599999999999997,1.0694899999999998,0.003229779200535308,1.0615,1.0736,0.0121,0.00032771325642825947,33.108999999999995,32.69,33.69,0.2672648991465011,1.0,0.038827067669171725,0.13999999999999346,28.538,0.017651599003161378,0.0027067669172930234,4.571,4.159999999999997,5.139999999999997,0.26377622094654796,0.03612030075187953,20.496499999999997,20.45,20.58,0.05650104796419757,0.129999999999999,0.0027566193235038948,0.005159026696887139,-0.010000000000001563,0.06021984237886347,0.9972509587367635,0.0031388285804893525,0.00018901976237134058,0.0035225526309369897,0.22301368526333765,2.3296240601503033,2.167218045112772,0.06005429554729838,10.047224
35,S005,4,1788716229519,1788716239519,429.235,2026-09-06T17:37:09.519000+00:00,20,20,20,6,20,20,0.06496500000000001,0.0041816988489318425,0.06509273000881127,0.0575,0.0724,0.014900000000000004,0.06484999999999999,0.062474999999999996,0.067325,-0.5868537903865527,1.1122593873417137,2.76605,0.3882596086180103,2.193,3.497,1.3039999999999998,2.2512499999999998,0.21264546105022591,1.92,2.725,0.8050000000000002,0.10912999999999999,0.00387598544345754,0.1014,0.1164,0.015,-1.051275,0.00220331687760928,-1.0545,-1.0475,0.006999999999999895,-0.15546999999999997,0.0031271476830458398,-0.1632,-0.15,0.013200000000000017,1.06996,0.0025598930898728927,1.0651,1.0736,0.008500000000000174,0.0005800178826158531,33.183,32.89,33.69,0.23949728050318403,0.7999999999999972,0.01855639097744357,0.46000000000000085,28.545000000000005,0.020390916450326427,0.004721804511277757,4.637999999999999,4.339999999999996,5.139999999999997,0.23583223296501046,0.013834586466165397,20.511999999999997,20.45,20.58,0.06057618083215969,0.129999999999999,0.002953206943845539,0.002257627550910774,0.10000000000000142,0.06436848840039779,0.9970554888070556,0.0031671704368174737,0.00020386597352436834,0.0035296411856474267,0.22611154446177845,1.1133834586466143,0.8300751879699239,0.0641789546658299,9.529325
36,S005,4,1788716232019,1788716242019,431.735,2026-09-06T17:37:12.019000+00:00,20,20,20,9,20,20,0.06624,0.004197668525816632,0.06636623388440842,0.0599,0.0741,0.014199999999999997,0.06484999999999999,0.06365,0.0692,-0.9451843881446744,1.1165316406090129,2.7329,0.4817662569294257,2.155,4.217,2.062,2.2404,0.2585826550132166,1.893,2.78,0.8869999999999998,0.10848999999999998,0.003962309268197287,0.1014,0.1164,0.015,-1.05068,0.0022617180242136066,-1.054,-1.0473,0.00670000000000015,-0.15601499999999996,0.0031389362931782466,-0.1632,-0.1505,0.012700000000000017,1.06943,0.002434856528789599,1.0658,1.0732,0.007399999999999851,0.00029821872344809906,33.204,32.89,33.69,0.2623055670898268,0.7999999999999972,0.0015037593984952057,0.5,28.553000000000004,0.021788456625131642,0.005203007518796112,4.651,4.339999999999996,5.139999999999997,0.25926820090400565,-0.0036992481203007,20.525,20.45,20.58,0.06295361701075512,0.129999999999999,0.003067167698453356,-0.005591180388673077,-0.129999999999999,0.06337059972549264,0.9969422110530336,0.0032272838002436054,0.00020451490990580428,0.003610231425091352,0.22660170523751524,0.09022556390971234,-0.221954887218042,0.0631768258060894,11.723259999999998
37,S005,4,1788716234519,1788716244519,434.235,2026-09-06T17:37:14.519000+00:00,20,20,20,9,20,20,0.06617999999999999,0.004386654401945207,0.06631796890737833,0.0593,0.0741,0.0148,0.06420000000000001,0.06315000000000001,0.06965,-1.026178316069396,1.1173442314478945,2.8091999999999997,0.5472280002069762,2.155,4.217,2.062,2.2525,0.333537893373136,1.857,3.129,1.272,0.108175,0.0057340052135896845,0.0975,0.1196,0.022099999999999995,-1.0503550000000001,0.002554763352929916,-1.0546,-1.0445,0.010099999999999998,-0.156025,0.0030383297004145317,-0.1632,-0.1513,0.011900000000000022,1.069095,0.00282106269636852,1.0625,1.0737,0.011200000000000099,-0.00017494341028672264,33.175999999999995,32.77,33.69,0.26406538265321594,0.9199999999999946,-0.027248120300752302,-0.480000000000004,28.564999999999998,0.014327007988227274,0.002315789473683774,4.610999999999999,4.180000000000003,5.139999999999997,0.2656848152466215,-0.02956390977443608,20.496499999999997,20.45,20.58,0.05914077763225144,0.129999999999999,0.002885408612799817,-0.001426549949818717,-0.04999999999999716,0.06628368694386837,0.9971228930164704,0.0032288439489668967,0.00021401968150392545,0.0036152513843827,0.22496523796745782,-1.6348872180451381,-1.7738345864661649,0.06609298168526807,13.194992999999998
38,S005,4,1788716237019,1788716247019,436.735,2026-09-06T17:37:17.019000+00:00,20,20,20,9,20,20,0.06637,0.00427109008642007,0.06650042857004758,0.0593,0.0741,0.0148,0.0648,0.06359999999999999,0.06935000000000001,-1.0505826861794374,1.1142785331367826,2.8166500000000005,0.5918496675232389,2.039,4.217,2.1779999999999995,2.2595,0.3326456151269063,1.857,3.129,1.272,0.10846499999999999,0.005969948866923753,0.0975,0.1196,0.022099999999999995,-1.050045,0.0027689015492562453,-1.0549,-1.0445,0.010399999999999965,-0.15669499999999997,0.0033238333924931664,-0.1649,-0.153,0.011899999999999994,1.0689199999999999,0.0031643740546741165,1.0625,1.0748,0.012299999999999978,-2.663956165455247e-05,33.168,32.77,33.69,0.2624499952371877,0.9199999999999946,-0.011905191025775159,-0.519999999999996,28.566000000000003,0.015355437918997964,0.0008419482464082195,4.601999999999999,4.180000000000003,5.139999999999997,0.26132456125628395,-0.012747139272183378,20.509999999999998,20.45,20.57,0.05271572221283811,0.120000000000001,0.002570244866545008,-0.0007209872814455879,0.08000000000000185,0.0643527209043253,0.997436344356213,0.0032359824475865434,0.0002082442753008323,0.003612871769868357,0.2243783520234032,-0.7143114615465095,-0.7648283563310027,0.06418774268818588,13.194992999999998
39,S005,4,1788716239519,1788716249519,439.235,2026-09-06T17:37:19.519000+00:00,24,20,20,10,20,20,0.06683750000000001,0.004895056290478847,0.0670090634416967,0.0593,0.0762,0.016900000000000005,0.06555,0.0629,0.070775,-1.0742812017946508,1.137159603287101,2.741,0.5327755053776729,2.039,4.217,2.1779999999999995,2.2384166666666667,0.31920579659478326,1.822,3.129,1.307,0.10875,0.006893853595145776,0.0949,0.1204,0.025499999999999995,-1.0501666666666667,0.0032969902832031784,-1.0565,-1.0445,0.01200000000000001,-0.15619166666666665,0.0032201696777690416,-0.1649,-0.1515,0.013399999999999995,1.0690083333333333,0.0037656244550183095,1.0625,1.0766,0.014100000000000001,0.00028849585004632797,33.193,32.77,33.85,0.30733318110891733,1.0799999999999983,0.02619850308042954,0.8000000000000043,28.570999999999998,0.01889026482776625,0.0016540922551283436,4.621999999999998,4.180000000000003,5.300000000000001,0.30559002463741347,0.024544410825301125,20.497000000000007,20.45,20.57,0.04554927927097563,0.120000000000001,0.0022222412680380356,-0.004060052641619983,-0.10000000000000142,0.07323817154260477,0.9977826861383297,0.003260843050202468,0.00023881818268423893,0.003717617212274966,0.2254964141093817,1.5719101848257724,1.4726646495180675,0.07307577952963996,13.194992999999998
40,S005,4,1788716242019,1788716252019,441.735,2026-09-06T17:37:22.019000+00:00,20,20,20,6,20,20,0.06642499999999998,0.004750277000233499,0.06658616598062994,0.0593,0.0762,0.016900000000000005,0.0653,0.06292500000000001,0.07025,-0.6237052208651255,1.1443818528636527,2.72575,0.4437622496456028,2.039,3.829,1.79,2.2157,0.3150744440019817,1.822,3.129,1.307,0.10905000000000001,0.007627202011636756,0.0949,0.1204,0.025499999999999995,-1.0506550000000001,0.0034328866171657447,-1.0565,-1.0445,0.01200000000000001,-0.155965,0.004275422416803427,-0.1649,-0.1478,0.017100000000000004,1.06948,0.003964261396660521,1.0625,1.0766,0.014100000000000001,9.57783534372246e-05,33.202,32.77,33.85,0.2824255840505883,1.0799999999999983,0.02766905148843465,0.28000000000000114,28.577000000000005,0.019761738683361264,0.002676690205031267,4.625,4.180000000000003,5.300000000000001,0.28394773425662995,0.024992361283403455,20.496,20.45,20.53,0.03560011827301567,0.08000000000000185,0.0017369300484492425,0.00445102512742807,0.08000000000000185,0.07151339104604441,0.9982660816464405,0.0032408762685402024,0.00023176605192396074,0.0037177985948477757,0.2256537861046058,1.6601430893060791,1.4995416770042074,0.0713893926647844,11.980941000000001
41,S005,4,1788716244519,1788716254519,444.235,2026-09-06T17:37:24.519000+00:00,20,20,20,6,20,20,0.06702,0.004223069474857558,0.06714628061181051,0.0596,0.0762,0.016600000000000004,0.06555,0.064225,0.07025,-0.24538058105468297,1.1348357542025496,2.80045,0.5913325251186154,2.039,4.652,2.613,2.2267,0.27440214438321225,1.822,2.889,1.0669999999999997,0.10894,0.008103241716485412,0.0946,0.1204,0.02579999999999999,-1.05071,0.0035955967223081963,-1.0573,-1.0451,0.012199999999999989,-0.15606,0.004341888989829196,-0.1649,-0.1478,0.017100000000000004,1.069555,0.0042376104239610374,1.0635,1.0775,0.014000000000000012,-0.00021821675600613608,33.223,32.77,33.85,0.28516108097926574,1.0799999999999983,-0.015727303985832043,-0.6400000000000006,28.586000000000002,0.023033156878496944,0.0058946986858761305,4.6370000000000005,4.160000000000004,5.300000000000001,0.29136882035263195,-0.02162200267170845,20.492,20.43,20.53,0.04149825614598719,0.10000000000000142,0.002025095459007768,-0.007458646616541952,-0.10000000000000142,0.06301207810888627,0.9979789972644546,0.003270544602771813,0.00020608381196845392,0.003718524302166699,0.2262834276790943,-0.9436382391499225,-1.297320160302507,0.06288473052665582,13.439627999999999
42,S005,4,1788716247019,1788716257019,446.735,2026-09-06T17:37:27.019000+00:00,20,20,20,7,20,20,0.066825,0.004409424714834065,0.06696306071260483,0.0596,0.0762,0.016600000000000004,0.0655,0.0633,0.07035,-0.49430336697413413,1.1379408167592384,2.9071999999999996,0.6276341207054348,2.114,4.652,2.5380000000000003,2.2355500000000004,0.2977373400905747,1.822,2.889,1.0669999999999997,0.10869999999999999,0.008299080481722372,0.0946,0.1204,0.02579999999999999,-1.0509750000000002,0.0039829736312669995,-1.0573,-1.0451,0.012199999999999989,-0.15559499999999998,0.004058451221314538,-0.1622,-0.1478,0.014400000000000024,1.0697050000000001,0.004686427772105119,1.0632,1.0775,0.01429999999999998,-0.00024973422748198593,33.202000000000005,32.77,33.85,0.257796329237678,1.0799999999999983,-0.026584043302023297,-0.14000000000000057,28.597,0.01750187959830804,0.003398455549767375,4.6049999999999995,4.160000000000004,5.300000000000001,0.2661123624969053,-0.029982498851790943,20.4865,20.43,20.56,0.04944694126030465,0.129999999999999,0.0024136353823398164,0.002661654135337919,0.08999999999999986,0.06598465716175181,0.9975921762263148,0.0032619041808019914,0.0002152356290647043,0.0037195226124521028,0.22478217362653452,-1.5950425981213978,-1.7989499311074566,0.06582577773553927,13.439627999999999
43,S005,4,1788716252019,1788716262019,451.735,2026-09-06T17:37:32.019000+00:00,20,20,20,7,20,20,0.066445,0.0033887546229753552,0.06652704337335305,0.0608,0.0739,0.013099999999999994,0.06609999999999999,0.063525,0.068275,-0.23510487249994227,1.1108264587270105,3.0173,0.6076845701859684,2.114,4.652,2.5380000000000003,2.26355,0.3271288937985984,1.727,2.889,1.1619999999999997,0.10867,0.007350767951288097,0.0946,0.1202,0.025599999999999998,-1.0510300000000001,0.0040443723083342376,-1.0573,-1.0454,0.0118999999999998,-0.15605000000000002,0.0029308701779505704,-0.1617,-0.1501,0.0116,1.0698150000000002,0.004751207602727,1.0632,1.0775,0.01429999999999998,-0.00017972887370011989,33.192,32.77,33.87,0.29946619174791594,1.0999999999999943,0.02429985641069701,0.759999999999998,28.621,0.019973666874689593,0.003939690641777025,4.571000000000001,4.160000000000004,5.199999999999996,0.2923930303726916,0.020360165768919778,20.482499999999998,20.43,20.56,0.05674272501480018,0.129999999999999,0.002770302698147208,0.0007368421052625681,-0.05000000000000071,0.051000897328246746,0.9972373506767271,0.00324398877090199,0.00016544633823875775,0.003607958012937874,0.22316611741730752,1.4579913846418207,1.2216099461351866,0.05085999973375656,13.439627999999999
44,S005,4,1788716254519,1788716264519,454.235,2026-09-06T17:37:34.519000+00:00,20,20,20,7,20,20,0.06551,0.003750915677678269,0.06561193488992685,0.0582,0.0739,0.015699999999999992,0.06534999999999999,0.06319999999999999,0.06785,0.28318851138731116,1.1263194741014348,2.9109000000000003,0.46982078330045457,2.231,3.861,1.6300000000000003,2.2560500000000006,0.29691492224647714,1.727,2.75,1.023,0.10927499999999998,0.0055647267866918955,0.1001,0.118,0.0179,-1.0508250000000001,0.004108895997197946,-1.0568,-1.0439,0.012899999999999912,-0.156285,0.0027991117011990567,-0.1617,-0.1501,0.0116,1.069665,0.004694035969633261,1.0625,1.0763,0.013800000000000034,-0.0005003488477982452,33.196999999999996,32.95,33.87,0.2633608690911019,0.9199999999999946,0.008992481203006676,0.14000000000000057,28.628999999999998,0.023819496658255997,0.00387969924811967,4.568000000000001,4.320000000000004,5.199999999999996,0.2576329498377578,0.005112781954887144,20.490000000000002,20.43,20.56,0.04963021151211029,0.129999999999999,0.0024221674725285647,-0.005052433380550417,0.05000000000000071,0.05725714665972018,0.9975836852464708,0.003197169350902879,0.00018306079442060853,0.0036066373840897992,0.22293801854563206,0.5395488721804006,0.30676691729322864,0.057118795371501316,10.617750000000001
45,S005,4,1788716257019,1788716267019,456.735,2026-09-06T17:37:37.019000+00:00,20,20,20,6,20,20,0.065415,0.004465337259614918,0.06555962553279267,0.0557,0.0739,0.018199999999999994,0.06534999999999999,0.06319999999999999,0.06797500000000001,0.2807784096950616,1.1272181529321808,2.8363500000000004,0.4835204534943361,2.231,4.138,1.907,2.2258,0.29831484604092545,1.693,2.678,0.9849999999999999,0.10900999999999998,0.004503554152000396,0.1001,0.1159,0.01580000000000001,-1.050405,0.0042164433752680565,-1.0573,-1.0439,0.013399999999999856,-0.15646500000000002,0.002915164525464443,-0.1617,-0.15,0.011700000000000016,1.0692549999999998,0.0046079422282563,1.0625,1.0766,0.014100000000000001,-0.0003394264900553992,33.25,32.95,33.87,0.31139752897643713,0.9199999999999946,0.012872180451127447,-0.5399999999999991,28.639,0.02198085291195251,0.001233082706766785,4.611000000000001,4.299999999999997,5.199999999999996,0.31176745719914484,0.011639097744360524,20.505499999999998,20.45,20.57,0.052362602162833394,0.120000000000001,0.002553588167215303,0.006180167600254569,0.010000000000001563,0.06826167178192949,0.9974529160362553,0.0031901197239764946,0.00021776290554314297,0.003603911145790154,0.22486649923191346,0.7723308270676468,0.6983458646616314,0.06808780357239533,11.081564
46,S005,4,1788716259519,1788716269519,459.235,2026-09-06T17:37:39.519000+00:00,20,20,20,7,20,20,0.06541,0.004487983957190579,0.06555610574157072,0.0557,0.0729,0.017200000000000007,0.06565,0.06294999999999999,0.068575,-0.10436829079886367,1.112024565452068,2.8105499999999997,0.46210245788022736,2.256,4.138,1.8820000000000001,2.2624500000000003,0.28086117098741337,1.693,2.819,1.126,0.10887500000000001,0.0050351266121121535,0.1001,0.1159,0.01580000000000001,-1.05073,0.00410059045812466,-1.0573,-1.0439,0.013399999999999856,-0.15624,0.002700954996799624,-0.1613,-0.15,0.011300000000000004,1.06954,0.004386030455650641,1.0625,1.0766,0.014100000000000001,0.00031420801446775757,33.263999999999996,32.97,33.87,0.27044602535733214,0.8999999999999986,-0.0033684210526317955,0.0799999999999983,28.648999999999994,0.024687520819446133,0.004300751879698438,4.614999999999998,4.299999999999997,5.199999999999996,0.27406299698388586,-0.007669172932331129,20.489,20.42,20.57,0.058480766068853565,0.14999999999999858,0.002854251845812561,0.001984302790907226,-0.029999999999997584,0.06861311660587951,0.9971538717210809,0.0031924447264385764,0.00021904358227295518,0.003558006735321392,0.22524281321684797,-0.20210526315790772,-0.46015037593986774,0.06841783487440276,11.665021999999999
47,S005,4,1788716262019,1788716272019,461.735,2026-09-06T17:37:42.019000+00:00,20,20,20,7,20,20,0.06645,0.004764396465892666,0.06661206347201684,0.0557,0.073,0.017299999999999996,0.06670000000000001,0.06420000000000001,0.070075,-0.028634990508086933,1.0958975926435108,2.8092,0.4370509545145797,2.256,4.138,1.8820000000000001,2.2685500000000003,0.3326517817399101,1.693,3.014,1.3209999999999997,0.10873500000000003,0.00723371310345924,0.0967,0.1232,0.02650000000000001,-1.05085,0.0036928807753639358,-1.0573,-1.0439,0.013399999999999856,-0.15529500000000002,0.0035617078990134413,-0.1613,-0.1497,0.0116,1.0695450000000002,0.003924883504808259,1.0625,1.0766,0.014100000000000001,0.000608741508985689,33.292,32.97,33.99,0.29083545718824366,1.0200000000000031,0.029353383458646697,-0.03999999999999915,28.667,0.031970381029289306,0.007488721804510919,4.624999999999999,4.299999999999997,5.280000000000001,0.2900362953693538,0.021864661654135295,20.506000000000004,20.42,20.57,0.061848711853155665,0.14999999999999858,0.0030161275652567858,0.00032948888780807723,0.07000000000000028,0.07169896863645848,0.9969929421049508,0.0032405149712279326,0.0002323415812880457,0.003559933677947917,0.22554374329464538,1.7612030075188019,1.3118796992481176,0.07148336568675334,12.471931999999999
48,S005,4,1788716264519,1788716274519,464.235,2026-09-06T17:37:44.519000+00:00,20,20,20,7,20,20,0.06724500000000001,0.004407108492328944,0.06738205621677035,0.0557,0.073,0.017299999999999996,0.06825,0.065275,0.070225,1.110921012310838,1.0833744782907266,2.87435,0.4434895447649126,2.256,4.138,1.8820000000000001,2.272,0.3229306590064123,1.693,3.014,1.3209999999999997,0.10844499999999999,0.00784142005130784,0.0967,0.1232,0.02650000000000001,-1.0510999999999997,0.0032681879737216594,-1.0573,-1.044,0.013299999999999867,-0.155365,0.003447848299263883,-0.1603,-0.1497,0.010599999999999998,1.0698,0.003615027116444876,1.0631,1.0766,0.013500000000000068,0.00010037817682468979,33.346000000000004,32.97,33.99,0.3174636323970622,1.0200000000000031,0.011548872180451005,0.9000000000000057,28.682000000000006,0.028580449703655496,0.007037593984961806,4.664,4.299999999999997,5.280000000000001,0.31872112872343,0.004511278195488993,20.511500000000005,20.42,20.57,0.06343459126077043,0.14999999999999858,0.0030926354123672287,-0.005730252416587552,-0.10000000000000142,0.06553808450188034,0.9969168994934392,0.0032784047973088266,0.00021486037063739573,0.0035589791092801586,0.22738463788606383,0.6929323308270603,0.27067669172933956,0.06533602400035357,12.471931999999999
49,S005,4,1788716267019,1788716277019,466.735,2026-09-06T17:37:47.019000+00:00,20,20,20,7,20,20,0.06750999999999999,0.0036214129257718408,0.0676022115022874,0.0609,0.073,0.012099999999999993,0.06825,0.065275,0.07005,-0.5562370378056993,1.079846330138622,2.8227,0.3082055192647645,2.369,3.691,1.3219999999999996,2.2894,0.29825605389364773,1.893,3.014,1.1209999999999998,0.108585,0.007971942575122619,0.0967,0.1232,0.02650000000000001,-1.051225,0.002931476186425345,-1.0552,-1.0446,0.010599999999999943,-0.15521500000000002,0.0032619456576841108,-0.1595,-0.1497,0.009800000000000003,1.069935,0.003476428142731988,1.0627,1.0743,0.011600000000000055,-0.0001478537215345353,33.339,33.05,33.99,0.2917443004449365,0.9400000000000048,0.005563909774434741,0.14000000000000057,28.699,0.018890264827766252,0.004180451127818711,4.639999999999999,4.339999999999996,5.280000000000001,0.28837110593268916,0.0013834586466164433,20.488500000000005,20.42,20.57,0.05373179006098602,0.14999999999999858,0.002622534107474242,0.0016680478976706257,-0.08000000000000185,0.05364261480924073,0.9973843255878857,0.003295019157088121,0.00017675344343274715,0.0035629743514654553,0.22646850672328367,0.33383458646608444,0.08300751879698659,0.05350230319428529,11.124673999999999
50,S005,4,1788716269519,1788716279519,469.235,2026-09-06T17:37:49.519000+00:00,20,20,20,6,20,20,0.066725,0.004083841715577959,0.06684361974040604,0.0558,0.073,0.017199999999999993,0.06670000000000001,0.065,0.06985,1.4100004719069652,1.0921012399313934,2.88365,0.30597269830045803,2.369,3.691,1.3219999999999996,2.2646500000000005,0.2784204081675955,1.893,3.014,1.1209999999999998,0.10869999999999999,0.00756877240967607,0.0967,0.1232,0.02650000000000001,-1.0512000000000001,0.0035573496935366322,-1.0559,-1.0443,0.011600000000000055,-0.155185,0.0039736334956680065,-0.1629,-0.1494,0.013499999999999984,1.069875,0.004186931422514832,1.0623,1.0753,0.0129999999999999,-0.0004367640431191506,33.376999999999995,33.05,33.99,0.31611290454686053,0.9400000000000048,-0.013202622176861436,-0.7000000000000028,28.711000000000002,0.0137266548230649,0.002195519177504335,4.6659999999999995,4.339999999999996,5.280000000000001,0.31729780134259056,-0.015398141354364877,20.497,20.42,20.55,0.03894665717700546,0.129999999999999,0.0019001150010735943,-0.0053536878101719644,0.03999999999999915,0.06120407217052018,0.9981034885887088,0.00325535444211348,0.0001992409482157369,0.0035614968044104015,0.2276430697175196,-0.7921573306116861,-0.9238884812618926,0.061087997949231296,11.124673999999999
51,S005,4,1788716272019,1788716282019,471.735,2026-09-06T17:37:52.019000+00:00,20,20,20,6,20,20,0.06541500000000001,0.004911241133734345,0.06558991157182635,0.0558,0.0742,0.0184,0.06505,0.06242500000000001,0.068975,-0.4410710616791391,1.1312715358480838,2.7881,0.3568340171416869,2.239,3.691,1.452,2.28465,0.21841950823804035,1.893,2.709,0.8160000000000001,0.10828,0.004317479771689425,0.101,0.1174,0.016399999999999998,-1.050295,0.0038262906319306038,-1.0559,-1.0443,0.011600000000000055,-0.15594000000000002,0.0037655502149158263,-0.1629,-0.1494,0.013499999999999984,1.069,0.004412899750790422,1.0623,1.0753,0.0129999999999999,-0.00028962619836247024,33.36299999999999,33.05,33.95,0.26606489117467075,0.9000000000000057,0.013619957920916276,0.3200000000000003,28.717000000000002,0.013416407864998453,0.0034583460250905227,4.645999999999999,4.339999999999996,5.240000000000002,0.26494090701612355,0.010161611895825477,20.480999999999995,20.46,20.55,0.02653696528082643,0.08999999999999986,0.0012956869918864526,-0.005232896429123121,-0.08999999999999986,0.07507821040639523,0.9987059896405036,0.003193935842976419,0.0002397949872435109,0.003622869977051903,0.22684439236365414,0.8171974752549765,0.6096967137495286,0.0749810584243569,9.998918999999999
52,S005,4,1788716274519,1788716284519,474.235,2026-09-06T17:37:54.519000+00:00,20,20,20,6,20,20,0.06431500000000001,0.005255500877526729,0.06451866784117602,0.0555,0.0742,0.0187,0.06409999999999999,0.06125,0.0672,-0.5069327119960105,1.1500547435767936,2.7201000000000004,0.27054971330315813,2.239,3.356,1.117,2.23495,0.23021716864048633,1.893,2.709,0.8160000000000001,0.10769500000000001,0.004158121412875113,0.0977,0.1146,0.0169,-1.0502950000000002,0.004222804630499547,-1.0559,-1.0443,0.011600000000000055,-0.15605999999999998,0.004146323672845621,-0.1642,-0.1494,0.014800000000000008,1.0689149999999998,0.004832268182693675,1.0623,1.0755,0.013199999999999878,-0.0005870588457709548,33.357,33.05,33.91,0.2474522814179475,0.8599999999999994,0.007667580610055845,0.46000000000000085,28.726,0.012311740225021586,0.0031277183469646734,4.631,4.32,5.199999999999996,0.24908041398628405,0.004539862263090965,20.485499999999995,20.46,20.52,0.023725402775128704,0.05999999999999872,0.0011581559041824075,0.0038345864661653924,0.05000000000000071,0.0817150101457938,0.9988431838692494,0.003139537721803228,0.00025654735679025314,0.0036220741500085436,0.22606233677479198,0.46005483660335067,0.2723917357854579,0.0816204809039327,9.091404
53,S005,4,1788716277019,1788716287019,476.735,2026-09-06T17:37:57.019000+00:00,20,20,20,6,20,20,0.06473999999999999,0.005287562367431112,0.06494480733669167,0.0555,0.0742,0.0187,0.06505,0.06125,0.06897500000000001,-0.7431871660057139,1.1425085860263913,2.7040500000000005,0.27612229841903485,2.239,3.356,1.117,2.2430000000000003,0.23251213890212724,1.916,2.709,0.7930000000000001,0.10777500000000002,0.004617458289214054,0.0977,0.1161,0.0184,-1.0506449999999998,0.0041625491936401,-1.056,-1.0443,0.011700000000000044,-0.15643,0.0043767447648728735,-0.1642,-0.1494,0.014800000000000008,1.0693249999999999,0.00488325549306262,1.0623,1.0766,0.01429999999999998,0.0003921247867130657,33.352999999999994,33.07,33.91,0.2338938130636924,0.8399999999999963,-0.007308713641664583,-0.14000000000000057,28.732999999999997,0.011742858972247748,0.002556319995489223,4.619999999999999,4.32,5.199999999999996,0.23832750575625913,-0.009865033637153737,20.476000000000006,20.42,20.52,0.03733208017946824,0.09999999999999787,0.001823211573523551,-0.0034888592632928584,-0.06999999999999673,0.08167380857941169,0.9981801064774095,0.003161750341863644,0.0002582321921972607,0.0036237546395780414,0.22563000586051954,-0.438522818499875,-0.5919020182292242,0.08152517094421272,9.091404
54,S006,5,1788716296521,1788716306521,496.237,2026-09-06T17:38:16.521000+00:00,21,20,20,8,20,20,0.06910952380952382,0.004383024613426756,0.06924176760418801,0.0631,0.0777,0.014600000000000002,0.069,0.0655,0.071,-0.9712510655802467,1.1221550617275173,2.755952380952381,0.46562522227543424,1.826,3.703,1.8769999999999998,2.2750952380952385,0.3506998581068867,1.775,3.066,1.291,0.10859523809523809,0.0036310434024500703,0.0994,0.1151,0.015699999999999992,-1.0508285714285714,0.003778246002729678,-1.0584,-1.0437,0.014699999999999935,-0.15553809523809525,0.003862832664053181,-0.1623,-0.1497,0.0126,1.0696095238095238,0.004310441365093012,1.0624,1.0781,0.015700000000000047,0.0003746709053189772,33.36,33.03,33.99,0.2860621941944934,0.9600000000000009,-0.0024668294352298875,-0.3200000000000003,28.784999999999997,0.014327007988227272,0.0021352443502186806,4.575000000000001,4.240000000000002,5.200000000000003,0.2848360562628406,-0.00460207378544905,20.53,20.46,20.57,0.0515037045167369,0.10999999999999943,0.0025087045551260055,-0.0018038234082394303,-0.07000000000000028,0.06342142691515322,0.9974975732941499,0.0033662700345603413,0.00021349364897353898,0.0037847053093034585,0.22284461763273264,-0.14800976611379324,-0.276124427126943,0.06326271944271762,11.353397999999999
55,S006,5,1788716299021,1788716309021,498.737,2026-09-06T17:38:19.021000+00:00,19,20,20,7,20,20,0.07008947368421055,0.005080342807423105,0.07026368755960424,0.0618,0.0777,0.015900000000000004,0.0708,0.06559999999999999,0.075,-1.397270931401583,1.1058343605164132,2.808894736842105,0.4595301821470419,1.826,3.703,1.8769999999999998,2.2953684210526317,0.3607324663524226,1.698,3.066,1.3679999999999999,0.10814736842105264,0.003752239097607458,0.0994,0.1151,0.015699999999999992,-1.0504736842105262,0.0034536361040476272,-1.0561,-1.0437,0.012399999999999967,-0.15584736842105262,0.0029140213567913774,-0.16,-0.1497,0.010300000000000004,1.0693052631578945,0.0038029920507426426,1.0624,1.0759,0.013500000000000068,0.00017535043187612287,33.403,33.03,34.01,0.3121588664362048,0.9799999999999969,0.011336849960260265,0.1600000000000037,28.796,0.014653901941300618,0.002826961449552262,4.607000000000002,4.240000000000002,5.200000000000003,0.30910907630257495,0.008509888510707522,20.5115,20.46,20.57,0.046822734019412136,0.10999999999999943,0.002282755235814647,0.0017598927722085307,-0.08999999999999986,0.07248367751072986,0.997722443867372,0.003417081816747217,0.0002476826564328842,0.0037881188601516223,0.22460570899251647,0.6802109976156159,0.5105933106424513,0.07231859186649986,11.353397999999999
56,S006,5,1788716301521,1788716311521,501.237,2026-09-06T17:38:21.521000+00:00,20,20,20,8,20,20,0.06981,0.004680969310325643,0.0699589308094399,0.0618,0.0766,0.0148,0.07065,0.06565,0.07392499999999999,-1.2117293245723246,1.0949281115894924,2.7757,0.45146487885781905,1.826,3.703,1.8769999999999998,2.328,0.3570789386410974,1.698,3.066,1.3679999999999999,0.10867999999999997,0.003169359888883425,0.1021,0.1151,0.012999999999999998,-1.05061,0.004098895871868547,-1.0577,-1.0437,0.014000000000000012,-0.15662500000000001,0.003213110478550096,-0.1617,-0.1497,0.01200000000000001,1.0695850000000002,0.004417462357984589,1.0624,1.0778,0.01540000000000008,8.169771178546634e-05,33.43599999999999,33.03,34.03,0.31356020155625575,1.0,0.00030256568649363264,0.5200000000000031,28.803000000000004,0.018666040089734666,0.004360868857600936,4.633000000000001,4.240000000000002,5.200000000000003,0.31006111451912494,-0.004058303171107372,20.511000000000003,20.46,20.57,0.04140938108816958,0.10999999999999943,0.0020188865042255165,-0.006676381771208461,0.019999999999999574,0.0670529911234156,0.997985181186286,0.0034035395641363164,0.00022821750818222624,0.003734581444103164,0.22587879674321099,0.01815394118961796,-0.24349819026644234,0.06691789149538435,11.353397999999999
57,S006,5,1788716304021,1788716314021,503.737,2026-09-06T17:38:24.021000+00:00,20,20,20,8,20,20,0.07035499999999999,0.0043739028699537295,0.07048404429372651,0.0618,0.0783,0.016499999999999994,0.0707,0.068825,0.072975,-0.10130414806724497,1.110889716737908,2.8737,0.5515518871425664,1.826,4.041,2.2150000000000003,2.33545,0.3202711803259363,1.698,3.066,1.3679999999999999,0.10884,0.0033173229536702276,0.1021,0.1151,0.012999999999999998,-1.0508899999999999,0.0038139494656216676,-1.0577,-1.0437,0.014000000000000012,-0.15653500000000004,0.003108439276685667,-0.1617,-0.1516,0.010099999999999998,1.0699,0.004185689907291282,1.0624,1.0778,0.01540000000000008,0.00013701851863198502,33.408,33.03,34.13,0.31788114296483755,1.1000000000000014,0.03525214802567529,0.35999999999999943,28.809999999999995,0.019466570535691473,0.004751748643980301,4.598000000000002,4.240000000000002,5.300000000000004,0.30949194360741417,0.030500399381694576,20.499500000000005,20.48,20.57,0.03170173496829467,0.08999999999999986,0.0015464638146439993,-0.008343946090039665,-0.08999999999999986,0.062169040863531096,0.9984559240429506,0.0034320349276811615,0.00021336631966407612,0.0038196053562281995,0.2242981536135028,2.1151288815405174,1.8300239629016746,0.0620730471422609,12.389706
58,S006,5,1788716306521,1788716316521,506.237,2026-09-06T17:38:26.521000+00:00,19,20,20,8,20,20,0.06982631578947368,0.00464170013216699,0.06997232159556867,0.0618,0.0783,0.016499999999999994,0.0704,0.06675,0.0723,-0.5761456657891673,1.119013893129976,2.811315789473684,0.4102221691598048,2.23,4.041,1.8110000000000004,2.1918947368421056,0.25713180682652104,1.698,2.671,0.9729999999999999,0.10845789473684211,0.0032278847200731737,0.1021,0.1137,0.0116,-1.0504789473684213,0.0037089349994856094,-1.0577,-1.0439,0.013800000000000034,-0.15660000000000002,0.003213686011074787,-0.1617,-0.1516,0.010099999999999998,1.0694473684210528,0.004055088493492902,1.0634,1.0778,0.01440000000000019,-0.00034319464314937784,33.458000000000006,33.17,34.13,0.3091856876921764,0.9600000000000009,-0.014369562343751413,-0.5,28.822000000000003,0.016415653633363073,0.0030676701890368584,4.636000000000001,4.359999999999999,5.300000000000004,0.306601060869521,-0.017437232532788338,20.4915,20.48,20.51,0.013484884325168216,0.030000000000001137,0.0006580720945352081,0.001458091429254523,0.010000000000001563,0.06647493970842905,0.9993423606795497,0.003407574642631027,0.00022651831892086917,0.003821096552228973,0.2262401483541957,-0.8621737406250848,-1.0462339519673003,0.06643122317425222,10.793511
59,S006,5,1788716309021,1788716319021,508.737,2026-09-06T17:38:29.021000+00:00,20,20,20,9,20,20,0.06918999999999999,0.004445683891501722,0.06932555084526916,0.0594,0.0783,0.018899999999999993,0.06955,0.066875,0.0718,0.35284505678510625,1.129453701345429,2.87945,0.43342193797244455,2.457,4.041,1.5840000000000005,2.25325,0.26439322290064365,1.94,2.76,0.8199999999999998,0.109065,0.003960100344289536,0.1023,0.1159,0.013600000000000001,-1.0505150000000003,0.0035088272144767393,-1.0577,-1.0439,0.013800000000000034,-0.15629999999999994,0.003146091978445974,-0.1617,-0.1516,0.010099999999999998,1.0694699999999997,0.003887645749510141,1.0634,1.0778,0.01440000000000019,-0.0003323252782497717,33.42099999999999,33.05,34.13,0.3189109758636661,1.0800000000000054,-0.014999407159567156,-0.240000000000002,28.825000000000006,0.01572795031314154,0.001954869750460104,4.596000000000001,4.219999999999999,5.300000000000004,0.3147329695237905,-0.01695427691002774,20.479000000000003,20.43,20.51,0.028451251013102453,0.08000000000000185,0.0013892890772548684,-0.003188236413140935,-0.05000000000000071,0.06425327202632927,0.9986126383691051,0.0033785829386200486,0.00021708500861866896,0.0038234288783632006,0.22442502075296647,-0.8999644295740293,-1.0172566146016644,0.06416412950206049,11.15316
60,S007,6,1788716329022,1788716339022,528.738,2026-09-06T17:38:49.022000+00:00,22,20,20,8,20,20,0.0676,0.004627557208105126,0.06775102146160535,0.0595,0.0751,0.015600000000000003,0.06755,0.063125,0.0714,-1.1313360992343982,1.1084703725472145,2.8505909090909083,0.5473930127336395,2.141,4.644,2.503,2.2618181818181817,0.23063465984180764,1.956,2.863,0.907,0.10902727272727275,0.004586956851788905,0.0988,0.1164,0.017600000000000005,-1.0524772727272729,0.0037419032359001306,-1.0595,-1.0459,0.013600000000000056,-0.15600454545454545,0.004232468296253129,-0.1628,-0.1494,0.013399999999999995,1.0713499999999998,0.004177804162361819,1.0642,1.0787,0.014499999999999957,-0.0004033973184255291,33.538,33.07,33.99,0.2644079782218539,0.9200000000000017,-0.009864661654135933,-0.5800000000000054,28.883,0.020799797569864713,-0.00033082706766993715,4.654999999999999,4.18,5.100000000000001,0.2632489316217636,-0.009533834586466273,20.541000000000004,20.51,20.56,0.021250386993379215,0.04999999999999716,0.0010345351732330076,0.0021653660393715704,0.0,0.06845498828557879,0.9989665339837112,0.003290979017574606,0.00022528393009615526,0.003656102429287765,0.22661993086996732,-0.591879699248156,-0.5720300751879763,0.0683842423815402,13.295772
61,S007,6,1788716331522,1788716341522,531.238,2026-09-06T17:38:51.522000+00:00,18,20,20,7,20,20,0.06732777777777779,0.0043044170959547715,0.06745760396970332,0.0597,0.0724,0.012700000000000003,0.06725,0.063125,0.0714,-1.4547361518939383,1.0732666999633789,2.9176111111111114,0.5759676399088948,2.141,4.644,2.503,2.278777777777778,0.22755233542962625,1.956,2.863,0.907,0.10891666666666666,0.004700219018676623,0.0988,0.1164,0.017600000000000005,-1.0522222222222222,0.0030691166683889616,-1.0578,-1.0464,0.011400000000000077,-0.15687222222222222,0.00434061605217719,-0.1631,-0.1499,0.01319999999999999,1.0712055555555553,0.0032702711206587165,1.0654,1.0772,0.011800000000000033,-0.00039252901157563435,33.535999999999994,33.07,34.17,0.2788774490326305,1.1000000000000014,0.027729323308269556,0.01999999999999602,28.886000000000003,0.020104987598000956,-0.0002406015037597289,4.65,4.18,5.260000000000002,0.2757955001350402,0.027969924812030044,20.538999999999998,20.51,20.56,0.021250386993379163,0.04999999999999716,0.0010346359118447424,0.0037894814849403877,0.019999999999999574,0.06393226151265441,0.9989664334532219,0.0032780455610194165,0.00020957286605748925,0.0035250012171965535,0.2263985588392814,1.6637593984961734,1.6781954887218027,0.06386618326589506,13.295772
62,S007,6,1788716334022,1788716344022,533.738,2026-09-06T17:38:54.022000+00:00,20,20,20,7,20,20,0.067095,0.004324407473862748,0.0672272600958867,0.0597,0.0746,0.014899999999999997,0.06705,0.06317500000000001,0.07095,-1.0451979803100215,1.1096689035608103,2.87995,0.5666644300781455,2.065,4.644,2.579,2.1828000000000003,0.1594376961303958,1.886,2.513,0.627,0.10886500000000002,0.004538638214498406,0.0988,0.1164,0.017600000000000005,-1.051385,0.0031598259445735247,-1.0578,-1.0458,0.01200000000000001,-0.15702,0.0036960291637035754,-0.1631,-0.1499,0.01319999999999999,1.07038,0.0032360794993812818,1.0644,1.0767,0.012299999999999978,0.00036631938475558854,33.546,33.27,34.17,0.2386452994453665,0.8999999999999986,-0.0073984962406023645,0.1599999999999966,28.891,0.019973666874688673,0.002015037593984733,4.654999999999999,4.380000000000003,5.260000000000002,0.23955001675290274,-0.009413533834586409,20.542999999999996,20.51,20.56,0.016575187543591545,0.04999999999999716,0.0008068533098180182,-0.0032476762074000625,0.0,0.06445200795681866,0.9991937971775976,0.0032660760356325765,0.00021050515863616556,0.003631407292021614,0.22659786788687145,-0.4439097744361419,-0.5648120300751845,0.06440004656609437,11.670372
63,S007,6,1788716336522,1788716346522,536.238,2026-09-06T17:38:56.522000+00:00,20,20,20,7,20,20,0.067265,0.005034018484795537,0.06744371356916819,0.0576,0.0746,0.017,0.06684999999999999,0.0631,0.072175,-1.1235982056712215,1.1061075384511938,2.8306500000000003,0.5707678369391627,2.065,4.644,2.579,2.23385,0.2310095179173816,1.886,2.723,0.837,0.10867500000000001,0.004802836333054176,0.0988,0.1164,0.017600000000000005,-1.05122,0.002465253269790033,-1.0556,-1.0458,0.009800000000000031,-0.1567,0.003949683531626299,-0.1631,-0.147,0.016100000000000003,1.0701650000000003,0.002530503382416433,1.0644,1.0745,0.010099999999999998,0.0002204768027718262,33.553000000000004,33.27,34.17,0.2568042465626923,0.8999999999999986,-0.013925960971308465,-0.5200000000000031,28.894,0.02112618729145572,0.004210364194419793,4.659000000000001,4.380000000000003,5.260000000000002,0.2580473232812773,-0.018136325165728398,20.532999999999998,20.51,20.56,0.018381913307435674,0.04999999999999716,0.0008952375837644609,-0.005954459499284895,-0.04999999999999716,0.0748386008294884,0.9991055631497201,0.0032759460380850343,0.00024516721788318986,0.003633175863244534,0.22690303414016466,-0.8355576582785079,-1.088179509943704,0.07477166242708312,12.645612
64,S007,6,1788716339022,1788716349022,538.738,2026-09-06T17:38:59.022000+00:00,18,20,20,7,20,20,0.06723333333333334,0.00523977996843828,0.06742589347655031,0.0575,0.0746,0.017099999999999997,0.067,0.064025,0.071475,-0.5433365926231897,1.106399873306013,2.778666666666667,0.4088097500851782,2.065,3.389,1.3239999999999998,2.209055555555556,0.23435304494117973,1.886,2.723,0.837,0.10872222222222222,0.0037082666880990877,0.104,0.116,0.01200000000000001,-1.0509666666666666,0.0023825344883621853,-1.0556,-1.0458,0.009800000000000031,-0.1574888888888889,0.004232491810754578,-0.1639,-0.147,0.0169,1.0700222222222222,0.0026037429066985396,1.0644,1.0745,0.010099999999999998,-0.0004433600671830983,33.517999999999994,33.33,34.17,0.23623360427651727,0.8400000000000034,-0.024721548811523105,-0.30000000000000426,28.903999999999996,0.017290094517411984,0.0030074216056747397,4.614,4.399999999999999,5.260000000000002,0.2361177226456517,-0.02772897041719764,20.5345,20.51,20.56,0.020124611797497083,0.04999999999999716,0.00098003904636086,0.0011277922674441524,0.00999999999999801,0.07793425833076272,0.9990209204897887,0.0032741646172701226,0.00025516959109977256,0.003632910467749397,0.22469502544498282,-1.4832929286913863,-1.6637382250318584,0.07785795449528755,9.228247
65,S007,6,1788716341522,1788716351522,541.238,2026-09-06T17:39:01.522000+00:00,20,20,20,7,20,20,0.068025,0.0067302830940693574,0.06834056262572032,0.0575,0.0874,0.029900000000000003,0.06765,0.06382499999999999,0.072175,2.5352703089099773,1.2788890907829105,2.8055000000000003,0.4727563632013517,2.065,3.891,1.826,2.20775,0.25355760790462545,1.886,2.723,0.837,0.10887,0.004225872690936158,0.103,0.1161,0.0131,-1.0511150000000002,0.00294801896016183,-1.0574,-1.0458,0.011599999999999833,-0.15667499999999995,0.004010496097413438,-0.1639,-0.147,0.0169,1.0700999999999998,0.0034596927152870864,1.0644,1.078,0.013600000000000056,0.00023104703339706258,33.477000000000004,33.21,34.15,0.24350726780464763,0.9399999999999977,-0.0074275754477115125,-0.21999999999999886,28.913,0.014903196407411575,0.0024962425680675484,4.564,4.280000000000001,5.220000000000002,0.23952584741306643,-0.009923818015779544,20.521500000000003,20.49,20.56,0.02661123624969037,0.07000000000000028,0.001296749080217838,-0.002300751879700117,-0.0400000000000027,0.09893837698007141,0.9987049303002242,0.0033148161684087418,0.0003279625316896599,0.004258947932655995,0.22240089662061738,-0.44565452686269075,-0.5954290809467726,0.09881024488589953,10.595193
66,S008,7,1788716361023,1788716371023,560.739,2026-09-06T17:39:21.023000+00:00,20,20,20,7,20,20,0.06598,0.005300705017656664,0.06618196884348486,0.058,0.08,0.022,0.06584999999999999,0.062125,0.068525,1.2460685269796548,1.2087884570069787,2.87465,0.6272674469474724,2.164,4.511,2.347,2.16735,0.25997110669416607,1.794,2.56,0.766,0.10924500000000001,0.004582170825458629,0.1021,0.1179,0.01580000000000001,-1.0515050000000001,0.0027882224105200814,-1.0576,-1.047,0.010600000000000165,-0.15783000000000003,0.003753608789867214,-0.1654,-0.1527,0.012699999999999989,1.070575,0.0033944032883867262,1.0654,1.0773,0.011900000000000022,0.00034504265813077963,33.572,33.25,34.15,0.29464697878183527,0.8999999999999986,0.01281203007518786,0.21999999999999886,28.927999999999997,0.017044832524535446,-0.0004812030075197333,4.643999999999998,4.32,5.200000000000003,0.2911031649288258,0.013293233082706765,20.549499999999995,20.52,20.59,0.02372540277512912,0.07000000000000028,0.0011545489075222815,0.007533005064515141,0.07000000000000028,0.08033805725457205,0.9988467825384382,0.0032107837173653868,0.0002579481261177481,0.003893038760067156,0.2259909000218983,0.7687218045112716,0.7975939849624059,0.08024541000411813,11.548160000000001
67,S008,7,1788716363523,1788716373523,563.239,2026-09-06T17:39:23.523000+00:00,20,20,20,7,20,20,0.066705,0.0052405780115114065,0.06690028026847122,0.0605,0.08,0.019500000000000003,0.0668,0.062125,0.0694,0.5750435784269072,1.1958096390472435,2.847400000000001,0.5783227472614233,2.166,4.511,2.345,2.145,0.23158810986658823,1.819,2.56,0.7410000000000001,0.10877,0.005081245185146939,0.1014,0.1179,0.0165,-1.05137,0.0028879240404065328,-1.0576,-1.047,0.010600000000000165,-0.15745,0.0025948329223163566,-0.1629,-0.1523,0.010599999999999998,1.0703749999999999,0.003428652489643254,1.0654,1.0773,0.011900000000000022,0.00019824406843762352,33.586,33.27,34.15,0.31392925787089143,0.8799999999999955,-0.01142857142857183,-0.4799999999999969,28.926999999999992,0.01750187959830804,-0.0005112781954895272,4.658999999999999,4.34,5.200000000000003,0.30925887639901184,-0.010917293233082647,20.564999999999998,20.52,20.59,0.019601288894248413,0.07000000000000028,0.0009531382880743212,0.0054731889512961065,0.05000000000000071,0.07856349616237773,0.9990477693194464,0.003243617797228301,0.00025482995436476575,0.003890104546559689,0.22654996353026985,-0.6857142857143097,-0.6550375939849588,0.07848868559096037,11.548160000000001
68,S008,7,1788716366023,1788716376023,565.739,2026-09-06T17:39:26.023000+00:00,20,20,20,7,20,20,0.06723,0.004610639868825151,0.0673800267141532,0.0605,0.08,0.019500000000000003,0.06755,0.063775,0.069775,1.8251190558166268,1.1872954627843144,2.8319499999999995,0.505903098168851,2.166,4.511,2.345,2.1722499999999996,0.2006056290861566,1.854,2.604,0.75,0.10907499999999999,0.00539101347761156,0.1014,0.1179,0.0165,-1.05118,0.0036753231150471813,-1.058,-1.0421,0.015900000000000025,-0.15785,0.002865309756378883,-0.1656,-0.1523,0.013300000000000006,1.0702849999999997,0.0038443773022565297,1.0619,1.0773,0.015399999999999858,-0.000251723179655231,33.574000000000005,33.27,34.13,0.2710292274004107,0.8599999999999994,0.0015639097744364467,0.1600000000000037,28.925999999999995,0.012311740225021586,0.00084210526315726,4.648,4.359999999999999,5.200000000000003,0.26749520408883354,0.0007218045112781533,20.568999999999996,20.52,20.59,0.018035053587243388,0.07000000000000028,0.0008768075058215466,0.00048114009106658463,-0.030000000000001137,0.06858009621932398,0.9991239606120891,0.00326851086586611,0.00022415478967500375,0.003889348048033449,0.2259711215907434,0.0938345864661868,0.0433082706766892,0.06852001735380914,11.746644
69,S008,7,1788716368523,1788716378523,568.239,2026-09-06T17:39:28.523000+00:00,20,20,20,7,20,20,0.06652,0.0036943199644860225,0.06661738511830076,0.0604,0.072,0.011599999999999992,0.0668,0.0634,0.069775,-1.197840367229582,1.0807989516871708,2.7395,0.32222605664183546,2.166,3.479,1.3130000000000002,2.1890499999999995,0.2242321341824137,1.854,2.604,0.75,0.10850000000000001,0.006062221236130324,0.0994,0.1179,0.018500000000000003,-1.05123,0.0037250362061115893,-1.058,-1.0421,0.015900000000000025,-0.15752499999999997,0.0036269277995512827,-0.1656,-0.1502,0.015399999999999997,1.0701999999999998,0.004158441003422713,1.0619,1.0773,0.015399999999999858,6.323596167355093e-05,33.59399999999999,33.27,34.13,0.2512788344281694,0.8599999999999994,0.006855768005984468,0.240000000000002,28.926,0.010462967275611716,-0.0003007160605103035,4.667999999999999,4.359999999999999,5.200000000000003,0.25042280037442444,0.007156484066495667,20.559999999999995,20.52,20.59,0.028654015976455324,0.07000000000000028,0.0013936778198665044,-0.007578785876127373,-0.03999999999999915,0.055536980825105574,0.9986082618147734,0.0032354085603112847,0.00017968482317539023,0.0035019455252918294,0.22704280155642026,0.41134608035906806,0.42938904398974004,0.05545968788819908,9.059316
70,S008,7,1788716371023,1788716381023,570.739,2026-09-06T17:39:31.023000+00:00,20,20,20,6,20,20,0.06709000000000001,0.004168036266131748,0.06721288566934171,0.0602,0.0733,0.013100000000000007,0.06805,0.0634,0.0704,-1.26168251567886,1.0905646926186783,2.7425500000000005,0.32439278903660507,2.273,3.479,1.206,2.16155,0.23831723108407193,1.777,2.604,0.8270000000000002,0.10820500000000002,0.005408811037751759,0.0994,0.1178,0.0184,-1.05101,0.003444736641067911,-1.058,-1.0421,0.015900000000000025,-0.15751500000000002,0.0036256796096151337,-0.1656,-0.1502,0.015399999999999997,1.0699750000000001,0.003819461935100821,1.0619,1.0769,0.014999999999999902,0.00010814927522944387,33.619,33.27,34.13,0.2394269474346924,0.8599999999999994,0.029680139560977988,0.5,28.929999999999996,0.012977713690460727,0.0013234175051802738,4.689,4.359999999999999,5.200000000000003,0.23659648082091655,0.02835672205579792,20.565500000000004,20.52,20.6,0.032682684937698735,0.08000000000000185,0.0015891996274196459,4.511278195482862e-05,0.010000000000001563,0.062126043615020825,0.9984133219207928,0.0032622596095402494,0.00020267128278581833,0.0035642216333179348,0.22800320925822368,1.7808083736586793,1.7014033233478751,0.062027469583469,9.059316
71,S008,7,1788716373523,1788716383523,573.239,2026-09-06T17:39:33.523000+00:00,20,20,20,7,20,20,0.06614,0.004507350721467744,0.06628574507388448,0.0579,0.0733,0.015400000000000004,0.0667,0.063375,0.070075,-0.9538273004958819,1.10581845189033,2.7629500000000005,0.37993801087185675,2.125,3.479,1.354,2.2146,0.23482858249773333,1.777,2.604,0.8270000000000002,0.10848000000000002,0.004948641493539307,0.0994,0.1172,0.017799999999999996,-1.051155,0.0034245975560717548,-1.058,-1.0421,0.015900000000000025,-0.15758500000000003,0.004178677075973107,-0.1656,-0.1502,0.015399999999999997,1.07011,0.003823046456757516,1.0619,1.0769,0.014999999999999902,-0.0003342861476574136,33.67399999999999,33.35,34.15,0.21682881921484826,0.7999999999999972,0.020931100318085247,-0.3200000000000003,28.938,0.016415653633362115,0.0038495476317800415,4.736000000000001,4.420000000000002,5.18,0.21231555462763962,0.01708155268630548,20.55,20.5,20.6,0.04103913408340684,0.10000000000000142,0.0019970381549103086,-0.0024060150375939822,-0.07000000000000028,0.06814863503882286,0.998006942057845,0.003218491484184915,0.0002193358015312771,0.0035669099756691,0.23046228710462288,1.2558660190851147,1.024893161178329,0.06801281086051171,9.059316
72,S009,8,1788716393024,1788716403024,592.74,2026-09-06T17:39:53.024000+00:00,20,20,20,8,20,20,0.065045,0.004920149227518676,0.06522154168677707,0.0577,0.0746,0.0169,0.0649,0.06175,0.068725,-0.9038205014008005,1.1437938765425457,2.7749999999999995,0.5384467915852233,2.046,4.362,2.3160000000000003,2.2672,0.31681965648747573,1.749,3.132,1.383,0.10900000000000001,0.00583068110131768,0.0989,0.1206,0.021699999999999997,-1.0509000000000002,0.002945469312976156,-1.0562,-1.0454,0.01079999999999992,-0.156325,0.0029257252811999653,-0.1634,-0.1522,0.011199999999999988,1.069695,0.00308587188054817,1.0637,1.0761,0.012399999999999967,-0.00026120184351838304,33.73100000000001,33.47,34.25,0.255505690532984,0.7800000000000011,0.0032180451127814483,0.759999999999998,28.978999999999996,0.021980852911951888,0.004601503759398305,4.752,4.4999999999999964,5.260000000000002,0.25673250465682923,-0.0013834586466169255,20.544,20.52,20.61,0.02798495836582248,0.08999999999999986,0.0013621961821369977,0.005052042055901367,0.08999999999999986,0.0756422357985806,0.9986396568720782,0.0031661312305295954,0.00023949324510896982,0.0036312305295950155,0.23130841121495324,0.1930827067668869,-0.08300751879701554,0.07553933640293137,13.661784
73,S009,8,1788716395524,1788716405524,595.24,2026-09-06T17:39:55.524000+00:00,20,20,20,8,20,20,0.06477999999999999,0.0049251876801001725,0.06495762464868923,0.0577,0.0746,0.0169,0.06415,0.06175,0.068725,-0.804821528640256,1.1484410090956942,2.7788,0.5317845428366643,2.046,4.362,2.3160000000000003,2.26385,0.31878276302209313,1.749,3.132,1.383,0.10800499999999999,0.005957699573705132,0.0975,0.1206,0.023099999999999996,-1.0507350000000002,0.0028236361402687155,-1.0561,-1.0454,0.010699999999999932,-0.15677999999999997,0.003010088300855533,-0.1634,-0.1522,0.011199999999999988,1.0694750000000002,0.0028953456297632963,1.0637,1.0737,0.010000000000000009,0.00015841956433481112,33.675,33.49,34.25,0.2335875807801796,0.759999999999998,-0.013624060150377528,0.01999999999999602,28.983000000000004,0.02178845662513274,0.003398496240601314,4.692,4.4999999999999964,5.260000000000002,0.2368566077431223,-0.01702255639097781,20.559500000000003,20.52,20.61,0.03268268493769768,0.08999999999999986,0.001589663412908761,0.004195775037123062,0.019999999999999574,0.07602944859679181,0.9984128596061067,0.0031508548359639086,0.00023955775578687088,0.003628492910819815,0.2282156667234125,-0.8174436090226517,-1.0213533834586686,0.07590877918779841,13.661784
74,S009,8,1788716398024,1788716408024,597.74,2026-09-06T17:39:58.024000+00:00,20,20,20,7,20,20,0.06559,0.004247339724679685,0.06572051430109171,0.0577,0.0746,0.0169,0.0655,0.06292500000000001,0.068475,-0.10197757468578716,1.1351098023705024,2.89175,0.553745226901135,2.046,4.362,2.3160000000000003,2.30225,0.3269506441104078,1.749,3.132,1.383,0.10862999999999998,0.0063812307012956265,0.0975,0.1209,0.02339999999999999,-1.0507950000000001,0.003114900522192942,-1.0574,-1.0454,0.011999999999999789,-0.15770499999999998,0.0034278234616459645,-0.1634,-0.1523,0.011099999999999999,1.06979,0.0034646941081656777,1.0637,1.0765,0.012799999999999923,-0.0002537312522579651,33.694,33.41,34.25,0.27519179914341496,0.8400000000000034,-0.010766917293233057,-0.740000000000002,28.991999999999997,0.015761378513049214,-0.0003007518797001433,4.701999999999999,4.419999999999998,5.260000000000002,0.27582603212894946,-0.010466165413534016,20.555500000000002,20.52,20.61,0.03363503812207826,0.08999999999999986,0.0016363035743269811,-0.00022525447941225304,-0.03999999999999915,0.0647559037151957,0.9983663695410322,0.003190873488847267,0.00020662789641116415,0.003629198997835129,0.22874656417990313,-0.6460150375939834,-0.627969924812041,0.06465011649848856,13.661784
75,S009,8,1788716400524,1788716410524,600.24,2026-09-06T17:40:00.524000+00:00,20,20,20,8,20,20,0.06548999999999999,0.004603762763104476,0.06564354499872779,0.0577,0.0759,0.018199999999999994,0.0655,0.06292500000000001,0.067275,0.08639016327188465,1.1562446848577568,2.9162,0.5569125037580906,2.046,4.362,2.3160000000000003,2.32535,0.32772200591033673,1.749,3.132,1.383,0.10865500000000002,0.006345448016201518,0.0975,0.1209,0.02339999999999999,-1.0509549999999999,0.003175311837152036,-1.0574,-1.0454,0.011999999999999789,-0.158205,0.0034852282263108246,-0.1642,-0.1523,0.011900000000000022,1.0700300000000003,0.0036038137693574796,1.0637,1.0765,0.012799999999999923,0.00047921888939800994,33.657,33.41,34.25,0.2511677988076791,0.8400000000000034,-0.01278195488721834,-0.38000000000000256,28.994,0.01667017506933094,-0.00012030075188027775,4.6629999999999985,4.419999999999998,5.239999999999998,0.2506643803553816,-0.012661654135338476,20.549999999999997,20.52,20.61,0.03641861872001288,0.08999999999999986,0.0017721955581514787,-0.006496042082542465,-0.010000000000001563,0.07029718679347192,0.9982309395628972,0.0031868613138686134,0.00022402738506591127,0.003693430656934307,0.2269099756690997,-0.7669172932331004,-0.7596992481203085,0.07017282682147596,13.661784
76,S009,8,1788716403024,1788716413024,602.74,2026-09-06T17:40:03.024000+00:00,20,20,20,7,20,20,0.06580499999999999,0.0041677300397471185,0.06593026239899247,0.0585,0.0759,0.017399999999999992,0.06559999999999999,0.06315,0.0675,0.7173397636529986,1.151216410161897,2.8755499999999996,0.47871983620793,2.208,3.724,1.516,2.2756,0.2471452588001,1.853,2.802,0.9490000000000001,0.10945,0.006549367185180242,0.0975,0.1209,0.02339999999999999,-1.051275,0.0031230678237237977,-1.0574,-1.0457,0.011699999999999822,-0.158765,0.003405610695679458,-0.1642,-0.1523,0.011900000000000022,1.07053,0.003505349295606733,1.0653,1.0765,0.011200000000000099,-8.01827754350148e-05,33.659000000000006,33.41,34.25,0.25360350321339353,0.8400000000000034,0.02132330827067618,0.35999999999999943,28.994999999999997,0.014327007988228838,0.0016541353383450017,4.664,4.419999999999998,5.239999999999998,0.24909097894037413,0.019669172932330694,20.567,20.52,20.63,0.047583721232326674,0.10999999999999943,0.0023135956256297306,0.004060182078235266,0.019999999999999574,0.0633345496504387,0.9976917447436342,0.003199542957164389,0.00020264161227923948,0.0036903777896630523,0.22677104098799045,1.2793984962405707,1.1801503759398417,0.06318835734329852,10.434648000000001
77,S009,8,1788716405524,1788716415524,605.24,2026-09-06T17:40:05.524000+00:00,20,20,20,7,20,20,0.065885,0.004071502373688042,0.0660044051560197,0.0585,0.0759,0.017399999999999992,0.06559999999999999,0.06420000000000001,0.0675,0.986774742045951,1.1499232486163509,2.8547000000000002,0.45256533113724967,2.208,3.724,1.516,2.28855,0.24261784439948483,1.853,2.802,0.9490000000000001,0.10944500000000001,0.005861693216846224,0.0988,0.1209,0.022099999999999995,-1.0512549999999998,0.003055017443313101,-1.0574,-1.0457,0.011699999999999822,-0.15867,0.003359840221764939,-0.1642,-0.1523,0.011900000000000022,1.07052,0.003453084052507895,1.0653,1.0765,0.011200000000000099,8.546422276725058e-05,33.696999999999996,33.39,34.29,0.294101665200462,0.8999999999999986,0.0018317731435396327,0.36000000000000654,28.997999999999998,0.01880649383926616,0.0009623546315949976,4.699,4.400000000000002,5.279999999999998,0.28730874645487864,0.0008694185119452551,20.549000000000003,20.48,20.63,0.057938261151531854,0.14999999999999858,0.0028195173074860988,0.00018045112781931447,-0.05999999999999872,0.0617971066811572,0.9971884100191265,0.003206238746411017,0.00019813627785722132,0.0036936103946664063,0.22867292812302298,0.10990638861237796,0.052165110716715306,0.061623358555165486,10.434648000000001
78,S011,10,1788716442526,1788716452526,642.242,2026-09-06T17:40:42.526000+00:00,20,20,20,9,20,20,0.07007000000000001,0.007328825568297168,0.07043316690310042,0.0606,0.0928,0.03219999999999999,0.06855,0.0647,0.073075,3.791468076988272,1.3175610877709234,2.8988,0.6015745655317692,2.17,4.415,2.245,2.2526,0.2514391000871416,1.875,2.618,0.7429999999999999,0.10858999999999999,0.007382047925809436,0.0969,0.1252,0.028300000000000006,-1.051295,0.0033201894365738967,-1.058,-1.0458,0.012199999999999989,-0.15738,0.003569107215507748,-0.1647,-0.1507,0.014000000000000012,1.0704850000000001,0.0037285915218540884,1.0645,1.0768,0.012299999999999978,0.0006411815116348157,33.803000000000004,33.51,34.37,0.23790975732739228,0.8599999999999994,0.005320967726831568,0.060000000000002274,29.038,0.01507874069850072,0.00018062296291953807,4.764999999999998,4.4999999999999964,5.339999999999996,0.23813972015560353,0.005140344763911893,20.546,20.46,20.6,0.06327883158146787,0.14000000000000057,0.0030798613638405464,-0.0032477677110369987,-0.08999999999999986,0.10459291520332763,0.9969295950577126,0.003410396184172102,0.0003567032789008648,0.004516694247055387,0.23191862162951415,0.3192580636098941,0.30842068583471355,0.10427177259955908,11.55847
79,S011,10,1788716445026,1788716455026,644.742,2026-09-06T17:40:45.026000+00:00,20,20,20,9,20,20,0.069065,0.008885308690547324,0.06960585823046793,0.0552,0.0928,0.037599999999999995,0.0691,0.06359999999999999,0.0739,1.4427818549891125,1.3332211161413352,2.9017000000000004,0.536738013128232,2.209,4.415,2.206,2.1947500000000004,0.23076095514851,1.875,2.618,0.7429999999999999,0.10836000000000001,0.007534719636456291,0.0969,0.1252,0.028300000000000006,-1.051615,0.003488820491377082,-1.058,-1.0458,0.012199999999999989,-0.15688,0.003967181154899467,-0.1647,-0.1499,0.014800000000000008,1.0706550000000001,0.0039272965121998375,1.0645,1.0768,0.012299999999999978,-0.001055294666478215,33.784,33.51,34.37,0.2529073056737541,0.8599999999999994,-0.03362458689126865,-0.8599999999999994,29.036999999999995,0.014903196407411574,0.0008723062486333816,4.746999999999999,4.459999999999997,5.339999999999996,0.2532546045718455,-0.03449689313990141,20.525999999999996,20.46,20.6,0.0556681899150763,0.14000000000000057,0.002712081745838269,0.0042704571149663915,-0.0400000000000027,0.12865139637366718,0.9972952537471013,0.003364756893695801,0.00043288067283188766,0.0045210951963363544,0.23126766052811068,-2.0174752134761187,-2.0698135883940845,0.12830342699139533,11.55847
80,S011,10,1788716447526,1788716457526,647.242,2026-09-06T17:40:47.526000+00:00,20,20,20,10,20,20,0.06770999999999999,0.009322575880765549,0.06831697446462336,0.0548,0.0928,0.03799999999999999,0.06835,0.061275,0.073075,1.302553893159672,1.3583739726069792,2.8590000000000004,0.5479205666594575,2.209,4.415,2.206,2.18785,0.2646328688261492,1.773,2.618,0.845,0.10878000000000002,0.007495233573130959,0.0969,0.1252,0.028300000000000006,-1.05129,0.003132831240100136,-1.0557,-1.0458,0.00990000000000002,-0.15723,0.004217020649450834,-0.1647,-0.1499,0.014800000000000008,1.0703350000000003,0.0035773078675097963,1.0645,1.0752,0.010699999999999932,-0.0021576869081954076,33.807,33.51,34.61,0.28530869708366563,1.1000000000000014,0.03317293233082678,0.1600000000000037,29.039999999999992,0.01213953957333742,0.0013834586466157546,4.766999999999999,4.459999999999997,5.559999999999999,0.2809963476069058,0.0317894736842104,20.544,20.46,20.59,0.04309109078757571,0.129999999999999,0.002097502472136668,0.0018044762295884326,0.09999999999999787,0.13768388540489662,0.9979068878358023,0.0032958528037383174,0.0004537858197413137,0.004517133956386293,0.23203855140186908,1.9903759398496066,1.907368421052624,0.13739569758954162,11.55847
81,S011,10,1788716450026,1788716460026,649.742,2026-09-06T17:40:50.026000+00:00,20,20,20,10,20,20,0.06358,0.0067309653644066604,0.06391757974141385,0.0548,0.0767,0.021900000000000003,0.063,0.057325,0.06675,-0.6992917765392042,1.1999828577724463,2.82975,0.6075121722843784,1.931,4.415,2.484,2.2066500000000002,0.3244394802051524,1.773,2.7,0.9270000000000003,0.11041500000000001,0.0066143603740569466,0.1014,0.1252,0.0238,-1.0511200000000003,0.002872666100735674,-1.056,-1.0472,0.008800000000000141,-0.15721000000000002,0.004189699147596209,-0.163,-0.1499,0.0131,1.0701350000000003,0.003247715796484817,1.0653,1.0761,0.010800000000000143,-0.0006874439845452009,33.866,33.51,34.61,0.31766251539048534,1.1000000000000014,0.04042105263157824,0.9799999999999969,29.044000000000004,0.013138933706635445,0.0015639097744353445,4.821999999999998,4.459999999999997,5.559999999999999,0.31233585162533967,0.038857142857142556,20.527000000000005,20.47,20.59,0.04378175539266494,0.120000000000001,0.002132886217794365,-0.008841132020679366,-0.120000000000001,0.10586607996864833,0.9978716533035413,0.003097383933356067,0.00032790789518227987,0.003736542115262824,0.23491011838066922,2.4252631578946944,2.331428571428553,0.10564076024708002,11.9205
82,S011,10,1788716452526,1788716462526,652.242,2026-09-06T17:40:52.526000+00:00,20,20,20,9,20,20,0.06185499999999999,0.005464283552016868,0.062083866664375854,0.0548,0.0739,0.019099999999999992,0.062,0.057175000000000004,0.06465,-0.15312494440888358,1.1903253449000193,2.7320999999999995,0.5112746609674378,1.931,4.063,2.1319999999999997,2.2312,0.3182925830443629,1.773,2.738,0.9650000000000001,0.11012999999999999,0.005584574619808613,0.1028,0.12,0.017199999999999993,-1.051055,0.0030062172418611425,-1.0571,-1.0471,0.010000000000000009,-0.15738,0.0039269112007973075,-0.163,-0.1499,0.0131,1.069985,0.0033504555856747474,1.0653,1.0768,0.011500000000000066,0.00026795132999334666,33.89200000000001,33.51,34.61,0.33149740016444984,1.1000000000000014,0.033924812030075205,0.4200000000000017,29.046000000000003,0.01667017506932946,0.0018045112781950733,4.845999999999999,4.459999999999997,5.559999999999999,0.3239298169600778,0.03212030075187979,20.525000000000002,20.47,20.56,0.03734617573601435,0.08999999999999986,0.0018195457118642799,0.0003006645940943612,0.03999999999999915,0.08834020777652363,0.9981837590216196,0.0030136419001218022,0.00026622575162079743,0.003600487210718635,0.23610231425091346,2.035488721804512,1.9272180451127876,0.08817976067112127,11.124493999999999
83,S011,10,1788716455026,1788716465026,654.742,2026-09-06T17:40:55.026000+00:00,20,20,20,9,20,20,0.06203500000000001,0.004490607156229427,0.06218921530297676,0.0548,0.072,0.017199999999999993,0.062450000000000006,0.057475,0.065025,-0.40570287249040593,1.157757010588195,2.718,0.5213022156101008,1.931,4.063,2.1319999999999997,2.25345,0.40446891429574533,1.773,3.221,1.4480000000000002,0.10987499999999999,0.0057203123764538,0.1005,0.1194,0.0189,-1.0509549999999999,0.0031170963208865207,-1.0571,-1.0462,0.01089999999999991,-0.157705,0.0035987534391493763,-0.163,-0.1502,0.012800000000000006,1.0699299999999998,0.0036360910184890668,1.0636,1.0768,0.013199999999999878,0.00011982633097445643,33.968,33.47,34.61,0.3228752406931067,1.1400000000000006,-0.012992481203008275,-0.240000000000002,29.057,0.02451637476420447,0.004360902255638576,4.910999999999999,4.359999999999999,5.559999999999999,0.318250149873864,-0.01735338345864651,20.5105,20.44,20.56,0.05114221657094503,0.11999999999999744,0.002493465131076523,-0.008706413574107853,-0.11999999999999744,0.07238828332762838,0.9975127367730516,0.0030245484020379808,0.000218941866664851,0.003510397113673484,0.23943833646181217,-0.7795488721804965,-1.0412030075187906,0.07220823461244565,13.086922999999999
84,S011,10,1788716457526,1788716467526,657.242,2026-09-06T17:40:57.526000+00:00,20,20,20,8,20,20,0.061685000000000004,0.0045477900937534585,0.06184405791990043,0.056,0.072,0.015999999999999993,0.062,0.05735,0.065025,-0.4627900061634471,1.1642185590934768,2.7422999999999997,0.5222380078490125,1.931,4.063,2.1319999999999997,2.2876000000000003,0.36257389809381946,1.79,3.221,1.431,0.10955499999999999,0.006715847322799849,0.0994,0.123,0.023599999999999996,-1.0509249999999999,0.003278137308064805,-1.0571,-1.0462,0.01089999999999991,-0.15721,0.003582398490867312,-0.1619,-0.1502,0.011699999999999988,1.069815,0.0038780454925265106,1.0636,1.0768,0.013199999999999878,-0.00045988006986390743,33.940000000000005,33.47,34.55,0.2906616770857755,1.0799999999999983,-0.0004812030075194578,-0.060000000000002274,29.058999999999997,0.024687520819444392,0.0016541353383455527,4.8809999999999985,4.359999999999999,5.479999999999997,0.2851020131369415,-0.0021353383458647354,20.508999999999997,20.44,20.63,0.06889351050333864,0.18999999999999773,0.003359184285110861,0.007217468631075522,0.16000000000000014,0.07372602891713477,0.9966520620554201,0.003007703934857868,0.00022174606727551119,0.0035106538592812914,0.23799307621044416,-0.02887218045116747,-0.12812030075188413,0.0734791987474199,13.086922999999999
85,S011,10,1788716460026,1788716470026,659.742,2026-09-06T17:41:00.026000+00:00,20,20,20,8,20,20,0.061250000000000006,0.0043146628824826715,0.06139420168061476,0.056,0.072,0.015999999999999993,0.06035,0.0584,0.064275,0.4177548757357723,1.1727491852497534,2.8458500000000004,0.3907924843052559,2.205,3.748,1.5430000000000001,2.33625,0.4333661239280489,1.79,3.497,1.7069999999999999,0.10851999999999999,0.006923537276642094,0.0993,0.123,0.0237,-1.0511949999999999,0.0031606919628794083,-1.0571,-1.0462,0.01089999999999991,-0.15738,0.004148633256234735,-0.1649,-0.1504,0.014499999999999985,1.0699650000000003,0.003858998370180085,1.0636,1.0768,0.013199999999999878,5.1737865425535227e-05,33.940999999999995,33.47,34.47,0.2798853148589333,1.0,0.010017526971615495,0.5600000000000023,29.067000000000007,0.026969768650335152,0.0025562936864297323,4.873999999999998,4.359999999999999,5.399999999999999,0.27728761431522975,0.007461233285186039,20.53,20.44,20.63,0.0818213715486676,0.18999999999999773,0.003985454045234661,0.0032478143920434363,-0.10999999999999943,0.07044347563237013,0.9960303667456769,0.00298343886994642,0.00021016380333573656,0.003507062834875791,0.23740867023867498,0.6010516182969297,0.44767399711116235,0.07016384086894978,13.106756
86,S012,11,1788716480527,1788716490527,680.243,2026-09-06T17:41:20.527000+00:00,20,20,20,8,20,20,0.06763999999999999,0.00715346070094748,0.0679984043930444,0.0546,0.0806,0.026000000000000002,0.06855,0.062875,0.07185,-0.7017201135146496,1.1853219309987901,2.62705,0.3217381208701459,2.139,3.302,1.1630000000000003,2.0938000000000003,0.22613377503267026,1.745,2.491,0.746,0.109385,0.005845040632878442,0.0989,0.1207,0.0218,-1.051765,0.0033966353320525004,-1.0584,-1.047,0.011400000000000077,-0.15702500000000003,0.0033695033212001657,-0.1623,-0.1482,0.014100000000000001,1.0708749999999998,0.0039152703744777615,1.0645,1.0789,0.014399999999999968,0.0011387173417314633,34.019,33.65,34.67,0.29174430044493666,1.0200000000000031,-0.00851127819548887,-0.0799999999999983,29.118000000000002,0.019894458366193173,0.004030075187970017,4.901,4.52,5.560000000000002,0.2908770765877069,-0.012541353383458543,20.537,20.48,20.55,0.021545545393788272,0.07000000000000028,0.001049108701065797,-0.005593175553913316,-0.07000000000000028,0.10575784596315022,0.9989519907745315,0.0032935677070652964,0.0003483206262330175,0.00392462384963724,0.23864245021181282,-0.5106766917293323,-0.7524812030075125,0.10564701076491516,8.225282
87,S012,11,1788716483027,1788716493027,682.743,2026-09-06T17:41:23.027000+00:00,20,20,20,8,20,20,0.070165,0.0054892502603773345,0.07036868977038012,0.0604,0.0806,0.020200000000000003,0.07035,0.066,0.07325000000000001,-0.4504258945325752,1.1453957756355226,2.7246499999999996,0.3817223122692863,2.139,3.302,1.1630000000000003,2.0997999999999997,0.21593727159329837,1.745,2.491,0.746,0.10921999999999998,0.005540150102469674,0.1007,0.1207,0.020000000000000004,-1.05165,0.0029072504644694595,-1.0584,-1.0479,0.010499999999999954,-0.157025,0.004001036050035567,-0.1653,-0.1482,0.017100000000000004,1.070875,0.0033953334849001664,1.0662,1.0789,0.012699999999999934,-0.00043540322301530057,34.002,33.61,34.67,0.31572139617073813,1.0600000000000023,-0.04932330827067746,-0.8000000000000043,29.122000000000003,0.016415653633362115,-0.0009022556390979499,4.880000000000001,4.48,5.560000000000002,0.31616118474101507,-0.04842105263157944,20.522000000000002,20.48,20.55,0.029486839169543696,0.07000000000000028,0.001436840423425772,-0.00814996225028088,-0.019999999999999574,0.0782334534365757,0.9985652211248608,0.0034190137413507454,0.00026748125233297604,0.003927492447129909,0.2377935873696521,-2.959398496240648,-2.9052631578947663,0.07812120573025572,8.225282
88,S012,11,1788716485527,1788716495527,685.243,2026-09-06T17:41:25.527000+00:00,20,20,20,8,20,20,0.06984000000000001,0.005796223816099219,0.07006812399372485,0.0604,0.0806,0.020200000000000003,0.07055,0.065825,0.07325000000000001,-0.6916980296816728,1.1503090907245979,2.6720500000000005,0.36052351919775893,2.139,3.29,1.1510000000000002,2.08335,0.20072192731553562,1.745,2.455,0.71,0.1099,0.005332817957554997,0.1015,0.1207,0.019199999999999995,-1.0518649999999998,0.003133734110240399,-1.0584,-1.0477,0.010699999999999932,-0.15748,0.004389772803136615,-0.1664,-0.1482,0.018199999999999994,1.07122,0.0037525570229546773,1.0662,1.0789,0.012699999999999934,-0.0007682469858659023,33.976,33.61,34.59,0.2822540848615889,0.980000000000004,-0.003187969924812481,-0.22000000000000597,29.127999999999997,0.019358120830939737,0.0007819548872179478,4.848000000000001,4.48,5.440000000000005,0.27829556419862694,-0.00396992481203036,20.516999999999996,20.48,20.55,0.02556724878680398,0.07000000000000028,0.0012461494754010813,-0.0019845411459242465,-0.019999999999999574,0.08299289541951915,0.9987554014803912,0.0034040064336891373,0.00028250834995853296,0.003928449578398403,0.23629185553443494,-0.19127819548874886,-0.2381954887218216,0.08288960258474197,8.07695
89,S012,11,1788716488027,1788716498027,687.743,2026-09-06T17:41:28.027000+00:00,20,20,20,8,20,20,0.06833,0.004729648924324978,0.0684853268956205,0.0604,0.08,0.0196,0.06825,0.064875,0.0715,0.33428413097798426,1.1681334327560295,2.76595,0.3155443875690325,2.177,3.29,1.113,2.127,0.2113532836894563,1.745,2.554,0.8089999999999997,0.10911000000000001,0.005746019216997562,0.0949,0.1198,0.024900000000000005,-1.05121,0.003128964853211285,-1.0564,-1.0442,0.012199999999999989,-0.15752499999999997,0.004122068336214363,-0.1664,-0.1482,0.018199999999999994,1.0704100000000003,0.003665615479302937,1.0621,1.0777,0.015600000000000058,0.00023636805036093253,33.962,33.61,34.59,0.25450881486130505,0.980000000000004,0.030195488721803682,0.5800000000000054,29.13499999999999,0.023283154063784207,0.004721804511277757,4.827,4.48,5.440000000000005,0.24948578695937312,0.025473684210526197,20.497499999999995,20.46,20.53,0.031098316082352567,0.07000000000000028,0.0015171760498769399,-0.004285297503197391,-0.07000000000000028,0.06921775097797421,0.9984851222863088,0.0033335772655201865,0.00023074272103061248,0.003902914989632883,0.23549213318697407,1.811729323308221,1.5284210526315718,0.06911289454962585,8.40266
90,S013,12,1788716507028,1788716517028,706.744,2026-09-06T17:41:47.028000+00:00,20,20,20,10,20,20,0.06871000000000001,0.006257282073501914,0.06898014207001897,0.0555,0.0816,0.026100000000000005,0.06735,0.0654,0.073125,0.13975799683193468,1.1829491437864992,2.6901499999999996,0.38421913634909194,2.049,3.343,1.294,2.0828999999999995,0.11356236403983405,1.877,2.266,0.389,0.10893000000000001,0.005704208972329115,0.0999,0.1181,0.018199999999999994,-1.05099,0.0032681718694739753,-1.057,-1.0444,0.012599999999999945,-0.15717,0.002665392239328699,-0.1619,-0.1529,0.00899999999999998,1.0701300000000002,0.0036525549817541325,1.0629,1.0762,0.01330000000000009,-0.000426041721891448,34.071000000000005,33.65,34.69,0.287015495638898,1.0399999999999991,0.017470687554861954,0.6799999999999997,29.147,0.014903196407412727,0.003698833199809168,4.924000000000001,4.52,5.519999999999996,0.2850373936687497,0.013771854355052234,20.518,20.49,20.59,0.02930780388260231,0.10000000000000142,0.0014283947695975393,0.0021651709218677546,0.0799999999999983,0.0910679969946429,0.9985736426318068,0.003348766936348572,0.00030496549729515127,0.003976995808558339,0.2399844039380057,1.0482412532917171,0.826311261303134,0.090938101486123,7.575238
91,S013,12,1788716509528,1788716519528,709.244,2026-09-06T17:41:49.528000+00:00,20,20,20,9,20,20,0.06821000000000002,0.00632704304428305,0.06848820336379106,0.0555,0.0816,0.026100000000000005,0.0669,0.0643,0.071075,0.15266752234848457,1.1914460592076357,2.6593500000000003,0.41472556239670494,2.049,3.7,1.6510000000000002,2.1060000000000008,0.1501532550429727,1.877,2.511,0.6340000000000001,0.10943999999999998,0.005635545086418226,0.1009,0.1181,0.017199999999999993,-1.0514449999999997,0.0034141308518690714,-1.0599,-1.0444,0.01550000000000007,-0.15672,0.002690450950266412,-0.1619,-0.1529,0.00899999999999998,1.07053,0.003795024443441156,1.0629,1.0791,0.016199999999999992,0.00024892789898839655,34.11,33.69,34.69,0.3032456013478883,1.0,-0.026226853329254212,-0.19999999999999574,29.151999999999997,0.01281446551034479,0.0007217094369074079,4.958,4.539999999999999,5.519999999999996,0.3022651328326108,-0.026948562766161206,20.528,20.49,20.59,0.04047091223140577,0.10000000000000142,0.0019714980627146225,0.003367581546483899,-0.020000000000003126,0.0927582912224461,0.9980323810941465,0.0033227786438035866,0.0003082152691096576,0.0039750584567420115,0.2415237724084178,-1.5736111997552527,-1.6169137659696724,0.09257577825496215,9.290700000000001
92,S014,13,1788716530529,1788716540529,730.245,2026-09-06T17:42:10.529000+00:00,20,20,20,9,20,20,0.06884500000000002,0.007542125555487448,0.06923635966744641,0.0576,0.0833,0.0257,0.06709999999999999,0.06292500000000001,0.07417499999999999,-0.7641948965645557,1.2031250689681485,2.8919499999999996,0.7471455487738864,2.07,5.073,3.0030000000000006,2.13275,0.26506322483116124,1.744,2.648,0.9040000000000001,0.10843,0.006082425070384519,0.0989,0.1184,0.019500000000000003,-1.05081,0.0025128930695410665,-1.0555,-1.047,0.008500000000000174,-0.157075,0.0026809022440412236,-0.1609,-0.1515,0.009399999999999992,1.06992,0.00288746838670321,1.066,1.0753,0.009299999999999864,0.0006654854873061302,34.168,33.85,34.91,0.3027522871398676,1.0599999999999952,0.012330053275545943,0.6400000000000006,29.172000000000008,0.018238190122580773,0.004029832030661748,4.995999999999999,4.66,5.719999999999995,0.30487961385991064,0.008300221244884607,20.543500000000005,20.47,20.59,0.04682273401941261,0.120000000000001,0.0022791994557603426,-0.003293233082707173,-0.05000000000000071,0.10955226313439533,0.9977259834814511,0.0033511816389612285,0.0003671295327226347,0.004054810524010026,0.24319127704626756,0.7398031965327565,0.49801327469307644,0.1093031394783833,13.433304000000001
93,S014,13,1788716533029,1788716543029,732.745,2026-09-06T17:42:13.029000+00:00,20,20,20,9,20,20,0.07145,0.007200255843407672,0.07179382981844609,0.0576,0.0833,0.0257,0.07275000000000001,0.065,0.07567499999999999,-0.7729714659562008,1.1602668392346664,2.7815,0.7293515865768069,2.07,5.073,3.0030000000000006,2.0996500000000005,0.26437558510573556,1.725,2.648,0.923,0.10856000000000002,0.005955307230573947,0.0994,0.1184,0.019000000000000003,-1.0513599999999999,0.002863270121639581,-1.0563,-1.047,0.009300000000000086,-0.158175,0.0032239033223065107,-0.1632,-0.1515,0.011700000000000016,1.0707650000000002,0.0032256007192459396,1.066,1.0769,0.01089999999999991,5.8545804707881604e-05,34.163999999999994,33.85,34.91,0.28188090056841913,1.0599999999999952,-0.004208297055977373,0.0,29.180000000000007,0.012139539573337884,0.002105164992896451,4.983999999999998,4.66,5.719999999999995,0.2821421814020647,-0.006313462048873065,20.53,20.47,20.59,0.03811340418996149,0.120000000000001,0.0018564736575724056,0.004511278195488648,-0.05999999999999872,0.10077334980276657,0.9981469664503991,0.0034802727715538234,0.0003507187454168374,0.0040574768631271305,0.24276668290306858,-0.25249782335864235,-0.3788077229323839,0.10058661340467638,13.433304000000001
94,S014,13,1788716535529,1788716545529,735.245,2026-09-06T17:42:15.529000+00:00,20,20,20,9,20,20,0.070645,0.007263569877713098,0.0709988556245803,0.0576,0.0833,0.0257,0.07195,0.06395,0.07477500000000001,-0.8780391943728478,1.1732583471551188,2.7681,0.7315524156491491,2.07,5.073,3.0030000000000006,2.1208,0.2757301503090906,1.725,2.648,0.923,0.10827000000000002,0.006353043199501861,0.0976,0.1184,0.0208,-1.051485,0.0028636147565069586,-1.0563,-1.047,0.009300000000000086,-0.158265,0.003184382118038634,-0.1632,-0.1515,0.011700000000000016,1.0708600000000001,0.0031749678821417285,1.066,1.0769,0.01089999999999991,0.00010884363969720416,34.084999999999994,33.57,34.91,0.34512392892378413,1.3399999999999963,-0.0720230497165646,-1.1399999999999935,29.181,0.012096106376586209,-0.0005111725068166548,4.903999999999999,4.379999999999999,5.719999999999995,0.34437433732861966,-0.07151187720974801,20.538999999999994,20.47,20.56,0.020493901531918785,0.08999999999999986,0.0009978042520044205,-0.0015338345864661016,0.060000000000002274,0.10281789054728711,0.9990031903688839,0.0034395540191830185,0.0003536476886758411,0.004055698914260676,0.2387652758167389,-4.321382982993876,-4.290712632584881,0.10271540068373854,13.433304000000001
95,S014,13,1788716538029,1788716548029,737.745,2026-09-06T17:42:18.029000+00:00,20,20,20,8,20,20,0.07197,0.006329887335822853,0.07223396015725568,0.0576,0.081,0.023400000000000004,0.07225000000000001,0.06885,0.07727500000000001,-0.18758240179348507,1.1213562128347991,2.90465,0.7873290140187834,2.114,5.073,2.9590000000000005,2.1790000000000003,0.22019249951373288,1.725,2.541,0.8159999999999998,0.107675,0.005284722270250748,0.0976,0.1173,0.019699999999999995,-1.0520549999999997,0.0031025414030911454,-1.0567,-1.0475,0.009199999999999875,-0.1583,0.0037168181072128447,-0.1632,-0.1515,0.011700000000000016,1.071435,0.0034814206114292274,1.0663,1.0769,0.010599999999999943,0.00023015810577433938,34.03,33.57,34.75,0.29827574667181966,1.1799999999999997,-0.010584481463641764,0.05999999999999517,29.18,0.013764944032234229,-0.00048094877248987684,4.849999999999999,4.379999999999999,5.559999999999999,0.2964704653791084,-0.010103532691152092,20.535999999999994,20.53,20.56,0.009403246919631628,0.029999999999997584,0.00045789087064820953,-0.0025262075105484294,-0.029999999999997584,0.08795174844828196,0.9995423186974418,0.0035045773276197907,0.0003082337035363681,0.003944292948967668,0.23617062719127388,-0.6350688878185058,-0.6062119614691255,0.08791149457748988,12.890493000000001
96,S014,13,1788716540529,1788716550529,740.245,2026-09-06T17:42:20.529000+00:00,21,20,20,9,20,20,0.0716809523809524,0.005336536240635779,0.07186989236510256,0.0629,0.081,0.018100000000000005,0.0718,0.0671,0.0762,-0.9988954247486248,1.1270366120560755,2.710142857142857,0.51562867314709,2.114,4.223,2.109,2.2235714285714288,0.2923793035473905,1.725,3.122,1.3969999999999998,0.10845238095238097,0.0056291756987696725,0.0976,0.1175,0.019899999999999987,-1.0524428571428572,0.0029680922203616667,-1.0567,-1.0475,0.009199999999999875,-0.15806190476190476,0.003938334189790931,-0.1632,-0.1505,0.012700000000000017,1.0718190476190474,0.0033409009335236372,1.0663,1.0769,0.010599999999999943,-0.00022684381542595366,34.05499999999999,33.57,34.83,0.32051767337756654,1.259999999999998,0.035935086052006605,0.759999999999998,29.182,0.016415653633362844,0.0008422457750715444,4.872999999999999,4.379999999999999,5.639999999999997,0.31644572162827866,0.03509284027693582,20.571499999999997,20.53,20.69,0.0702832614646282,0.16000000000000014,0.003416535569337589,0.01727707013340763,0.15000000000000213,0.07444845615714564,0.9965950974015003,0.0034844786418565693,0.00025941405539876914,0.003937486328172472,0.23688112194054883,2.1561051631203965,2.1055704166161493,0.07419496641532189,13.184206
97,S014,13,1788716543029,1788716553029,742.745,2026-09-06T17:42:23.029000+00:00,20,20,20,9,20,20,0.07119999999999997,0.005601033739174262,0.07140898402862206,0.0637,0.081,0.017299999999999996,0.07085,0.065925,0.075475,-1.1659423495593062,1.1343110548601796,2.75915,0.4697372473829889,2.23,4.223,1.9929999999999999,2.2449500000000002,0.26039129967679103,1.93,3.122,1.192,0.107945,0.005789234564439866,0.0976,0.1175,0.019899999999999987,-1.0521150000000001,0.0029691882640493408,-1.0567,-1.0475,0.009199999999999875,-0.157185,0.0035273778840439096,-0.1629,-0.1505,0.012399999999999994,1.07129,0.0034416795165640984,1.0663,1.0768,0.010499999999999954,-0.00014199130840624052,34.02300000000001,33.57,34.83,0.3240061727807049,1.259999999999998,0.03642260801670969,0.1599999999999966,29.186,0.020104987598001625,0.0035490434358550673,4.836999999999998,4.379999999999999,5.639999999999997,0.3190957619009659,0.032873564580855004,20.563999999999997,20.46,20.69,0.08887602246062251,0.23000000000000043,0.004321922897326518,0.0019252991205620737,-0.07000000000000028,0.07866620420188573,0.9956966757383345,0.0034623614082863246,0.0002723708295649807,0.003938922388640343,0.2352168838747325,2.1853564810025814,1.9724138748513003,0.07832767801677062,13.184206
98,S015,14,1788716562530,1788716572530,762.246,2026-09-06T17:42:42.530000+00:00,20,20,20,9,20,20,0.07134999999999998,0.0065329529069334735,0.07163356755041592,0.0616,0.0873,0.0257,0.0694,0.06795,0.075725,0.44655035473472626,1.2187023903082588,2.9170000000000003,0.568301624880754,2.162,4.149,1.987,2.27785,0.3007333624045691,1.878,3.093,1.215,0.10964499999999999,0.005918256766810201,0.0997,0.1198,0.020100000000000007,-1.0513299999999997,0.00264198888399591,-1.0586,-1.0481,0.010499999999999954,-0.15796,0.0032107385607151435,-0.1637,-0.1511,0.0126,1.0707600000000002,0.0029709824708512265,1.0663,1.0785,0.012199999999999989,-0.00013115672367529425,34.136999999999986,33.73,34.91,0.32986600150268336,1.1799999999999997,0.06691362592591962,1.1799999999999997,29.165000000000003,0.01820930936000757,0.0026763891553913044,4.971999999999999,4.599999999999998,5.739999999999995,0.319104008782485,0.06423723677052838,20.544,20.53,20.57,0.018467610337532383,0.03999999999999915,0.0008989296309157117,0.004691687416987025,0.019999999999999574,0.09156205896192678,0.999101877717816,0.003473033489096572,0.0003179980971054066,0.004249415887850467,0.24201713395638622,4.014817555555178,3.8542342062317028,0.09147982503657043,12.832857
99,S015,14,1788716565030,1788716575030,764.746,2026-09-06T17:42:45.030000+00:00,20,20,20,9,20,20,0.07062500000000001,0.007237466480242349,0.07097642214144073,0.0574,0.0873,0.029900000000000003,0.0694,0.066575,0.075725,0.26271515467510786,1.229985921606895,2.9593499999999997,0.6758736470984094,2.126,4.279,2.153,2.2611499999999998,0.35373261906343,1.762,3.093,1.331,0.10908500000000002,0.006451215715702453,0.0975,0.1198,0.0223,-1.05122,0.002617069473968731,-1.0586,-1.0467,0.011900000000000022,-0.158085,0.0031135146834743734,-0.1637,-0.154,0.009700000000000014,1.0705900000000002,0.0030305288751565898,1.0643,1.0785,0.01419999999999999,-0.0008456793940517951,34.176,33.77,34.91,0.30387670629974023,1.1399999999999935,0.03049950593981884,0.37999999999999545,29.168999999999993,0.01774082416646136,0.0018343156301559233,5.007,4.600000000000001,5.739999999999995,0.2963124240250118,0.028665190309662643,20.546,20.52,20.57,0.018750438591361426,0.05000000000000071,0.0009126077383121497,0.0011127292131299484,-0.010000000000001563,0.10247740149015715,0.999088224355197,0.0034374087413608493,0.00035225671567421147,0.004249002238878614,0.2436970699892923,1.8299703563891305,1.7199114185797586,0.10238396509133572,13.234947
100,S015,14,1788716567530,1788716577530,767.246,2026-09-06T17:42:47.530000+00:00,20,20,20,9,20,20,0.06977,0.006705308187901346,0.07007543078711682,0.0574,0.0817,0.024299999999999995,0.06905,0.065375,0.075725,-0.6855651696377167,1.1658865180322275,2.89005,0.6254835161276182,2.126,4.279,2.153,2.2184999999999997,0.29333643339669685,1.762,2.849,1.0870000000000002,0.10890999999999999,0.006289916742817742,0.0975,0.1178,0.0203,-1.0513500000000002,0.0028859915745582175,-1.0607,-1.0467,0.014000000000000012,-0.15777500000000005,0.003358708241665472,-0.1637,-0.1526,0.011099999999999999,1.070625,0.0032559055656808593,1.0643,1.0801,0.015800000000000036,-0.0006435770373488643,34.233999999999995,33.87,34.91,0.2926898843845685,1.0399999999999991,-0.0007775458798752791,-0.29999999999999716,29.173000000000002,0.018666040089735575,0.0027364216750661095,5.060999999999999,4.719999999999999,5.739999999999995,0.287674889598071,-0.00351396755494132,20.540999999999997,20.47,20.57,0.026536965280826847,0.10000000000000142,0.0012919023066465534,-0.00625517138462219,-0.060000000000002274,0.09610589347715846,0.9987097645515054,0.0033966213913636145,0.0003264353336206293,0.003977411031595346,0.24638527822403972,-0.046652752792516745,-0.2108380532964792,0.09598189424658499,12.190871000000001
101,S015,14,1788716570030,1788716580030,769.746,2026-09-06T17:42:50.030000+00:00,20,20,20,9,20,20,0.068975,0.004979101060273937,0.06914551684671971,0.0574,0.0802,0.022799999999999994,0.069,0.066825,0.071125,1.266186217467622,1.1598727387892063,2.8354500000000002,0.6519979395350071,2.037,4.279,2.242,2.1895499999999997,0.30904683259474136,1.754,2.849,1.0950000000000002,0.10930999999999999,0.006162270599979234,0.0975,0.1178,0.0203,-1.05187,0.0027537725319812935,-1.0607,-1.0467,0.014000000000000012,-0.157345,0.0031226633369272217,-0.1621,-0.1526,0.00949999999999998,1.0710799999999998,0.0031018839776056077,1.0643,1.0801,0.015800000000000036,0.00023163324147702487,34.24900000000001,33.85,34.91,0.29852091525068103,1.0599999999999952,-0.02967807144550841,-0.29999999999999716,29.182000000000006,0.016415653633362844,0.002285408365378582,5.067,4.66,5.739999999999995,0.2991408751038441,-0.03196347981088768,20.520000000000003,20.47,20.57,0.03769685174625328,0.10000000000000142,0.0018370785451390483,-0.01217883344059725,-0.10000000000000142,0.0721870396560194,0.9981662901239322,0.003361354775828459,0.00024264625050067918,0.003908382066276802,0.24692982456140347,-1.7806842867305046,-1.9178087886532609,0.07205466956847806,12.190871000000001
102,S015,14,1788716572530,1788716582530,772.246,2026-09-06T17:42:52.530000+00:00,20,20,20,10,20,20,0.06906,0.004812636874335163,0.06921912308025868,0.0574,0.0802,0.022799999999999994,0.069,0.0669,0.071125,1.7523548825056707,1.158639353275382,2.7939000000000003,0.6258654555262279,2.037,4.279,2.242,2.1201999999999996,0.2662317154581503,1.754,2.849,1.0950000000000002,0.10761000000000001,0.006115545334378785,0.0962,0.1178,0.021600000000000008,-1.0520900000000002,0.0028419600352758687,-1.0607,-1.0467,0.014000000000000012,-0.15682500000000002,0.003287756393844158,-0.1621,-0.152,0.010099999999999998,1.0710600000000001,0.003241734428552596,1.0643,1.0801,0.015800000000000036,0.0003169376828839743,34.221999999999994,33.85,34.91,0.28130522849557327,1.0599999999999952,0.027426505588984768,0.8399999999999963,29.18500000000001,0.015727950313141066,0.0020748997579801316,5.037,4.66,5.719999999999995,0.28456985082752395,0.025351605831004775,20.526999999999994,20.47,20.59,0.046577609258210854,0.120000000000001,0.00226908994291474,0.0037884518252906388,0.03999999999999915,0.06968776244331253,0.9977360471696838,0.0033643493934817567,0.00023445398130925922,0.003907049252204415,0.24538412822136704,1.6455903353390862,1.5210963498602865,0.06952999263629059,12.190871000000001
103,S015,14,1788716575030,1788716585030,774.746,2026-09-06T17:42:55.030000+00:00,20,20,20,11,20,20,0.07011500000000001,0.0044834520299946515,0.07025104625555409,0.062,0.0802,0.018199999999999994,0.06965,0.0669,0.072375,0.27789449675127953,1.1416200081669152,2.6658999999999997,0.38562565704115315,2.037,3.628,1.5910000000000002,2.1412000000000004,0.20958595774576722,1.754,2.515,0.7610000000000001,0.1072,0.005395709796729837,0.0962,0.1159,0.01970000000000001,-1.0520400000000003,0.0027906611176715963,-1.0607,-1.0476,0.01309999999999989,-0.15689999999999998,0.003310907015178451,-0.1619,-0.152,0.009899999999999992,1.07102,0.0029835690390078865,1.0661,1.0801,0.014000000000000012,0.0003126500635337178,34.187,33.85,34.91,0.30250010874291117,1.0599999999999952,-0.02108270676691838,-0.240000000000002,29.190000000000005,0.012977713690460727,0.0012631578947363035,4.996999999999999,4.66,5.719999999999995,0.30726467246881434,-0.022345864661654405,20.516000000000002,20.47,20.59,0.05335087430842846,0.120000000000001,0.002600452052467755,0.0016840249785095643,-0.05000000000000071,0.06394426342429795,0.997406292758851,0.003417576525638526,0.00021853441362812689,0.003909144082667186,0.24356599727042302,-1.2649624060151028,-1.3407518796992643,0.0637784107252244,9.12442
104,S015,14,1788716577530,1788716587530,777.246,2026-09-06T17:42:57.530000+00:00,20,20,20,11,20,20,0.07122000000000002,0.004017802489185508,0.07132758232268915,0.0657,0.0793,0.013600000000000001,0.07050000000000001,0.068925,0.0728,-0.2684312556794666,1.111771875867645,2.5896500000000007,0.32272463005185287,2.037,3.168,1.1310000000000002,2.12075,0.2323121482198602,1.736,2.515,0.7790000000000001,0.10760499999999999,0.005794323447178827,0.0962,0.1197,0.023500000000000007,-1.0517800000000002,0.0025732633387444644,-1.0562,-1.0466,0.009600000000000053,-0.157975,0.003534324174212241,-0.1654,-0.152,0.013399999999999995,1.070995,0.002859973316033064,1.066,1.0768,0.01079999999999992,0.000529252556712615,34.164,33.71,34.91,0.3290240752669365,1.1999999999999957,-0.018827067669173643,-0.7000000000000028,29.187,0.01625455401774506,-0.0023157894736843252,4.977,4.539999999999999,5.719999999999995,0.3335471244225109,-0.016511278195489112,20.525500000000005,20.47,20.6,0.06303507795372097,0.13000000000000256,0.0030710617501995548,0.0056384806300582135,0.13000000000000256,0.056413963622374434,0.9969383407942793,0.0034698302112007016,0.00019574687531049217,0.003863486882170957,0.24247886774987207,-1.1296240601504186,-0.9906766917293467,0.0562412432913188,7.96752
105,S015,14,1788716580030,1788716590030,779.746,2026-09-06T17:43:00.030000+00:00,20,20,20,11,20,20,0.0723,0.005753076979916234,0.07251712211609063,0.0589,0.0802,0.021299999999999993,0.07239999999999999,0.069525,0.077675,-0.11306460221863057,1.1059457085405302,2.7046499999999996,0.43162255379830233,2.125,3.528,1.403,2.19175,0.26725778507690007,1.736,2.664,0.9280000000000002,0.10768499999999999,0.006329402981740313,0.0962,0.1203,0.02410000000000001,-1.0517400000000001,0.0028307335854119067,-1.0562,-1.0466,0.009600000000000053,-0.15803500000000004,0.0034224145062560093,-0.1654,-0.152,0.013399999999999995,1.07103,0.0032413609877074328,1.0651,1.0768,0.011700000000000044,0.0004889787794249582,34.07899999999999,33.65,34.91,0.33525952241274354,1.259999999999998,-0.052060150375940556,-0.5600000000000023,29.178999999999995,0.018890264827767112,-0.004000000000000499,4.899999999999998,4.5,5.719999999999995,0.33460109793131576,-0.04806015037594013,20.549,20.47,20.6,0.05901828441031583,0.13000000000000256,0.002872075741413978,-0.0012633686942980238,-0.0799999999999983,0.07957229571115124,0.9971361494542654,0.0035184193878047597,0.00027996870796224803,0.0039028663195289307,0.2384544260061316,-3.1236090225564332,-2.8836090225564077,0.0793444125486535,9.398592
106,S017,16,1788716612031,1788716622031,811.747,2026-09-06T17:43:32.031000+00:00,20,20,20,8,20,20,0.06969500000000001,0.0051334276022330745,0.06987436940681468,0.0606,0.0804,0.019799999999999998,0.06905,0.06657500000000001,0.071575,0.3935956933025144,1.150636502089975,2.5869500000000003,0.29309446564115416,2.172,3.394,1.222,2.1315999999999997,0.21080906801628516,1.896,2.693,0.7970000000000002,0.10887499999999999,0.005489116025084741,0.0991,0.1186,0.019500000000000003,-1.0507849999999999,0.0027151184911625202,-1.0552,-1.0462,0.008999999999999897,-0.15791500000000003,0.0037235064119724584,-0.1634,-0.1504,0.012999999999999984,1.070105,0.003054328248998721,1.0646,1.075,0.010399999999999965,4.082832538410621e-05,34.107,33.71,34.89,0.2916576940975769,1.1799999999999997,-0.03636172617120224,-0.38000000000000256,29.183000000000003,0.016254554017745015,0.0014135291684015398,4.9239999999999995,4.539999999999996,5.719999999999999,0.2908137403544532,-0.037775255339603846,20.510000000000005,20.48,20.54,0.026357861106418207,0.05999999999999872,0.0012851224332724623,0.006134454131921352,0.03999999999999915,0.07365560803835389,0.9987165269866896,0.003398098488542174,0.00025028901034778513,0.003920039005363236,0.2400780107264748,-2.181703570272134,-2.266515320376231,0.07356107305315769,9.140042000000001
107,S017,16,1788716614531,1788716624531,814.247,2026-09-06T17:43:34.531000+00:00,20,20,20,9,20,20,0.06996500000000001,0.004977240304891011,0.07013298439393549,0.0606,0.0804,0.019799999999999998,0.06955,0.067175,0.071575,0.5898508853676923,1.1463935364335118,2.6754499999999997,0.462715494604804,2.172,4.204,2.0319999999999996,2.1083,0.1764381806156121,1.896,2.502,0.6059999999999999,0.10868,0.005198643547776872,0.0991,0.1186,0.019500000000000003,-1.0513649999999999,0.0027637265079103438,-1.0553,-1.0462,0.009099999999999886,-0.15900499999999998,0.004027468187335562,-0.1668,-0.1504,0.016399999999999998,1.07083,0.003075215011738398,1.0646,1.0761,0.011500000000000066,-0.0002738980395024444,34.079,33.63,34.89,0.32692989752351614,1.259999999999998,-0.052182152537447256,-0.8599999999999994,29.179999999999996,0.021026299321514404,-0.005112706398734796,4.898999999999999,4.460000000000001,5.719999999999999,0.32505708000773925,-0.04706944613871239,20.5165,20.47,20.54,0.02996050031203316,0.07000000000000028,0.0014603124466664957,0.005638805962962412,-0.030000000000001137,0.07113900242822854,0.9985418169561818,0.0034101820485950337,0.0002425969490357035,0.003918797065776326,0.23878341822435595,-3.130929152246835,-2.824166768322743,0.07103526874113356,10.518407999999999
108,S017,16,1788716617031,1788716627031,816.747,2026-09-06T17:43:37.031000+00:00,20,20,20,10,20,20,0.069105,0.004890966431246379,0.06926923198650321,0.0606,0.0802,0.019599999999999992,0.06914999999999999,0.065275,0.07200000000000001,0.09950771564220995,1.1578012011974752,2.71495,0.449395087575334,2.117,4.204,2.0869999999999997,2.11905,0.1742214184065178,1.896,2.502,0.6059999999999999,0.108335,0.005685278773889817,0.0991,0.1186,0.019500000000000003,-1.0513799999999998,0.0027427608065788795,-1.0553,-1.0462,0.009099999999999886,-0.15877500000000003,0.004265019898762737,-0.1668,-0.1504,0.016399999999999998,1.0707299999999997,0.0032123282260035314,1.0646,1.0761,0.011500000000000066,-0.00018128844168006287,34.077,33.63,34.75,0.3215930740285893,1.1199999999999974,0.031066663281031564,0.11999999999999744,29.169999999999995,0.018353258709645975,-0.0041503679561674224,4.906999999999999,4.460000000000001,5.600000000000001,0.32582042196342015,0.035217031237199395,20.513000000000005,20.47,20.54,0.0340433160608812,0.07000000000000028,0.0016595971364930138,-0.005593984962406463,-0.010000000000001563,0.07077586905790288,0.9983431525627694,0.0033688392726563634,0.00023843252723864758,0.003909715789986837,0.23921415687612724,1.8639997968618938,2.1130218742319635,0.07065860424063652,10.518407999999999
109,S017,16,1788716619531,1788716629531,819.247,2026-09-06T17:43:39.531000+00:00,20,20,20,10,20,20,0.06924,0.004374976691667234,0.06937118277786533,0.0614,0.0783,0.01689999999999999,0.06914999999999999,0.06542500000000001,0.07214999999999999,-0.4215259124979034,1.1287107537250127,2.7044000000000006,0.4764496328381196,2.117,4.204,2.0869999999999997,2.12075,0.20328561059180802,1.789,2.507,0.7180000000000002,0.107185,0.005759228292602732,0.0991,0.1186,0.019500000000000003,-1.0511050000000002,0.0027538442030617385,-1.0553,-1.0462,0.009099999999999886,-0.15894000000000003,0.0042594044555300786,-0.1668,-0.1504,0.016399999999999998,1.0703799999999997,0.00320634239889434,1.0646,1.0761,0.011500000000000066,0.00017274626978781689,34.116,33.63,34.81,0.32774187532585003,1.1799999999999997,0.05997127019606018,1.0399999999999991,29.166999999999994,0.017501879598309525,-0.0008720919340998181,4.948999999999999,4.460000000000001,5.640000000000001,0.33096191544297676,0.060843362130160374,20.504000000000005,20.47,20.54,0.03362330019182329,0.07000000000000028,0.00163984101598826,-0.009293233082707094,-0.05999999999999872,0.06318568301079194,0.9983628436601274,0.0033769020678891914,0.00021337186362013427,0.00381876706984003,0.2413675380413577,3.598276211763611,3.6506017278096223,0.06308223816926165,10.539428
110,S017,16,1788716622031,1788716632031,821.747,2026-09-06T17:43:42.031000+00:00,20,20,20,10,20,20,0.069465,0.00466862709448596,0.06961388151798462,0.0614,0.0783,0.01689999999999999,0.0698,0.0649,0.072875,-0.7113201220165912,1.1247756667579487,2.6976999999999998,0.5653239499800558,2.019,4.204,2.1849999999999996,2.15425,0.22251005299583776,1.789,2.607,0.8180000000000003,0.10794,0.005421633080830708,0.1,0.1195,0.01949999999999999,-1.0509950000000001,0.002601310398524884,-1.0553,-1.0464,0.008899999999999908,-0.15838500000000003,0.003982762199384006,-0.1668,-0.1517,0.015100000000000002,1.07026,0.003090631003533107,1.0656,1.0761,0.010499999999999954,-1.9693303337060456e-05,34.114,33.63,34.81,0.3197762375556746,1.1799999999999997,-0.010526315789473604,0.3200000000000003,29.160999999999994,0.015183093090326243,0.000872180451127605,4.9529999999999985,4.460000000000001,5.640000000000001,0.31817075852275833,-0.011398496240601484,20.496999999999996,20.47,20.54,0.02867237805201881,0.07000000000000028,0.001398857298727561,-0.0013834586466171322,-0.019999999999999574,0.06720833649299589,0.998603096769552,0.0033890325413475147,0.0002277712394245968,0.003820071229936089,0.24164511879787284,-0.6315789473684162,-0.683909774436089,0.06711445295063578,10.959828
111,S017,16,1788716624531,1788716634531,824.247,2026-09-06T17:43:44.531000+00:00,20,20,20,10,20,20,0.06967999999999999,0.004491348408475542,0.06981737606069137,0.0614,0.0783,0.01689999999999999,0.0697,0.06722500000000001,0.072875,-0.324364692913067,1.1214973179733192,2.5357499999999997,0.3995053355812595,2.019,3.314,1.295,2.12085,0.20313963955342335,1.789,2.607,0.8180000000000003,0.10844000000000001,0.006237104591411828,0.1,0.1234,0.02339999999999999,-1.05087,0.002582756585307134,-1.0548,-1.0464,0.008399999999999963,-0.15747500000000003,0.0032492711733394537,-0.1646,-0.1517,0.012899999999999995,1.0700600000000002,0.0030690989591495,1.0656,1.0756,0.009999999999999787,5.666599815651337e-05,34.17700000000001,33.73,34.81,0.34818476643722907,1.0800000000000054,-0.024270676691729207,-0.3399999999999963,29.157999999999998,0.016415653633363666,-0.002285714285715082,5.019,4.579999999999998,5.640000000000001,0.3452215154604974,-0.021984962406014812,20.4795,20.44,20.52,0.02799906013460145,0.0799999999999983,0.0013671749864304036,-0.0006165413533833925,-0.029999999999997584,0.06445677968535508,0.9986346916290232,0.003402426817060963,0.00021930947574284242,0.003823335530652603,0.24507434263531824,-1.4562406015037523,-1.3190977443608887,0.06436877630448445,8.639598000000001
112,S017,16,1788716627031,1788716637031,826.747,2026-09-06T17:43:47.031000+00:00,20,20,20,10,20,20,0.07083000000000002,0.004323144567021604,0.07095522531850632,0.0615,0.0783,0.016799999999999995,0.07075000000000001,0.06865,0.073325,-0.04637862440495377,1.1035128089372446,2.5837000000000003,0.42880655680375823,2.019,3.314,1.295,2.1189500000000003,0.19904098361366374,1.789,2.607,0.8180000000000003,0.10846,0.005638066111148768,0.1,0.1234,0.02339999999999999,-1.0508099999999998,0.002452689179355249,-1.0548,-1.0469,0.007900000000000018,-0.15767499999999998,0.0029924246461954396,-0.1646,-0.1517,0.012899999999999995,1.0700800000000001,0.0029074495967934973,1.0661,1.0756,0.009499999999999842,0.00015812750245457535,34.189,33.73,34.97,0.36783720655517715,1.240000000000002,0.029620383637759123,-0.3399999999999963,29.155999999999995,0.017290094517413476,-0.003307864375864328,5.033000000000001,4.579999999999998,5.84,0.36753947156447697,0.03292824801362345,20.488500000000002,20.44,20.55,0.04029823033857712,0.10999999999999943,0.001966870700079416,0.0015789473684209303,0.07000000000000028,0.061035501440372765,0.9980369902862105,0.003457061278278059,0.0002110034686297974,0.0038216560509554136,0.24564999877980334,1.7772230182655475,1.975694880817407,0.0609156881581593,8.639598000000001
113,S017,16,1788716629531,1788716639531,829.247,2026-09-06T17:43:49.531000+00:00,20,20,20,10,20,20,0.07029500000000001,0.004767927388178994,0.07044844568902851,0.0604,0.0778,0.017399999999999992,0.0697,0.06795000000000001,0.073325,-0.0665735298046024,1.104353676494475,2.57705,0.4059262928946066,2.019,3.314,1.295,2.1039000000000003,0.16951692975536164,1.791,2.607,0.8160000000000003,0.10968499999999999,0.005692495059286392,0.103,0.1234,0.0204,-1.050905,0.002560730775630898,-1.0548,-1.0469,0.007900000000000018,-0.15757000000000002,0.0026171700264538468,-0.1633,-0.1517,0.0116,1.070265,0.0029870377863097,1.0661,1.0756,0.009499999999999842,-5.110518412004362e-05,34.25500000000001,33.73,34.97,0.3844271199152265,1.240000000000002,0.07941879613328967,0.8999999999999986,29.153999999999996,0.013917047478770395,0.0013233659443600873,5.101000000000001,4.579999999999998,5.84,0.3821531795387536,0.07809543018892966,20.498,20.44,20.55,0.04629425336623131,0.10999999999999943,0.0022584766009479612,0.0025864661654127455,-0.010000000000001563,0.06782740434140398,0.9977466126217188,0.003429358961849937,0.00023260451693721309,0.003795492243145672,0.24885354668748175,4.76512776799738,4.68572581133578,0.06767456292455949,8.639598000000001
114,S017,16,1788716632031,1788716642031,831.747,2026-09-06T17:43:52.031000+00:00,20,20,20,10,20,20,0.07014,0.00495085319600784,0.07030579634710071,0.0604,0.0778,0.017399999999999992,0.0696,0.06772500000000001,0.073375,-0.17293152856832572,1.1065943925291777,2.70005,0.40363551497281364,2.268,3.947,1.6790000000000003,2.1054,0.1954771220965714,1.846,2.795,0.9489999999999998,0.109575,0.005595381083865888,0.1021,0.1234,0.0213,-1.0510950000000001,0.0029534057058179437,-1.0559,-1.0447,0.011200000000000099,-0.15772999999999998,0.003125464176052809,-0.1633,-0.1511,0.012199999999999989,1.07045,0.0033882925369261413,1.0628,1.0756,0.012799999999999923,-0.00028430745679595043,34.31199999999999,33.73,34.97,0.3443315415792107,1.240000000000002,-0.00583797906173424,0.46000000000000085,29.157999999999998,0.017651599003162946,0.0043303435105059756,5.154000000000001,4.599999999999998,5.84,0.34568619782748194,-0.010168322572240767,20.490000000000002,20.44,20.55,0.04633970674327395,0.10999999999999943,0.002261576707822057,0.0032473342691459813,0.0,0.07058530362144055,0.9977435264801323,0.003423133235724743,0.00024162289878027523,0.003796974133723767,0.25153733528550515,-0.35027874370405443,-0.6100993543344461,0.07042602975292696,11.031865
115,S017,16,1788716634531,1788716644531,834.247,2026-09-06T17:43:54.531000+00:00,20,20,20,9,20,20,0.06975,0.005142239937901319,0.06992984341466811,0.0604,0.0778,0.017399999999999992,0.06945000000000001,0.066975,0.07300000000000001,-0.649887779260963,1.1125436037181384,2.6342,0.437965944362176,2.019,3.947,1.928,2.06445,0.20716392568510367,1.824,2.795,0.9709999999999999,0.10894999999999999,0.004878254649057656,0.1007,0.1195,0.018799999999999997,-1.05108,0.00321830291989593,-1.0568,-1.0447,0.0121,-0.15807,0.003299138643566478,-0.1633,-0.1511,0.012199999999999989,1.0704249999999997,0.003612970056833985,1.0628,1.0768,0.014000000000000012,-0.00042972517914051904,34.349000000000004,33.79,34.97,0.33121625945342026,1.1799999999999997,-0.01759868117016962,-0.28000000000000114,29.163999999999998,0.016026294183721836,0.002105176998502809,5.1850000000000005,4.599999999999998,5.84,0.33616255466350525,-0.019703858168672428,20.505999999999993,20.44,20.55,0.039256243217849714,0.10999999999999943,0.001914378387684079,0.0007213980103366141,0.0799999999999983,0.07372387007743826,0.9980892794544333,0.003401443479957087,0.00025076757719210574,0.003794011508826686,0.2528528235638351,-1.0559208702101772,-1.1822314901203457,0.07358300436418261,11.031865
116,S017,16,1788716637031,1788716647031,836.747,2026-09-06T17:43:57.031000+00:00,20,20,20,8,20,20,0.069235,0.004608033602764906,0.0693805268068786,0.0604,0.0778,0.017399999999999992,0.06925,0.066975,0.072725,-0.24757113094530325,1.121352108157914,2.58675,0.41807930184545006,2.019,3.947,1.928,2.0622999999999996,0.22927026111464813,1.824,2.795,0.9709999999999999,0.10886499999999999,0.005842879156897332,0.0964,0.1195,0.023099999999999996,-1.051345,0.003486436123336475,-1.0568,-1.0447,0.0121,-0.15867,0.0037050605506807185,-0.1652,-0.1511,0.014100000000000001,1.0707350000000004,0.0038833348392437496,1.0628,1.0768,0.014000000000000012,0.00026061654477712144,34.274,33.79,34.85,0.316001332442227,1.0600000000000023,-0.0353695002893762,-0.5999999999999943,29.163,0.017501879598309577,-0.002856983844416626,5.111,4.599999999999998,5.68,0.3151925059221318,-0.032512516444959574,20.499500000000005,20.47,20.55,0.030170567742333915,0.08000000000000185,0.0014717709086725973,-0.003202767993144037,-0.07000000000000028,0.06655641803661307,0.998530392017603,0.0033773994487670427,0.0002247876095887658,0.0037952145174272533,0.24932315422327367,-2.122170017362572,-1.9507509866975745,0.0664586061933867,11.031865
117,S017,16,1788716639531,1788716649531,839.247,2026-09-06T17:43:59.531000+00:00,20,20,20,8,20,20,0.06941,0.0037417839820627075,0.06950574796374757,0.0607,0.0754,0.014699999999999998,0.0695,0.067375,0.072725,-0.016359363559587337,1.0848023682778971,2.6104,0.4269471063011756,2.019,3.947,1.928,2.0831500000000003,0.23887924167927013,1.824,2.795,0.9709999999999999,0.108375,0.005442897351498315,0.0964,0.1176,0.021199999999999997,-1.0512949999999999,0.0034740352693419427,-1.0568,-1.0447,0.0121,-0.15843999999999997,0.0034927594278811435,-0.1652,-0.1511,0.014100000000000001,1.0706,0.0038739344884823218,1.0628,1.0768,0.014000000000000012,0.0001154970258047201,34.29800000000001,33.79,34.85,0.3352548127524554,1.0600000000000023,0.04992154214068041,0.5799999999999983,29.165000000000003,0.01820930936000762,-0.001052774023825693,5.133000000000001,4.599999999999998,5.68,0.33335771840629697,0.05097431616450638,20.497999999999998,20.47,20.52,0.022849622823099148,0.05000000000000071,0.0011147245010781125,0.002646477497646313,0.05000000000000071,0.05390842792195227,0.998886516726009,0.0033861840179529716,0.00018254385706228452,0.0036784076495267833,0.2504146746024003,2.9952925284408245,3.0584589698703826,0.05384840178913403,11.031865
118,S017,16,1788716642031,1788716652031,841.747,2026-09-06T17:44:02.031000+00:00,20,20,20,9,20,20,0.06951,0.0033059595310669836,0.06958464629499815,0.0623,0.0745,0.012199999999999996,0.0698,0.06745,0.07255,-0.3989180938986343,1.0706384808534288,2.6667000000000005,0.4242400139940647,2.019,3.615,1.596,2.16715,0.2553068896342925,1.824,2.848,1.0239999999999998,0.10822500000000002,0.0058835072783788465,0.0964,0.1172,0.0208,-1.05118,0.003283707788781664,-1.0568,-1.0458,0.010999999999999899,-0.15846000000000002,0.0025783307533526825,-0.1652,-0.1555,0.009700000000000014,1.07048,0.0035836764421617842,1.065,1.0768,0.011800000000000033,0.0001113180342248681,34.322,33.85,34.85,0.32355915427598264,1.0,0.001141568317909518,0.259999999999998,29.165999999999997,0.01788854381999936,0.0020447475510322766,5.156000000000001,4.700000000000003,5.68,0.31964453941675064,-0.0009031792331220699,20.497499999999995,20.45,20.52,0.027313964040009686,0.07000000000000028,0.0013325509959755918,-0.003924770288687708,-0.07000000000000028,0.047560919739130826,0.9986692223331298,0.003391145261617271,0.00016128598761151283,0.0036345895840956223,0.2515428710818393,0.06849409907457109,-0.05419075398732419,0.047497626729326184,10.29552
119,S017,16,1788716644531,1788716654531,844.247,2026-09-06T17:44:04.531000+00:00,20,20,20,9,20,20,0.06994500000000001,0.004318439654855857,0.07007153130908443,0.062,0.0799,0.0179,0.07005,0.06745,0.072725,0.4805264605509496,1.1402633638411916,2.71855,0.3710670921034433,2.257,3.615,1.358,2.1892,0.23711835818736954,1.867,2.848,0.9809999999999999,0.10826,0.005732217353648909,0.0964,0.1172,0.0208,-1.0508,0.0035762373640756476,-1.0561,-1.0429,0.0132000000000001,-0.15813499999999997,0.002445247807913396,-0.1652,-0.1552,0.010000000000000009,1.0700600000000002,0.0036904428489075197,1.0622,1.076,0.013800000000000034,3.78704199016614e-06,34.370999999999995,33.85,35.07,0.34283493035815926,1.2199999999999989,0.039248120300751047,0.37999999999999545,29.170000000000005,0.019466570535692243,0.004090225563909605,5.200999999999999,4.700000000000003,5.899999999999999,0.33557335067643557,0.035157894736841375,20.500999999999998,20.45,20.59,0.046780562765229565,0.14000000000000057,0.0022818673608716437,0.005684210526315294,0.10999999999999943,0.06174050546652165,0.9977233277033336,0.003411784790985806,0.0002106453175384546,0.003897370859958051,0.25369494171016044,2.3548872180450626,2.1094736842104824,0.06159994256814384,10.29552
120,S017,16,1788716647031,1788716657031,846.747,2026-09-06T17:44:07.031000+00:00,20,20,20,10,20,20,0.06967,0.0042296074223701205,0.06979186198977642,0.062,0.0799,0.0179,0.06995,0.06745,0.0722,0.8382095873114581,1.1448326168988625,2.7156,0.37617498727670823,2.248,3.615,1.367,2.2269499999999995,0.22062887986748003,1.906,2.848,0.942,0.10877999999999999,0.0054938817644817626,0.0983,0.1209,0.022599999999999995,-1.0508050000000002,0.003624547158648001,-1.0561,-1.0429,0.0132000000000001,-0.15744499999999997,0.0014244019982545585,-0.1597,-0.1552,0.004500000000000004,1.0700150000000002,0.0037445082594732126,1.0622,1.0755,0.013299999999999867,0.00010632413622595316,34.404999999999994,33.95,35.07,0.3130074826749773,1.1199999999999974,-0.03112781954887253,-0.6799999999999997,29.178000000000004,0.011964860832322122,0.000721804511277809,5.2269999999999985,4.780000000000001,5.899999999999999,0.312765255843992,-0.031849624060150475,20.509499999999996,20.4,20.59,0.06573271235605796,0.19000000000000128,0.0032049885348769095,0.001488721804510722,-0.08000000000000185,0.06070916351901996,0.996805250600321,0.003396962383285795,0.00020622674479485708,0.003895755625441869,0.25485750505863136,-1.8676691729323518,-1.9109774436090285,0.06051521295531256,10.29552
121,S017,16,1788716649531,1788716659531,849.247,2026-09-06T17:44:09.531000+00:00,20,20,20,11,20,20,0.07030499999999999,0.005474099301062663,0.07050716630244049,0.0598,0.0799,0.0201,0.07055,0.067825,0.073575,-0.28251665375588386,1.1332181420718137,2.753,0.4111844252631019,2.248,3.615,1.367,2.2439000000000004,0.23281998919427227,1.944,2.848,0.9039999999999999,0.108945,0.005807116777124246,0.0983,0.1209,0.022599999999999995,-1.0507000000000002,0.003485609514017694,-1.0561,-1.0429,0.0132000000000001,-0.15741,0.002243329292767664,-0.1638,-0.1529,0.010899999999999993,1.06996,0.0036489940935464354,1.0622,1.0755,0.013299999999999867,0.0003096568038134511,34.39300000000001,33.95,35.07,0.3132360804652983,1.1199999999999974,0.027699248120300588,0.35999999999999943,29.180999999999994,0.015183093090324642,0.0006917293233077395,5.211999999999998,4.780000000000001,5.899999999999999,0.31203238698301095,0.027007518796992643,20.490999999999993,20.4,20.59,0.08220001280573648,0.19000000000000128,0.004011517876420697,-0.005203007518797489,0.07000000000000028,0.07786216202350706,0.9960045101027274,0.003431018495925041,0.00026714651803536505,0.00389927285149578,0.25435557073837295,1.6619548872180352,1.6204511278195586,0.07755106454176233,10.29552
122,S018,17,1788716659913,1788716669913,859.629,2026-09-06T17:44:19.913000+00:00,18,20,20,11,20,20,0.07100555555555556,0.006555866005720931,0.07129081676875049,0.0611,0.0828,0.021699999999999997,0.0708,0.06642500000000001,0.07435,-0.8567387905402999,1.1614399126409565,2.7798888888888893,0.4094670695498622,2.193,3.721,1.528,2.1847777777777773,0.2711059171258599,1.702,2.779,1.077,0.10927222222222223,0.00658490301465544,0.098,0.1233,0.025300000000000003,-1.0510888888888892,0.0025246756084900245,-1.0555,-1.0458,0.009700000000000042,-0.1574,0.003027520826177945,-0.1635,-0.1523,0.011200000000000015,1.0703944444444444,0.0029163781369891673,1.0643,1.0754,0.011099999999999888,-7.361641829156619e-05,34.36099999999999,34.03,34.99,0.24899587821572686,0.9600000000000009,0.014281456350203826,0.14000000000000057,29.200000000000006,0.01777046633277239,-0.0007218060238674626,5.161,4.84,5.82,0.2573120162064151,0.015003262374070804,20.500999999999998,20.46,20.59,0.04689293516534274,0.129999999999999,0.002287348673983842,-0.011969594922446718,-0.129999999999999,0.09232891644079239,0.9977178713499577,0.003463516684822963,0.00031978274258430964,0.004038827374274426,0.2517438173747622,0.8568873810122295,0.9001957424442483,0.0921182099753555,10.340659
123,S018,17,1788716662413,1788716672413,862.129,2026-09-06T17:44:22.413000+00:00,20,20,20,11,20,20,0.07079500000000001,0.006673157147541894,0.07109315367881777,0.0611,0.083,0.021900000000000003,0.06939999999999999,0.065975,0.07435,-0.7116918656079374,1.1674823200975804,2.7096000000000005,0.3399791634482139,2.193,3.566,1.3729999999999998,2.12435,0.1869177345082168,1.702,2.463,0.7610000000000001,0.10924999999999999,0.006317436188834834,0.098,0.1233,0.025300000000000003,-1.0503799999999996,0.002750617155629274,-1.0555,-1.0445,0.01100000000000012,-0.157185,0.0027197668243706817,-0.1635,-0.1523,0.011200000000000015,1.0696550000000002,0.0030382604094760096,1.0638,1.0754,0.011599999999999833,-3.6235883254585513e-05,34.407,34.03,34.99,0.28780658710138546,0.9600000000000009,-0.013024276161326493,-0.5,29.203000000000003,0.019761738683361264,0.0027368834578479855,5.204,4.84,5.82,0.2924740204387031,-0.01576115961917496,20.484499999999997,20.46,20.53,0.023050288273114523,0.07000000000000028,0.0011252551086487113,0.0020302598120126927,0.05000000000000071,0.09426028882748631,0.9988760096672153,0.003456027728282361,0.00032576617186369673,0.004051844077229126,0.254045741902414,-0.7814565696795897,-0.9456695771504977,0.09415434117407873,8.783058
124,S018,17,1788716664913,1788716674913,864.629,2026-09-06T17:44:24.913000+00:00,20,20,20,11,20,20,0.070565,0.006237853460083339,0.07082643927235084,0.0611,0.083,0.021900000000000003,0.0696,0.066325,0.073225,-0.03465084317210154,1.1718787624045004,2.7762000000000002,0.34658417372073436,2.193,3.566,1.3729999999999998,2.16775,0.16381179027035556,1.876,2.463,0.5870000000000002,0.10856000000000002,0.0064043077607760885,0.098,0.1233,0.025300000000000003,-1.04962,0.0028152965628583434,-1.0544,-1.0445,0.00990000000000002,-0.15742499999999998,0.002598759825682041,-0.1635,-0.1523,0.011200000000000015,1.0688850000000003,0.0032499838056276476,1.0638,1.0741,0.010299999999999976,0.00039640756172090264,34.427,34.03,35.15,0.30159401082982523,1.1199999999999974,0.029199779934634778,-0.11999999999999744,29.208000000000006,0.01935812083093933,0.004390847491587021,5.218999999999999,4.84,5.919999999999998,0.2966816475618263,0.02480893244304749,20.488000000000007,20.46,20.53,0.027644357947252167,0.07000000000000028,0.0013492950969959078,0.0017145503573767844,-0.019999999999999574,0.08839868858617358,0.99865252304705,0.003444211245607184,0.0003044637573254265,0.004051151893791486,0.2547344787192502,1.7519867960780866,1.4885359465828494,0.0882795733906327,8.783058
125,S019,18,1788716685534,1788716695534,885.25,2026-09-06T17:44:45.534000+00:00,20,20,20,10,20,20,0.07061999999999999,0.0059798433353884335,0.07086010866488987,0.0563,0.0832,0.026899999999999993,0.0713,0.067525,0.07375,0.8405559132995233,1.1741444032137698,2.6130000000000004,0.2566685349669984,2.2,3.334,1.134,2.15395,0.2544342485635636,1.722,2.56,0.8380000000000001,0.10561499999999999,0.004755083152740202,0.0963,0.1155,0.01920000000000001,-1.0505600000000002,0.0028571977438336944,-1.055,-1.0439,0.011099999999999888,-0.15882500000000002,0.00262876296703261,-0.1629,-0.1531,0.009799999999999975,1.0697450000000002,0.002935530975013416,1.0642,1.0737,0.009500000000000064,0.0004742830450891399,34.419000000000004,33.91,34.99,0.3106173818296987,1.0800000000000054,0.04135135998361297,0.6799999999999997,29.243000000000002,0.013416407864998451,0.0014737196360260216,5.176,4.639999999999997,5.780000000000001,0.3151340566873255,0.03987764034758668,20.528,20.46,20.57,0.04741751841494369,0.10999999999999943,0.002309894700650024,0.00018045112781959,-0.029999999999997584,0.08467634289703249,0.9976954286165757,0.0034401792673421664,0.0002913017992687273,0.004053000779423227,0.25214341387373346,2.4810815990167785,2.392658420855201,0.08448120022033896,8.53504
126,S019,18,1788716688034,1788716698034,887.75,2026-09-06T17:44:48.034000+00:00,20,20,20,10,20,20,0.07125500000000001,0.005207128211454594,0.07143551987631923,0.0624,0.0832,0.0208,0.07175000000000001,0.06715,0.074575,-0.039720386928131735,1.164686701294389,2.64595,0.3378676905473346,2.2,3.584,1.384,2.1778500000000003,0.27754056602499333,1.722,2.809,1.0870000000000002,0.105535,0.004416151575392552,0.0963,0.115,0.01870000000000001,-1.05121,0.002836398754536635,-1.055,-1.0452,0.009800000000000031,-0.15812500000000002,0.002759266683664147,-0.1615,-0.153,0.008500000000000008,1.0703000000000003,0.003131671825248081,1.0636,1.0741,0.010499999999999954,-0.00027052577420617793,34.505,34.13,35.21,0.29450225626872223,1.0799999999999983,0.03064985028924416,0.21999999999999886,29.247000000000003,0.007326950970650308,0.0006316558606646594,5.258,4.880000000000003,5.960000000000001,0.29528933179795697,0.03001819442857881,20.517499999999995,20.46,20.57,0.04411408654363057,0.10999999999999943,0.002150071234001734,0.004796992481202654,-0.05999999999999872,0.07307737297669768,0.9978545416542712,0.003472888997197516,0.00025378960455487245,0.004055074936030219,0.2562690386255636,1.8389910173546495,1.8010916657147287,0.0729205885169609,10.067456
127,S019,18,1788716690534,1788716700534,890.25,2026-09-06T17:44:50.534000+00:00,20,20,20,9,20,20,0.07050999999999999,0.004397235973941622,0.07064013731583482,0.0612,0.0767,0.015500000000000007,0.0711,0.06715,0.073375,-0.3188572081166745,1.0857849788296885,2.6131499999999996,0.3606031898448984,2.146,3.584,1.4380000000000002,2.1329000000000002,0.2645526313171769,1.722,2.809,1.0870000000000002,0.10715000000000001,0.004331585342452272,0.1004,0.115,0.014600000000000002,-1.050855,0.003035660857557277,-1.0545,-1.0452,0.009300000000000086,-0.15843999999999997,0.0025978533648501325,-0.1615,-0.153,0.008500000000000008,1.070115,0.003387325447046748,1.0636,1.0748,0.011199999999999877,-0.0005095486392770557,34.508,34.13,35.21,0.29826868847788124,1.0799999999999983,-0.014733857061935685,-0.7199999999999989,29.25,0.011239029738980088,0.0018648685567627082,5.258000000000001,4.880000000000003,5.960000000000001,0.3017074218859261,-0.016598725618697706,20.520999999999997,20.46,20.57,0.03640416401862218,0.10999999999999943,0.001773995615156288,-0.00448120300751913,0.00999999999999801,0.06236329561681496,0.9982291458723013,0.003435992398031285,0.00021427980965555395,0.003737634618195995,0.2562253301496029,-0.8840314237161411,-0.9959235371218623,0.062252859317355025,10.067456
128,S019,18,1788716693034,1788716703034,892.75,2026-09-06T17:44:53.034000+00:00,20,20,20,8,20,20,0.06950999999999999,0.004321050067311247,0.0696374755429862,0.0612,0.0761,0.014900000000000004,0.0704,0.066925,0.07285,-0.30349135420087237,1.0928023942083394,2.6257999999999995,0.41058451274404295,2.146,3.584,1.4380000000000002,2.1460500000000002,0.2780362481101302,1.768,2.809,1.0410000000000001,0.10943499999999999,0.005339157729750818,0.1022,0.1189,0.016700000000000007,-1.0509300000000001,0.003543875369081019,-1.0576,-1.0452,0.012400000000000189,-0.15836,0.0023495576291360856,-0.1615,-0.153,0.008500000000000008,1.07035,0.0039374718044103306,1.0636,1.078,0.014399999999999968,-0.00046934256492143334,34.557,34.17,35.21,0.30492622058458624,1.0399999999999991,0.009897963930171422,0.46000000000000085,29.254999999999995,0.012773327473169829,0.0029172153721052953,5.302000000000001,4.900000000000002,5.960000000000001,0.3062094226608899,0.006980748558065576,20.507000000000005,20.47,20.57,0.03213458540182859,0.10000000000000142,0.0015670056761997652,-0.01028486600894183,-0.10000000000000142,0.06216443774005535,0.9984354459888164,0.00338957429170527,0.00021071098002200446,0.003710927975813136,0.25854586238845273,0.5938778358102853,0.41884491348393454,0.06206717811963618,10.067456
129,S019,18,1788716695534,1788716705534,895.25,2026-09-06T17:44:55.534000+00:00,20,20,20,8,20,20,0.068745,0.0042424515008237995,0.06886924930620342,0.0612,0.0761,0.014900000000000004,0.0686,0.066675,0.0718,-0.5269460846936278,1.1049924424418733,2.6268000000000002,0.4002029222124302,2.146,3.584,1.4380000000000002,2.1894,0.268569583260338,1.872,2.809,0.937,0.11010500000000001,0.005053448535927042,0.1024,0.1189,0.0165,-1.0510199999999998,0.0036761822301776296,-1.0576,-1.0452,0.012400000000000189,-0.157985,0.0024035664290689733,-0.1615,-0.153,0.008500000000000008,1.0703900000000002,0.004118111473146779,1.0636,1.078,0.014399999999999968,-0.00040749867843800397,34.539,34.17,35.21,0.2968235343201678,1.0399999999999991,0.002077614608989029,0.6000000000000014,29.266,0.021126187291455722,0.005473247257552342,5.2730000000000015,4.900000000000002,5.960000000000001,0.29780071047244794,-0.0033956326485634503,20.502999999999997,20.47,20.53,0.025567248786804678,0.060000000000002274,0.001247000379788552,-2.7063679942797343e-07,0.0,0.06171287367552258,0.9987545526934756,0.003352923962346974,0.00020691857293195142,0.003711651953372678,0.2571818758230504,0.12465687653934175,-0.20373795891380703,0.06163601354322552,10.067456
130,S019,18,1788716698034,1788716708034,897.75,2026-09-06T17:44:58.034000+00:00,20,20,20,9,20,20,0.06853,0.003951695172561025,0.06863815265579341,0.0612,0.0763,0.01510000000000001,0.0683,0.066525,0.07135,-0.18220298016188918,1.1116266543860704,2.6287999999999996,0.4753481383487043,2.142,3.921,1.779,2.2049999999999996,0.3384375865650858,1.84,3.041,1.2009999999999998,0.10989999999999997,0.0049570789361223005,0.103,0.1189,0.01590000000000001,-1.05058,0.003426460503047913,-1.0576,-1.0454,0.012199999999999989,-0.15799000000000002,0.002048850769012769,-0.1615,-0.1544,0.007099999999999995,1.06995,0.003886345868618282,1.0639,1.078,0.014100000000000001,0.00022627563782717233,34.568,34.17,35.29,0.29932555766871,1.1199999999999974,0.036447819737337385,0.6000000000000014,29.276999999999997,0.023642067769571867,0.005383275493006422,5.291000000000002,4.900000000000002,6.0,0.2964686901015458,0.031064544244331097,20.49,20.45,20.53,0.03145590062628284,0.08000000000000185,0.0015351830466707097,-0.001564163097843264,-0.05000000000000071,0.05766372643456918,0.9984671701277625,0.0033445583211322598,0.00019285969607423257,0.0037237676915568576,0.2582235236700831,2.1868691842402432,1.8638726546598658,0.05757533775214574,11.923760999999999
131,S020,19,1788716717535,1788716727535,917.251,2026-09-06T17:45:17.535000+00:00,20,20,20,9,20,20,0.06776999999999998,0.005244255002029916,0.06796248965422029,0.0599,0.0781,0.0182,0.06835,0.06395,0.07102499999999999,-0.7465516301171982,1.1491633163728603,2.59575,0.3384874832483315,2.099,3.444,1.3449999999999998,2.17125,0.23293276079725575,1.739,2.513,0.7739999999999998,0.10996999999999998,0.006175256227370992,0.0968,0.1207,0.023900000000000005,-1.05164,0.001965598877535431,-1.0558,-1.0486,0.007200000000000095,-0.156615,0.002912997190451607,-0.1606,-0.149,0.0116,1.0707950000000002,0.0023136835520328634,1.0675,1.0758,0.008300000000000196,-0.00027799192811860107,34.797,34.43,35.45,0.28999274038100414,1.0200000000000031,-0.0008721804511287072,0.5399999999999991,29.361,0.017740824166461267,0.004060150375939536,5.436,5.059999999999999,6.080000000000002,0.2878303593950332,-0.004932330827068242,20.522,20.49,20.63,0.04250077398676033,0.14000000000000057,0.002070985965634945,0.007579096758048914,0.14000000000000057,0.07738313416009912,0.997933294153169,0.0033023097164019094,0.00025554307582252784,0.003805671961797096,0.26488646330766985,-0.05233082706772243,-0.29593984962409453,0.07722320598428434,8.654772
132,S020,19,1788716720035,1788716730035,919.751,2026-09-06T17:45:20.035000+00:00,20,20,20,10,20,20,0.06814999999999999,0.005906330234765514,0.06839271159999434,0.06,0.0829,0.022900000000000004,0.06705,0.06395,0.070775,0.6574348349220696,1.2121174619432236,2.6582,0.35719338710210424,2.12,3.444,1.3239999999999998,2.11665,0.2534891827859202,1.699,2.594,0.8949999999999998,0.11096999999999999,0.0053346040152948545,0.101,0.1207,0.019699999999999995,-1.0514350000000001,0.0026632538468256348,-1.0558,-1.0457,0.010099999999999998,-0.15664,0.0029263593332617965,-0.1606,-0.149,0.0116,1.070695,0.0030346204132694434,1.0636,1.0758,0.012199999999999989,0.0005111742848317081,34.684000000000005,34.23,35.45,0.3482950956935958,1.220000000000006,-0.04469172932330881,-0.23999999999999488,29.372999999999998,0.01625455401774513,0.003398496240600763,5.310999999999999,4.839999999999996,6.080000000000002,0.35192553040006763,-0.0480902255639102,20.549,20.47,20.63,0.058029030847090705,0.16000000000000014,0.0028239345392520663,0.009172950503497222,-0.019999999999999574,0.08666662119978745,0.9971840176106791,0.003316463088228137,0.00028742665019054525,0.004034259574675167,0.2584553992895031,-2.6815037593985287,-2.885413533834612,0.08642256952074691,8.933736
133,S022,21,1788717369320,1788717379320,1569.036,2026-09-06T17:56:09.320000+00:00,20,20,20,7,8,7,0.06644000000000001,0.0049577584068863844,0.06661549369328429,0.058,0.0771,0.0191,0.0661,0.063,0.06915,0.16491840466959395,1.1573884050907017,2.71265,0.38002953832564124,2.335,3.834,1.499,2.10745,0.20773147520169796,1.828,2.473,0.6449999999999998,0.1085,0.008008350904557463,0.0917,0.1225,0.030799999999999994,-1.051335,0.002117663807123316,-1.0557,-1.0485,0.007200000000000095,-0.15921000000000002,0.0033634099238406085,-0.1636,-0.1498,0.013800000000000007,1.0706349999999998,0.00271356727729773,1.0667,1.0761,0.009400000000000075,-0.00047290467440524645,35.75600000000001,35.37,36.53,0.32105746329409973,1.1600000000000037,-0.027997098123906782,0.1600000000000037,29.901,0.01209610637658573,0.001965541688158195,5.855,5.459999999999997,6.620000000000001,0.31847498455840106,-0.02996263981206505,20.55,20.49,20.59,0.04352857500660132,0.10000000000000142,0.00211817883243802,0.003861835203932959,-0.03999999999999915,0.07462008439022251,0.997886298365622,0.0032330900243309007,0.00024125345045675835,0.003751824817518248,0.28491484184914845,-1.679825887434407,-1.797758388723903,0.07446235979588947,9.481482
134,S022,21,1788717371820,1788717381820,1571.536,2026-09-06T17:56:11.820000+00:00,20,20,20,8,8,8,0.066045,0.0052513131189907344,0.06624303359599408,0.058,0.0771,0.0191,0.0658,0.062275000000000004,0.06795,-0.28622000437619866,1.1638959723707833,2.67075,0.32066721149240657,2.335,3.312,0.9769999999999999,2.1759999999999997,0.21944595306313913,1.828,2.528,0.7,0.10918999999999998,0.007264035416097296,0.0938,0.1225,0.028700000000000003,-1.0511,0.0027898311588224938,-1.0557,-1.0445,0.011200000000000099,-0.159665,0.003197247994266651,-0.1636,-0.1498,0.013800000000000007,1.0705149999999999,0.003352811075092526,1.0624,1.0761,0.013700000000000045,3.602712952295008e-05,35.697,35.29,36.53,0.3305036029742306,1.240000000000002,-0.000852624980098855,0.480000000000004,29.903999999999996,0.009403246919632345,-0.0011755942417693897,5.793,5.379999999999999,6.620000000000001,0.3299936203530073,0.0003229692616704637,20.549999999999994,20.49,20.59,0.03026201370834739,0.10000000000000142,0.0014726040733989002,-0.0056105102263456375,0.030000000000001137,0.07951113814809196,0.9985295613006194,0.0032138686131386873,0.00025553835128908694,0.0037518248175182492,0.2818978102189782,-0.051157498805931303,0.01937815570022782,0.07939422189352721,8.372736
135,S022,21,1788717374320,1788717384320,1574.036,2026-09-06T17:56:14.320000+00:00,20,20,20,7,7,7,0.06548999999999999,0.005320358120118962,0.06569498458786638,0.058,0.0771,0.0191,0.06545000000000001,0.061375,0.067425,-0.12241342830887225,1.1736055725362038,2.6228499999999997,0.3112861731252247,2.295,3.312,1.017,2.1766499999999995,0.1965529994147822,1.828,2.528,0.7,0.10993000000000001,0.007626277287324263,0.0938,0.1225,0.028700000000000003,-1.0511049999999997,0.0029514447844724246,-1.0557,-1.0445,0.011200000000000099,-0.16038500000000003,0.0022985750734794484,-0.1646,-0.1559,0.008699999999999986,1.070675,0.0034935843454748936,1.0624,1.0761,0.013700000000000045,-0.00018474154832407607,35.664,35.29,36.53,0.32896008396476567,1.240000000000002,-0.023568553750973435,-0.23999999999999488,29.903,0.009787209698591651,-0.0013502205790370332,5.761,5.379999999999999,6.620000000000001,0.32911204299160135,-0.022218333171935774,20.540999999999997,20.52,20.59,0.02403944127558093,0.07000000000000028,0.0011703150418957663,-0.006992439533947749,-0.07000000000000028,0.08123924446662029,0.998831052994368,0.003188257631079305,0.00025901164111381933,0.003753468672411276,0.28046346331726796,-1.414113225058406,-1.3330999903161465,0.08114428009506122,8.372736
136,S022,21,1788717376820,1788717386820,1576.536,2026-09-06T17:56:16.820000+00:00,20,20,20,7,7,7,0.064935,0.005026485117015561,0.06511955543460043,0.058,0.0756,0.017599999999999998,0.06425,0.061375,0.06670000000000001,0.21091001039747637,1.1609415865242674,2.5232500000000004,0.2613523282346729,2.155,3.312,1.157,2.12395,0.20618858894353567,1.76,2.528,0.768,0.109955,0.007542055771681745,0.0938,0.1233,0.029500000000000012,-1.0512399999999995,0.0027452159343694274,-1.0548,-1.0445,0.010299999999999976,-0.16046500000000002,0.002177945676186863,-0.1646,-0.1552,0.009399999999999992,1.07077,0.0032935503160283503,1.0624,1.0755,0.01309999999999989,-0.00014097218299340575,35.697,35.29,36.63,0.3386210426513927,1.3400000000000034,0.021814609826407354,0.14000000000000057,29.904999999999994,0.01277332747316983,0.0007678241472146149,5.792,5.379999999999999,6.720000000000002,0.33732071261322694,0.021046785679193217,20.556,20.52,20.62,0.04381780460041364,0.10000000000000142,0.0021316308912440957,0.010030272627591241,0.07000000000000028,0.07740794820998784,0.9978729032938036,0.003158931698774081,0.00024452642133759297,0.003677758318739054,0.2817668807160926,1.3088765895844412,1.262807140751593,0.07724329401831695,8.372736
137,S022,21,1788717379320,1788717389320,1579.036,2026-09-06T17:56:19.320000+00:00,22,22,21,8,8,8,0.06538181818181818,0.005381594414442475,0.06559289041296527,0.0554,0.0756,0.020200000000000003,0.065,0.061775,0.067675,-0.3894541363582191,1.152563936793014,2.5825454545454547,0.272902342078056,2.155,3.312,1.157,2.1545,0.21906658044226346,1.76,2.584,0.8240000000000001,0.11036363636363639,0.007320261864594312,0.0938,0.1233,0.029500000000000012,-1.0512045454545451,0.00269522987317669,-1.0548,-1.0445,0.010299999999999976,-0.16058636363636364,0.0023946956173107057,-0.166,-0.1552,0.010800000000000004,1.0708318181818182,0.0032943510617037784,1.0624,1.0755,0.01309999999999989,-0.00023021368750862707,35.71181818181819,35.29,36.63,0.35412718139965077,1.3400000000000034,0.01645809500062069,0.8599999999999994,29.90545454545454,0.013706888336846546,0.0014208520475497684,5.806363636363638,5.379999999999999,6.720000000000002,0.35177841313538916,0.015037242953071791,20.54142857142857,20.45,20.62,0.057296222762562694,0.1700000000000017,0.002789300781263919,0.0014800613539661769,-0.08000000000000185,0.08231025939775755,0.997218457776633,0.003182924593314746,0.0002619873489192387,0.0036803672021698316,0.28266600914212026,0.9874857000372415,0.9022345771843074,0.0820813099358264,8.558208
138,S023,22,1788717401309,1788717411309,1601.025,2026-09-06T17:56:41.309000+00:00,20,20,20,9,8,8,0.068325,0.007399848860476458,0.06870462502626734,0.056,0.0849,0.028900000000000002,0.06775,0.06285,0.072025,0.07944876376355747,1.2357246687183112,2.8027499999999996,0.534761715257612,2.117,3.995,1.8780000000000001,2.2419000000000002,0.338304580923292,1.841,2.932,1.091,0.10579000000000001,0.0044638784175104725,0.0959,0.1134,0.0175,-1.049935,0.002397646872730794,-1.0537,-1.0438,0.00990000000000002,-0.15973500000000002,0.0030568774918206987,-0.166,-0.1538,0.012200000000000016,1.069115,0.0028431404060336287,1.0626,1.0738,0.011200000000000099,0.00014303271331894893,35.829,35.39,36.61,0.31950455066358036,1.2199999999999989,0.01355775937552407,0.20000000000000284,29.923000000000002,0.02992974229231138,0.004683972171227408,5.906000000000002,5.5,6.699999999999999,0.31882019350956,0.008873787204296235,20.551,20.49,20.62,0.05571544244027732,0.13000000000000256,0.0027110818179298976,0.008519809466308712,0.120000000000001,0.10830367889464264,0.997296248274214,0.003324655734514136,0.0003600724471060512,0.004131185830373218,0.28738260911877783,0.8134655625314442,0.5324272322577741,0.10801085263592228,11.71334
139,S026,25,1788717441317,1788717451317,1641.033,2026-09-06T17:57:21.317000+00:00,24,24,24,12,8,10,0.06632083333333333,0.006203363685492957,0.06659828263551545,0.0593,0.0824,0.023100000000000002,0.06455,0.0615,0.070075,0.61194210284261,1.2372691417730015,2.781375,0.41232256394615424,2.072,3.685,1.613,2.123291666666667,0.2544889985094028,1.625,2.674,1.049,0.10802916666666666,0.007163826956778525,0.0964,0.1212,0.024800000000000003,-1.0511458333333332,0.002749225846238015,-1.0567,-1.0461,0.010599999999999943,-0.16042083333333332,0.0024722774514810138,-0.1653,-0.1548,0.01050000000000001,1.0705625,0.003120313877745675,1.0654,1.0772,0.011800000000000033,0.0005400699432305809,35.82,35.21,36.85,0.3853400530982204,1.6400000000000006,-0.008374596351599407,-0.4200000000000017,29.981666666666666,0.011671841502435422,-0.0007843023789769478,5.838333333333336,5.240000000000002,6.880000000000003,0.3846134894044725,-0.007590293972622779,20.53708333333333,20.48,20.57,0.03568938055021333,0.08999999999999986,0.0017378018081217312,0.005250969289791529,-0.00999999999999801,0.0935356715787089,0.9982652129080234,0.0032293209438211366,0.00030205670322350014,0.004012254255513401,0.28428249710888853,-0.5024757810959645,-0.4554176383573667,0.0933734071030148,9.85369
140,S026,25,1788717443817,1788717453817,1643.533,2026-09-06T17:57:23.817000+00:00,20,21,20,10,7,8,0.06650999999999999,0.006163807777323161,0.06678078316402107,0.0593,0.0824,0.023100000000000002,0.0652,0.062025,0.068925,0.8413460627977263,1.2338878955285144,2.7474000000000007,0.3427626768357065,2.197,3.685,1.488,2.1312500000000005,0.21293336615254224,1.694,2.506,0.8119999999999998,0.10850000000000001,0.0070186218470280155,0.0964,0.1212,0.024800000000000003,-1.05097,0.0024019947850418967,-1.054,-1.0461,0.007900000000000018,-0.1618,0.0024889228276716927,-0.1672,-0.1579,0.009299999999999975,1.0706599999999997,0.0028512970271162954,1.0654,1.0747,0.009300000000000086,0.0004366707749197669,35.789047619047615,35.21,36.85,0.4058313043852677,1.6400000000000006,0.0015397135116305327,0.0,29.974761904761905,0.015368489717290983,-0.0015990620826334622,5.814285714285715,5.240000000000002,6.880000000000003,0.40458091191468065,0.003138775594264255,20.543499999999995,20.48,20.57,0.031501879643167426,0.08999999999999986,0.0015334232065211592,0.002601236534905516,0.05000000000000071,0.09267490268114813,0.9984689245800588,0.0032375203835763137,0.00030003688647616824,0.004011001046559741,0.2830231320994824,0.09238281069783197,0.1883265356558553,0.09253301041560758,9.23461
141,S026,25,1788717446317,1788717456317,1646.033,2026-09-06T17:57:26.317000+00:00,20,20,20,10,7,8,0.06624,0.0060850463822130565,0.06650499229381204,0.0593,0.0824,0.023100000000000002,0.0652,0.062025,0.0677,1.3095456054465364,1.239004729689547,2.75035,0.3836389853138384,2.197,3.685,1.488,2.1281499999999998,0.22206620041875133,1.694,2.506,0.8119999999999998,0.109375,0.007266786374356022,0.0964,0.1223,0.025900000000000006,-1.0511199999999998,0.0024356129672663163,-1.054,-1.0461,0.007900000000000018,-0.16201500000000002,0.002329507515153768,-0.1672,-0.1579,0.009299999999999975,1.0709200000000003,0.002886739191180056,1.0654,1.0747,0.009300000000000086,0.00012611844874738177,35.778,35.21,36.49,0.34417865617789406,1.2800000000000011,0.04312213698053669,0.4399999999999977,29.970999999999997,0.016511558949637576,-0.00123306869960815,5.807000000000001,5.240000000000002,6.520000000000003,0.3442321737921721,0.04435520568014546,20.545499999999997,20.51,20.57,0.023946211655114485,0.05999999999999872,0.0011655209975476133,-0.006344036053149211,-0.04999999999999716,0.0918636229198831,0.9988358358602019,0.0032240636635759655,0.00029617416866043936,0.004010610595994257,0.28264096760847884,2.5873282188322015,2.6613123408087276,0.09175667858432784,9.23461
142,S026,25,1788717448817,1788717458817,1648.533,2026-09-06T17:57:28.817000+00:00,20,20,20,10,7,8,0.068065,0.0063906407717602325,0.06834941477437828,0.0598,0.0824,0.022600000000000002,0.06709999999999999,0.0629,0.071925,-0.030369900849975817,1.2055699419227328,2.7028000000000008,0.4195057994706077,2.197,3.685,1.488,2.1201999999999996,0.21984147398571205,1.694,2.506,0.8119999999999998,0.10851499999999999,0.0066419143562522305,0.0964,0.1223,0.025900000000000006,-1.05114,0.0020762821023216156,-1.0538,-1.0467,0.007100000000000106,-0.16121500000000005,0.002699956139994634,-0.1672,-0.1577,0.00949999999999998,1.070805,0.002600905712692376,1.0654,1.0747,0.009300000000000086,6.098440450905231e-05,35.856,35.43,36.49,0.29243802762294785,1.0600000000000023,-0.008870526106228961,-0.5799999999999983,29.974,0.017888543819997937,-0.0002476988400048791,5.8820000000000014,5.440000000000001,6.520000000000003,0.2927833760020502,-0.008622827266224008,20.542499999999997,20.51,20.58,0.027886046312579307,0.06999999999999673,0.0013574806529185498,-0.004761986412317131,0.019999999999999574,0.09389026330361026,0.998644359602693,0.003313374710965073,0.00031109362403603424,0.004011196300352927,0.28633321163441655,-0.5322315663737377,-0.5173696359734404,0.0937629818697621,9.23461
143,S026,25,1788717451317,1788717461317,1651.033,2026-09-06T17:57:31.317000+00:00,17,16,16,8,6,6,0.06731176470588236,0.005347415538479919,0.06751138030427341,0.0602,0.0796,0.019400000000000008,0.0668,0.0626,0.07,0.2078618102200247,1.1790604730823642,2.695705882352941,0.5320952410877542,2.088,4.037,1.9489999999999998,2.1040588235294115,0.24091686081204325,1.694,2.54,0.8460000000000001,0.1098764705882353,0.005492555121681154,0.1026,0.1223,0.01970000000000001,-1.051535294117647,0.0017251598391419432,-1.0536,-1.0483,0.005300000000000082,-0.1613,0.0032283896914715826,-0.1673,-0.1577,0.009599999999999997,1.0712823529411768,0.0022688750775763386,1.0677,1.0747,0.006999999999999895,0.0007204987945054394,35.838750000000005,35.45,36.49,0.2976323235134252,1.0399999999999991,0.009447273072585922,0.05999999999999517,29.97,0.021908902300206177,0.0018078289893964684,5.868750000000002,5.480000000000004,6.520000000000003,0.3046281886715894,0.0076394440831881955,20.54125,20.51,20.58,0.0320156211871627,0.06999999999999673,0.001558601408734264,0.010362858944346888,0.04999999999999716,0.07944250996605663,0.9984438240492947,0.0032769069411979486,0.0002603257123339582,0.0038751293129678085,0.28570559240552557,0.5668363843551554,0.4583666449912917,0.07931888344258378,10.25398
144,S026,25,1788717453817,1788717463817,1653.533,2026-09-06T17:57:33.817000+00:00,20,19,20,10,8,9,0.06681000000000001,0.004945056010539054,0.06698363232909962,0.0594,0.0796,0.020200000000000003,0.0664,0.063125,0.06895,0.8453306476127933,1.1883500077886857,2.6601999999999997,0.4959472170556693,2.088,4.037,1.9489999999999998,2.0948499999999997,0.20708510200804933,1.775,2.54,0.7650000000000001,0.10875000000000001,0.005978073972531006,0.1001,0.1223,0.02220000000000001,-1.05156,0.0019367362671311105,-1.0553,-1.0489,0.006399999999999961,-0.161105,0.002748487622407333,-0.1673,-0.1573,0.010000000000000009,1.071135,0.0023097675891287275,1.0683,1.0762,0.007900000000000018,-0.00027494303032795275,35.80263157894737,35.27,36.33,0.28112555726466476,1.0599999999999952,-0.034724297690123924,-0.240000000000002,29.97,0.02309401076758454,-0.001777539360774163,5.832631578947369,5.340000000000003,6.380000000000003,0.2854400521857658,-0.03294675832935043,20.525,20.47,20.58,0.046848018550470535,0.10999999999999943,0.002282485678463851,-0.002335123710488182,0.05999999999999872,0.07401670424396128,0.9977227121983293,0.003255054811205847,0.00024092842925890642,0.003878197320341048,0.28417206231168674,-2.0834578614074353,-1.9768054997610256,0.07384814690626665,10.25398
145,S026,25,1788717456317,1788717466317,1656.033,2026-09-06T17:57:36.317000+00:00,20,20,20,10,9,9,0.06693999999999997,0.005203379468646973,0.06713184788161279,0.0586,0.0796,0.021000000000000005,0.0664,0.063375,0.0704,0.33711231165999633,1.1857263357382153,2.6169000000000002,0.4611955744526793,2.088,4.037,1.9489999999999998,2.0993500000000003,0.22934306066171742,1.775,2.54,0.7650000000000001,0.10915000000000001,0.005308632493153808,0.1001,0.1217,0.021600000000000008,-1.051625,0.001983318590539305,-1.0553,-1.0489,0.006399999999999961,-0.161455,0.0029261929641016316,-0.1673,-0.1573,0.010000000000000009,1.0713050000000002,0.002340821942912595,1.0683,1.0762,0.007900000000000018,-0.0007610661443335895,35.745999999999995,35.27,36.33,0.3169326675959321,1.0599999999999952,-0.02580146045690062,0.46000000000000085,29.964999999999993,0.02502630195361787,-0.005012480487924561,5.7810000000000015,5.340000000000003,6.380000000000003,0.31825014987386374,-0.020788979968975857,20.537,20.47,20.58,0.0492148886329929,0.10999999999999943,0.0023964010631052687,-4.2963817135770196e-05,0.05999999999999872,0.07773199086714931,0.9976093279459466,0.0032594828845498355,0.0002533660938134573,0.003875931246043726,0.2814919413741054,-1.5480876274140372,-1.2473387981385513,0.07754615916887728,10.25398
146,S026,25,1788717458817,1788717468817,1658.533,2026-09-06T17:57:38.817000+00:00,20,20,20,10,10,9,0.06542499999999998,0.004604674398455278,0.06557875799372842,0.0586,0.0729,0.014300000000000007,0.0653,0.062225,0.06895,-1.1874900759320217,1.1116404492895664,2.5807499999999997,0.4193035422296308,2.088,4.037,1.9489999999999998,2.0789999999999997,0.22280224887837902,1.788,2.54,0.752,0.10992500000000001,0.0062125403736906885,0.1001,0.1233,0.023200000000000012,-1.0518649999999998,0.001973315404138527,-1.0553,-1.0489,0.006399999999999961,-0.162375,0.0028825929482435004,-0.1686,-0.1573,0.011300000000000004,1.0716949999999998,0.0022876038946783154,1.0683,1.0762,0.007900000000000018,-0.0004902648388121348,35.71,35.27,36.33,0.3219676348559537,1.0599999999999952,-0.029390257645242498,-0.5,29.954999999999995,0.02665569949915859,-0.005592570233715076,5.755,5.340000000000003,6.380000000000003,0.3255359952609331,-0.023797687411528004,20.526,20.47,20.58,0.049884076142909684,0.10999999999999943,0.0024302872524071756,-0.003772180665292647,-0.08999999999999986,0.07038096138257974,0.9975756047245257,0.003187420832115365,0.00022433374249514166,0.00355159310143233,0.2803761083503849,-1.7634154587145499,-1.4278612446916803,0.07021033011232047,10.25398
147,S026,25,1788717461317,1788717471317,1661.033,2026-09-06T17:57:41.317000+00:00,20,21,21,11,11,12,0.065385,0.004913598209909012,0.06556015939577939,0.0586,0.0739,0.015299999999999994,0.0653,0.061925,0.06899999999999999,-1.0650630588166239,1.1272089738811328,2.5344,0.3391339434190382,2.158,3.785,1.6270000000000002,2.0815500000000005,0.21096706527697387,1.839,2.563,0.7240000000000002,0.10898,0.0064344140533949415,0.1001,0.1233,0.023200000000000012,-1.052045,0.0020451418687117457,-1.0553,-1.0489,0.006399999999999961,-0.16266999999999998,0.0022907364938400325,-0.1686,-0.1573,0.011300000000000004,1.07184,0.0022834415392468275,1.0683,1.0762,0.007900000000000018,0.00012987082093635413,35.723333333333336,35.27,36.49,0.3482144932844313,1.2199999999999989,0.013614580145052554,-0.11999999999999744,29.94333333333333,0.027080128015452624,-0.006624239623095026,5.78,5.340000000000003,6.580000000000002,0.35547151784636677,0.02023881976814686,20.517142857142858,20.47,20.57,0.044737328613011995,0.10000000000000142,0.0021804853104796266,0.005130018287800629,0.08999999999999986,0.07514870704150818,0.9978242588611131,0.0031868472357610357,0.0002394874493062462,0.003601866035371118,0.28171563849046094,0.8168748087031532,1.2143291860888117,0.07498520290806382,9.700955
148,S027,26,1788717475885,1788717485885,1675.601,2026-09-06T17:57:55.885000+00:00,20,20,20,11,7,10,0.06689999999999999,0.005197671543459073,0.06709154194084378,0.0582,0.0783,0.020099999999999993,0.066,0.063975,0.0688,0.3639579120761107,1.1670621621580701,2.6872000000000003,0.6512389487899602,2.097,4.892,2.7950000000000004,2.1518000000000006,0.29600117353963673,1.752,2.99,1.2380000000000002,0.10966500000000001,0.006345099642533932,0.0979,0.1193,0.021400000000000002,-1.050975,0.002281706425140268,-1.0545,-1.0459,0.008599999999999941,-0.16022,0.0023765521244020734,-0.1646,-0.1563,0.008300000000000002,1.0705449999999999,0.002772320897352039,1.0652,1.075,0.009800000000000031,-2.555871746391193e-05,35.711,35.35,36.45,0.31034615648031655,1.1000000000000014,0.006196556852217505,0.4199999999999946,29.919,0.01774082416645996,-0.0027676515094122245,5.792,5.420000000000002,6.520000000000003,0.3145188472304286,0.008964208361630118,20.529500000000002,20.48,20.6,0.04893335962521427,0.120000000000001,0.0023835631469453357,0.00029240027869063557,-0.030000000000001137,0.07769314713690693,0.9976221047166194,0.00325872524903188,0.0002531806202517875,0.0038140237219610796,0.282130592561923,0.37179341113305026,0.5378525016978071,0.07750840096877909,14.627080000000003
149,S030,29,1788717493395,1788717503395,1693.111,2026-09-06T17:58:13.395000+00:00,21,18,19,11,8,11,0.06613333333333332,0.00522238770423389,0.06632942319176596,0.0568,0.0741,0.017299999999999996,0.0674,0.0623,0.0706,-1.018888653685339,1.117151279693303,2.8933809523809524,0.4808536654940332,2.084,3.799,1.7149999999999999,2.1859047619047614,0.28903683238679195,1.723,2.74,1.0170000000000001,0.10787142857142855,0.007612696162145371,0.094,0.1196,0.025599999999999998,-1.0508714285714287,0.0021902380822967082,-1.0558,-1.0474,0.008399999999999963,-0.16029047619047623,0.0028301775142037886,-0.1662,-0.1544,0.011799999999999977,1.0702333333333331,0.002822823645453852,1.0661,1.0764,0.010299999999999976,0.0002042804958279787,35.92111111111111,35.31,36.53,0.387767196514623,1.2199999999999989,0.03785124587618014,0.7800000000000011,29.89111111111111,0.01278274981412257,-3.9773095933461716e-05,6.0299999999999985,5.420000000000002,6.640000000000001,0.39006786739805976,0.0378910189721143,20.522631578947372,20.47,20.58,0.04201085908073888,0.10999999999999943,0.002047050297576587,0.003617549497789506,-0.0400000000000027,0.07896755601160117,0.9979571315568777,0.003222458731909145,0.0002544696904071087,0.003610648065037314,0.2938219680455465,2.2710747525708084,2.2734611383268577,0.07880623568339458,10.409260000000002
150,S030,29,1788717495895,1788717505895,1695.611,2026-09-06T17:58:15.895000+00:00,20,20,20,11,8,11,0.06594499999999999,0.004961692728982932,0.06612208783757513,0.0568,0.0741,0.017299999999999996,0.0669,0.06185,0.06872500000000001,-0.6924280746303011,1.1206542688431456,2.8045999999999998,0.45166678448888214,2.217,3.642,1.4249999999999998,2.1278,0.2991710653051018,1.684,2.74,1.0560000000000003,0.10845,0.0069114321769689745,0.094,0.1196,0.025599999999999998,-1.05101,0.00209709071660817,-1.0558,-1.0482,0.007600000000000051,-0.16020999999999996,0.002980798197586818,-0.1662,-0.1546,0.0116,1.0704150000000001,0.00273655084482563,1.0664,1.0764,0.010000000000000009,5.676622945464325e-05,36.10600000000001,35.31,37.01,0.4138954864264773,1.6999999999999957,0.050568053249671424,0.7600000000000051,29.897,0.014903196407411575,0.0021727634207447943,6.209,5.420000000000002,7.099999999999998,0.4120539055179933,0.04839528982892697,20.532999999999994,20.47,20.59,0.05351831953934822,0.120000000000001,0.002606453978441934,0.004067833308678299,0.08999999999999986,0.07523986244571891,0.9974003219627211,0.00321165928018312,0.00024164480246349456,0.0036088248185847183,0.302391272585594,3.0340831949802856,2.9037173897356183,0.0750442630277909,9.97908
151,S030,29,1788717498395,1788717508395,1698.111,2026-09-06T17:58:18.395000+00:00,20,20,20,12,9,10,0.06628,0.005037710423971336,0.06646162802700518,0.0568,0.074,0.017199999999999993,0.0673,0.061475,0.06985,-1.0249397619807916,1.1134244254433816,2.6973499999999997,0.41136950671219125,2.217,3.63,1.4129999999999998,2.085,0.2923865501982643,1.684,2.74,1.0560000000000003,0.10856000000000002,0.006002139969254824,0.0989,0.1196,0.020699999999999996,-1.0508950000000001,0.0020348218595248138,-1.0558,-1.0472,0.008600000000000163,-0.15939,0.0028315701428155,-0.1662,-0.1546,0.0116,1.0702,0.002463416540626375,1.066,1.0764,0.010399999999999965,-3.4513017895285866e-05,36.157000000000004,35.31,37.03,0.4268501524324182,1.7199999999999989,0.08114937271782298,0.30000000000000426,29.910000000000004,0.030435436410106636,0.008403311202085038,6.247,5.420000000000002,7.099999999999998,0.4168692840687592,0.07274606151573824,20.542999999999996,20.47,20.59,0.054105160761729824,0.120000000000001,0.002633751679975166,0.00025511680409495127,-0.06999999999999673,0.07600649402491454,0.9973731667465191,0.00322640315435915,0.0002452275920737642,0.003602200262863263,0.3040938519203622,4.868962363069379,4.364763690944295,0.0758068376389294,9.946200000000001
152,S030,29,1788717500895,1788717510895,1700.611,2026-09-06T17:58:20.895000+00:00,21,22,22,13,11,12,0.06637619047619048,0.0052504194843750115,0.06657366489192898,0.0568,0.0746,0.017799999999999996,0.0673,0.062,0.0703,-0.9118997034879754,1.1205632155162317,2.7424761904761903,0.4855083541039864,2.217,3.846,1.629,2.0669999999999997,0.25506548178850075,1.683,2.556,0.873,0.10850000000000003,0.005566506983737646,0.099,0.1166,0.01759999999999999,-1.0509285714285714,0.001885243447712489,-1.0545,-1.0472,0.007300000000000084,-0.15912380952380953,0.002371898978014188,-0.1641,-0.1546,0.009500000000000008,1.0701857142857147,0.0020737130260201687,1.066,1.0742,0.008199999999999985,-0.00014382764734248869,36.25454545454545,35.53,37.03,0.352403006212885,1.5,0.0005428384541322018,-0.6400000000000006,29.934545454545457,0.04044128874674701,0.011270365114955376,6.320000000000001,5.640000000000001,7.099999999999998,0.35445464482511024,-0.010727526660823054,20.53681818181818,20.47,20.59,0.051951109217395285,0.120000000000001,0.0025296571629284353,0.005157373597652161,0.0,0.07910094638917801,0.9974767258555849,0.003232058144964013,0.00025565885805150455,0.003632500387330958,0.30773997919479434,0.03257030724793211,-0.6436515996493832,0.07890135301635544,9.830376000000001
153,S030,29,1788717503395,1788717513395,1703.111,2026-09-06T17:58:23.395000+00:00,19,18,19,12,9,10,0.06597368421052631,0.005241908272679072,0.06617067644397048,0.0573,0.0746,0.017300000000000003,0.0665,0.06175,0.0698,-0.9828706038119828,1.1273875983898545,2.687052631578948,0.45197805670484725,2.217,3.846,1.629,2.0395263157894736,0.23510857265457702,1.683,2.514,0.8309999999999997,0.10876842105263158,0.0065713225991237394,0.0979,0.1211,0.0232,-1.0514,0.001992207039664535,-1.0545,-1.0472,0.007300000000000084,-0.1591736842105263,0.00234185161909288,-0.1629,-0.1546,0.008300000000000002,1.0706578947368421,0.00231836048138279,1.066,1.0742,0.008199999999999985,-4.8489293459145665e-05,36.25888888888889,35.75,37.03,0.3577197208609144,1.2800000000000011,-0.07048739054270359,-1.259999999999998,29.953333333333333,0.034470788997607756,0.011476597356610531,6.305555555555556,5.780000000000001,7.099999999999998,0.3674910518674084,-0.08196398789931368,20.54736842105263,20.47,20.59,0.04782399505398874,0.120000000000001,0.002327499759287362,0.006028419057235897,0.10999999999999943,0.07945453305217581,0.9976779049164607,0.003210809426229508,0.0002551133636805901,0.0036306352459016394,0.3068789845173042,-4.229243432562216,-4.917839273958821,0.07927003207161044,9.668844
154,S030,29,1788717505895,1788717515895,1705.611,2026-09-06T17:58:25.895000+00:00,20,20,20,10,9,8,0.0656,0.005881550100011677,0.0658500037965071,0.056,0.0746,0.0186,0.06615,0.060825,0.07035,-1.306659641703285,1.132877687152951,2.68955,0.43530261403932985,2.217,3.846,1.629,2.05225,0.17172771440491738,1.683,2.297,0.6140000000000001,0.108935,0.006986850431157691,0.0979,0.1211,0.0232,-1.05161,0.0019504115625062126,-1.0545,-1.0472,0.007300000000000084,-0.16075500000000004,0.0025701679240654153,-0.1667,-0.1571,0.009599999999999997,1.07108,0.002316894473211939,1.066,1.0745,0.008499999999999952,-0.0002456758385877422,36.14399999999999,35.75,37.03,0.342996087134349,1.2800000000000011,-0.04417828838813502,-0.23999999999999488,29.96999999999999,0.022478059477960177,-0.0011547377248800111,6.174000000000002,5.780000000000001,7.060000000000002,0.34428262563741097,-0.043023550663254084,20.5415,20.51,20.59,0.036168465473900596,0.0799999999999983,0.0017607509419419515,-0.0035449086967305338,-0.030000000000001137,0.08965777591481214,0.9982423438527749,0.0031935350388238447,0.0002863252488869692,0.0036316724679307743,0.300562276367354,-2.6506973032881014,-2.581413039795245,0.08950018837382893,8.834262
155,S030,29,1788717508395,1788717518395,1708.111,2026-09-06T17:58:28.395000+00:00,20,20,20,10,8,8,0.065355,0.005293041608912989,0.06555830610990494,0.056,0.0746,0.0186,0.06615,0.061525,0.06937499999999999,-0.9182869287747195,1.1379183573617224,2.7857499999999997,0.5739563411784449,2.217,4.409,2.1919999999999997,2.1338,0.214861179173413,1.683,2.661,0.978,0.10865,0.006748840056281016,0.0979,0.1211,0.0232,-1.051815,0.001820432279490372,-1.0545,-1.0484,0.006099999999999994,-0.16149,0.002164765697787126,-0.1667,-0.1577,0.00899999999999998,1.071355,0.002174608252681777,1.0673,1.0745,0.007200000000000095,-0.00019575241558165524,36.107000000000006,35.75,36.77,0.30561585795174145,1.0200000000000031,-0.00672616641424856,0.3999999999999986,29.975,0.021398475105532305,-0.0013179919418961023,6.1320000000000014,5.780000000000001,6.780000000000005,0.3069990570875286,-0.005408174472352812,20.5435,20.51,20.58,0.03199917762101009,0.06999999999999673,0.00155763027823935,-0.0004382131629460974,0.04999999999999716,0.08098908436864799,0.9984447921605802,0.003181298220848443,0.0002576504300101243,0.003631318908657239,0.2984885730279651,-0.40356998485491363,-0.32449046834116874,0.08086312950973044,11.732349
156,S030,29,1788717510895,1788717520895,1710.611,2026-09-06T17:58:30.895000+00:00,19,18,18,8,6,6,0.0660157894736842,0.005655308534455308,0.0662448766638638,0.056,0.0796,0.023600000000000003,0.0671,0.063,0.06905,0.6861817970569803,1.2016023579287807,2.6919473684210526,0.5090604061170181,2.264,4.409,2.145,2.126263157894737,0.22277039552599226,1.658,2.661,1.0030000000000001,0.10812631578947367,0.00648167006130563,0.0979,0.1211,0.0232,-1.0514052631578945,0.0023102365641760867,-1.0544,-1.045,0.009400000000000075,-0.16118947368421055,0.0025137167560854096,-0.1667,-0.1572,0.00949999999999998,1.0708842105263159,0.002572992887215381,1.0648,1.0745,0.009700000000000042,0.00042305720800276905,36.07111111111111,35.75,36.71,0.32135538123042456,0.9600000000000009,0.010160795987784289,-0.17999999999999972,29.98,0.026788935380554952,0.004933653730482145,6.091111111111112,5.760000000000002,6.699999999999999,0.32454291638420224,0.005227142257301822,20.53166666666667,20.47,20.58,0.039145279934832716,0.10999999999999943,0.0019065807257812831,-0.006774637479079883,-0.10999999999999943,0.08566599868823317,0.9980970474069548,0.0032153156655743576,0.0002754432275893485,0.0038769380631544764,0.29666910192926915,0.6096477592670573,0.3136285354381093,0.08550298035389359,11.732349
157,S030,29,1788717513395,1788717523395,1713.111,2026-09-06T17:58:33.395000+00:00,20,20,20,8,6,6,0.06627,0.005484341346050591,0.06648523896324657,0.056,0.0796,0.023600000000000003,0.06685,0.062425,0.06945,0.6051183098067083,1.1972582371856006,2.6739499999999996,0.5095471131566891,2.216,4.409,2.1929999999999996,2.1373999999999995,0.26090336989209745,1.658,2.661,1.0030000000000001,0.1081,0.0060801662027144925,0.1007,0.122,0.0213,-1.0511899999999998,0.002251759545917727,-1.0544,-1.045,0.009400000000000075,-0.16062500000000002,0.002761364079390359,-0.1667,-0.1552,0.011499999999999982,1.0706200000000001,0.002577759124756086,1.0648,1.0745,0.009700000000000042,0.00040295062061674046,36.051,35.69,36.71,0.31592637383449096,1.0200000000000031,-0.026452853626514426,-0.9200000000000017,29.982999999999997,0.02696976865033627,0.005278141935602206,6.068000000000001,5.699999999999999,6.699999999999999,0.32218987536773064,-0.03173099556211677,20.523500000000002,20.47,20.65,0.048911843361834136,0.17999999999999972,0.0023832116043479004,-0.003230105374614187,0.07000000000000028,0.08275752747926048,0.9976224545894644,0.00322898141155261,0.00026722251789658636,0.0038784807659512266,0.29566107145467396,-1.5871712175908654,-1.903859733727006,0.08256076769961489,11.732349
158,S030,29,1788717515895,1788717525895,1715.611,2026-09-06T17:58:35.895000+00:00,20,20,20,11,6,7,0.066225,0.00501931794485854,0.06640545534818657,0.0587,0.0796,0.020900000000000002,0.06609999999999999,0.062125,0.06887499999999999,1.1961810049566601,1.1986966971708863,2.6678500000000005,0.5044418776179638,2.216,4.409,2.1929999999999996,2.09655,0.3012936100777516,1.658,2.661,1.0030000000000001,0.108285,0.006070920766026222,0.1001,0.122,0.021900000000000003,-1.0514550000000003,0.0028359487412783105,-1.0565,-1.045,0.011500000000000066,-0.15999000000000002,0.0025999797570062156,-0.1651,-0.1552,0.009899999999999992,1.0708199999999999,0.003170522122035407,1.0648,1.0768,0.01200000000000001,-0.00018642731571708447,36.069,35.69,36.71,0.3235640341733403,1.0200000000000031,-0.004577019799194584,0.21999999999999886,29.999000000000002,0.015183093090326241,0.0015728317173047256,6.07,5.699999999999999,6.699999999999999,0.32200032690405134,-0.0061498515164995745,20.5465,20.47,20.65,0.07875845819238773,0.17999999999999972,0.0038331812324428846,0.0029041738029368207,-0.08999999999999986,0.07579189044709006,0.9961814559389871,0.0032231766967610056,0.00024429065509252377,0.0038741391477867277,0.2954274450636361,-0.274621187951675,-0.36899109098997446,0.07550247577395039,11.732349
159,S034,33,1788717557420,1788717567420,1757.136,2026-09-06T17:59:17.420000+00:00,20,18,20,11,11,10,0.067645,0.006992512913259817,0.06798747311086065,0.0572,0.0843,0.0271,0.0669,0.06175,0.071525,0.18811243923097098,1.2399343017579147,2.8038499999999997,0.4574720325072515,2.22,3.864,1.6439999999999997,2.1484500000000004,0.1888453767392506,1.886,2.453,0.567,0.10861499999999999,0.006287269928824015,0.0942,0.1182,0.023999999999999994,-1.05053,0.0018524805560454008,-1.0533,-1.046,0.007299999999999862,-0.161585,0.002525923489277581,-0.165,-0.1551,0.00990000000000002,1.07022,0.0021298875680729017,1.0662,1.0734,0.007199999999999873,-0.0003238626396819694,36.14,35.67,37.03,0.37298478126972323,1.3599999999999994,0.028856807315949924,0.259999999999998,30.06555555555555,0.01616904166908852,0.002217370681014697,6.074444444444445,5.600000000000001,6.960000000000001,0.3750328961606089,0.026639436634934878,20.5265,20.44,20.66,0.08530286599738855,0.21999999999999886,0.004155743356022145,0.0018355994986817535,-0.08999999999999986,0.10337072826165744,0.9958614553733137,0.0032954960660609455,0.0003406578283321471,0.004106886220251869,0.2959318171361141,1.7314084389569955,1.5983661980960926,0.10294292388965351,9.478392
160,S038,37,1788717627451,1788717637451,1827.167,2026-09-06T18:00:27.451000+00:00,20,17,20,10,6,11,0.06714499999999998,0.004262995610946295,0.0672734382947683,0.0607,0.0757,0.015000000000000006,0.06570000000000001,0.064275,0.069475,-0.4121790806698664,1.1252583771370435,2.7611499999999998,0.44592402881397214,2.23,3.8,1.5699999999999998,2.22215,0.2808388327849266,1.845,2.919,1.074,0.108795,0.005148579262384198,0.1003,0.1185,0.018199999999999994,-1.05165,0.0021234282112708477,-1.0551,-1.0483,0.006799999999999917,-0.16015000000000001,0.0032128852421067556,-0.165,-0.1543,0.010700000000000015,1.071115,0.0025425381019760713,1.0672,1.0751,0.007900000000000018,0.0005841158205310467,36.20058823529411,35.63,36.95,0.3742404071622165,1.3200000000000003,-0.012484533274435966,0.0799999999999983,30.213529411764707,0.014552137502179669,0.0026251449441529874,5.987058823529412,5.400000000000002,6.740000000000002,0.3798645269349715,-0.015109678218589589,20.560499999999998,20.52,20.63,0.037623480910057225,0.10999999999999943,0.0018298913406802962,-0.00023033553402795914,0.05000000000000071,0.06348939773544264,0.9981734510454351,0.003265727973541499,0.00020733910220793733,0.0036818170764329667,0.29119227759681976,-0.749071996466158,-0.9065806931153754,0.06337343124238301,11.0922
161,S038,37,1788717629951,1788717639951,1829.667,2026-09-06T18:00:29.951000+00:00,20,20,20,11,7,11,0.06781999999999999,0.005890813544029918,0.06806261088145238,0.0573,0.0793,0.022,0.06575,0.06420000000000001,0.072975,-0.6528866761390288,1.1651037033845244,2.68415,0.4092528847597907,2.157,3.515,1.358,2.1819499999999996,0.2196721181071558,1.845,2.633,0.788,0.10840999999999998,0.0063507065499998116,0.099,0.1185,0.01949999999999999,-1.0511450000000004,0.0028379894662465296,-1.0587,-1.0452,0.013500000000000068,-0.16079,0.003234826929397911,-0.165,-0.1543,0.010700000000000015,1.0707300000000002,0.0033592135671126505,1.0648,1.0795,0.014699999999999935,0.0002270969844030175,36.145,35.63,36.93,0.32235155702398877,1.2999999999999972,0.01670061528260203,0.12000000000000455,30.217000000000006,0.013416407864998451,0.0010832900650002962,5.927999999999999,5.400000000000002,6.719999999999999,0.32769690745854635,0.015617325217601383,20.545000000000005,20.47,20.63,0.05735393346764045,0.16000000000000014,0.0027916248949934504,-0.004115855724342881,-0.08000000000000185,0.08685953323547507,0.9972161465795191,0.003301046483329276,0.0002867273567305873,0.0038598199075200765,0.2885373570211729,1.0020369169561218,0.9370395130560829,0.08661772902677611,9.254995000000001
162,S043,42,1788717691316,1788717701316,1891.032,2026-09-06T18:01:31.316000+00:00,20,17,18,13,6,8,0.06787499999999999,0.006303873078471176,0.06815253113421393,0.0553,0.0773,0.021999999999999992,0.06725,0.06382499999999999,0.073075,-0.80609823122251,1.1342205302363868,2.56495,0.33566249888525634,2.087,3.314,1.2269999999999999,2.1568999999999994,0.2706316004421781,1.833,2.843,1.01,0.10898000000000001,0.006582000975547273,0.0984,0.1202,0.0218,-1.0514199999999998,0.0024890497024070333,-1.056,-1.0457,0.010299999999999976,-0.161785,0.002697420795383694,-0.1672,-0.1574,0.009799999999999975,1.07122,0.0027555876247897983,1.0654,1.0753,0.00990000000000002,-0.00046843837971502717,36.07941176470588,35.61,36.79,0.36298193116592065,1.1799999999999997,-0.0640276139598768,-0.9600000000000009,30.21117647058824,0.01111437860452399,-0.002088883186725942,5.868235294117646,5.379999999999999,6.579999999999998,0.36145945993495676,-0.06193873077315129,20.52166666666666,20.5,20.59,0.024070973488952565,0.08999999999999986,0.0011729541211217042,0.0029868100187681016,0.08999999999999986,0.09287474148760481,0.9988284200883639,0.00330747989929343,0.0003071813406223265,0.003766750588808577,0.2859531532908786,-3.841656837592608,-3.7163238463890775,0.09276593130617954,9.421702
163,S043,42,1788717693816,1788717703816,1893.532,2026-09-06T18:01:33.816000+00:00,20,20,20,12,7,9,0.06613500000000001,0.006369274518713794,0.06642572920186876,0.0553,0.0773,0.021999999999999992,0.06645,0.062075000000000005,0.06989999999999999,-0.5865898730618122,1.1637057045333168,2.6338,0.30157055559188795,2.198,3.314,1.116,2.1893,0.27986577609914887,1.833,2.843,1.01,0.10839000000000001,0.006923864147774863,0.0977,0.1202,0.022500000000000006,-1.05095,0.002685928242957294,-1.0549,-1.0457,0.009199999999999875,-0.16124000000000002,0.002489430287815813,-0.1672,-0.1559,0.011299999999999977,1.0705449999999996,0.003054328248998714,1.0639,1.075,0.011099999999999888,-0.00037394538609919833,36.035,35.61,36.79,0.3403326546035124,1.1799999999999997,0.0075362984462174895,0.8800000000000026,30.195000000000004,0.025853840191190507,-0.006921948276037758,5.839999999999998,5.379999999999999,6.640000000000001,0.3456192002463804,0.014458246722255107,20.54,20.5,20.59,0.03641861872001257,0.08999999999999986,0.0017730583602732508,0.0018290280978987357,-0.03999999999999915,0.09630716744104927,0.9982300798115139,0.0032198149951314517,0.00031009126186532594,0.0037633885102239533,0.28432327166504373,0.45217790677304937,0.8674948033353065,0.09613671144109945,9.421702
164,S045,44,1788717731496,1788717741496,1931.212,2026-09-06T18:02:11.496000+00:00,20,20,20,8,7,8,0.06868500000000002,0.005526993567459333,0.0688959323908168,0.0601,0.0817,0.021599999999999994,0.06805,0.06515,0.070725,0.32381714301650444,1.1858464957923969,2.6158,0.3167693166959199,2.103,3.173,1.0699999999999998,2.11045,0.2310102469816573,1.804,2.668,0.8640000000000001,0.10844000000000001,0.006148119096199475,0.0996,0.1194,0.019800000000000012,-1.0514199999999998,0.002598096469178508,-1.0564,-1.0471,0.009300000000000086,-0.16139,0.003223744145522326,-0.1679,-0.1557,0.012199999999999989,1.0711400000000002,0.0029879406743917054,1.0658,1.076,0.010199999999999987,-0.00021573514744683436,36.218999999999994,35.69,37.11,0.38060754756462456,1.4200000000000017,-0.01735344146936535,0.6400000000000006,30.225000000000005,0.012773327473169829,-0.0019361372456150972,5.993999999999999,5.459999999999997,6.879999999999999,0.3794788670351959,-0.015417304223750183,20.559,20.49,20.6,0.04711687595755978,0.11000000000000298,0.002291788314488048,0.005830500852718834,0.0,0.08046871321917931,0.9977134519695687,0.0033408726105355327,0.0002688357199989947,0.0039739286930298165,0.2915511454837297,-1.041206488161921,-0.925038253425011,0.08028471764145666,8.465564
165,S045,44,1788717733996,1788717743996,1933.712,2026-09-06T18:02:13.996000+00:00,20,20,20,8,7,7,0.068055,0.004394670815766224,0.06818966563930344,0.0601,0.0781,0.018000000000000002,0.0675,0.065425,0.06995,0.29961416486069714,1.1453348431581751,2.6659499999999996,0.2875439508739673,2.247,3.173,0.9260000000000002,2.13795,0.24462139920164064,1.804,2.668,0.8640000000000001,0.10887,0.005582500854408685,0.1004,0.1194,0.019000000000000003,-1.0513400000000002,0.0019792077096390612,-1.0552,-1.0477,0.00749999999999984,-0.16089499999999998,0.002931763435563187,-0.1671,-0.1557,0.011399999999999993,1.071005,0.0022926599123473113,1.0669,1.0759,0.009000000000000119,-0.00019733616362643428,36.227999999999994,35.69,36.89,0.3423079561478307,1.2000000000000028,0.0145185590279023,0.17999999999999972,30.222,0.01361114094757412,-0.0017469152827205188,6.006,5.459999999999997,6.66,0.341273158072903,0.016265474310622887,20.557499999999997,20.49,20.6,0.046890129137446314,0.11000000000000298,0.0022809256542598235,0.009677255334433126,-0.029999999999997584,0.06457528198907096,0.9977242651277926,0.0033104706311565127,0.00021377457452346953,0.003799100085127083,0.292156147391463,0.871113541674138,0.9759284586373732,0.06442832576796581,8.465564
166,S045,44,1788717736496,1788717746496,1936.212,2026-09-06T18:02:16.496000+00:00,20,20,20,9,7,8,0.06778999999999999,0.004663960368162391,0.06794224753421099,0.0597,0.0781,0.0184,0.06685,0.064925,0.0708,-0.1759234133352816,1.1495056880577033,2.678,0.3066817311326619,2.247,3.182,0.935,2.2125000000000004,0.2533920407506705,1.804,2.668,0.8640000000000001,0.108075,0.005686445101707819,0.0993,0.1194,0.020100000000000007,-1.0510750000000002,0.0019114268575017223,-1.0552,-1.0478,0.007399999999999851,-0.16072,0.003184435833699176,-0.165,-0.1539,0.011099999999999999,1.0706250000000002,0.0022787057730211907,1.0663,1.0759,0.009600000000000053,-7.298644065623398e-05,36.184000000000005,35.69,36.85,0.3097775092920044,1.1600000000000037,0.006974421688069938,-0.03999999999999915,30.221000000000004,0.01209610637658573,0.0002526918543816354,5.962999999999999,5.459999999999997,6.640000000000001,0.3093133311742403,0.006721729833688579,20.570500000000003,20.49,20.6,0.028741131355236704,0.11000000000000298,0.0013972013978871052,-0.003731343928258482,0.05000000000000071,0.06880012344243092,0.9986047480500877,0.003295495977248972,0.0002267305300387638,0.00379669915655915,0.28988114046814606,0.41846530128419623,0.4033037900213148,0.06870412993604366,8.489576
167,S045,44,1788717738996,1788717748996,1938.712,2026-09-06T18:02:18.996000+00:00,20,20,20,9,8,8,0.06756,0.004298396273764878,0.06768977766250972,0.0597,0.0781,0.0184,0.06720000000000001,0.065425,0.07024999999999999,0.7438326812010834,1.1537931235258885,2.61975,0.30509461431531454,2.247,3.182,0.935,2.2047499999999998,0.24231794576981966,1.804,2.668,0.8640000000000001,0.10830499999999998,0.005327137574424195,0.0993,0.1194,0.020100000000000007,-1.0515600000000003,0.002028325729057818,-1.0555,-1.0478,0.00770000000000004,-0.16079,0.003261401055084342,-0.1651,-0.1539,0.011199999999999988,1.071105,0.00247672852984061,1.0663,1.0761,0.009800000000000031,8.162255210618926e-05,36.226000000000006,35.75,36.95,0.3390761442197719,1.2000000000000028,0.024368763840769397,0.519999999999996,30.220000000000006,0.01213953957333742,0.0014950795479985615,6.005999999999999,5.52,6.740000000000002,0.33972744493506174,0.02287368429277012,20.570000000000004,20.54,20.6,0.023169853371637218,0.060000000000002274,0.0011263905382419648,-0.007867850874409634,-0.060000000000002274,0.0636233906714754,0.9988748767898963,0.0032843947496353906,0.0002089643302753951,0.0037967914438502668,0.29197860962566835,1.4621258304461637,1.372421057566207,0.06355180651792543,8.489576
168,S045,44,1788717741496,1788717751496,1941.212,2026-09-06T18:02:21.496000+00:00,20,20,20,11,8,8,0.06735,0.004723903381515623,0.06750719961604096,0.0597,0.0759,0.016199999999999992,0.0676,0.062975,0.0708,-0.9149818590681917,1.124324522890811,2.6683,0.3156108696680639,2.271,3.46,1.189,2.2312000000000003,0.21493342910624305,1.861,2.614,0.7529999999999999,0.10808499999999999,0.0062603409189158875,0.0958,0.1224,0.0266,-1.051355,0.0021360255764287764,-1.0555,-1.0478,0.00770000000000004,-0.16108999999999998,0.003240029239634143,-0.1668,-0.1539,0.012899999999999995,1.070925,0.0024608246371362686,1.0663,1.0761,0.009800000000000031,3.765180960946306e-05,36.164,35.61,36.95,0.36094029248179316,1.3400000000000034,-0.03909333592847295,0.14000000000000057,30.205000000000002,0.030348848933344694,-0.007309405149185071,5.959,5.460000000000001,6.740000000000002,0.35425087750142054,-0.03178393077928747,20.567000000000007,20.54,20.6,0.025567248786804237,0.060000000000002274,0.0012431199876892219,0.00399881309942523,0.020000000000003126,0.07013961962161282,0.9987584234409476,0.003274663295570573,0.00022968363794017703,0.003690377789663051,0.28973598483006746,-2.345600155708377,-1.9070358467572481,0.07005253591402977,9.04444
169,S045,44,1788717743996,1788717753996,1943.712,2026-09-06T18:02:23.996000+00:00,20,20,20,11,8,9,0.06763500000000003,0.005678609448021398,0.06786108973483995,0.0555,0.076,0.020499999999999997,0.0679,0.06295,0.071875,-0.49452732063519456,1.119934859533821,2.61455,0.33034965128672855,2.204,3.46,1.2559999999999998,2.2405,0.2277213209165975,1.926,2.637,0.7110000000000001,0.10818499999999998,0.006707283943202108,0.0958,0.1224,0.0266,-1.0513249999999998,0.0022631777844903203,-1.0555,-1.0478,0.00770000000000004,-0.16161000000000003,0.003267849767853956,-0.1668,-0.1539,0.012899999999999995,1.070975,0.002617526956579639,1.0663,1.0761,0.009800000000000031,-4.1711465397350765e-05,36.11300000000001,35.61,36.95,0.38570646051655805,1.3400000000000034,-0.009748642127567429,0.0,30.19700000000001,0.031304951684997626,-0.006889491658125255,5.916,5.460000000000001,6.760000000000002,0.382104973176634,-0.0028591504694424515,20.550500000000003,20.49,20.6,0.03966637181078789,0.11000000000000298,0.0019301901078216043,-0.0031209878108632056,-0.060000000000002274,0.08395962812185105,0.9980735283487027,0.0032911607990073243,0.0002763246367738691,0.0036982068562808686,0.2878762073915476,-0.5849185276540457,-0.1715490281665471,0.08379788227842083,9.12402
170,S045,44,1788717746496,1788717756496,1946.212,2026-09-06T18:02:26.496000+00:00,20,20,20,13,8,10,0.067885,0.0060211272768652315,0.06813820147318243,0.0555,0.0806,0.025100000000000004,0.0679,0.06417500000000001,0.07114999999999999,0.15432478640643543,1.1828900419645247,2.57575,0.3284188396096155,2.204,3.46,1.2559999999999998,2.1667,0.23064032148507085,1.886,2.637,0.7510000000000001,0.10871,0.006775645240200568,0.0958,0.1224,0.0266,-1.05183,0.002280143116468547,-1.0555,-1.0477,0.007800000000000029,-0.16195,0.0026360856147744985,-0.1668,-0.1579,0.008899999999999991,1.07159,0.002619541944691865,1.0666,1.0761,0.009500000000000064,4.652326212758123e-05,36.059,35.61,36.95,0.4009186818716293,1.3400000000000034,-0.03944612678830796,-1.0200000000000031,30.182,0.029307803882602793,-0.00478673575895616,5.877,5.460000000000001,6.760000000000002,0.39519615382743833,-0.03465939102935118,20.552999999999997,20.49,20.6,0.0476942013467609,0.11000000000000298,0.002320546944327393,-0.0026031568248905445,0.05000000000000071,0.08869598993688195,0.9976848255267221,0.003302924147326425,0.000292956126933549,0.003921568627450981,0.2859436578601664,-2.3667676072984776,-2.0795634617610705,0.08849064324509796,9.12402
171,S045,44,1788717748996,1788717758996,1948.712,2026-09-06T18:02:28.996000+00:00,20,20,20,14,7,10,0.068055,0.006065213581521568,0.06831127652152315,0.0555,0.0806,0.025100000000000004,0.068,0.06417500000000001,0.07114999999999999,0.03686109562840123,1.1798930440804307,2.66675,0.3901312700806446,2.204,3.46,1.2559999999999998,2.1722,0.20895393599647996,1.886,2.637,0.7510000000000001,0.10824,0.0069024328281677904,0.0958,0.1224,0.0266,-1.0515900000000002,0.00213193759166087,-1.0545,-1.0477,0.006799999999999917,-0.16179499999999997,0.002549814234719647,-0.1668,-0.1579,0.008899999999999991,1.0713050000000002,0.002409515129210601,1.0666,1.0752,0.008599999999999941,0.00010347765308280375,36.025999999999996,35.61,36.95,0.36300500214039416,1.3400000000000034,0.013904347694615562,0.29999999999999716,30.171,0.024687520819446137,-0.002884841097388782,5.8549999999999995,5.460000000000001,6.760000000000002,0.36492969762753824,0.016789188792004132,20.557999999999996,20.49,20.6,0.048731271706219284,0.11000000000000298,0.0023704286266280424,-0.0017960753318311809,0.05000000000000071,0.08912223321609826,0.9976351770174667,0.0033103901157700176,0.000295029359933922,0.003920614845802122,0.2848039692577099,0.8342608616769337,1.007351327520248,0.08891147491073415,9.12402
172,S045,44,1788717751496,1788717761496,1951.212,2026-09-06T18:02:31.496000+00:00,20,20,20,14,8,11,0.067865,0.005323460983430352,0.06806306266985053,0.0555,0.0806,0.025100000000000004,0.0681,0.066,0.07014999999999999,1.747227730321785,1.1841959035984269,2.5871000000000004,0.4350250930451568,1.983,3.558,1.5749999999999997,2.12225,0.26295664541597163,1.811,2.752,0.9409999999999998,0.10849000000000002,0.005585026975386017,0.1,0.1186,0.01859999999999999,-1.052225,0.002838805345470798,-1.0606,-1.0477,0.012899999999999912,-0.16074500000000003,0.0026212642590531542,-0.1653,-0.1551,0.010200000000000015,1.071765,0.0030252055171595678,1.0666,1.0791,0.012499999999999956,-0.00018879158361026187,36.167,35.71,37.09,0.4015902598944671,1.3800000000000026,0.044809184060628934,0.6200000000000045,30.17300000000001,0.024516374764206223,0.0006890367320683294,5.994000000000001,5.52,6.940000000000005,0.40325517584044185,0.0441201473285602,20.538999999999994,20.49,20.59,0.04435502700994194,0.10000000000000142,0.002159551439210378,0.004785459258312747,0.10000000000000142,0.07844192121756947,0.9978451021734923,0.003304201762500609,0.000259187934341027,0.003924241686547545,0.2918350455231512,2.688551043637736,2.647208839713612,0.07827288689203064,9.791616
173,S045,44,1788717753996,1788717763996,1953.712,2026-09-06T18:02:33.996000+00:00,20,20,20,14,9,12,0.06827499999999999,0.006369985127636939,0.06855671739516121,0.0606,0.0876,0.026999999999999996,0.0675,0.06435,0.07012499999999999,3.983789758813038,1.2777741310902215,2.6052999999999997,0.41491788661321766,1.983,3.558,1.5749999999999997,2.0761999999999996,0.2361191938073026,1.811,2.752,0.9409999999999998,0.10874000000000002,0.005444688382170955,0.1,0.1184,0.0184,-1.052025,0.003154424628492795,-1.0606,-1.0456,0.014999999999999902,-0.16054,0.0026474217845411712,-0.1648,-0.1551,0.009700000000000014,1.07161,0.003265432992970286,1.0657,1.0791,0.013399999999999856,2.6956162787025004e-05,36.181,35.71,37.09,0.3740236412454788,1.3800000000000026,0.0417604038625744,0.3399999999999963,30.172000000000004,0.025874189537270307,0.004182087017712324,6.009000000000002,5.52,6.940000000000005,0.3802201578310298,0.03757831684486153,20.558999999999994,20.49,20.59,0.039855000346651695,0.10000000000000142,0.001938567067787913,0.002671784710602472,0.10000000000000142,0.09329893998735907,0.998065183703367,0.003320930006323265,0.00030983924936217426,0.00426090763169415,0.29228075295491046,2.505624231754464,2.2546990106916915,0.09311842367781295,9.791616
174,S045,44,1788717756496,1788717766496,1956.212,2026-09-06T18:02:36.496000+00:00,20,20,20,12,9,11,0.067285,0.005920017336389978,0.06753195910085832,0.0586,0.0876,0.028999999999999998,0.06745000000000001,0.063625,0.06947500000000001,7.064039088842206,1.2971636121080132,2.6043499999999997,0.40194923416036665,1.983,3.558,1.5749999999999997,2.0862,0.23021491103566225,1.811,2.752,0.9409999999999998,0.10932,0.0057877911430691325,0.101,0.1188,0.017799999999999996,-1.0519800000000001,0.003127904965577454,-1.0606,-1.0456,0.014999999999999902,-0.16025499999999998,0.0025889390226805065,-0.1648,-0.1551,0.009700000000000014,1.0715249999999998,0.003287115997184656,1.0657,1.0791,0.013399999999999856,-0.0002431854946128678,36.278000000000006,35.71,37.09,0.3484340910265155,1.3800000000000026,-0.006772204345462764,-0.5799999999999983,30.169999999999998,0.025955427380923185,0.0012735348113473766,6.1080000000000005,5.560000000000002,6.940000000000005,0.35566986466606865,-0.008045739156810488,20.557000000000002,20.52,20.6,0.032622239750142994,0.08000000000000185,0.001586916366694702,0.0009450431241597073,0.010000000000001563,0.08798420653028131,0.998415597946855,0.0032730943231016195,0.0002879806069168642,0.00426132217736051,0.2971250668871917,-0.40633226072776585,-0.48274434940862926,0.0878448041728104,9.791616
175,S045,44,1788717758996,1788717768996,1958.712,2026-09-06T18:02:38.996000+00:00,20,20,20,11,10,11,0.06652999999999999,0.006219502433982624,0.06680560605218697,0.0586,0.0876,0.028999999999999998,0.0668,0.06185,0.06895,6.420094102140181,1.3112672001144476,2.5438,0.3178703145027941,1.983,3.558,1.5749999999999997,2.0461,0.2342113081004102,1.811,2.752,0.9409999999999998,0.108385,0.0066929086588559915,0.0925,0.1188,0.026300000000000004,-1.0517150000000002,0.0033195235866167847,-1.0606,-1.0456,0.014999999999999902,-0.160325,0.002525840141626669,-0.1648,-0.1551,0.009700000000000014,1.071155,0.0035768958903672618,1.0655,1.0791,0.013600000000000056,-0.00035789663361722896,36.28000000000001,35.89,37.09,0.3118366643984609,1.2000000000000028,-0.01813513699628188,0.0800000000000054,30.175000000000004,0.02665569949916034,0.00010933239339749802,6.1049999999999995,5.68,6.940000000000005,0.3233297160224508,-0.01824446938967909,20.558000000000003,20.52,20.6,0.03381061807682428,0.08000000000000185,0.0016446452999719949,0.00611609930277095,0.08000000000000185,0.0934841790768469,0.9983580551169626,0.003236209748029963,0.00030253441161507067,0.004261114894444984,0.29696468528066927,-1.0881082197769127,-1.0946681633807454,0.09333068320736673,9.791616
176,S045,44,1788717761496,1788717771496,1961.212,2026-09-06T18:02:41.496000+00:00,20,20,20,10,9,11,0.06731500000000001,0.0066408048814646115,0.06762547227191837,0.0586,0.0876,0.028999999999999998,0.0664,0.06245,0.07012499999999999,3.452199529824826,1.295369881451846,2.64485,0.28401543230865767,2.267,3.236,0.9690000000000003,2.0883,0.19648064053555803,1.851,2.509,0.6579999999999999,0.10879999999999998,0.0064625235416449975,0.0925,0.1188,0.026300000000000004,-1.0515950000000003,0.002475240551840083,-1.0552,-1.0456,0.009599999999999831,-0.16109500000000002,0.0023778528572067485,-0.1657,-0.1567,0.00899999999999998,1.0712350000000002,0.0028713237365368405,1.0655,1.0752,0.009700000000000042,0.00021609201468854368,36.267,35.89,36.85,0.2873673607075102,0.9600000000000009,0.015564474048921677,0.03999999999999915,30.17900000000001,0.025526044491234436,0.00254167886875119,6.088,5.68,6.66,0.2970309216580878,0.013022795180170486,20.565499999999997,20.53,20.6,0.03170173496829503,0.07000000000000028,0.0015415008129291792,-0.0038650753516880185,-0.05999999999999872,0.09865267594837124,0.9984608717545125,0.003273200262575674,0.0003229099648180016,0.004259560915124846,0.2960297585762564,0.9338684429353007,0.7813677108102292,0.09850083682832617,8.119124
177,S049,48,1788717805533,1788717815533,2005.249,2026-09-06T18:03:25.533000+00:00,20,20,18,11,8,11,0.06761000000000002,0.005271562237236001,0.06780495557110852,0.0594,0.0776,0.0182,0.06645000000000001,0.063875,0.071625,-0.9507198639458379,1.144459123177497,2.7042499999999996,0.2521774385751346,2.23,3.143,0.9129999999999998,2.1171000000000006,0.23903377871845025,1.708,2.65,0.942,0.10881,0.007695925100850107,0.0959,0.1231,0.027200000000000002,-1.0519700000000003,0.003140415661391956,-1.0598,-1.0469,0.012900000000000134,-0.16091999999999998,0.0024223955085823606,-0.1649,-0.1563,0.008599999999999997,1.0716,0.0037269996398966183,1.0651,1.0796,0.014499999999999957,-0.00023908419240952706,36.285000000000004,35.83,37.03,0.34737360442703713,1.2000000000000028,-0.010361918694859093,-0.0800000000000054,30.256,0.013138933706635445,0.0012374376523190415,6.029000000000001,5.559999999999999,6.780000000000001,0.34868021844785263,-0.011599356347177717,20.521666666666665,20.47,20.62,0.040475119445379126,0.15000000000000213,0.001972311513621983,0.008864823729883373,0.15000000000000213,0.07797015585321698,0.9980315708418702,0.0032945667181028195,0.0002568778804792984,0.0037813692844960614,0.29378705433281904,-0.6217151216915456,-0.6959613808306631,0.07781667712497159,8.328949999999999
178,S049,48,1788717808033,1788717818033,2007.749,2026-09-06T18:03:28.033000+00:00,20,20,20,12,7,11,0.065945,0.005481689616590087,0.06616108750617693,0.055,0.0774,0.022399999999999996,0.06575,0.06257499999999999,0.06999999999999999,-0.03432935076260213,1.1698719431232714,2.58115,0.2941163885267191,2.124,3.026,0.9019999999999997,2.0956500000000005,0.22363181089036788,1.708,2.537,0.829,0.10867500000000001,0.007110176176661019,0.0959,0.1233,0.027400000000000008,-1.0520399999999999,0.0031650060280977257,-1.0598,-1.0469,0.012900000000000134,-0.162355,0.0033246250283223452,-0.1671,-0.1563,0.010800000000000004,1.0717899999999998,0.003655118977111719,1.0651,1.0796,0.014499999999999957,2.2867921733030924e-05,36.212999999999994,35.77,36.87,0.32711015366628277,1.0999999999999943,-0.03056008523491448,-0.8599999999999994,30.254,0.013917047478768891,-0.003221165014318451,5.958999999999999,5.520000000000003,6.600000000000001,0.3259625422458363,-0.027338920220595534,20.548499999999997,20.46,20.62,0.05575085555161348,0.16000000000000014,0.002713135048865537,-0.00015576996730548662,-0.08999999999999986,0.08312517426021816,0.9972942061353037,0.0032092366839428675,0.0002667683585950355,0.0037666982991459235,0.2899968367520743,-1.8336051140948688,-1.640335213235732,0.08290025467370306,7.676962
179,S051,50,1788717845555,1788717855555,2045.271,2026-09-06T18:04:05.555000+00:00,18,16,17,9,7,8,0.0657388888888889,0.0035818396339588818,0.0658309830804108,0.059,0.071,0.011999999999999997,0.06605,0.063775,0.068625,-0.7461080125981758,1.0785195158528222,2.7429444444444444,0.45689765519234327,2.19,4.161,1.9709999999999996,2.2308888888888894,0.2593271585534356,1.839,2.788,0.9489999999999998,0.10812777777777777,0.007219565373553074,0.0953,0.1175,0.022199999999999998,-1.0515166666666669,0.003279571349322059,-1.0567,-1.045,0.011700000000000044,-0.16068333333333332,0.002308615576996945,-0.1668,-0.1571,0.009700000000000014,1.0709277777777777,0.0038717385600172145,1.0637,1.0767,0.0129999999999999,-5.740527588112574e-05,36.315,35.91,37.19,0.41392430870067654,1.2800000000000011,0.010087611156835933,0.9600000000000009,30.23,0.010327955589886225,-0.0013362756104493495,6.085,5.679999999999996,6.979999999999997,0.41706913895260367,0.011423886767285188,20.514117647058825,20.46,20.56,0.043020173106550715,0.09999999999999787,0.0020971008281566845,0.0025093110179050626,0.029999999999997584,0.05448585600545919,0.9979072878003303,0.003204568191521223,0.0001746036410429001,0.0034610311406778685,0.29662499283133564,0.605256669410156,0.6854332060371113,0.054371832789887116,11.600867999999998
180,S051,50,1788717848055,1788717858055,2047.771,2026-09-06T18:04:08.055000+00:00,20,20,20,9,8,8,0.06592500000000001,0.00487484142792034,0.06609600214839019,0.0557,0.0771,0.021400000000000002,0.0658,0.063275,0.069,0.7497833930912683,1.1664850746480107,2.7377,0.45378108563955205,2.19,4.161,1.9709999999999996,2.21895,0.2593454260248289,1.839,2.788,0.9489999999999998,0.10767499999999999,0.006345895897100904,0.0965,0.1175,0.02099999999999999,-1.050585,0.0027467253229982672,-1.056,-1.045,0.01100000000000012,-0.15999000000000002,0.001476446658989786,-0.1624,-0.1571,0.005299999999999999,1.0698800000000002,0.003226632593701474,1.0637,1.0761,0.012399999999999967,1.9672711794718843e-05,36.378,35.91,37.19,0.36771842774772995,1.2800000000000011,0.024057129544449038,-0.23999999999999488,30.233999999999998,0.012311740225021586,0.002141053990786631,6.144,5.679999999999996,6.979999999999997,0.36904428489075075,0.021916075553662265,20.5215,20.46,20.56,0.04487116058930866,0.09999999999999787,0.0021865438973422344,0.009407763052056635,-0.05000000000000071,0.07394526246371391,0.9978182266458706,0.0032124844675096857,0.00023754800711060792,0.0037570353044368105,0.2993933192018127,1.4434277726669422,1.314964533219736,0.07378393066040648,11.600867999999998
181,S051,50,1788717850555,1788717860555,2050.271,2026-09-06T18:04:10.555000+00:00,20,20,20,10,8,9,0.066395,0.005244995108120744,0.06659151973036806,0.0557,0.0771,0.021400000000000002,0.06605,0.063275,0.070375,-0.11737633452749474,1.1578050825717934,2.7573,0.46802969991230253,2.19,4.161,1.9709999999999996,2.1892000000000005,0.23230868755987036,1.839,2.788,0.9489999999999998,0.10849,0.007108327214575429,0.0965,0.1234,0.026899999999999993,-1.05043,0.0023344333246782473,-1.0552,-1.045,0.010199999999999987,-0.16013000000000002,0.0020406655261148727,-0.1663,-0.1571,0.009200000000000014,1.0698699999999999,0.002987183147698624,1.0637,1.0755,0.01179999999999981,0.00010026979636651432,36.414,35.91,37.19,0.37638725857958083,1.2800000000000011,0.010743796394024712,-0.759999999999998,30.237000000000002,0.014903196407411575,0.002582492106838594,6.1770000000000005,5.679999999999996,6.979999999999997,0.37865551626775434,0.008161304287185487,20.522000000000002,20.46,20.56,0.042127625640489386,0.09999999999999787,0.002052803120577399,-0.0021506028732337958,0.019999999999999574,0.07899683873967533,0.9979514022472823,0.003235308449468862,0.00025557913985580074,0.00375694376766397,0.30099405516031574,0.6446277836414828,0.4896782572311292,0.07883500599336143,11.600867999999998
182,S053,52,1788717873571,1788717883571,2073.287,2026-09-06T18:04:33.571000+00:00,20,16,18,10,6,9,0.06678999999999999,0.006159195094371204,0.06705924992124501,0.0561,0.0788,0.022699999999999998,0.06765,0.062625,0.07055,-0.6941795114097418,1.1750802475802133,2.73825,0.41332119216746777,2.168,3.502,1.3339999999999996,2.14875,0.22880188511369162,1.817,2.57,0.7529999999999999,0.10686500000000002,0.006463523155288249,0.0952,0.1197,0.024499999999999994,-1.0511149999999998,0.0032675880369084824,-1.0595,-1.0449,0.014600000000000168,-0.16221000000000002,0.002815539585566992,-0.168,-0.157,0.01100000000000001,1.070725,0.003491776052383666,1.065,1.08,0.015000000000000124,-0.0004255683999706872,36.47,35.91,37.55,0.42620808689340123,1.6400000000000006,0.03684961206662361,0.4000000000000057,30.246249999999996,0.016683325008322574,-0.0012776072766460503,6.223749999999999,5.679999999999996,7.319999999999997,0.42690943614151505,0.038127219343268674,20.51555555555556,20.48,20.55,0.02683768689564182,0.07000000000000028,0.0013081628144539445,-0.006001730372123882,-0.030000000000001137,0.09221732436549192,0.9986935462397739,0.003255578422876948,0.0003002207314197401,0.003840987868284227,0.30336736351819743,2.2109767239974167,2.2876331605961204,0.09209684669531663,9.000139999999998
183,S053,52,1788717876071,1788717886071,2075.787,2026-09-06T18:04:36.071000+00:00,20,20,20,9,7,9,0.06524499999999998,0.005795140886530442,0.06548904106795272,0.0561,0.0788,0.022699999999999998,0.0645,0.061225,0.06895,0.11911234532066617,1.2032547540012926,2.69465,0.4090335560806716,2.168,3.502,1.3339999999999996,2.1122500000000004,0.22716951125119153,1.715,2.57,0.8549999999999998,0.11091999999999999,0.007696246521929749,0.0952,0.1226,0.027399999999999994,-1.0518399999999999,0.002893622752118711,-1.056,-1.0449,0.01110000000000011,-0.16127,0.002702260262505411,-0.168,-0.157,0.01100000000000001,1.071635,0.003152154651562698,1.0659,1.0762,0.010299999999999976,-0.00047683479319834325,36.455,36.01,37.55,0.4069850637373113,1.5399999999999991,0.01838274799887518,1.0200000000000031,30.252999999999997,0.01750187959830804,0.00239247007156528,6.202,5.739999999999998,7.319999999999997,0.4120245266077201,0.01599027792730942,20.491499999999995,20.45,20.55,0.03513507768897853,0.10000000000000142,0.0017146171675562324,-0.010771208866602308,-0.10000000000000142,0.0888212259411517,0.9982883177122798,0.003184003123246224,0.00028280706080718556,0.0038454969133543183,0.30266207939877515,1.1029648799325107,0.9594166756385653,0.08866919222193463,9.000139999999998
184,S053,52,1788717878571,1788717888571,2078.287,2026-09-06T18:04:38.571000+00:00,20,20,20,9,7,10,0.06522499999999999,0.0051270053842887965,0.06541614861790626,0.0561,0.0749,0.018799999999999997,0.065,0.06175,0.06895,-0.6781682229891866,1.1449772201889876,2.6874000000000002,0.4540005100855005,2.168,4.199,2.0309999999999997,2.1003,0.23607093046482092,1.715,2.601,0.8859999999999999,0.11444000000000001,0.00526991461031391,0.105,0.1226,0.017600000000000005,-1.052605,0.002893454500656358,-1.0563,-1.0449,0.011400000000000077,-0.16052499999999997,0.0033527482835178065,-0.168,-0.1523,0.01570000000000002,1.0726099999999998,0.0029474163529936894,1.0659,1.0762,0.010299999999999976,9.216419769113917e-05,36.49399999999999,36.01,37.55,0.392380052070895,1.5399999999999991,-0.011391459377156262,0.17999999999999972,30.255999999999993,0.01729009451741198,0.0033114891533160013,6.238,5.739999999999998,7.319999999999997,0.398940702624496,-0.014702948530471334,20.481999999999996,20.45,20.52,0.025256578090511666,0.07000000000000028,0.0012331109310864013,-0.0017018893941652704,0.019999999999999574,0.07860491198602985,0.998768407758769,0.0031845034664583537,0.0002503176147001659,0.003656869446343131,0.30456010155258284,-0.6834875626293757,-0.8821769118282801,0.07850810278630521,10.921598999999999
185,S053,52,1788717881071,1788717891071,2080.787,2026-09-06T18:04:41.071000+00:00,20,20,20,9,7,11,0.066105,0.005204904064033215,0.06629937782513498,0.0585,0.0782,0.019700000000000002,0.066,0.0619,0.06875,-0.01561941981895032,1.179498248177426,2.75775,0.42755952186431545,2.172,4.199,2.0269999999999997,2.1454000000000004,0.24372037471789587,1.715,2.612,0.897,0.11522999999999999,0.00427663172921967,0.1072,0.1226,0.015399999999999997,-1.0532799999999998,0.0026035603153738277,-1.0587,-1.0494,0.009299999999999864,-0.15998499999999996,0.002713179335256549,-0.1639,-0.1523,0.0116,1.073305,0.0028049720891753197,1.0689,1.0789,0.010000000000000009,0.0010559921326005455,36.475,36.01,37.27,0.34051818098149783,1.2600000000000051,0.009523048393042828,-0.6600000000000037,30.259999999999998,0.013764944032233413,0.0012244930812310587,6.215000000000001,5.739999999999998,7.020000000000003,0.3473129939830561,0.008298555311811489,20.4805,20.41,20.52,0.032682684937698187,0.10999999999999943,0.001595795265628192,0.0021813562653009004,-0.08999999999999986,0.07873691950734764,0.9984067472395838,0.0032277044017480043,0.00025413950167394426,0.0038182661556114355,0.30345938819853036,0.5713829035825697,0.4979133187086893,0.07861147169299589,10.967788
186,S054,53,1788717893579,1788717903579,2093.295,2026-09-06T18:04:53.579000+00:00,19,20,20,10,9,8,0.06945263157894739,0.015886939724225353,0.07115320756907886,0.0536,0.1311,0.07749999999999999,0.0666,0.06415000000000001,0.0693,14.145827179090553,1.842503022407275,6.748368421052629,17.707437267401158,2.097,79.851,77.754,2.467631578947368,1.361820644518307,1.703,7.897,6.194,0.10893684210526315,0.007501941269232756,0.0953,0.1224,0.0271,-1.0518473684210525,0.0033521748199328415,-1.0575,-1.042,0.01550000000000007,-0.1587210526315789,0.0026084433304534634,-0.1627,-0.1528,0.00990000000000002,1.0711157894736842,0.003808216724384666,1.0612,1.0776,0.01639999999999997,-0.0013450447133867285,36.540000000000006,36.09,37.53,0.38083011822513274,1.4399999999999977,0.018112041829247055,0.10000000000000142,30.282999999999998,0.020799797569864713,0.0039001136552615744,6.2570000000000014,5.820000000000004,7.220000000000002,0.37681630314490067,0.014211928173985554,20.524499999999996,20.41,20.59,0.051450026852839226,0.17999999999999972,0.002506761521734475,-0.009867123892318709,0.05000000000000071,0.22874496420148652,0.9974995066188588,0.0033838890876244196,0.0007740475882104487,0.006387488123949427,0.3048551730858244,1.0867225097548232,0.8527156904391332,0.22817298893253132,630.583347
187,S057,56,1788717919595,1788717929595,2119.311,2026-09-06T18:05:19.595000+00:00,19,20,18,9,8,9,0.06792105263157895,0.005355638663789411,0.06812079441388619,0.0586,0.0779,0.019299999999999998,0.0685,0.06305,0.07139999999999999,-0.8162850608773589,1.143556834154012,2.6376842105263156,0.49825239617326245,2.183,4.114,1.931,2.2140000000000004,0.2960095719173058,1.877,3.167,1.2899999999999998,0.10805263157894736,0.007241344904324875,0.0973,0.1222,0.024900000000000005,-1.0511947368421055,0.002556358887213184,-1.0554,-1.0465,0.008899999999999908,-0.16165263157894738,0.003504817069414391,-0.1715,-0.1542,0.01730000000000001,1.0709052631578948,0.002697627287535512,1.0668,1.0759,0.009100000000000108,-6.273537627542614e-05,36.358,35.83,37.27,0.3946164026788019,1.4400000000000048,0.03499155099953939,0.8600000000000065,30.282,0.015078740698500718,-0.002999245432692278,6.0760000000000005,5.559999999999999,7.0000000000000036,0.39982101258596137,0.037990796432230814,20.527222222222225,20.51,20.58,0.016016739609308644,0.06999999999999673,0.00078026824262512,0.004440182691402874,0.06999999999999673,0.07885093732041751,0.9992203401012338,0.003308828242627462,0.00026090420836344527,0.00379496062139706,0.2959971853094806,2.0994930599723634,2.279447785933849,0.07878946040660866,13.029037999999998
188,S058,57,1788717931337,1788717941337,2131.053,2026-09-06T18:05:31.337000+00:00,19,17,18,10,6,10,0.06796315789473682,0.006841069647221015,0.06828856342563404,0.0596,0.0817,0.022099999999999995,0.0666,0.0621,0.07205,-0.5717994139017004,1.196393596549603,2.723842105263158,0.3944595829398741,2.037,3.82,1.783,2.2633684210526317,0.32295892592751996,1.655,2.97,1.3150000000000002,0.10878947368421053,0.006418280726594944,0.0992,0.1181,0.0189,-1.051284210526316,0.0031591600778784206,-1.0555,-1.0427,0.012800000000000145,-0.16124736842105267,0.003464321068815111,-0.168,-0.1546,0.013400000000000023,1.070963157894737,0.0030585418686971096,1.065,1.0762,0.011200000000000099,-0.00030165086922644526,36.618235294117646,36.23,37.59,0.3900678673980613,1.3600000000000065,0.02943396283436911,-0.09999999999999432,30.30411764705882,0.013719886811400414,0.0036087573448100956,6.314117647058824,5.919999999999998,7.260000000000005,0.3851470307481529,0.025825205489559543,20.515,20.46,20.57,0.047804749948588486,0.10999999999999943,0.0023302339726340962,0.005581406151637885,0.08999999999999986,0.10065850174026122,0.9976751833940013,0.003312851956848005,0.0003334667144636127,0.003982451864489397,0.30778053361242136,1.7660377700621466,1.5495123293735726,0.10042448918388051,11.3454
189,S058,57,1788717933837,1788717943837,2133.553,2026-09-06T18:05:33.837000+00:00,20,20,20,11,7,11,0.06817000000000001,0.005647924630479673,0.06839190741600938,0.0596,0.0805,0.020900000000000002,0.06805,0.0639,0.072425,-0.4632054578518279,1.1770398434765152,2.7718,0.3888904053437434,2.037,3.82,1.783,2.253,0.3409452803757904,1.655,2.97,1.3150000000000002,0.10972000000000001,0.00668018278980921,0.0992,0.1211,0.021900000000000003,-1.0517400000000001,0.0029928687171165273,-1.0567,-1.0446,0.0121,-0.16115,0.0030947323666276265,-0.1669,-0.1546,0.012300000000000005,1.0715399999999997,0.0033895194504919633,1.0645,1.0781,0.013600000000000056,0.0004836786094701773,36.63199999999999,36.15,37.59,0.4137072445709974,1.4400000000000048,0.02300304395098567,0.3200000000000003,30.312,0.012814465510343475,0.00260810007434669,6.320000000000001,5.84,7.260000000000005,0.40740513910408876,0.0203949438766387,20.534,20.49,20.57,0.031187041843487168,0.08000000000000185,0.0015188001287370786,-0.0028562890438458876,-0.05000000000000071,0.08285058868240681,0.9984835031269089,0.0033198597448134805,0.0002750523342008217,0.0039203272621018805,0.3077822148631539,1.3801826370591401,1.223696632598322,0.08272494602373619,11.3454
190,S058,57,1788717936337,1788717946337,2136.053,2026-09-06T18:05:36.337000+00:00,20,20,20,12,7,11,0.06957,0.005500918583578374,0.0697762997012596,0.0596,0.0805,0.020900000000000002,0.0688,0.066275,0.073375,-0.281042121963873,1.1536868584985571,2.6474,0.3962732178155555,2.012,3.82,1.8079999999999998,2.22065,0.3484723465582161,1.655,2.97,1.3150000000000002,0.10840000000000001,0.006853504673945256,0.0983,0.1211,0.0228,-1.0508700000000002,0.003337521929752516,-1.0567,-1.0446,0.0121,-0.161405,0.0031211460445770473,-0.1669,-0.1546,0.012300000000000005,1.070635,0.0037751646879378444,1.0645,1.0781,0.013600000000000056,-8.931204762645695e-06,36.645,36.15,37.59,0.39978283578647306,1.4400000000000048,-0.03302247865168621,0.0,30.318000000000005,0.011964860832322122,0.0025615740692864278,6.327000000000003,5.84,7.260000000000005,0.39652570103203627,-0.03558405272097163,20.528,20.49,20.57,0.027453309646131043,0.08000000000000185,0.0013373591994413018,0.0025222324111181917,-0.010000000000001563,0.07907026855797575,0.9986644269414752,0.0033890296180826194,0.0002679714820527267,0.003921473109898675,0.30821317225253325,-1.9813487191011727,-2.1350431632582976,0.0789646644375594,11.3454
191,S058,57,1788717938837,1788717948837,2138.553,2026-09-06T18:05:38.837000+00:00,20,20,20,12,8,11,0.069135,0.004480751229308247,0.06927280490928601,0.0613,0.0789,0.017599999999999998,0.0683,0.065975,0.072425,-0.2873190444820568,1.1389751014603922,2.54555,0.29580069303502315,2.012,3.121,1.109,2.1119999999999997,0.2816105934012239,1.655,2.905,1.2499999999999998,0.10846499999999999,0.006848455453988378,0.0983,0.1211,0.0228,-1.05082,0.003207983462354022,-1.0567,-1.0446,0.0121,-0.16157,0.002738055399078155,-0.1669,-0.1569,0.009999999999999981,1.070605,0.0036920219820295807,1.0645,1.0781,0.013600000000000056,1.8174535058374362e-05,36.568000000000005,36.15,37.43,0.33603884487237223,1.2800000000000011,0.010528394628545094,0.11999999999999744,30.322000000000003,0.011964860832322559,0.0025771374236424846,6.246,5.84,7.100000000000001,0.33119242300003154,0.007951257204902824,20.538,20.49,20.56,0.023305748105067352,0.07000000000000028,0.0011347622993995205,0.003398197230813589,0.07000000000000028,0.06481161827306352,0.9988665239265159,0.003366199240432369,0.0002181688202019791,0.0038416593631317554,0.3041191936897459,0.6317036777127056,0.47707543229416943,0.06473815585446721,9.066505
192,S058,57,1788717941337,1788717951337,2141.053,2026-09-06T18:05:41.337000+00:00,20,20,20,11,8,10,0.069545,0.005148885929576365,0.06972583810898224,0.0625,0.0797,0.017199999999999993,0.06805,0.065625,0.07435,-0.7568735151216952,1.1430482897233596,2.6443000000000003,0.3669780002010733,2.012,3.564,1.552,2.1954000000000002,0.29004780005335234,1.8,2.905,1.1049999999999998,0.10925500000000002,0.00676675114457681,0.0983,0.1211,0.0228,-1.051125,0.0033593349905818243,-1.0567,-1.0446,0.0121,-0.161685,0.0025986383073893855,-0.1669,-0.1569,0.009999999999999981,1.071005,0.003798541964047735,1.0645,1.0781,0.013600000000000056,4.630261169414112e-05,36.543000000000006,36.15,37.43,0.3610671318248323,1.2800000000000011,-0.005831798301905592,-0.240000000000002,30.324,0.013138933706636186,0.0017415335505306156,6.219,5.84,7.100000000000001,0.3582104644508666,-0.0075733318524362075,20.532000000000004,20.49,20.56,0.02706716791515843,0.07000000000000028,0.0013182918330001182,-0.0045266309745982765,-0.060000000000002274,0.0740367521687593,0.9986834437723225,0.0033871517631014992,0.0002507737156427218,0.003881745567894018,0.30289304500292225,-0.3499078981143355,-0.45439991114617245,0.07393927862161451,10.35342
193,S058,57,1788717943837,1788717953837,2143.553,2026-09-06T18:05:43.837000+00:00,20,20,20,12,9,10,0.069085,0.005390662004068262,0.0692845112561242,0.0617,0.0797,0.017999999999999995,0.0669,0.065625,0.07150000000000001,-0.46747021819608836,1.1503292518781412,2.6077000000000004,0.3721929465662725,2.012,3.564,1.552,2.1506499999999997,0.23585215596573253,1.8,2.753,0.9530000000000001,0.10807999999999998,0.0059654796427798685,0.0983,0.1196,0.0213,-1.0508650000000004,0.0027361661614671465,-1.0563,-1.0462,0.010099999999999998,-0.16121999999999997,0.002477180060599466,-0.1646,-0.1569,0.007699999999999985,1.0705300000000002,0.00296702934901136,1.065,1.0761,0.01110000000000011,-0.00011647804718297982,36.489000000000004,36.17,37.35,0.34049344997177894,1.1799999999999997,0.010632779494727162,-0.28000000000000114,30.329,0.012096106376586705,-0.0002791681006317478,6.160000000000001,5.840000000000003,7.040000000000003,0.34237560168852416,0.010911947595358632,20.538,20.49,20.57,0.035183728296502945,0.08000000000000185,0.0017131039193934632,0.0011472987461650164,0.05000000000000071,0.07802941310079269,0.9982898257867542,0.0033637647287954034,0.0002624725875970524,0.0038806115493232054,0.299931833674165,0.6379667696836298,0.6547168557215179,0.077895969210633,9.811692
194,S058,57,1788717946337,1788717956337,2146.053,2026-09-06T18:05:46.337000+00:00,20,20,20,10,9,10,0.06816999999999998,0.005019760950483599,0.06834535097576132,0.0617,0.0797,0.017999999999999995,0.06655,0.0648,0.0698,0.29470424536585904,1.1661363774145457,2.65895,0.35009524643866186,2.191,3.564,1.3730000000000002,2.14435,0.23728869270197128,1.8,2.753,0.9530000000000001,0.108355,0.006005039550244443,0.0974,0.1196,0.022199999999999998,-1.051265,0.0026561299508475558,-1.0563,-1.0452,0.01110000000000011,-0.160595,0.0028684261226415834,-0.1646,-0.155,0.009599999999999997,1.07083,0.0030740167448093892,1.0635,1.0761,0.012600000000000167,-0.00028721717891195674,36.54300000000001,36.17,37.35,0.37101709422953355,1.1799999999999997,0.023380718336095375,0.3400000000000034,30.329,0.013726654823066045,-3.360885836778337e-05,6.214,5.840000000000003,7.040000000000003,0.37236654267705543,0.023414327194463565,20.528000000000002,20.49,20.57,0.039148838794368104,0.08000000000000185,0.0019070946411909636,-0.0030712153017318517,-0.07000000000000028,0.0736359241672818,0.9980965354458599,0.0033208300857365536,0.00024453239236572476,0.0038825019485580663,0.30270849571317227,1.4028431001657224,1.404859631667814,0.07349576079571803,9.811692
195,S058,57,1788717948837,1788717958837,2148.553,2026-09-06T18:05:48.837000+00:00,20,20,20,10,9,10,0.06871999999999999,0.005706284624037458,0.06894470247959592,0.0594,0.0797,0.02029999999999999,0.06720000000000001,0.065175,0.071175,-0.39586731234629546,1.155998896704023,2.7104000000000004,0.32440624304460575,2.191,3.564,1.3730000000000002,2.1446999999999994,0.22735738155460986,1.829,2.753,0.9240000000000002,0.108465,0.006326658301438279,0.0974,0.1196,0.022199999999999998,-1.051955,0.003189864705924878,-1.0578,-1.0452,0.012600000000000167,-0.16043999999999997,0.0029596230200910094,-0.1646,-0.155,0.009599999999999997,1.07152,0.003548105498935874,1.0635,1.0775,0.014000000000000012,-0.0003495680168927687,36.554,36.17,37.35,0.35073456750383925,1.1799999999999997,0.04479733221176283,0.519999999999996,30.332000000000004,0.014363696929193256,0.0016582455800346497,6.222,5.840000000000003,7.040000000000003,0.3543355531280009,0.04313908663172811,20.528999999999996,20.49,20.59,0.04470958922223652,0.10000000000000142,0.0021778746759333885,0.005822469401332666,0.10000000000000142,0.08303673783523659,0.9978268581546589,0.003347459691168591,0.00027796213278958833,0.0038823128257586834,0.3030834429343856,2.68783993270577,2.5883451979036867,0.08285628722554622,9.811692
196,S058,57,1788717951337,1788717961337,2151.053,2026-09-06T18:05:51.337000+00:00,20,20,20,10,9,10,0.06881000000000001,0.005830852605345394,0.06904429737494618,0.0594,0.0826,0.023200000000000005,0.06720000000000001,0.065125,0.0708,0.5420953099005947,1.196333414060822,2.6573,0.2598183778597738,2.191,3.343,1.1520000000000001,2.0957,0.17791662742922454,1.829,2.483,0.6540000000000001,0.10738500000000002,0.005842608916175069,0.0974,0.1196,0.022199999999999998,-1.0513949999999999,0.0028492796873669825,-1.0578,-1.0452,0.012600000000000167,-0.16000499999999998,0.002664083727149571,-0.1641,-0.155,0.009099999999999997,1.070815,0.003119594271864969,1.0635,1.0775,0.014000000000000012,0.0001598612584886173,36.631,36.17,37.61,0.3924806398175316,1.4399999999999977,0.051093342628071164,-0.10000000000000142,30.337000000000007,0.013416407865000084,0.0023835618424129868,6.293999999999999,5.840000000000003,7.259999999999998,0.39326434125822174,0.048709780785658664,20.546,20.49,20.59,0.044295657384871914,0.10000000000000142,0.0021559260870666753,0.00444033521826681,0.0400000000000027,0.0847384479776979,0.997848711931002,0.003349070378662514,0.00028379502605594244,0.004020247250073008,0.3063369999026574,3.0656005576842698,2.9225868471395198,0.08455615116557808,8.300669000000001
197,S058,57,1788717953837,1788717963837,2153.553,2026-09-06T18:05:53.837000+00:00,20,20,20,10,8,10,0.06802,0.005772767283137538,0.06825231864193333,0.0594,0.0826,0.023200000000000005,0.0668,0.06455,0.070275,1.117681367478374,1.2102152958837598,2.7235,0.3014129009218174,2.191,3.519,1.3280000000000003,2.10945,0.21493192924860266,1.668,2.612,0.9440000000000002,0.10838999999999999,0.006147819467951732,0.0974,0.1196,0.022199999999999998,-1.05141,0.002914374537935784,-1.0578,-1.0452,0.012600000000000167,-0.16000999999999999,0.002519586432229245,-0.1647,-0.155,0.009700000000000014,1.07087,0.0031195647469681362,1.0635,1.0775,0.014000000000000012,-0.00027342284780699816,36.659000000000006,36.23,37.61,0.35096708497641504,1.3800000000000026,-0.006575279509932737,0.0,30.343,0.013416407864999999,0.0019430255066705904,6.316000000000001,5.899999999999999,7.259999999999998,0.350314144732981,-0.008518305016603398,20.537999999999993,20.49,20.59,0.0386073349998352,0.10000000000000142,0.0018798001265865815,0.0021684114489725005,0.0400000000000027,0.08486867514168683,0.9981237268918397,0.003311909630928037,0.0002810773825658555,0.004021813224267213,0.30752750998149786,-0.39451677059596424,-0.5110983009962039,0.0847094383287933,9.191628000000001
198,S058,57,1788717956337,1788717966337,2156.053,2026-09-06T18:05:56.337000+00:00,20,20,20,11,9,11,0.06895000000000001,0.0060137124010136425,0.06919869218417354,0.0594,0.0826,0.023200000000000005,0.06720000000000001,0.0646,0.072675,0.05374547923674022,1.193664177643107,2.7142,0.3187496295147486,2.239,3.519,1.2800000000000002,2.1496000000000004,0.22855666117709425,1.668,2.612,0.9440000000000002,0.10832,0.006240580269915863,0.0978,0.1196,0.0218,-1.051915,0.002820092383705091,-1.0578,-1.0475,0.010299999999999976,-0.160785,0.00238664596188216,-0.1659,-0.1571,0.008800000000000002,1.0715250000000003,0.002951872732957648,1.0664,1.0775,0.011099999999999888,-0.00035841878373572437,36.681,36.23,37.61,0.355733489833996,1.3800000000000026,0.015027175954786262,0.259999999999998,30.35,0.012977713690461879,0.002167557711754139,6.330999999999999,5.899999999999999,7.259999999999998,0.3546072697921935,0.012859618243031784,20.544,20.49,20.59,0.03315037508718485,0.10000000000000142,0.001613628070832596,-0.005802174675396965,0.0,0.08721845396684035,0.9983889715299297,0.003356211059190032,0.00029272353976896623,0.004020638629283489,0.30816783489096566,0.9016305572871758,0.771577094581907,0.08707794255438425,9.191628000000001
199,S058,57,1788717958837,1788717968837,2158.553,2026-09-06T18:05:58.837000+00:00,20,20,20,11,8,12,0.06782500000000001,0.005376642955756336,0.06802715266715197,0.0603,0.0826,0.022300000000000007,0.0664,0.06455,0.069975,1.8396906982700543,1.2142210391217032,2.7199999999999998,0.36857035320703413,2.156,3.519,1.363,2.1891000000000007,0.25647117412663506,1.668,2.737,1.0690000000000002,0.10901500000000001,0.006161021360986042,0.0978,0.1191,0.0213,-1.051425,0.0024204990785938333,-1.0557,-1.0475,0.008199999999999985,-0.16097,0.0023969498161314595,-0.1659,-0.157,0.008899999999999991,1.07108,0.0026377023494341726,1.0664,1.0759,0.009500000000000064,-0.0005582984745591426,36.688,36.23,37.61,0.34469818987813544,1.3800000000000026,0.009660791199666773,-0.01999999999999602,30.357,0.018666040089735002,0.004335822921240079,6.3309999999999995,5.899999999999999,7.259999999999998,0.34363230042406745,0.005324968278426979,20.529000000000003,20.49,20.59,0.03143916431191532,0.10000000000000142,0.0015314513279709343,-0.00911489605556565,-0.10000000000000142,0.07927228832666915,0.9984708904289123,0.0033038628281942617,0.0002619047667083801,0.004023576404111257,0.30839300501729255,0.5796474719800063,0.31949809670561874,0.07915107231186681,9.631503
200,S058,57,1788717961337,1788717971337,2161.053,2026-09-06T18:06:01.337000+00:00,20,20,20,11,8,13,0.06713000000000002,0.005129491613262111,0.06731591936533289,0.0595,0.0767,0.017200000000000007,0.0664,0.064275,0.070075,-0.6574070924824387,1.1394035871921826,2.7206500000000005,0.3583900073501227,2.156,3.519,1.363,2.16725,0.2611303112886059,1.668,2.737,1.0690000000000002,0.109065,0.00672507288162425,0.0978,0.1191,0.0213,-1.051405,0.0024995736478552783,-1.0557,-1.0475,0.008199999999999985,-0.161235,0.002507520268061028,-0.1659,-0.157,0.008899999999999991,1.07106,0.0027149488703143267,1.0664,1.0759,0.009500000000000064,-0.00010776159934136617,36.645,36.23,37.21,0.30107701410279175,0.980000000000004,0.018693074847767673,0.11999999999999744,30.362000000000002,0.021908902300206996,0.004917837830883363,6.283,5.84,6.859999999999999,0.30173358761453234,0.013775237016884724,20.5315,20.49,20.62,0.042211871615260375,0.13000000000000256,0.002055956535823509,0.004335372245526854,0.08999999999999986,0.0764113155558187,0.9979482617488437,0.0032696101112924055,0.0002498352099584595,0.003735723157100066,0.30601758273871854,1.1215844908660604,0.8265142210130835,0.07625453953687165,9.631503
201,S059,58,1788717986120,1788717996120,2185.836,2026-09-06T18:06:26.120000+00:00,20,20,20,10,7,11,0.06827,0.007131922306746876,0.06862298448770644,0.0575,0.088,0.030499999999999992,0.06559999999999999,0.0642,0.07325,1.6569806574857306,1.2823691749484443,2.7560499999999992,0.4160676153299074,2.23,3.597,1.367,2.1544,0.20302512159828892,1.803,2.555,0.7520000000000002,0.108365,0.006127356689470591,0.0975,0.1186,0.021099999999999994,-1.0509400000000002,0.0023295357567775705,-1.0549,-1.047,0.007900000000000018,-0.16266999999999998,0.0027380553990781578,-0.1668,-0.1572,0.009599999999999997,1.070815,0.002563976147355994,1.066,1.0745,0.008499999999999952,0.000265531389047407,36.660000000000004,36.23,37.45,0.3341288752310377,1.220000000000006,0.01570510104653336,-0.44000000000000483,30.367,0.021788456625131958,0.004435438097029742,6.292999999999999,5.8799999999999955,7.080000000000002,0.33240906948169235,0.011269662949503823,20.522499999999994,20.46,20.59,0.0591051694239302,0.129999999999999,0.002880018000922413,-0.0025278324087079015,-0.09999999999999787,0.10446641726595687,0.9971282526830446,0.00332659276403947,0.00034751722776206007,0.004287976611036668,0.30663905469606534,0.9423060627920016,0.6761797769702294,0.10416641611246143,9.190335000000001
202,S069,68,1788718095671,1788718105671,2295.387,2026-09-06T18:08:15.671000+00:00,20,20,20,9,8,10,0.06682500000000001,0.004768523439123864,0.06698643519400029,0.0598,0.0785,0.0187,0.0663,0.063525,0.06897500000000001,1.1480220052901453,1.1718790494322489,2.7255000000000007,0.5366849021637615,2.139,3.969,1.83,2.41155,0.4456157744302289,1.818,3.821,2.003,0.112065,0.005814525821278619,0.098,0.1241,0.026099999999999998,-1.0519650000000003,0.002624434776239817,-1.0584,-1.0468,0.011600000000000055,-0.160405,0.002989186652269352,-0.1666,-0.1542,0.012399999999999994,1.0717750000000001,0.0026321644085588944,1.0666,1.0769,0.010299999999999976,0.00044811413224749735,36.644,36.25,37.37,0.3551189570893256,1.1199999999999974,-0.021330599385649254,0.28000000000000114,30.272999999999996,0.011742858972247748,-0.00011514927131875019,6.371,5.98,7.099999999999998,0.3533583241741415,-0.02121545011433078,20.517000000000003,20.48,20.56,0.033102710971824864,0.0799999999999983,0.0016134284238351056,-0.010369792381765927,-0.07000000000000028,0.07135837544517566,0.998389170534211,0.0032570551250182774,0.0002324181624566878,0.0038260954330555145,0.3105229809426329,-1.2798359631389553,-1.2729270068598468,0.07124342927137774,15.165549
203,S071,70,1788718109679,1788718119679,2309.395,2026-09-06T18:08:29.679000+00:00,18,16,18,10,9,8,0.06696666666666667,0.0050145670155000615,0.06714375126051071,0.0576,0.0786,0.021000000000000005,0.0665,0.063925,0.06955,0.6893291291125507,1.1706227091042358,2.6810555555555555,0.4245719605357879,2.086,3.778,1.6920000000000002,2.2499999999999996,0.2301283529327262,1.743,2.667,0.9239999999999997,0.10845555555555557,0.006939250868384792,0.0958,0.1222,0.026400000000000007,-1.0515944444444443,0.0027110823152868735,-1.057,-1.0475,0.009499999999999842,-0.16055000000000003,0.004493557479717982,-0.1723,-0.1518,0.020500000000000018,1.0711111111111111,0.003033128629162571,1.066,1.0758,0.009800000000000031,-0.00017095097033041677,37.07125,36.57,37.93,0.38640005175983144,1.3599999999999994,-0.041631943666915056,0.46000000000000085,30.32125,0.02305789814069541,0.006079446856200747,6.750000000000002,6.240000000000002,7.640000000000001,0.3932090199033257,-0.047711390523116,20.54388888888889,20.48,20.6,0.04815891449930819,0.120000000000001,0.002344196600739737,0.0077863869526455815,0.07000000000000028,0.07488153831010544,0.9976612858051259,0.0032596879309878582,0.00024409044668325563,0.0038259552719110846,0.32856486113740235,-2.4979166200149034,-2.86268343138696,0.07470641179352559,10.075925999999999
204,S071,70,1788718112179,1788718122179,2311.895,2026-09-06T18:08:32.179000+00:00,20,20,20,10,10,9,0.06687999999999998,0.005184754980761032,0.06707064931846121,0.0576,0.0813,0.0237,0.067,0.064175,0.06847500000000001,2.256563975842843,1.2121546582019171,2.6795,0.31978076371493214,2.115,3.394,1.279,2.2085,0.2346595518259546,1.743,2.667,0.9239999999999997,0.10801500000000001,0.0070009980491506025,0.0958,0.1222,0.026400000000000007,-1.051435,0.0025522487504572237,-1.0563,-1.0475,0.008799999999999919,-0.16146500000000003,0.0037533528870513713,-0.1723,-0.1558,0.016500000000000015,1.0710449999999998,0.0029690464533424247,1.066,1.0758,0.009800000000000031,0.0004080265959910669,36.829,36.23,37.67,0.43083639586274647,1.4400000000000048,-0.07589332487095017,-0.6000000000000014,30.331000000000007,0.010208355710681636,-0.0004996652809825078,6.498000000000002,5.899999999999999,7.340000000000003,0.4330017624857786,-0.07539365958996816,20.555,20.52,20.6,0.028377159087808298,0.08000000000000185,0.001380547754211058,-0.007329845839206402,-0.08000000000000185,0.07752325031042215,0.9986213555303154,0.0032537095597178294,0.00025223814063541874,0.003955242033568475,0.3161274629044029,-4.55359949225701,-4.523619575398089,0.07741637331010971,9.051798
205,S071,70,1788718114679,1788718124679,2314.395,2026-09-06T18:08:34.679000+00:00,20,20,20,10,9,9,0.06703499999999998,0.005196686697462042,0.06722608496707211,0.0576,0.0813,0.0237,0.0676,0.06484999999999999,0.069025,2.0597346900323235,1.2093519954318537,2.7255,0.3580094823795652,2.115,3.394,1.279,2.21805,0.22484227805286083,1.743,2.667,0.9239999999999997,0.10888,0.006432286979719865,0.0958,0.1194,0.02360000000000001,-1.0513400000000002,0.0025988661495270978,-1.0563,-1.0475,0.008799999999999919,-0.16152000000000002,0.0036665773513842896,-0.1723,-0.1558,0.016500000000000015,1.07104,0.0029498260430422794,1.066,1.0758,0.009800000000000031,-0.00014206392022628238,36.763,36.23,37.67,0.41933656875442893,1.4400000000000048,-0.0366384387764787,-0.17999999999999972,30.332000000000004,0.008944271910000096,-0.00021973164155635313,6.431000000000002,5.899999999999999,7.340000000000003,0.41924619070547736,-0.036418707134922006,20.538999999999998,20.52,20.6,0.019166857359845173,0.08000000000000185,0.0009331933083326927,-0.0039781576901683985,-0.08000000000000185,0.07752199145911902,0.9990676767295045,0.0032637908369443492,0.0002530155653859508,0.003958323190028726,0.31311164126783203,-2.1983063265887224,-2.1851224280953203,0.07744971590250653,9.051798
206,S071,70,1788718117179,1788718127179,2316.895,2026-09-06T18:08:37.179000+00:00,20,20,20,9,8,9,0.06680500000000002,0.0045312337114044796,0.06695082897171624,0.0604,0.0813,0.020899999999999995,0.0658,0.0648,0.069025,4.721221263681056,1.214324023296943,2.7633,0.36187626556455366,2.271,3.541,1.27,2.23725,0.23896484546564803,1.893,2.933,1.0399999999999998,0.10814499999999998,0.006371521754940826,0.0976,0.1194,0.0218,-1.0517,0.0022648341405521306,-1.0563,-1.0476,0.00869999999999993,-0.16104000000000002,0.0027402266521700676,-0.166,-0.1558,0.010200000000000015,1.07122,0.002501073453749909,1.0663,1.0758,0.009500000000000064,-0.0001220181164173396,36.688,36.23,37.45,0.37263782331966994,1.220000000000006,-0.010582289669541544,-0.5600000000000023,30.332000000000004,0.008944271910000096,0.001705049566997791,6.356000000000002,5.899999999999999,7.1200000000000045,0.37245133910351325,-0.012287339236539265,20.528499999999998,20.49,20.55,0.016630662866177058,0.060000000000002274,0.0008101255749897489,-0.004570142843307491,-0.05000000000000071,0.06782776306271204,0.9991905301971997,0.0032542562778576137,0.00022072892375986947,0.003960347809143386,0.30961833548481393,-0.6349373801724926,-0.7372403541923559,0.06777285853672128,10.385753
207,S071,70,1788718119679,1788718129679,2319.395,2026-09-06T18:08:39.679000+00:00,20,20,20,9,7,9,0.06732500000000001,0.0052927830705196055,0.06752235555725229,0.0604,0.0813,0.020899999999999995,0.0658,0.0648,0.06915,2.3024448483940976,1.2040456724153472,2.7981499999999997,0.3388115879146744,2.289,3.541,1.2519999999999998,2.2432499999999997,0.24096317145987267,1.893,2.933,1.0399999999999998,0.108505,0.00689915898764785,0.0976,0.1204,0.022799999999999987,-1.05193,0.0023815298046688813,-1.0563,-1.0476,0.00869999999999993,-0.16047499999999998,0.0024374004703026533,-0.1652,-0.1558,0.00940000000000002,1.07144,0.0027038763596771553,1.0663,1.0758,0.009500000000000064,0.0002166170872900094,36.721,36.23,37.61,0.4192964031376975,1.3800000000000026,0.07009282203701947,0.8399999999999963,30.335,0.008885233166387774,0.001714451434595477,6.386,5.899999999999999,7.259999999999998,0.41371742199617023,0.06837837060242435,20.523000000000003,20.49,20.55,0.019221698265516354,0.060000000000002274,0.000936593006164613,-0.0058569008739563005,-0.060000000000002274,0.078615418797172,0.9990642833794778,0.0032804658188374017,0.0002578951941977101,0.00396140915070896,0.31116308531891046,4.2055693222211685,4.102702236145461,0.07854185704317418,10.385753
208,S071,70,1788718122179,1788718132179,2321.895,2026-09-06T18:08:42.179000+00:00,20,20,20,8,7,9,0.06731999999999999,0.006116466127980833,0.06758345211662395,0.0581,0.081,0.022900000000000004,0.0656,0.06345,0.070375,0.2943178688377954,1.198518238757974,2.7958000000000007,0.38913285513737905,2.289,3.709,1.42,2.2517,0.25124596880767114,1.94,2.933,0.9929999999999999,0.10849500000000001,0.0064867050268424525,0.0976,0.1204,0.022799999999999987,-1.0519450000000001,0.003259879720093008,-1.0615,-1.0471,0.01440000000000019,-0.15943999999999997,0.0026109889233573414,-0.1632,-0.1532,0.010000000000000009,1.07128,0.0034087503498156616,1.0663,1.0808,0.014499999999999957,0.00015246101745905897,36.91,36.31,37.61,0.3405877273185279,1.2999999999999972,0.03883993453828905,0.21999999999999886,30.35899999999999,0.03007009355349309,0.009370028482947705,6.550999999999999,5.980000000000004,7.259999999999998,0.3327382407270084,0.029469906055340778,20.5245,20.49,20.56,0.026847522673129683,0.07000000000000028,0.001308071946850334,0.004476430138223951,0.03999999999999915,0.09085659726650079,0.9986936368701123,0.0032799824599868445,0.0002980080454082113,0.00394650295987722,0.3191795171624156,2.330396072297343,1.7681943633204467,0.09073790555772478,10.878497
209,S071,70,1788718124679,1788718134679,2324.395,2026-09-06T18:08:44.679000+00:00,20,20,20,8,7,9,0.06788000000000001,0.0066230538352985745,0.06818625961291615,0.0562,0.081,0.024800000000000003,0.0681,0.06345,0.07139999999999999,-0.31947231157605405,1.1879226175453188,2.6977,0.40487959223765074,2.027,3.709,1.682,2.24725,0.2743992241434482,1.892,2.933,1.041,0.10748999999999997,0.0069917169038196825,0.0976,0.1204,0.022799999999999987,-1.051905,0.003269230554894016,-1.0615,-1.0471,0.01440000000000019,-0.15976,0.003173973103723139,-0.1665,-0.1532,0.013300000000000006,1.071215,0.0033912076718603133,1.0663,1.0808,0.014499999999999957,-9.739084801830792e-05,36.97599999999999,36.31,37.61,0.37134747524174844,1.2999999999999972,0.0381296302708761,0.46000000000000085,30.374999999999993,0.03425907486384203,0.011048935963916174,6.600999999999999,5.980000000000004,7.259999999999998,0.36305574459607454,0.027080694306959367,20.5205,20.49,20.56,0.028741131355236184,0.07000000000000028,0.001400605801770726,0.001068834489984319,-0.019999999999999574,0.09757003293014987,0.9986013531511203,0.0033079116005945283,0.0003227530438000329,0.003947272239955168,0.32167832167832167,2.2877778162525657,1.624841658417562,0.09743356691104703,10.878497
210,S071,70,1788718127179,1788718137179,2326.895,2026-09-06T18:08:47.179000+00:00,20,20,20,8,7,8,0.06790500000000001,0.006592218299272498,0.06820830961107305,0.0562,0.081,0.024800000000000003,0.0664,0.06425,0.072325,-0.2703500943850612,1.1875385926123336,2.7340999999999998,0.43727985739593644,2.027,3.963,1.936,2.2250000000000005,0.2631279456642219,1.892,2.712,0.8200000000000003,0.10809499999999998,0.0076088227874308075,0.0969,0.1209,0.023999999999999994,-1.051855,0.0035220321586146553,-1.0615,-1.0457,0.015800000000000036,-0.159785,0.0031347416581207926,-0.1665,-0.1532,0.013300000000000006,1.0712500000000003,0.003602411473034796,1.0649,1.0808,0.015900000000000025,-0.0006477273253504732,36.95,36.17,37.61,0.3951282270219046,1.4399999999999977,-0.07246938736546649,-1.4399999999999977,30.393999999999995,0.028727393858384118,0.008327192579950286,6.555999999999999,5.760000000000002,7.259999999999998,0.40505230331532793,-0.0807965799454165,20.538000000000004,20.49,20.61,0.046746798370527295,0.120000000000001,0.0022761124924786874,0.007004208207384324,0.120000000000001,0.09708001324309692,0.9977290564305495,0.0033063102541630147,0.0003209766432599326,0.003943908851884312,0.3192131658389326,-4.348163241927989,-4.84779479672499,0.09685955001130035,10.747656000000001
211,S071,70,1788718129679,1788718139679,2329.395,2026-09-06T18:08:49.679000+00:00,20,20,20,8,7,8,0.06751,0.006197953821943769,0.06777974623735324,0.0562,0.081,0.024800000000000003,0.0664,0.06407500000000001,0.072325,-0.11859081606392108,1.195047259639357,2.69385,0.45396838227487074,2.027,3.963,1.936,2.2425500000000005,0.2757950182749195,1.892,2.712,0.8200000000000003,0.108205,0.007466872451738166,0.0969,0.1209,0.023999999999999994,-1.05168,0.0035329427126018337,-1.0615,-1.0457,0.015800000000000036,-0.160065,0.0031913163428278304,-0.1665,-0.1532,0.013300000000000006,1.0711050000000004,0.0035795434875061072,1.0649,1.0808,0.015900000000000025,-0.0003175786662767823,36.855999999999995,36.17,37.53,0.3683876676603206,1.3599999999999994,-0.07075987394558242,-0.5600000000000023,30.401999999999997,0.019894458366193173,0.003229862974734104,6.453999999999999,5.760000000000002,7.120000000000001,0.37100716406758766,-0.0739897369203161,20.550000000000004,20.49,20.61,0.048340894750336885,0.120000000000001,0.0023523549756854925,0.007911544322842273,0.120000000000001,0.09180793692702961,0.9976531656118646,0.003285158150851581,0.00030160359230869916,0.003941605839416057,0.3140632603406325,-4.245592436734945,-4.439384215218966,0.0915924789035455,10.747656000000001
212,S071,70,1788718132179,1788718142179,2331.895,2026-09-06T18:08:52.179000+00:00,20,20,20,10,8,8,0.06802,0.0052896721617646,0.0682151156269635,0.0562,0.0804,0.0242,0.06695000000000001,0.0643,0.072325,0.9162886622509867,1.1786244040055567,2.7464500000000003,0.511130272301649,2.027,4.019,1.992,2.271,0.30398805378189664,1.892,2.97,1.0780000000000003,0.10615499999999997,0.007133499547169937,0.0969,0.1209,0.023999999999999994,-1.051275,0.003140210351653462,-1.0572,-1.0457,0.011499999999999844,-0.161805,0.0037696118744786635,-0.1693,-0.1545,0.014800000000000008,1.070805,0.0030563953657174376,1.0649,1.0753,0.010399999999999965,0.00024065211773958013,36.523,35.75,37.53,0.5028037181121169,1.7800000000000011,-0.12441024388569016,-1.3000000000000043,30.389000000000003,0.0300700935534922,-0.009575412502245894,6.133999999999999,5.399999999999999,7.120000000000001,0.4843269882826562,-0.11483483138344429,20.559,20.5,20.61,0.044355027009941206,0.10999999999999943,0.002157450606057746,0.006259481902112552,0.05000000000000071,0.07776642401888562,0.9978471939666237,0.003308526679313196,0.0002572922886212656,0.003910696045527506,0.2983608152147477,-7.46461463314141,-6.890089883006658,0.07759900799206366,11.936430000000001
213,S071,70,1788718134679,1788718144679,2334.395,2026-09-06T18:08:54.679000+00:00,20,20,20,11,8,9,0.06734000000000001,0.004932747712989181,0.06751141384980765,0.0585,0.0804,0.021899999999999996,0.0664,0.06425,0.06975,1.4474660450089827,1.1909097353355025,2.7651,0.49387148338941694,2.18,4.019,1.839,2.2504,0.302075522101066,1.89,2.97,1.0800000000000003,0.10622500000000001,0.006206437659483307,0.0969,0.1209,0.023999999999999994,-1.0509700000000004,0.0031204082054149566,-1.0572,-1.0457,0.011499999999999844,-0.16220500000000002,0.003687885573062159,-0.1693,-0.1545,0.014800000000000008,1.0705399999999998,0.003009178940298649,1.0649,1.0753,0.010399999999999965,-0.0001369021243656411,36.415,35.75,37.19,0.42301549057115817,1.4399999999999977,-0.026581146983018212,0.0,30.372000000000003,0.03488326397089551,-0.011223999833472921,6.042999999999998,5.399999999999999,6.859999999999999,0.4160098683040052,-0.01535714714954599,20.569000000000003,20.5,20.61,0.03385728561880975,0.10999999999999943,0.0016460345966653577,-0.003404092519565378,0.05000000000000071,0.07325137678926612,0.9983566703807417,0.0032738587194321555,0.00023981465861194908,0.003908794788273615,0.2937916281783265,-1.5948688189810927,-0.9214288289727594,0.07313100063213687,11.936430000000001
214,S071,70,1788718137179,1788718147179,2336.895,2026-09-06T18:08:57.179000+00:00,20,21,20,12,10,10,0.06702500000000002,0.005302519262229585,0.0672239652207455,0.0585,0.0804,0.021899999999999996,0.0669,0.06367500000000001,0.06975,0.8394768603963527,1.1960020468293997,2.7262000000000004,0.5096690980172176,2.132,4.019,1.887,2.22085,0.3056820286369138,1.791,2.97,1.1790000000000003,0.108545,0.005703505385656308,0.097,0.1175,0.02049999999999999,-1.0510499999999998,0.003082633870401629,-1.0572,-1.0472,0.010000000000000009,-0.16249,0.0038800298425330933,-0.1693,-0.1545,0.014800000000000008,1.07088,0.0031572139617073933,1.0666,1.0766,0.010000000000000009,-0.0005552846133258514,36.46333333333333,35.75,37.37,0.45857751071474634,1.6199999999999974,0.034745955091147196,-0.29999999999999716,30.350952380952386,0.02718543027151973,-0.007213855365007343,6.112380952380952,5.399999999999999,7.019999999999996,0.45932455586333265,0.04195981045615487,20.552,20.5,20.61,0.03592389616661139,0.10999999999999943,0.0017479513510418154,-0.009248759037507496,-0.00999999999999801,0.0791125589291993,0.9982550986516274,0.0032612397820163497,0.0002580050244370176,0.0039120280264694435,0.29741051734045115,2.0847573054688318,2.5175886273692925,0.07897451531845054,11.936430000000001
215,S071,70,1788718139679,1788718149679,2339.395,2026-09-06T18:08:59.679000+00:00,20,20,20,12,10,10,0.0675,0.006113918547053108,0.06776253389595167,0.0585,0.0818,0.023299999999999994,0.0669,0.0639,0.06975,0.9400802946046336,1.2071567472019662,2.77475,0.4964792755519928,2.132,4.019,1.887,2.2005500000000007,0.2907591651268506,1.791,2.97,1.1790000000000003,0.10786500000000002,0.005926770221896398,0.097,0.1176,0.020599999999999993,-1.051205,0.0029918265851799396,-1.0572,-1.0472,0.010000000000000009,-0.162845,0.003979086777006426,-0.1693,-0.1545,0.014800000000000008,1.07103,0.0030302162507510745,1.0666,1.0766,0.010000000000000009,-0.00014084604563271045,36.456999999999994,35.75,37.37,0.4612694155092123,1.6199999999999974,0.0690293996689482,0.5399999999999991,30.343000000000007,0.018666040089735762,-0.00413317970824473,6.114,5.399999999999999,7.019999999999996,0.46512477103630906,0.07316257937719241,20.551000000000005,20.5,20.6,0.03432047110460651,0.10000000000000142,0.0016700146515793149,-0.002762045533969311,0.030000000000001137,0.09057657106745344,0.9983327696475368,0.003284511702593547,0.00029749980765184694,0.0039803415892170685,0.2975037711060288,4.141763980136892,4.3897547626315445,0.09042555905894774,11.936430000000001
216,S071,70,1788718142179,1788718152179,2341.895,2026-09-06T18:09:02.179000+00:00,20,20,20,11,8,10,0.0658,0.006428227225538771,0.0660976247682169,0.0554,0.0818,0.0264,0.06495000000000001,0.061975,0.0697,1.0427479646857432,1.2375633812386795,2.76705,0.5187893269810719,2.132,4.236,2.1039999999999996,2.1896499999999994,0.2893928808275771,1.757,2.827,1.07,0.10856500000000002,0.006323329819011498,0.0946,0.1176,0.022999999999999993,-1.051225,0.00261853213199985,-1.0561,-1.0475,0.008599999999999941,-0.162565,0.00264958288673599,-0.1671,-0.1558,0.011300000000000004,1.0709899999999999,0.0028980755865337963,1.0661,1.0766,0.010499999999999954,-6.997527479712817e-05,36.674,35.85,37.37,0.3894179191941139,1.519999999999996,0.014648018749910069,-0.9600000000000009,30.337000000000007,0.01490319640741313,0.0018696933793744934,6.337000000000001,5.520000000000003,7.020000000000003,0.3890758280849629,0.012778325370535075,20.535000000000004,20.48,20.6,0.05000000000000051,0.120000000000001,0.002434867299732189,-0.0035060564504186607,-0.07000000000000028,0.09769342288052843,0.9975710468787953,0.003204285366447528,0.00031303760533424736,0.00398344290236182,0.30859508156805454,0.8788811249946041,0.7666995222321045,0.0974561301361016,11.975171999999999
217,S071,70,1788718144679,1788718154679,2344.395,2026-09-06T18:09:04.679000+00:00,20,20,20,11,8,10,0.065905,0.006167442103924702,0.06617858037159757,0.0554,0.0818,0.0264,0.06495000000000001,0.0621,0.068575,1.6329136100640032,1.2360494821842205,2.816,0.5142603272764935,2.132,4.236,2.1039999999999996,2.2060500000000003,0.2920860498659869,1.757,2.827,1.07,0.11003,0.007156675205708302,0.0946,0.12,0.025399999999999992,-1.051365,0.0025688979820353377,-1.0561,-1.0475,0.008599999999999941,-0.16222000000000003,0.0029502185467663606,-0.1661,-0.1558,0.010300000000000004,1.0712349999999997,0.0029342397921599474,1.0661,1.0766,0.010499999999999954,-0.0003085537189417984,36.678000000000004,36.23,37.37,0.3401795191706255,1.1400000000000006,-0.009227155804425631,-0.35999999999999943,30.338000000000005,0.013611140947575715,0.0005510743756836606,6.340000000000002,5.8799999999999955,7.020000000000003,0.34157529800986247,-0.009778230180109086,20.535999999999998,20.48,20.6,0.05413433583031653,0.120000000000001,0.002636070112500805,0.000832102357147614,0.0799999999999983,0.09358079210871256,0.9973708604836,0.0032092423061940013,0.0003003234370824261,0.003983248928710557,0.30872613946240757,-0.5536293482655379,-0.5866938108065451,0.09333475515020354,11.975171999999999
218,S074,73,1788718165703,1788718175703,2365.419,2026-09-06T18:09:25.703000+00:00,20,16,20,11,7,13,0.06352000000000001,0.004123692775324461,0.06364703449493936,0.0583,0.0737,0.015400000000000004,0.0624,0.06105,0.066,1.3076904523547883,1.1579486866094282,2.71535,0.32761213829450025,2.09,3.321,1.2310000000000003,2.1347499999999995,0.21681203962491516,1.822,2.653,0.831,0.110595,0.005757784204654461,0.097,0.1209,0.02389999999999999,-1.051455,0.002591377402484112,-1.0595,-1.0485,0.01100000000000012,-0.162525,0.002694804943629598,-0.1687,-0.1583,0.010399999999999993,1.0713,0.0028626450779139895,1.0674,1.0794,0.01200000000000001,0.000354460563651645,36.58625000000001,36.07,37.43,0.3967345880224379,1.3599999999999994,0.03149232125796155,-0.480000000000004,30.299999999999997,0.0178885438199986,-0.0006194291352435274,6.286250000000001,5.780000000000001,7.079999999999998,0.3886193510364608,0.03211175039320517,20.523999999999994,20.46,20.56,0.04197743754873393,0.09999999999999787,0.002045285399957803,-0.00530781853202959,-0.09999999999999787,0.06491959658886115,0.9979588892540506,0.003094913272266616,0.0002009205211130609,0.0035909179497174053,0.3062877606704347,1.8895392754776932,1.9267050235923102,0.06478708850264092,8.810613
219,S074,73,1788718168203,1788718178203,2367.919,2026-09-06T18:09:28.203000+00:00,20,20,20,10,8,11,0.06454499999999999,0.004968688802999503,0.06472642814183399,0.0583,0.0752,0.016900000000000005,0.0625,0.06105,0.06675,-0.1537058675981533,1.1618129125743728,2.7352500000000006,0.31557814529760086,2.241,3.389,1.1479999999999997,2.1248499999999995,0.19247481721814388,1.822,2.653,0.831,0.11285500000000001,0.004652726987590464,0.1048,0.1209,0.01609999999999999,-1.052345,0.002877037035782332,-1.0595,-1.0485,0.01100000000000012,-0.16125499999999998,0.0033317412864746843,-0.1687,-0.1553,0.013399999999999995,1.072295,0.00305450056215587,1.0681,1.0794,0.011299999999999866,0.0007355454094828869,36.669,36.07,37.61,0.4189950382823921,1.5399999999999991,0.030562175407727096,0.4200000000000017,30.297000000000004,0.018666040089734725,0.00141374428893903,6.372000000000001,5.780000000000001,7.32,0.4162691437039261,0.029148431118787847,20.532000000000004,20.46,20.61,0.061353162317159544,0.14999999999999858,0.0029881727214669555,0.006491899678690326,0.120000000000001,0.07698022779455424,0.9970207298523183,0.0031436294564582104,0.00024199731165982377,0.003662575491915059,0.3103448275862069,1.8337305244636257,1.7489058671272708,0.07675088289992418,8.991017
220,S074,73,1788718170703,1788718180703,2370.419,2026-09-06T18:09:30.703000+00:00,20,20,20,10,8,10,0.06550500000000001,0.004756212004482029,0.06566883202859632,0.0583,0.0752,0.016900000000000005,0.06570000000000001,0.062,0.06775,-0.4329197739818098,1.1451399039235723,2.78735,0.3689874159885331,2.179,3.418,1.2390000000000003,2.1857499999999996,0.22087216474217553,1.822,2.653,0.831,0.111675,0.0053617431376077876,0.1004,0.1209,0.02049999999999999,-1.052295,0.0028845276909747336,-1.0595,-1.0485,0.01100000000000012,-0.16059,0.0027121364660588703,-0.1662,-0.1553,0.010899999999999993,1.0720850000000002,0.0030974140317707745,1.0678,1.0794,0.011599999999999833,0.0003157212338737288,36.708000000000006,36.21,37.61,0.38579514607734816,1.3999999999999986,0.00021743985234854902,1.0,30.301,0.02100125309544521,0.0016195650706907728,6.407000000000002,5.899999999999999,7.32,0.3876121229976391,-0.0014021252183422932,20.5495,20.46,20.61,0.06303507795371953,0.14999999999999858,0.0030674750214710594,0.008912210748418936,0.030000000000001137,0.07260838110803798,0.9969419056066938,0.003187668799727488,0.00023145147105681544,0.0036594564344631262,0.3117837416968784,0.01304639114091294,-0.0841275131005376,0.07238633782486445,9.067954
221,S074,73,1788718173203,1788718183203,2372.919,2026-09-06T18:09:33.203000+00:00,20,20,20,9,7,11,0.06584999999999999,0.004462534092454174,0.06599349210338849,0.0593,0.0752,0.015900000000000004,0.06570000000000001,0.062375,0.06775,-0.2142860775166362,1.1395062998361742,2.82795,0.4592408466841314,2.179,4.135,1.956,2.2135999999999996,0.2643451491795089,1.845,2.905,1.0599999999999998,0.109455,0.006798720854922482,0.0949,0.1209,0.025999999999999995,-1.0522,0.002936521393543201,-1.0595,-1.0471,0.012400000000000189,-0.1608,0.0029445757446174606,-0.1669,-0.1553,0.0116,1.071825,0.003400290235290296,1.0647,1.0794,0.014699999999999935,-0.0001344245157869404,36.730000000000004,36.15,37.61,0.4089524486577361,1.4600000000000009,-0.00892869720220584,0.8800000000000026,30.30299999999999,0.020799797569865136,0.0011665605298040492,6.427000000000001,5.84,7.32,0.4102515274675694,-0.010095257732009746,20.553999999999995,20.46,20.61,0.06475866127805793,0.14999999999999858,0.003150659787781354,0.014422103143073298,0.0,0.06776817148753493,0.9968592356920267,0.00320375595991048,0.0002171126832954255,0.0036586552495864563,0.31268852778048084,-0.5357218321323504,-0.6057154639205847,0.06755532763331026,12.012175
222,S074,73,1788718175703,1788718185703,2375.419,2026-09-06T18:09:35.703000+00:00,20,20,20,9,6,11,0.06602000000000001,0.004487479658361756,0.06616472625198415,0.0593,0.0752,0.015900000000000004,0.06570000000000001,0.062375,0.069425,-0.6862378087429613,1.1365572603384708,2.79465,0.4711711360786908,2.179,4.135,1.956,2.2002,0.26912794844010335,1.845,2.905,1.0599999999999998,0.10690999999999999,0.006251643994308933,0.0949,0.1198,0.024900000000000005,-1.0518,0.0023206169778519424,-1.0564,-1.0471,0.009300000000000086,-0.16133999999999998,0.003012325557299195,-0.1669,-0.1553,0.0116,1.071265,0.0028479494007924012,1.0647,1.0761,0.011400000000000077,0.00019805740788052421,36.74900000000001,36.15,37.61,0.3876229855766668,1.4600000000000009,5.24856893561888e-05,-0.21999999999999886,30.300999999999995,0.01774082416645996,0.0005515256816103086,6.448000000000002,5.84,7.32,0.39514953864927793,-0.0004990399922541882,20.569,20.46,20.61,0.05066920584588426,0.14999999999999858,0.0024633772106511867,0.004348541281568926,0.09999999999999787,0.06797151860590359,0.9975426761050308,0.003209684476639604,0.00021816712812298877,0.003655987165151442,0.3134814526714961,0.003149141361371328,-0.02994239953525129,0.06780449056905595,12.012175
223,S076,75,1788718203734,1788718213734,2403.45,2026-09-06T18:10:03.734000+00:00,18,20,20,13,6,13,0.06628888888888888,0.003798279624326671,0.06639158246511542,0.0602,0.0735,0.0133,0.0656,0.06384999999999999,0.0685,-0.3742117454994851,1.1070680539753606,2.736666666666667,0.36318363528823333,2.246,3.534,1.2879999999999998,2.189666666666666,0.22587477009331053,1.758,2.596,0.8380000000000001,0.10894999999999999,0.0070878728245130475,0.0932,0.1209,0.02769999999999999,-1.0509888888888888,0.0027342896461934924,-1.0554,-1.0453,0.010099999999999998,-0.1617666666666667,0.0032434549480453746,-0.1695,-0.1542,0.015300000000000008,1.0707111111111112,0.002985827087875788,1.0653,1.0763,0.01100000000000012,0.0003694869781173639,36.803,36.23,37.67,0.3873948074537205,1.4400000000000048,-0.0044632645607000495,0.3400000000000034,30.30899999999999,0.013726654823065459,-0.0020274814306958195,6.4940000000000015,5.939999999999998,7.360000000000003,0.38852487558375,-0.0024357831300035864,20.523999999999997,20.5,20.56,0.02741494022186476,0.05999999999999872,0.0013357503518741359,0.002407322840136024,0.05999999999999872,0.057298888063929,0.9986660314970232,0.003229823079754867,0.00018506527111316855,0.003581173260572988,0.3164100565191972,-0.26779587364200297,-0.14614698780021518,0.057222453151996124,9.174263999999999
224,S076,75,1788718206234,1788718216234,2405.95,2026-09-06T18:10:06.234000+00:00,20,20,20,12,6,12,0.065805,0.00531358487374826,0.06600848809054788,0.0572,0.0757,0.018500000000000003,0.0651,0.062625,0.069225,-0.7199360235875805,1.1468222071100567,2.83425,0.4385031806882183,2.145,3.808,1.6629999999999998,2.1929000000000003,0.21931613807709782,1.803,2.596,0.7930000000000001,0.108555,0.007140873822395155,0.0932,0.1209,0.02769999999999999,-1.05122,0.0030605469067506424,-1.0585,-1.0453,0.0132000000000001,-0.16188999999999998,0.0028497275954766396,-0.1695,-0.1579,0.0116,1.0709,0.003380283388929642,1.0653,1.0791,0.013800000000000034,0.00015872807583373587,36.767999999999994,36.15,37.55,0.42825963595635963,1.3999999999999986,0.007318060698106232,0.8999999999999986,30.30399999999999,0.013138933706635447,0.00015865466401908257,6.464000000000001,5.859999999999999,7.259999999999998,0.4283923435356892,0.00715940603408656,20.515499999999996,20.46,20.56,0.041227864874441536,0.09999999999999787,0.0020095959091633907,-0.005956176699702676,-0.08999999999999986,0.0807474336866235,0.9979944344671269,0.0032075747605469045,0.0002590034302721484,0.003689893007725867,0.31507884282615595,0.43908364188637394,0.4295643620451936,0.08058548941675366,9.885568
