fault_class,severity,source_window_id,segment_id,anomaly_score,health_score,status,driver_detector,flagged_watch,flagged_warning
NORMAL,0.0,0,S001,37.06,62.94,WATCH,temperature,True,False
BELT_SLIP,0.15,0,S001,63.87,36.13,WARNING,rpm,True,True
BELT_SLIP,0.15,0,S001,64.97,35.03,WARNING,rpm,True,True
BELT_SLIP,0.3,0,S001,66.66,33.34,WARNING,rpm,True,True
BELT_SLIP,0.3,0,S001,79.25,20.75,WARNING,rpm,True,True
BELT_SLIP,0.5,0,S001,75.92,24.08,WARNING,rpm,True,True
BELT_SLIP,0.5,0,S001,81.74,18.26,WARNING,rpm,True,True
BELT_SLIP,0.75,0,S001,80.58,19.42,WARNING,rpm,True,True
BELT_SLIP,0.75,0,S001,74.26,25.74,WARNING,rpm,True,True
BELT_SLIP,1.0,0,S001,88.2,11.8,WARNING,vibration,True,True
BELT_SLIP,1.0,0,S001,87.81,12.19,WARNING,joint,True,True
HIGH_VIBRATION,0.15,0,S001,37.06,62.94,WATCH,temperature,True,False
HIGH_VIBRATION,0.15,0,S001,37.06,62.94,WATCH,temperature,True,False
HIGH_VIBRATION,0.3,0,S001,73.3,26.7,WARNING,vibration,True,True
HIGH_VIBRATION,0.3,0,S001,70.39,29.61,WARNING,vibration,True,True
HIGH_VIBRATION,0.5,0,S001,93.59,6.41,CRITICAL,vibration,True,True
HIGH_VIBRATION,0.5,0,S001,93.15,6.85,CRITICAL,vibration,True,True
HIGH_VIBRATION,0.75,0,S001,97.08,2.92,CRITICAL,vibration,True,True
HIGH_VIBRATION,0.75,0,S001,96.91,3.09,CRITICAL,vibration,True,True
HIGH_VIBRATION,1.0,0,S001,97.9,2.1,CRITICAL,vibration,True,True
HIGH_VIBRATION,1.0,0,S001,97.53,2.47,CRITICAL,vibration,True,True
OVERHEATING,0.15,0,S001,24.92,75.08,NORMAL,vibration,False,False
OVERHEATING,0.15,0,S001,24.92,75.08,NORMAL,vibration,False,False
OVERHEATING,0.3,0,S001,24.92,75.08,NORMAL,vibration,False,False
OVERHEATING,0.3,0,S001,24.92,75.08,NORMAL,vibration,False,False
OVERHEATING,0.5,0,S001,24.92,75.08,NORMAL,vibration,False,False
OVERHEATING,0.5,0,S001,24.92,75.08,NORMAL,vibration,False,False
OVERHEATING,0.75,0,S001,33.54,66.46,NORMAL,temperature,False,False
OVERHEATING,0.75,0,S001,32.7,67.3,NORMAL,temperature,False,False
OVERHEATING,1.0,0,S001,48.92,51.08,WATCH,temperature,True,False
OVERHEATING,1.0,0,S001,50.47,49.53,WATCH,temperature,True,False
RPM_INSTABILITY,0.15,0,S001,69.24,30.76,WARNING,rpm,True,True
RPM_INSTABILITY,0.15,0,S001,71.93,28.07,WARNING,rpm,True,True
RPM_INSTABILITY,0.3,0,S001,80.05,19.95,WARNING,rpm,True,True
RPM_INSTABILITY,0.3,0,S001,71.33,28.67,WARNING,rpm,True,True
RPM_INSTABILITY,0.5,0,S001,72.44,27.56,WARNING,rpm,True,True
RPM_INSTABILITY,0.5,0,S001,75.47,24.53,WARNING,rpm,True,True
RPM_INSTABILITY,0.75,0,S001,75.6,24.4,WARNING,rpm,True,True
RPM_INSTABILITY,0.75,0,S001,80.05,19.95,WARNING,rpm,True,True
RPM_INSTABILITY,1.0,0,S001,75.42,24.58,WARNING,rpm,True,True
RPM_INSTABILITY,1.0,0,S001,80.02,19.98,WARNING,rpm,True,True
COMBINED_FAULT,0.15,0,S001,16.06,83.94,NORMAL,temperature,False,False
COMBINED_FAULT,0.15,0,S001,15.99,84.01,NORMAL,temperature,False,False
COMBINED_FAULT,0.3,0,S001,66.03,33.97,WARNING,rpm,True,True
COMBINED_FAULT,0.3,0,S001,65.32,34.68,WARNING,rpm,True,True
COMBINED_FAULT,0.5,0,S001,82.91,17.09,WARNING,vibration,True,True
COMBINED_FAULT,0.5,0,S001,71.64,28.36,WARNING,rpm,True,True
COMBINED_FAULT,0.75,0,S001,82.6,17.4,WARNING,joint,True,True
COMBINED_FAULT,0.75,0,S001,93.7,6.3,CRITICAL,vibration,True,True
COMBINED_FAULT,1.0,0,S001,85.31,14.69,WARNING,joint,True,True
COMBINED_FAULT,1.0,0,S001,91.46,8.54,WARNING,vibration,True,True
NORMAL,0.0,1,S001,29.7,70.3,NORMAL,temperature,False,False
BELT_SLIP,0.15,1,S001,68.51,31.49,WARNING,rpm,True,True
BELT_SLIP,0.15,1,S001,62.63,37.37,WARNING,rpm,True,True
BELT_SLIP,0.3,1,S001,68.14,31.86,WARNING,rpm,True,True
BELT_SLIP,0.3,1,S001,68.66,31.34,WARNING,rpm,True,True
BELT_SLIP,0.5,1,S001,77.15,22.85,WARNING,vibration,True,True
BELT_SLIP,0.5,1,S001,78.59,21.41,WARNING,vibration,True,True
BELT_SLIP,0.75,1,S001,84.5,15.5,WARNING,vibration,True,True
BELT_SLIP,0.75,1,S001,85.18,14.82,WARNING,vibration,True,True
BELT_SLIP,1.0,1,S001,91.28,8.72,WARNING,vibration,True,True
BELT_SLIP,1.0,1,S001,89.72,10.28,WARNING,vibration,True,True
HIGH_VIBRATION,0.15,1,S001,51.18,48.82,WATCH,vibration,True,False
HIGH_VIBRATION,0.15,1,S001,53.17,46.83,WATCH,vibration,True,False
HIGH_VIBRATION,0.3,1,S001,64.19,35.81,WARNING,vibration,True,True
HIGH_VIBRATION,0.3,1,S001,63.0,37.0,WARNING,vibration,True,True
HIGH_VIBRATION,0.5,1,S001,89.2,10.8,WARNING,vibration,True,True
HIGH_VIBRATION,0.5,1,S001,89.19,10.81,WARNING,vibration,True,True
HIGH_VIBRATION,0.75,1,S001,94.97,5.03,CRITICAL,vibration,True,True
HIGH_VIBRATION,0.75,1,S001,95.85,4.15,CRITICAL,vibration,True,True
HIGH_VIBRATION,1.0,1,S001,97.67,2.33,CRITICAL,vibration,True,True
HIGH_VIBRATION,1.0,1,S001,97.3,2.7,CRITICAL,vibration,True,True
OVERHEATING,0.15,1,S001,28.71,71.29,NORMAL,vibration,False,False
OVERHEATING,0.15,1,S001,28.71,71.29,NORMAL,vibration,False,False
OVERHEATING,0.3,1,S001,28.71,71.29,NORMAL,vibration,False,False
OVERHEATING,0.3,1,S001,28.71,71.29,NORMAL,vibration,False,False
OVERHEATING,0.5,1,S001,28.71,71.29,NORMAL,vibration,False,False
OVERHEATING,0.5,1,S001,28.71,71.29,NORMAL,vibration,False,False
OVERHEATING,0.75,1,S001,38.03,61.97,WATCH,temperature,True,False
OVERHEATING,0.75,1,S001,36.28,63.72,WATCH,temperature,True,False
OVERHEATING,1.0,1,S001,51.18,48.82,WATCH,temperature,True,False
OVERHEATING,1.0,1,S001,50.68,49.32,WATCH,temperature,True,False
RPM_INSTABILITY,0.15,1,S001,71.02,28.98,WARNING,rpm,True,True
RPM_INSTABILITY,0.15,1,S001,74.96,25.04,WARNING,rpm,True,True
RPM_INSTABILITY,0.3,1,S001,74.6,25.4,WARNING,rpm,True,True
RPM_INSTABILITY,0.3,1,S001,72.71,27.29,WARNING,rpm,True,True
RPM_INSTABILITY,0.5,1,S001,75.96,24.04,WARNING,rpm,True,True
RPM_INSTABILITY,0.5,1,S001,80.81,19.19,WARNING,rpm,True,True
RPM_INSTABILITY,0.75,1,S001,80.54,19.46,WARNING,rpm,True,True
RPM_INSTABILITY,0.75,1,S001,75.37,24.63,WARNING,rpm,True,True
RPM_INSTABILITY,1.0,1,S001,77.17,22.83,WARNING,joint,True,True
RPM_INSTABILITY,1.0,1,S001,74.92,25.08,WARNING,rpm,True,True
COMBINED_FAULT,0.15,1,S001,42.06,57.94,WATCH,vibration,True,False
COMBINED_FAULT,0.15,1,S001,72.56,27.44,WARNING,rpm,True,True
COMBINED_FAULT,0.3,1,S001,86.64,13.36,WARNING,joint,True,True
COMBINED_FAULT,0.3,1,S001,85.22,14.78,WARNING,joint,True,True
COMBINED_FAULT,0.5,1,S001,90.26,9.74,WARNING,joint,True,True
COMBINED_FAULT,0.5,1,S001,65.73,34.27,WARNING,rpm,True,True
COMBINED_FAULT,0.75,1,S001,87.58,12.42,WARNING,joint,True,True
COMBINED_FAULT,0.75,1,S001,86.16,13.84,WARNING,vibration,True,True
COMBINED_FAULT,1.0,1,S001,92.02,7.98,CRITICAL,vibration,True,True
COMBINED_FAULT,1.0,1,S001,91.88,8.12,CRITICAL,vibration,True,True
NORMAL,0.0,2,S001,39.29,60.71,WATCH,temperature,True,False
BELT_SLIP,0.15,2,S001,60.0,40.0,WATCH,rpm,True,False
BELT_SLIP,0.15,2,S001,70.28,29.72,WARNING,rpm,True,True
BELT_SLIP,0.3,2,S001,78.94,21.06,WARNING,rpm,True,True
BELT_SLIP,0.3,2,S001,75.44,24.56,WARNING,rpm,True,True
BELT_SLIP,0.5,2,S001,79.98,20.02,WARNING,vibration,True,True
BELT_SLIP,0.5,2,S001,79.07,20.93,WARNING,vibration,True,True
BELT_SLIP,0.75,2,S001,85.88,14.12,WARNING,vibration,True,True
BELT_SLIP,0.75,2,S001,84.15,15.85,WARNING,vibration,True,True
BELT_SLIP,1.0,2,S001,92.58,7.42,CRITICAL,vibration,True,True
BELT_SLIP,1.0,2,S001,91.56,8.44,WARNING,vibration,True,True
HIGH_VIBRATION,0.15,2,S001,51.52,48.48,WATCH,vibration,True,False
HIGH_VIBRATION,0.15,2,S001,51.43,48.57,WATCH,vibration,True,False
HIGH_VIBRATION,0.3,2,S001,65.44,34.56,WARNING,vibration,True,True
HIGH_VIBRATION,0.3,2,S001,66.13,33.87,WARNING,vibration,True,True
HIGH_VIBRATION,0.5,2,S001,87.7,12.3,WARNING,vibration,True,True
HIGH_VIBRATION,0.5,2,S001,87.63,12.37,WARNING,vibration,True,True
HIGH_VIBRATION,0.75,2,S001,93.9,6.1,CRITICAL,vibration,True,True
HIGH_VIBRATION,0.75,2,S001,94.78,5.22,CRITICAL,vibration,True,True
HIGH_VIBRATION,1.0,2,S001,97.74,2.26,CRITICAL,vibration,True,True
HIGH_VIBRATION,1.0,2,S001,97.37,2.63,CRITICAL,vibration,True,True
OVERHEATING,0.15,2,S001,26.9,73.1,NORMAL,vibration,False,False
OVERHEATING,0.15,2,S001,26.9,73.1,NORMAL,vibration,False,False
OVERHEATING,0.3,2,S001,26.9,73.1,NORMAL,vibration,False,False
OVERHEATING,0.3,2,S001,26.9,73.1,NORMAL,vibration,False,False
OVERHEATING,0.5,2,S001,26.9,73.1,NORMAL,vibration,False,False
OVERHEATING,0.5,2,S001,26.9,73.1,NORMAL,vibration,False,False
OVERHEATING,0.75,2,S001,28.02,71.98,NORMAL,joint,False,False
OVERHEATING,0.75,2,S001,27.34,72.66,NORMAL,joint,False,False
OVERHEATING,1.0,2,S001,37.42,62.58,WATCH,temperature,True,False
OVERHEATING,1.0,2,S001,35.48,64.52,WATCH,temperature,True,False
RPM_INSTABILITY,0.15,2,S001,71.8,28.2,WARNING,rpm,True,True
RPM_INSTABILITY,0.15,2,S001,68.38,31.62,WARNING,rpm,True,True
RPM_INSTABILITY,0.3,2,S001,71.38,28.62,WARNING,rpm,True,True
RPM_INSTABILITY,0.3,2,S001,79.07,20.93,WARNING,rpm,True,True
RPM_INSTABILITY,0.5,2,S001,76.43,23.57,WARNING,rpm,True,True
RPM_INSTABILITY,0.5,2,S001,70.63,29.37,WARNING,rpm,True,True
RPM_INSTABILITY,0.75,2,S001,75.11,24.89,WARNING,rpm,True,True
RPM_INSTABILITY,0.75,2,S001,76.27,23.73,WARNING,rpm,True,True
RPM_INSTABILITY,1.0,2,S001,80.81,19.19,WARNING,joint,True,True
RPM_INSTABILITY,1.0,2,S001,76.75,23.25,WARNING,joint,True,True
COMBINED_FAULT,0.15,2,S001,57.19,42.81,WATCH,joint,True,False
COMBINED_FAULT,0.15,2,S001,42.55,57.45,WATCH,rpm,True,False
COMBINED_FAULT,0.3,2,S001,57.24,42.76,WATCH,vibration,True,False
COMBINED_FAULT,0.3,2,S001,72.37,27.63,WARNING,rpm,True,True
COMBINED_FAULT,0.5,2,S001,79.4,20.6,WARNING,vibration,True,True
COMBINED_FAULT,0.5,2,S001,91.33,8.67,WARNING,joint,True,True
COMBINED_FAULT,0.75,2,S001,91.98,8.02,CRITICAL,vibration,True,True
COMBINED_FAULT,0.75,2,S001,82.63,17.37,WARNING,joint,True,True
COMBINED_FAULT,1.0,2,S001,98.56,1.44,CRITICAL,vibration,True,True
COMBINED_FAULT,1.0,2,S001,89.39,10.61,WARNING,joint,True,True
NORMAL,0.0,3,S001,37.61,62.39,WATCH,temperature,True,False
BELT_SLIP,0.15,3,S001,77.84,22.16,WARNING,rpm,True,True
BELT_SLIP,0.15,3,S001,57.7,42.3,WATCH,rpm,True,False
BELT_SLIP,0.3,3,S001,78.94,21.06,WARNING,rpm,True,True
BELT_SLIP,0.3,3,S001,78.94,21.06,WARNING,rpm,True,True
BELT_SLIP,0.5,3,S001,72.26,27.74,WARNING,joint,True,True
BELT_SLIP,0.5,3,S001,78.57,21.43,WARNING,rpm,True,True
BELT_SLIP,0.75,3,S001,85.42,14.58,WARNING,joint,True,True
BELT_SLIP,0.75,3,S001,81.06,18.94,WARNING,joint,True,True
BELT_SLIP,1.0,3,S001,90.71,9.29,WARNING,vibration,True,True
BELT_SLIP,1.0,3,S001,88.01,11.99,WARNING,vibration,True,True
HIGH_VIBRATION,0.15,3,S001,53.83,46.17,WATCH,joint,True,False
HIGH_VIBRATION,0.15,3,S001,54.67,45.33,WATCH,joint,True,False
HIGH_VIBRATION,0.3,3,S001,71.53,28.47,WARNING,joint,True,True
HIGH_VIBRATION,0.3,3,S001,72.01,27.99,WARNING,joint,True,True
HIGH_VIBRATION,0.5,3,S001,92.03,7.97,CRITICAL,vibration,True,True
HIGH_VIBRATION,0.5,3,S001,91.29,8.71,WARNING,vibration,True,True
HIGH_VIBRATION,0.75,3,S001,95.61,4.39,CRITICAL,vibration,True,True
HIGH_VIBRATION,0.75,3,S001,95.83,4.17,CRITICAL,vibration,True,True
HIGH_VIBRATION,1.0,3,S001,97.48,2.52,CRITICAL,vibration,True,True
HIGH_VIBRATION,1.0,3,S001,97.61,2.39,CRITICAL,vibration,True,True
OVERHEATING,0.15,3,S001,30.66,69.34,NORMAL,rpm,False,False
OVERHEATING,0.15,3,S001,30.66,69.34,NORMAL,rpm,False,False
OVERHEATING,0.3,3,S001,30.66,69.34,NORMAL,rpm,False,False
OVERHEATING,0.3,3,S001,30.66,69.34,NORMAL,rpm,False,False
OVERHEATING,0.5,3,S001,30.66,69.34,NORMAL,rpm,False,False
OVERHEATING,0.5,3,S001,30.66,69.34,NORMAL,rpm,False,False
OVERHEATING,0.75,3,S001,39.56,60.44,WATCH,joint,True,False
OVERHEATING,0.75,3,S001,39.56,60.44,WATCH,joint,True,False
OVERHEATING,1.0,3,S001,49.11,50.89,WATCH,temperature,True,False
OVERHEATING,1.0,3,S001,47.94,52.06,WATCH,temperature,True,False
RPM_INSTABILITY,0.15,3,S001,73.56,26.44,WARNING,rpm,True,True
RPM_INSTABILITY,0.15,3,S001,75.92,24.08,WARNING,rpm,True,True
RPM_INSTABILITY,0.3,3,S001,78.62,21.38,WARNING,rpm,True,True
RPM_INSTABILITY,0.3,3,S001,68.13,31.87,WARNING,rpm,True,True
RPM_INSTABILITY,0.5,3,S001,78.87,21.13,WARNING,rpm,True,True
RPM_INSTABILITY,0.5,3,S001,82.71,17.29,WARNING,rpm,True,True
RPM_INSTABILITY,0.75,3,S001,78.87,21.13,WARNING,rpm,True,True
RPM_INSTABILITY,0.75,3,S001,74.51,25.49,WARNING,rpm,True,True
RPM_INSTABILITY,1.0,3,S001,78.87,21.13,WARNING,rpm,True,True
RPM_INSTABILITY,1.0,3,S001,79.65,20.35,WARNING,joint,True,True
COMBINED_FAULT,0.15,3,S001,37.97,62.03,WATCH,joint,True,False
COMBINED_FAULT,0.15,3,S001,72.04,27.96,WARNING,rpm,True,True
COMBINED_FAULT,0.3,3,S001,55.27,44.73,WATCH,vibration,True,False
COMBINED_FAULT,0.3,3,S001,51.1,48.9,WATCH,vibration,True,False
COMBINED_FAULT,0.5,3,S001,74.88,25.12,WARNING,rpm,True,True
COMBINED_FAULT,0.5,3,S001,74.62,25.38,WARNING,vibration,True,True
COMBINED_FAULT,0.75,3,S001,96.53,3.47,CRITICAL,joint,True,True
COMBINED_FAULT,0.75,3,S001,97.87,2.13,CRITICAL,vibration,True,True
COMBINED_FAULT,1.0,3,S001,98.35,1.65,CRITICAL,vibration,True,True
COMBINED_FAULT,1.0,3,S001,94.19,5.81,CRITICAL,vibration,True,True
NORMAL,0.0,4,S001,41.83,58.17,WATCH,joint,True,False
BELT_SLIP,0.15,4,S001,59.04,40.96,WATCH,rpm,True,False
BELT_SLIP,0.15,4,S001,70.92,29.08,WARNING,rpm,True,True
BELT_SLIP,0.3,4,S001,78.94,21.06,WARNING,rpm,True,True
BELT_SLIP,0.3,4,S001,74.87,25.13,WARNING,rpm,True,True
BELT_SLIP,0.5,4,S001,81.45,18.55,WARNING,vibration,True,True
BELT_SLIP,0.5,4,S001,82.73,17.27,WARNING,joint,True,True
BELT_SLIP,0.75,4,S001,86.93,13.07,WARNING,vibration,True,True
BELT_SLIP,0.75,4,S001,87.89,12.11,WARNING,vibration,True,True
BELT_SLIP,1.0,4,S001,91.65,8.35,WARNING,vibration,True,True
BELT_SLIP,1.0,4,S001,91.81,8.19,CRITICAL,vibration,True,True
HIGH_VIBRATION,0.15,4,S001,65.02,34.98,WARNING,joint,True,True
HIGH_VIBRATION,0.15,4,S001,63.19,36.81,WARNING,joint,True,True
HIGH_VIBRATION,0.3,4,S001,78.14,21.86,WARNING,vibration,True,True
HIGH_VIBRATION,0.3,4,S001,76.1,23.9,WARNING,vibration,True,True
HIGH_VIBRATION,0.5,4,S001,92.62,7.38,CRITICAL,vibration,True,True
HIGH_VIBRATION,0.5,4,S001,92.06,7.94,CRITICAL,vibration,True,True
HIGH_VIBRATION,0.75,4,S001,97.24,2.76,CRITICAL,vibration,True,True
HIGH_VIBRATION,0.75,4,S001,97.11,2.89,CRITICAL,vibration,True,True
HIGH_VIBRATION,1.0,4,S001,97.69,2.31,CRITICAL,vibration,True,True
HIGH_VIBRATION,1.0,4,S001,97.88,2.12,CRITICAL,vibration,True,True
OVERHEATING,0.15,4,S001,31.6,68.4,NORMAL,joint,False,False
OVERHEATING,0.15,4,S001,31.81,68.19,NORMAL,joint,False,False
OVERHEATING,0.3,4,S001,28.22,71.78,NORMAL,joint,False,False
OVERHEATING,0.3,4,S001,27.96,72.04,NORMAL,joint,False,False
OVERHEATING,0.5,4,S001,36.7,63.3,WATCH,joint,True,False
OVERHEATING,0.5,4,S001,37.61,62.39,WATCH,joint,True,False
OVERHEATING,0.75,4,S001,48.51,51.49,WATCH,joint,True,False
OVERHEATING,0.75,4,S001,48.88,51.12,WATCH,joint,True,False
OVERHEATING,1.0,4,S001,56.64,43.36,WATCH,joint,True,False
OVERHEATING,1.0,4,S001,56.52,43.48,WATCH,joint,True,False
RPM_INSTABILITY,0.15,4,S001,68.81,31.19,WARNING,rpm,True,True
RPM_INSTABILITY,0.15,4,S001,63.85,36.15,WARNING,rpm,True,True
RPM_INSTABILITY,0.3,4,S001,80.43,19.57,WARNING,rpm,True,True
RPM_INSTABILITY,0.3,4,S001,79.37,20.63,WARNING,rpm,True,True
RPM_INSTABILITY,0.5,4,S001,82.92,17.08,WARNING,rpm,True,True
RPM_INSTABILITY,0.5,4,S001,78.05,21.95,WARNING,rpm,True,True
RPM_INSTABILITY,0.75,4,S001,78.16,21.84,WARNING,joint,True,True
RPM_INSTABILITY,0.75,4,S001,78.23,21.77,WARNING,rpm,True,True
RPM_INSTABILITY,1.0,4,S001,85.85,14.15,WARNING,joint,True,True
RPM_INSTABILITY,1.0,4,S001,85.91,14.09,WARNING,joint,True,True
COMBINED_FAULT,0.15,4,S001,45.52,54.48,WATCH,rpm,True,False
COMBINED_FAULT,0.15,4,S001,71.68,28.32,WARNING,rpm,True,True
COMBINED_FAULT,0.3,4,S001,68.33,31.67,WARNING,rpm,True,True
COMBINED_FAULT,0.3,4,S001,81.41,18.59,WARNING,rpm,True,True
COMBINED_FAULT,0.5,4,S001,83.95,16.05,WARNING,joint,True,True
COMBINED_FAULT,0.5,4,S001,94.82,5.18,CRITICAL,joint,True,True
COMBINED_FAULT,0.75,4,S001,85.71,14.29,WARNING,joint,True,True
COMBINED_FAULT,0.75,4,S001,88.62,11.38,WARNING,joint,True,True
COMBINED_FAULT,1.0,4,S001,98.4,1.6,CRITICAL,vibration,True,True
COMBINED_FAULT,1.0,4,S001,96.88,3.12,CRITICAL,vibration,True,True
NORMAL,0.0,5,S001,62.8,37.2,WARNING,temperature,True,True
BELT_SLIP,0.15,5,S001,62.65,37.35,WARNING,rpm,True,True
BELT_SLIP,0.15,5,S001,59.59,40.41,WATCH,rpm,True,False
BELT_SLIP,0.3,5,S001,75.62,24.38,WARNING,rpm,True,True
BELT_SLIP,0.3,5,S001,68.57,31.43,WARNING,rpm,True,True
BELT_SLIP,0.5,5,S001,76.28,23.72,WARNING,joint,True,True
BELT_SLIP,0.5,5,S001,76.59,23.41,WARNING,joint,True,True
BELT_SLIP,0.75,5,S001,87.5,12.5,WARNING,joint,True,True
BELT_SLIP,0.75,5,S001,86.9,13.1,WARNING,joint,True,True
BELT_SLIP,1.0,5,S001,93.68,6.32,CRITICAL,joint,True,True
BELT_SLIP,1.0,5,S001,92.79,7.21,CRITICAL,joint,True,True
HIGH_VIBRATION,0.15,5,S001,62.8,37.2,WARNING,temperature,True,True
HIGH_VIBRATION,0.15,5,S001,62.8,37.2,WARNING,temperature,True,True
HIGH_VIBRATION,0.3,5,S001,74.09,25.91,WARNING,joint,True,True
HIGH_VIBRATION,0.3,5,S001,73.95,26.05,WARNING,joint,True,True
HIGH_VIBRATION,0.5,5,S001,89.79,10.21,WARNING,vibration,True,True
HIGH_VIBRATION,0.5,5,S001,90.5,9.5,WARNING,vibration,True,True
HIGH_VIBRATION,0.75,5,S001,95.96,4.04,CRITICAL,vibration,True,True
HIGH_VIBRATION,0.75,5,S001,96.3,3.7,CRITICAL,vibration,True,True
HIGH_VIBRATION,1.0,5,S001,97.63,2.37,CRITICAL,vibration,True,True
HIGH_VIBRATION,1.0,5,S001,97.36,2.64,CRITICAL,vibration,True,True
OVERHEATING,0.15,5,S001,32.19,67.81,NORMAL,rpm,False,False
OVERHEATING,0.15,5,S001,32.19,67.81,NORMAL,rpm,False,False
OVERHEATING,0.3,5,S001,32.19,67.81,NORMAL,rpm,False,False
OVERHEATING,0.3,5,S001,32.19,67.81,NORMAL,rpm,False,False
OVERHEATING,0.5,5,S001,46.4,53.6,WATCH,temperature,True,False
OVERHEATING,0.5,5,S001,46.55,53.45,WATCH,temperature,True,False
OVERHEATING,0.75,5,S001,58.97,41.03,WATCH,temperature,True,False
OVERHEATING,0.75,5,S001,57.57,42.43,WATCH,temperature,True,False
OVERHEATING,1.0,5,S001,69.18,30.82,WARNING,temperature,True,True
OVERHEATING,1.0,5,S001,68.27,31.73,WARNING,temperature,True,True
RPM_INSTABILITY,0.15,5,S001,71.33,28.67,WARNING,rpm,True,True
RPM_INSTABILITY,0.15,5,S001,62.8,37.2,WARNING,temperature,True,True
RPM_INSTABILITY,0.3,5,S001,71.42,28.58,WARNING,rpm,True,True
RPM_INSTABILITY,0.3,5,S001,80.61,19.39,WARNING,rpm,True,True
RPM_INSTABILITY,0.5,5,S001,82.31,17.69,WARNING,rpm,True,True
RPM_INSTABILITY,0.5,5,S001,80.61,19.39,WARNING,rpm,True,True
RPM_INSTABILITY,0.75,5,S001,80.61,19.39,WARNING,rpm,True,True
RPM_INSTABILITY,0.75,5,S001,80.61,19.39,WARNING,rpm,True,True
RPM_INSTABILITY,1.0,5,S001,83.86,16.14,WARNING,joint,True,True
RPM_INSTABILITY,1.0,5,S001,84.91,15.09,WARNING,joint,True,True
COMBINED_FAULT,0.15,5,S001,67.08,32.92,WARNING,rpm,True,True
COMBINED_FAULT,0.15,5,S001,59.28,40.72,WATCH,rpm,True,False
COMBINED_FAULT,0.3,5,S001,56.3,43.7,WATCH,vibration,True,False
COMBINED_FAULT,0.3,5,S001,88.04,11.96,WARNING,joint,True,True
COMBINED_FAULT,0.5,5,S001,72.26,27.74,WARNING,rpm,True,True
COMBINED_FAULT,0.5,5,S001,95.05,4.95,CRITICAL,vibration,True,True
COMBINED_FAULT,0.75,5,S001,86.89,13.11,WARNING,joint,True,True
COMBINED_FAULT,0.75,5,S001,87.34,12.66,WARNING,joint,True,True
COMBINED_FAULT,1.0,5,S001,92.54,7.46,CRITICAL,joint,True,True
COMBINED_FAULT,1.0,5,S001,91.64,8.36,WARNING,joint,True,True
NORMAL,0.0,6,S002,42.35,57.65,WATCH,temperature,True,False
BELT_SLIP,0.15,6,S002,77.55,22.45,WARNING,rpm,True,True
BELT_SLIP,0.15,6,S002,68.92,31.08,WARNING,rpm,True,True
BELT_SLIP,0.3,6,S002,74.55,25.45,WARNING,rpm,True,True
BELT_SLIP,0.3,6,S002,78.94,21.06,WARNING,rpm,True,True
BELT_SLIP,0.5,6,S002,75.44,24.56,WARNING,rpm,True,True
BELT_SLIP,0.5,6,S002,76.95,23.05,WARNING,joint,True,True
BELT_SLIP,0.75,6,S002,87.98,12.02,WARNING,joint,True,True
BELT_SLIP,0.75,6,S002,86.82,13.18,WARNING,joint,True,True
BELT_SLIP,1.0,6,S002,91.02,8.98,WARNING,joint,True,True
BELT_SLIP,1.0,6,S002,95.73,4.27,CRITICAL,joint,True,True
HIGH_VIBRATION,0.15,6,S002,55.74,44.26,WATCH,joint,True,False
HIGH_VIBRATION,0.15,6,S002,56.69,43.31,WATCH,joint,True,False
HIGH_VIBRATION,0.3,6,S002,82.31,17.69,WARNING,joint,True,True
HIGH_VIBRATION,0.3,6,S002,82.46,17.54,WARNING,joint,True,True
HIGH_VIBRATION,0.5,6,S002,95.01,4.99,CRITICAL,vibration,True,True
HIGH_VIBRATION,0.5,6,S002,94.17,5.83,CRITICAL,vibration,True,True
HIGH_VIBRATION,0.75,6,S002,96.41,3.59,CRITICAL,vibration,True,True
HIGH_VIBRATION,0.75,6,S002,96.18,3.82,CRITICAL,vibration,True,True
HIGH_VIBRATION,1.0,6,S002,98.03,1.97,CRITICAL,vibration,True,True
HIGH_VIBRATION,1.0,6,S002,98.2,1.8,CRITICAL,vibration,True,True
OVERHEATING,0.15,6,S002,37.16,62.84,WATCH,rpm,True,False
OVERHEATING,0.15,6,S002,37.16,62.84,WATCH,rpm,True,False
OVERHEATING,0.3,6,S002,37.16,62.84,WATCH,rpm,True,False
OVERHEATING,0.3,6,S002,37.16,62.84,WATCH,rpm,True,False
OVERHEATING,0.5,6,S002,49.32,50.68,WATCH,temperature,True,False
OVERHEATING,0.5,6,S002,49.17,50.83,WATCH,temperature,True,False
OVERHEATING,0.75,6,S002,54.11,45.89,WATCH,temperature,True,False
OVERHEATING,0.75,6,S002,54.3,45.7,WATCH,temperature,True,False
OVERHEATING,1.0,6,S002,70.03,29.97,WARNING,temperature,True,True
OVERHEATING,1.0,6,S002,71.2,28.8,WARNING,temperature,True,True
RPM_INSTABILITY,0.15,6,S002,77.42,22.58,WARNING,rpm,True,True
RPM_INSTABILITY,0.15,6,S002,65.24,34.76,WARNING,rpm,True,True
RPM_INSTABILITY,0.3,6,S002,72.83,27.17,WARNING,rpm,True,True
RPM_INSTABILITY,0.3,6,S002,72.79,27.21,WARNING,rpm,True,True
RPM_INSTABILITY,0.5,6,S002,76.24,23.76,WARNING,rpm,True,True
RPM_INSTABILITY,0.5,6,S002,77.31,22.69,WARNING,rpm,True,True
RPM_INSTABILITY,0.75,6,S002,71.41,28.59,WARNING,rpm,True,True
RPM_INSTABILITY,0.75,6,S002,77.99,22.01,WARNING,rpm,True,True
RPM_INSTABILITY,1.0,6,S002,81.44,18.56,WARNING,joint,True,True
RPM_INSTABILITY,1.0,6,S002,83.05,16.95,WARNING,joint,True,True
COMBINED_FAULT,0.15,6,S002,41.91,58.09,WATCH,joint,True,False
COMBINED_FAULT,0.15,6,S002,69.8,30.2,WARNING,rpm,True,True
COMBINED_FAULT,0.3,6,S002,91.04,8.96,WARNING,joint,True,True
COMBINED_FAULT,0.3,6,S002,90.94,9.06,WARNING,joint,True,True
COMBINED_FAULT,0.5,6,S002,93.78,6.22,CRITICAL,joint,True,True
COMBINED_FAULT,0.5,6,S002,74.49,25.51,WARNING,rpm,True,True
COMBINED_FAULT,0.75,6,S002,75.98,24.02,WARNING,joint,True,True
COMBINED_FAULT,0.75,6,S002,96.96,3.04,CRITICAL,vibration,True,True
COMBINED_FAULT,1.0,6,S002,94.64,5.36,CRITICAL,joint,True,True
COMBINED_FAULT,1.0,6,S002,93.01,6.99,CRITICAL,joint,True,True
NORMAL,0.0,7,S002,51.97,48.03,WATCH,rpm,True,False
BELT_SLIP,0.15,7,S002,66.56,33.44,WARNING,rpm,True,True
BELT_SLIP,0.15,7,S002,71.66,28.34,WARNING,rpm,True,True
BELT_SLIP,0.3,7,S002,76.32,23.68,WARNING,rpm,True,True
BELT_SLIP,0.3,7,S002,70.44,29.56,WARNING,rpm,True,True
BELT_SLIP,0.5,7,S002,79.27,20.73,WARNING,joint,True,True
BELT_SLIP,0.5,7,S002,81.81,18.19,WARNING,rpm,True,True
BELT_SLIP,0.75,7,S002,85.73,14.27,WARNING,joint,True,True
BELT_SLIP,0.75,7,S002,89.23,10.77,WARNING,joint,True,True
BELT_SLIP,1.0,7,S002,92.4,7.6,CRITICAL,joint,True,True
BELT_SLIP,1.0,7,S002,93.95,6.05,CRITICAL,vibration,True,True
HIGH_VIBRATION,0.15,7,S002,60.83,39.17,WARNING,joint,True,True
HIGH_VIBRATION,0.15,7,S002,59.78,40.22,WATCH,joint,True,False
HIGH_VIBRATION,0.3,7,S002,86.18,13.82,WARNING,joint,True,True
HIGH_VIBRATION,0.3,7,S002,87.35,12.65,WARNING,joint,True,True
HIGH_VIBRATION,0.5,7,S002,93.38,6.62,CRITICAL,vibration,True,True
HIGH_VIBRATION,0.5,7,S002,94.49,5.51,CRITICAL,vibration,True,True
HIGH_VIBRATION,0.75,7,S002,96.97,3.03,CRITICAL,vibration,True,True
HIGH_VIBRATION,0.75,7,S002,97.16,2.84,CRITICAL,vibration,True,True
HIGH_VIBRATION,1.0,7,S002,97.99,2.01,CRITICAL,vibration,True,True
HIGH_VIBRATION,1.0,7,S002,98.54,1.46,CRITICAL,vibration,True,True
OVERHEATING,0.15,7,S002,51.97,48.03,WATCH,rpm,True,False
OVERHEATING,0.15,7,S002,51.97,48.03,WATCH,rpm,True,False
OVERHEATING,0.3,7,S002,51.97,48.03,WATCH,rpm,True,False
OVERHEATING,0.3,7,S002,51.97,48.03,WATCH,rpm,True,False
OVERHEATING,0.5,7,S002,51.97,48.03,WATCH,rpm,True,False
OVERHEATING,0.5,7,S002,51.97,48.03,WATCH,rpm,True,False
OVERHEATING,0.75,7,S002,51.97,48.03,WATCH,rpm,True,False
OVERHEATING,0.75,7,S002,51.97,48.03,WATCH,rpm,True,False
OVERHEATING,1.0,7,S002,68.77,31.23,WARNING,temperature,True,True
OVERHEATING,1.0,7,S002,64.88,35.12,WARNING,temperature,True,True
RPM_INSTABILITY,0.15,7,S002,75.21,24.79,WARNING,rpm,True,True
RPM_INSTABILITY,0.15,7,S002,78.76,21.24,WARNING,rpm,True,True
RPM_INSTABILITY,0.3,7,S002,77.6,22.4,WARNING,rpm,True,True
RPM_INSTABILITY,0.3,7,S002,76.89,23.11,WARNING,rpm,True,True
RPM_INSTABILITY,0.5,7,S002,81.92,18.08,WARNING,rpm,True,True
RPM_INSTABILITY,0.5,7,S002,69.77,30.23,WARNING,rpm,True,True
RPM_INSTABILITY,0.75,7,S002,76.08,23.92,WARNING,rpm,True,True
RPM_INSTABILITY,0.75,7,S002,80.01,19.99,WARNING,rpm,True,True
RPM_INSTABILITY,1.0,7,S002,82.44,17.56,WARNING,rpm,True,True
RPM_INSTABILITY,1.0,7,S002,85.66,14.34,WARNING,joint,True,True
COMBINED_FAULT,0.15,7,S002,61.87,38.13,WARNING,rpm,True,True
COMBINED_FAULT,0.15,7,S002,65.44,34.56,WARNING,rpm,True,True
COMBINED_FAULT,0.3,7,S002,89.64,10.36,WARNING,joint,True,True
COMBINED_FAULT,0.3,7,S002,68.09,31.91,WARNING,vibration,True,True
COMBINED_FAULT,0.5,7,S002,71.23,28.77,WARNING,rpm,True,True
COMBINED_FAULT,0.5,7,S002,81.81,18.19,WARNING,rpm,True,True
COMBINED_FAULT,0.75,7,S002,96.96,3.04,CRITICAL,joint,True,True
COMBINED_FAULT,0.75,7,S002,85.76,14.24,WARNING,joint,True,True
COMBINED_FAULT,1.0,7,S002,97.91,2.09,CRITICAL,vibration,True,True
COMBINED_FAULT,1.0,7,S002,98.33,1.67,CRITICAL,vibration,True,True
NORMAL,0.0,8,S002,36.0,64.0,WATCH,rpm,True,False
BELT_SLIP,0.15,8,S002,72.48,27.52,WARNING,rpm,True,True
BELT_SLIP,0.15,8,S002,65.89,34.11,WARNING,rpm,True,True
BELT_SLIP,0.3,8,S002,74.16,25.84,WARNING,rpm,True,True
BELT_SLIP,0.3,8,S002,75.66,24.34,WARNING,rpm,True,True
BELT_SLIP,0.5,8,S002,84.33,15.67,WARNING,vibration,True,True
BELT_SLIP,0.5,8,S002,83.96,16.04,WARNING,vibration,True,True
BELT_SLIP,0.75,8,S002,93.97,6.03,CRITICAL,vibration,True,True
BELT_SLIP,0.75,8,S002,94.58,5.42,CRITICAL,vibration,True,True
BELT_SLIP,1.0,8,S002,96.61,3.39,CRITICAL,vibration,True,True
BELT_SLIP,1.0,8,S002,96.28,3.72,CRITICAL,vibration,True,True
HIGH_VIBRATION,0.15,8,S002,74.42,25.58,WARNING,vibration,True,True
HIGH_VIBRATION,0.15,8,S002,74.98,25.02,WARNING,vibration,True,True
HIGH_VIBRATION,0.3,8,S002,89.72,10.28,WARNING,vibration,True,True
HIGH_VIBRATION,0.3,8,S002,89.85,10.15,WARNING,vibration,True,True
HIGH_VIBRATION,0.5,8,S002,95.09,4.91,CRITICAL,vibration,True,True
HIGH_VIBRATION,0.5,8,S002,95.17,4.83,CRITICAL,vibration,True,True
HIGH_VIBRATION,0.75,8,S002,97.38,2.62,CRITICAL,vibration,True,True
HIGH_VIBRATION,0.75,8,S002,97.15,2.85,CRITICAL,vibration,True,True
HIGH_VIBRATION,1.0,8,S002,97.91,2.09,CRITICAL,vibration,True,True
HIGH_VIBRATION,1.0,8,S002,97.72,2.28,CRITICAL,vibration,True,True
OVERHEATING,0.15,8,S002,36.0,64.0,WATCH,rpm,True,False
OVERHEATING,0.15,8,S002,36.0,64.0,WATCH,rpm,True,False
OVERHEATING,0.3,8,S002,36.0,64.0,WATCH,rpm,True,False
OVERHEATING,0.3,8,S002,36.0,64.0,WATCH,rpm,True,False
OVERHEATING,0.5,8,S002,36.0,64.0,WATCH,rpm,True,False
OVERHEATING,0.5,8,S002,36.0,64.0,WATCH,rpm,True,False
OVERHEATING,0.75,8,S002,51.03,48.97,WATCH,temperature,True,False
OVERHEATING,0.75,8,S002,50.73,49.27,WATCH,temperature,True,False
OVERHEATING,1.0,8,S002,64.98,35.02,WARNING,temperature,True,True
OVERHEATING,1.0,8,S002,65.43,34.57,WARNING,temperature,True,True
RPM_INSTABILITY,0.15,8,S002,71.01,28.99,WARNING,rpm,True,True
RPM_INSTABILITY,0.15,8,S002,70.43,29.57,WARNING,rpm,True,True
RPM_INSTABILITY,0.3,8,S002,79.89,20.11,WARNING,rpm,True,True
RPM_INSTABILITY,0.3,8,S002,78.53,21.47,WARNING,rpm,True,True
RPM_INSTABILITY,0.5,8,S002,81.85,18.15,WARNING,rpm,True,True
RPM_INSTABILITY,0.5,8,S002,80.03,19.97,WARNING,rpm,True,True
RPM_INSTABILITY,0.75,8,S002,80.03,19.97,WARNING,rpm,True,True
RPM_INSTABILITY,0.75,8,S002,82.84,17.16,WARNING,joint,True,True
RPM_INSTABILITY,1.0,8,S002,88.39,11.61,WARNING,joint,True,True
RPM_INSTABILITY,1.0,8,S002,85.29,14.71,WARNING,joint,True,True
COMBINED_FAULT,0.15,8,S002,79.59,20.41,WARNING,joint,True,True
COMBINED_FAULT,0.15,8,S002,79.93,20.07,WARNING,joint,True,True
COMBINED_FAULT,0.3,8,S002,71.55,28.45,WARNING,rpm,True,True
COMBINED_FAULT,0.3,8,S002,84.86,15.14,WARNING,vibration,True,True
COMBINED_FAULT,0.5,8,S002,89.61,10.39,WARNING,vibration,True,True
COMBINED_FAULT,0.5,8,S002,95.34,4.66,CRITICAL,joint,True,True
COMBINED_FAULT,0.75,8,S002,81.87,18.13,WARNING,rpm,True,True
COMBINED_FAULT,0.75,8,S002,95.57,4.43,CRITICAL,vibration,True,True
COMBINED_FAULT,1.0,8,S002,98.29,1.71,CRITICAL,vibration,True,True
COMBINED_FAULT,1.0,8,S002,96.59,3.41,CRITICAL,joint,True,True
NORMAL,0.0,9,S002,24.08,75.92,NORMAL,temperature,False,False
BELT_SLIP,0.15,9,S002,75.54,24.46,WARNING,rpm,True,True
BELT_SLIP,0.15,9,S002,71.49,28.51,WARNING,rpm,True,True
BELT_SLIP,0.3,9,S002,73.68,26.32,WARNING,rpm,True,True
BELT_SLIP,0.3,9,S002,74.94,25.06,WARNING,rpm,True,True
BELT_SLIP,0.5,9,S002,85.37,14.63,WARNING,vibration,True,True
BELT_SLIP,0.5,9,S002,85.58,14.42,WARNING,vibration,True,True
BELT_SLIP,0.75,9,S002,95.17,4.83,CRITICAL,vibration,True,True
BELT_SLIP,0.75,9,S002,95.03,4.97,CRITICAL,vibration,True,True
BELT_SLIP,1.0,9,S002,96.56,3.44,CRITICAL,vibration,True,True
BELT_SLIP,1.0,9,S002,97.08,2.92,CRITICAL,vibration,True,True
HIGH_VIBRATION,0.15,9,S002,80.17,19.83,WARNING,vibration,True,True
HIGH_VIBRATION,0.15,9,S002,80.55,19.45,WARNING,vibration,True,True
HIGH_VIBRATION,0.3,9,S002,91.68,8.32,WARNING,vibration,True,True
HIGH_VIBRATION,0.3,9,S002,91.64,8.36,WARNING,vibration,True,True
HIGH_VIBRATION,0.5,9,S002,95.92,4.08,CRITICAL,vibration,True,True
HIGH_VIBRATION,0.5,9,S002,96.09,3.91,CRITICAL,vibration,True,True
HIGH_VIBRATION,0.75,9,S002,97.9,2.1,CRITICAL,vibration,True,True
HIGH_VIBRATION,0.75,9,S002,97.97,2.03,CRITICAL,vibration,True,True
HIGH_VIBRATION,1.0,9,S002,98.22,1.78,CRITICAL,vibration,True,True
HIGH_VIBRATION,1.0,9,S002,98.37,1.63,CRITICAL,vibration,True,True
OVERHEATING,0.15,9,S002,13.29,86.71,NORMAL,joint,False,False
OVERHEATING,0.15,9,S002,13.29,86.71,NORMAL,joint,False,False
OVERHEATING,0.3,9,S002,13.84,86.16,NORMAL,joint,False,False
OVERHEATING,0.3,9,S002,13.6,86.4,NORMAL,joint,False,False
OVERHEATING,0.5,9,S002,32.6,67.4,NORMAL,temperature,False,False
OVERHEATING,0.5,9,S002,32.29,67.71,NORMAL,temperature,False,False
OVERHEATING,0.75,9,S002,46.5,53.5,WATCH,temperature,True,False
OVERHEATING,0.75,9,S002,47.73,52.27,WATCH,temperature,True,False
OVERHEATING,1.0,9,S002,62.29,37.71,WARNING,temperature,True,True
OVERHEATING,1.0,9,S002,62.27,37.73,WARNING,temperature,True,True
RPM_INSTABILITY,0.15,9,S002,71.26,28.74,WARNING,rpm,True,True
RPM_INSTABILITY,0.15,9,S002,66.25,33.75,WARNING,rpm,True,True
RPM_INSTABILITY,0.3,9,S002,74.19,25.81,WARNING,rpm,True,True
RPM_INSTABILITY,0.3,9,S002,73.91,26.09,WARNING,rpm,True,True
RPM_INSTABILITY,0.5,9,S002,74.79,25.21,WARNING,rpm,True,True
RPM_INSTABILITY,0.5,9,S002,73.62,26.38,WARNING,rpm,True,True
RPM_INSTABILITY,0.75,9,S002,83.14,16.86,WARNING,joint,True,True
RPM_INSTABILITY,0.75,9,S002,79.46,20.54,WARNING,joint,True,True
RPM_INSTABILITY,1.0,9,S002,87.24,12.76,WARNING,joint,True,True
RPM_INSTABILITY,1.0,9,S002,88.71,11.29,WARNING,joint,True,True
COMBINED_FAULT,0.15,9,S002,59.84,40.16,WATCH,rpm,True,False
COMBINED_FAULT,0.15,9,S002,70.0,30.0,WARNING,rpm,True,True
COMBINED_FAULT,0.3,9,S002,88.15,11.85,WARNING,vibration,True,True
COMBINED_FAULT,0.3,9,S002,91.21,8.79,WARNING,vibration,True,True
COMBINED_FAULT,0.5,9,S002,90.17,9.83,WARNING,vibration,True,True
COMBINED_FAULT,0.5,9,S002,90.88,9.12,WARNING,vibration,True,True
COMBINED_FAULT,0.75,9,S002,95.58,4.42,CRITICAL,vibration,True,True
COMBINED_FAULT,0.75,9,S002,91.91,8.09,CRITICAL,joint,True,True
COMBINED_FAULT,1.0,9,S002,97.94,2.06,CRITICAL,vibration,True,True
COMBINED_FAULT,1.0,9,S002,96.33,3.67,CRITICAL,joint,True,True
NORMAL,0.0,10,S002,37.18,62.82,WATCH,joint,True,False
BELT_SLIP,0.15,10,S002,55.64,44.36,WATCH,rpm,True,False
BELT_SLIP,0.15,10,S002,70.06,29.94,WARNING,rpm,True,True
BELT_SLIP,0.3,10,S002,75.46,24.54,WARNING,rpm,True,True
BELT_SLIP,0.3,10,S002,69.66,30.34,WARNING,joint,True,True
BELT_SLIP,0.5,10,S002,89.65,10.35,WARNING,vibration,True,True
BELT_SLIP,0.5,10,S002,89.82,10.18,WARNING,vibration,True,True
BELT_SLIP,0.75,10,S002,96.28,3.72,CRITICAL,vibration,True,True
BELT_SLIP,0.75,10,S002,96.45,3.55,CRITICAL,vibration,True,True
BELT_SLIP,1.0,10,S002,97.92,2.08,CRITICAL,vibration,True,True
BELT_SLIP,1.0,10,S002,98.03,1.97,CRITICAL,vibration,True,True
HIGH_VIBRATION,0.15,10,S002,83.36,16.64,WARNING,vibration,True,True
HIGH_VIBRATION,0.15,10,S002,83.45,16.55,WARNING,vibration,True,True
HIGH_VIBRATION,0.3,10,S002,95.14,4.86,CRITICAL,vibration,True,True
HIGH_VIBRATION,0.3,10,S002,95.3,4.7,CRITICAL,vibration,True,True
HIGH_VIBRATION,0.5,10,S002,97.93,2.07,CRITICAL,vibration,True,True
HIGH_VIBRATION,0.5,10,S002,97.96,2.04,CRITICAL,vibration,True,True
HIGH_VIBRATION,0.75,10,S002,98.69,1.31,CRITICAL,vibration,True,True
HIGH_VIBRATION,0.75,10,S002,98.67,1.33,CRITICAL,vibration,True,True
HIGH_VIBRATION,1.0,10,S002,99.0,1.0,CRITICAL,vibration,True,True
HIGH_VIBRATION,1.0,10,S002,98.96,1.04,CRITICAL,vibration,True,True
OVERHEATING,0.15,10,S002,25.53,74.47,NORMAL,joint,False,False
OVERHEATING,0.15,10,S002,25.61,74.39,NORMAL,joint,False,False
OVERHEATING,0.3,10,S002,27.7,72.3,NORMAL,joint,False,False
OVERHEATING,0.3,10,S002,27.66,72.34,NORMAL,joint,False,False
OVERHEATING,0.5,10,S002,43.46,56.54,WATCH,joint,True,False
OVERHEATING,0.5,10,S002,43.1,56.9,WATCH,joint,True,False
OVERHEATING,0.75,10,S002,54.39,45.61,WATCH,temperature,True,False
OVERHEATING,0.75,10,S002,55.29,44.71,WATCH,temperature,True,False
OVERHEATING,1.0,10,S002,67.5,32.5,WARNING,temperature,True,True
OVERHEATING,1.0,10,S002,66.98,33.02,WARNING,temperature,True,True
RPM_INSTABILITY,0.15,10,S002,64.9,35.1,WARNING,rpm,True,True
RPM_INSTABILITY,0.15,10,S002,63.57,36.43,WARNING,rpm,True,True
RPM_INSTABILITY,0.3,10,S002,76.24,23.76,WARNING,rpm,True,True
RPM_INSTABILITY,0.3,10,S002,77.67,22.33,WARNING,rpm,True,True
RPM_INSTABILITY,0.5,10,S002,83.71,16.29,WARNING,rpm,True,True
RPM_INSTABILITY,0.5,10,S002,77.06,22.94,WARNING,rpm,True,True
RPM_INSTABILITY,0.75,10,S002,85.89,14.11,WARNING,joint,True,True
RPM_INSTABILITY,0.75,10,S002,85.19,14.81,WARNING,joint,True,True
RPM_INSTABILITY,1.0,10,S002,91.3,8.7,WARNING,joint,True,True
RPM_INSTABILITY,1.0,10,S002,89.25,10.75,WARNING,vibration,True,True
COMBINED_FAULT,0.15,10,S002,83.37,16.63,WARNING,joint,True,True
COMBINED_FAULT,0.15,10,S002,58.81,41.19,WATCH,rpm,True,False
COMBINED_FAULT,0.3,10,S002,96.97,3.03,CRITICAL,vibration,True,True
COMBINED_FAULT,0.3,10,S002,95.08,4.92,CRITICAL,vibration,True,True
COMBINED_FAULT,0.5,10,S002,98.02,1.98,CRITICAL,vibration,True,True
COMBINED_FAULT,0.5,10,S002,79.1,20.9,WARNING,rpm,True,True
COMBINED_FAULT,0.75,10,S002,81.88,18.12,WARNING,joint,True,True
COMBINED_FAULT,0.75,10,S002,97.56,2.44,CRITICAL,vibration,True,True
COMBINED_FAULT,1.0,10,S002,99.25,0.75,CRITICAL,vibration,True,True
COMBINED_FAULT,1.0,10,S002,91.0,9.0,WARNING,joint,True,True
NORMAL,0.0,11,S002,32.48,67.52,NORMAL,joint,False,False
BELT_SLIP,0.15,11,S002,68.51,31.49,WARNING,rpm,True,True
BELT_SLIP,0.15,11,S002,71.34,28.66,WARNING,rpm,True,True
BELT_SLIP,0.3,11,S002,72.0,28.0,WARNING,vibration,True,True
BELT_SLIP,0.3,11,S002,76.22,23.78,WARNING,joint,True,True
BELT_SLIP,0.5,11,S002,91.85,8.15,CRITICAL,vibration,True,True
BELT_SLIP,0.5,11,S002,91.41,8.59,WARNING,vibration,True,True
BELT_SLIP,0.75,11,S002,97.1,2.9,CRITICAL,vibration,True,True
BELT_SLIP,0.75,11,S002,97.08,2.92,CRITICAL,vibration,True,True
BELT_SLIP,1.0,11,S002,98.43,1.57,CRITICAL,vibration,True,True
BELT_SLIP,1.0,11,S002,97.95,2.05,CRITICAL,vibration,True,True
HIGH_VIBRATION,0.15,11,S002,84.87,15.13,WARNING,vibration,True,True
HIGH_VIBRATION,0.15,11,S002,84.94,15.06,WARNING,vibration,True,True
HIGH_VIBRATION,0.3,11,S002,93.57,6.43,CRITICAL,vibration,True,True
HIGH_VIBRATION,0.3,11,S002,93.49,6.51,CRITICAL,vibration,True,True
HIGH_VIBRATION,0.5,11,S002,97.6,2.4,CRITICAL,vibration,True,True
HIGH_VIBRATION,0.5,11,S002,97.52,2.48,CRITICAL,vibration,True,True
HIGH_VIBRATION,0.75,11,S002,98.4,1.6,CRITICAL,vibration,True,True
HIGH_VIBRATION,0.75,11,S002,98.43,1.57,CRITICAL,vibration,True,True
HIGH_VIBRATION,1.0,11,S002,99.08,0.92,CRITICAL,vibration,True,True
HIGH_VIBRATION,1.0,11,S002,98.92,1.08,CRITICAL,vibration,True,True
OVERHEATING,0.15,11,S002,23.24,76.76,NORMAL,joint,False,False
OVERHEATING,0.15,11,S002,23.41,76.59,NORMAL,joint,False,False
OVERHEATING,0.3,11,S002,23.23,76.77,NORMAL,joint,False,False
OVERHEATING,0.3,11,S002,22.95,77.05,NORMAL,joint,False,False
OVERHEATING,0.5,11,S002,33.95,66.05,NORMAL,joint,False,False
OVERHEATING,0.5,11,S002,34.01,65.99,NORMAL,joint,False,False
OVERHEATING,0.75,11,S002,40.64,59.36,WATCH,joint,True,False
OVERHEATING,0.75,11,S002,40.99,59.01,WATCH,joint,True,False
OVERHEATING,1.0,11,S002,50.05,49.95,WATCH,temperature,True,False
OVERHEATING,1.0,11,S002,48.79,51.21,WATCH,temperature,True,False
RPM_INSTABILITY,0.15,11,S002,73.66,26.34,WARNING,rpm,True,True
RPM_INSTABILITY,0.15,11,S002,78.56,21.44,WARNING,rpm,True,True
RPM_INSTABILITY,0.3,11,S002,76.22,23.78,WARNING,rpm,True,True
RPM_INSTABILITY,0.3,11,S002,73.36,26.64,WARNING,rpm,True,True
RPM_INSTABILITY,0.5,11,S002,83.81,16.19,WARNING,rpm,True,True
RPM_INSTABILITY,0.5,11,S002,80.61,19.39,WARNING,rpm,True,True
RPM_INSTABILITY,0.75,11,S002,85.18,14.82,WARNING,joint,True,True
RPM_INSTABILITY,0.75,11,S002,88.17,11.83,WARNING,joint,True,True
RPM_INSTABILITY,1.0,11,S002,92.01,7.99,CRITICAL,joint,True,True
RPM_INSTABILITY,1.0,11,S002,90.54,9.46,WARNING,joint,True,True
COMBINED_FAULT,0.15,11,S002,87.32,12.68,WARNING,vibration,True,True
COMBINED_FAULT,0.15,11,S002,79.38,20.62,WARNING,joint,True,True
COMBINED_FAULT,0.3,11,S002,65.11,34.89,WARNING,rpm,True,True
COMBINED_FAULT,0.3,11,S002,94.11,5.89,CRITICAL,vibration,True,True
COMBINED_FAULT,0.5,11,S002,77.73,22.27,WARNING,rpm,True,True
COMBINED_FAULT,0.5,11,S002,79.79,20.21,WARNING,rpm,True,True
COMBINED_FAULT,0.75,11,S002,93.28,6.72,CRITICAL,joint,True,True
COMBINED_FAULT,0.75,11,S002,93.34,6.66,CRITICAL,joint,True,True
COMBINED_FAULT,1.0,11,S002,99.0,1.0,CRITICAL,vibration,True,True
COMBINED_FAULT,1.0,11,S002,89.88,10.12,WARNING,joint,True,True
NORMAL,0.0,12,S002,53.7,46.3,WATCH,vibration,True,False
BELT_SLIP,0.15,12,S002,77.7,22.3,WARNING,rpm,True,True
BELT_SLIP,0.15,12,S002,77.88,22.12,WARNING,rpm,True,True
BELT_SLIP,0.3,12,S002,76.3,23.7,WARNING,vibration,True,True
BELT_SLIP,0.3,12,S002,81.28,18.72,WARNING,vibration,True,True
BELT_SLIP,0.5,12,S002,87.14,12.86,WARNING,vibration,True,True
BELT_SLIP,0.5,12,S002,88.24,11.76,WARNING,vibration,True,True
BELT_SLIP,0.75,12,S002,89.56,10.44,WARNING,vibration,True,True
BELT_SLIP,0.75,12,S002,91.31,8.69,WARNING,vibration,True,True
BELT_SLIP,1.0,12,S002,94.34,5.66,CRITICAL,vibration,True,True
BELT_SLIP,1.0,12,S002,94.53,5.47,CRITICAL,vibration,True,True
HIGH_VIBRATION,0.15,12,S002,65.39,34.61,WARNING,vibration,True,True
HIGH_VIBRATION,0.15,12,S002,62.23,37.77,WARNING,vibration,True,True
HIGH_VIBRATION,0.3,12,S002,88.46,11.54,WARNING,vibration,True,True
HIGH_VIBRATION,0.3,12,S002,86.76,13.24,WARNING,vibration,True,True
HIGH_VIBRATION,0.5,12,S002,97.01,2.99,CRITICAL,vibration,True,True
HIGH_VIBRATION,0.5,12,S002,96.27,3.73,CRITICAL,vibration,True,True
HIGH_VIBRATION,0.75,12,S002,98.19,1.81,CRITICAL,vibration,True,True
HIGH_VIBRATION,0.75,12,S002,98.49,1.51,CRITICAL,vibration,True,True
HIGH_VIBRATION,1.0,12,S002,98.86,1.14,CRITICAL,vibration,True,True
HIGH_VIBRATION,1.0,12,S002,98.89,1.11,CRITICAL,vibration,True,True
OVERHEATING,0.15,12,S002,53.7,46.3,WATCH,vibration,True,False
OVERHEATING,0.15,12,S002,53.7,46.3,WATCH,vibration,True,False
OVERHEATING,0.3,12,S002,53.7,46.3,WATCH,vibration,True,False
OVERHEATING,0.3,12,S002,53.7,46.3,WATCH,vibration,True,False
OVERHEATING,0.5,12,S002,53.7,46.3,WATCH,vibration,True,False
OVERHEATING,0.5,12,S002,53.91,46.09,WATCH,joint,True,False
OVERHEATING,0.75,12,S002,60.4,39.6,WATCH,joint,True,False
OVERHEATING,0.75,12,S002,59.44,40.56,WATCH,joint,True,False
OVERHEATING,1.0,12,S002,67.57,32.43,WARNING,joint,True,True
OVERHEATING,1.0,12,S002,66.47,33.53,WARNING,joint,True,True
RPM_INSTABILITY,0.15,12,S002,72.23,27.77,WARNING,rpm,True,True
RPM_INSTABILITY,0.15,12,S002,73.17,26.83,WARNING,rpm,True,True
RPM_INSTABILITY,0.3,12,S002,73.03,26.97,WARNING,rpm,True,True
RPM_INSTABILITY,0.3,12,S002,80.03,19.97,WARNING,rpm,True,True
RPM_INSTABILITY,0.5,12,S002,80.29,19.71,WARNING,rpm,True,True
RPM_INSTABILITY,0.5,12,S002,76.16,23.84,WARNING,rpm,True,True
RPM_INSTABILITY,0.75,12,S002,82.66,17.34,WARNING,joint,True,True
RPM_INSTABILITY,0.75,12,S002,83.38,16.62,WARNING,rpm,True,True
RPM_INSTABILITY,1.0,12,S002,83.62,16.38,WARNING,joint,True,True
RPM_INSTABILITY,1.0,12,S002,83.64,16.36,WARNING,joint,True,True
COMBINED_FAULT,0.15,12,S002,56.9,43.1,WATCH,vibration,True,False
COMBINED_FAULT,0.15,12,S002,76.29,23.71,WARNING,joint,True,True
COMBINED_FAULT,0.3,12,S002,72.54,27.46,WARNING,vibration,True,True
COMBINED_FAULT,0.3,12,S002,64.26,35.74,WARNING,rpm,True,True
COMBINED_FAULT,0.5,12,S002,94.13,5.87,CRITICAL,vibration,True,True
COMBINED_FAULT,0.5,12,S002,77.06,22.94,WARNING,rpm,True,True
COMBINED_FAULT,0.75,12,S002,91.5,8.5,WARNING,joint,True,True
COMBINED_FAULT,0.75,12,S002,98.58,1.42,CRITICAL,vibration,True,True
COMBINED_FAULT,1.0,12,S002,98.94,1.06,CRITICAL,vibration,True,True
COMBINED_FAULT,1.0,12,S002,93.75,6.25,CRITICAL,joint,True,True
NORMAL,0.0,13,S003,94.13,5.87,CRITICAL,vibration,True,True
BELT_SLIP,0.15,13,S003,97.76,2.24,CRITICAL,vibration,True,True
BELT_SLIP,0.15,13,S003,97.73,2.27,CRITICAL,vibration,True,True
BELT_SLIP,0.3,13,S003,98.76,1.24,CRITICAL,vibration,True,True
BELT_SLIP,0.3,13,S003,98.73,1.27,CRITICAL,vibration,True,True
BELT_SLIP,0.5,13,S003,99.21,0.79,CRITICAL,vibration,True,True
BELT_SLIP,0.5,13,S003,99.02,0.98,CRITICAL,vibration,True,True
BELT_SLIP,0.75,13,S003,99.34,0.66,CRITICAL,vibration,True,True
BELT_SLIP,0.75,13,S003,99.23,0.77,CRITICAL,vibration,True,True
BELT_SLIP,1.0,13,S003,99.59,0.41,CRITICAL,vibration,True,True
BELT_SLIP,1.0,13,S003,99.59,0.41,CRITICAL,vibration,True,True
HIGH_VIBRATION,0.15,13,S003,98.68,1.32,CRITICAL,vibration,True,True
HIGH_VIBRATION,0.15,13,S003,98.66,1.34,CRITICAL,vibration,True,True
HIGH_VIBRATION,0.3,13,S003,99.25,0.75,CRITICAL,vibration,True,True
HIGH_VIBRATION,0.3,13,S003,99.26,0.74,CRITICAL,vibration,True,True
HIGH_VIBRATION,0.5,13,S003,99.46,0.54,CRITICAL,vibration,True,True
HIGH_VIBRATION,0.5,13,S003,99.44,0.56,CRITICAL,vibration,True,True
HIGH_VIBRATION,0.75,13,S003,99.58,0.42,CRITICAL,vibration,True,True
HIGH_VIBRATION,0.75,13,S003,99.56,0.44,CRITICAL,vibration,True,True
HIGH_VIBRATION,1.0,13,S003,99.58,0.42,CRITICAL,vibration,True,True
HIGH_VIBRATION,1.0,13,S003,99.49,0.51,CRITICAL,vibration,True,True
OVERHEATING,0.15,13,S003,94.13,5.87,CRITICAL,vibration,True,True
OVERHEATING,0.15,13,S003,94.13,5.87,CRITICAL,vibration,True,True
OVERHEATING,0.3,13,S003,94.13,5.87,CRITICAL,vibration,True,True
OVERHEATING,0.3,13,S003,94.13,5.87,CRITICAL,vibration,True,True
OVERHEATING,0.5,13,S003,94.13,5.87,CRITICAL,vibration,True,True
OVERHEATING,0.5,13,S003,94.13,5.87,CRITICAL,vibration,True,True
OVERHEATING,0.75,13,S003,94.13,5.87,CRITICAL,vibration,True,True
OVERHEATING,0.75,13,S003,94.13,5.87,CRITICAL,vibration,True,True
OVERHEATING,1.0,13,S003,94.13,5.87,CRITICAL,vibration,True,True
OVERHEATING,1.0,13,S003,94.13,5.87,CRITICAL,vibration,True,True
RPM_INSTABILITY,0.15,13,S003,96.48,3.52,CRITICAL,vibration,True,True
RPM_INSTABILITY,0.15,13,S003,96.66,3.34,CRITICAL,vibration,True,True
RPM_INSTABILITY,0.3,13,S003,97.51,2.49,CRITICAL,vibration,True,True
RPM_INSTABILITY,0.3,13,S003,97.67,2.33,CRITICAL,vibration,True,True
RPM_INSTABILITY,0.5,13,S003,98.49,1.51,CRITICAL,vibration,True,True
RPM_INSTABILITY,0.5,13,S003,98.54,1.46,CRITICAL,vibration,True,True
RPM_INSTABILITY,0.75,13,S003,98.84,1.16,CRITICAL,vibration,True,True
RPM_INSTABILITY,0.75,13,S003,98.79,1.21,CRITICAL,vibration,True,True
RPM_INSTABILITY,1.0,13,S003,99.1,0.9,CRITICAL,vibration,True,True
RPM_INSTABILITY,1.0,13,S003,99.14,0.86,CRITICAL,vibration,True,True
COMBINED_FAULT,0.15,13,S003,98.87,1.13,CRITICAL,vibration,True,True
COMBINED_FAULT,0.15,13,S003,95.78,4.22,CRITICAL,vibration,True,True
COMBINED_FAULT,0.3,13,S003,98.84,1.16,CRITICAL,vibration,True,True
COMBINED_FAULT,0.3,13,S003,98.85,1.15,CRITICAL,vibration,True,True
COMBINED_FAULT,0.5,13,S003,99.48,0.52,CRITICAL,vibration,True,True
COMBINED_FAULT,0.5,13,S003,99.17,0.83,CRITICAL,vibration,True,True
COMBINED_FAULT,0.75,13,S003,99.41,0.59,CRITICAL,vibration,True,True
COMBINED_FAULT,0.75,13,S003,99.68,0.32,CRITICAL,vibration,True,True
COMBINED_FAULT,1.0,13,S003,99.7,0.3,CRITICAL,vibration,True,True
COMBINED_FAULT,1.0,13,S003,98.69,1.31,CRITICAL,vibration,True,True
NORMAL,0.0,14,S003,5.66,94.34,NORMAL,temperature,False,False
BELT_SLIP,0.15,14,S003,56.24,43.76,WATCH,rpm,True,False
BELT_SLIP,0.15,14,S003,57.75,42.25,WATCH,rpm,True,False
BELT_SLIP,0.3,14,S003,79.05,20.95,WARNING,rpm,True,True
BELT_SLIP,0.3,14,S003,68.33,31.67,WARNING,rpm,True,True
BELT_SLIP,0.5,14,S003,79.29,20.71,WARNING,vibration,True,True
BELT_SLIP,0.5,14,S003,80.45,19.55,WARNING,vibration,True,True
BELT_SLIP,0.75,14,S003,89.58,10.42,WARNING,vibration,True,True
BELT_SLIP,0.75,14,S003,90.46,9.54,WARNING,vibration,True,True
BELT_SLIP,1.0,14,S003,96.52,3.48,CRITICAL,vibration,True,True
BELT_SLIP,1.0,14,S003,95.45,4.55,CRITICAL,vibration,True,True
HIGH_VIBRATION,0.15,14,S003,68.31,31.69,WARNING,vibration,True,True
HIGH_VIBRATION,0.15,14,S003,68.27,31.73,WARNING,vibration,True,True
HIGH_VIBRATION,0.3,14,S003,90.95,9.05,WARNING,vibration,True,True
HIGH_VIBRATION,0.3,14,S003,90.59,9.41,WARNING,vibration,True,True
HIGH_VIBRATION,0.5,14,S003,94.05,5.95,CRITICAL,vibration,True,True
HIGH_VIBRATION,0.5,14,S003,94.6,5.4,CRITICAL,vibration,True,True
HIGH_VIBRATION,0.75,14,S003,96.69,3.31,CRITICAL,vibration,True,True
HIGH_VIBRATION,0.75,14,S003,96.03,3.97,CRITICAL,vibration,True,True
HIGH_VIBRATION,1.0,14,S003,97.81,2.19,CRITICAL,vibration,True,True
HIGH_VIBRATION,1.0,14,S003,97.62,2.38,CRITICAL,vibration,True,True
OVERHEATING,0.15,14,S003,5.51,94.49,NORMAL,temperature,False,False
OVERHEATING,0.15,14,S003,5.51,94.49,NORMAL,temperature,False,False
OVERHEATING,0.3,14,S003,9.52,90.48,NORMAL,temperature,False,False
OVERHEATING,0.3,14,S003,9.53,90.47,NORMAL,temperature,False,False
OVERHEATING,0.5,14,S003,20.11,79.89,NORMAL,temperature,False,False
OVERHEATING,0.5,14,S003,20.19,79.81,NORMAL,temperature,False,False
OVERHEATING,0.75,14,S003,34.17,65.83,NORMAL,temperature,False,False
OVERHEATING,0.75,14,S003,34.39,65.61,NORMAL,temperature,False,False
OVERHEATING,1.0,14,S003,52.57,47.43,WATCH,temperature,True,False
OVERHEATING,1.0,14,S003,52.04,47.96,WATCH,temperature,True,False
RPM_INSTABILITY,0.15,14,S003,72.11,27.89,WARNING,rpm,True,True
RPM_INSTABILITY,0.15,14,S003,61.07,38.93,WARNING,rpm,True,True
RPM_INSTABILITY,0.3,14,S003,67.01,32.99,WARNING,rpm,True,True
RPM_INSTABILITY,0.3,14,S003,70.47,29.53,WARNING,rpm,True,True
RPM_INSTABILITY,0.5,14,S003,74.01,25.99,WARNING,rpm,True,True
RPM_INSTABILITY,0.5,14,S003,79.34,20.66,WARNING,rpm,True,True
RPM_INSTABILITY,0.75,14,S003,79.74,20.26,WARNING,rpm,True,True
RPM_INSTABILITY,0.75,14,S003,81.38,18.62,WARNING,rpm,True,True
RPM_INSTABILITY,1.0,14,S003,81.57,18.43,WARNING,joint,True,True
RPM_INSTABILITY,1.0,14,S003,77.9,22.1,WARNING,joint,True,True
COMBINED_FAULT,0.15,14,S003,67.85,32.15,WARNING,rpm,True,True
COMBINED_FAULT,0.15,14,S003,56.34,43.66,WATCH,vibration,True,False
COMBINED_FAULT,0.3,14,S003,64.82,35.18,WARNING,rpm,True,True
COMBINED_FAULT,0.3,14,S003,77.57,22.43,WARNING,rpm,True,True
COMBINED_FAULT,0.5,14,S003,79.28,20.72,WARNING,rpm,True,True
COMBINED_FAULT,0.5,14,S003,81.4,18.6,WARNING,rpm,True,True
COMBINED_FAULT,0.75,14,S003,95.33,4.67,CRITICAL,vibration,True,True
COMBINED_FAULT,0.75,14,S003,94.91,5.09,CRITICAL,vibration,True,True
COMBINED_FAULT,1.0,14,S003,98.47,1.53,CRITICAL,vibration,True,True
COMBINED_FAULT,1.0,14,S003,97.87,2.13,CRITICAL,vibration,True,True
NORMAL,0.0,15,S003,8.57,91.43,NORMAL,temperature,False,False
BELT_SLIP,0.15,15,S003,57.78,42.22,WATCH,rpm,True,False
BELT_SLIP,0.15,15,S003,73.21,26.79,WARNING,rpm,True,True
BELT_SLIP,0.3,15,S003,73.24,26.76,WARNING,rpm,True,True
BELT_SLIP,0.3,15,S003,76.73,23.27,WARNING,rpm,True,True
BELT_SLIP,0.5,15,S003,78.99,21.01,WARNING,vibration,True,True
BELT_SLIP,0.5,15,S003,80.8,19.2,WARNING,vibration,True,True
BELT_SLIP,0.75,15,S003,91.02,8.98,WARNING,vibration,True,True
BELT_SLIP,0.75,15,S003,88.32,11.68,WARNING,joint,True,True
BELT_SLIP,1.0,15,S003,93.52,6.48,CRITICAL,vibration,True,True
BELT_SLIP,1.0,15,S003,95.43,4.57,CRITICAL,vibration,True,True
HIGH_VIBRATION,0.15,15,S003,71.62,28.38,WARNING,vibration,True,True
HIGH_VIBRATION,0.15,15,S003,69.97,30.03,WARNING,vibration,True,True
HIGH_VIBRATION,0.3,15,S003,91.12,8.88,WARNING,vibration,True,True
HIGH_VIBRATION,0.3,15,S003,91.9,8.1,CRITICAL,vibration,True,True
HIGH_VIBRATION,0.5,15,S003,94.06,5.94,CRITICAL,vibration,True,True
HIGH_VIBRATION,0.5,15,S003,94.49,5.51,CRITICAL,vibration,True,True
HIGH_VIBRATION,0.75,15,S003,95.73,4.27,CRITICAL,vibration,True,True
HIGH_VIBRATION,0.75,15,S003,95.66,4.34,CRITICAL,vibration,True,True
HIGH_VIBRATION,1.0,15,S003,97.36,2.64,CRITICAL,vibration,True,True
HIGH_VIBRATION,1.0,15,S003,97.37,2.63,CRITICAL,vibration,True,True
OVERHEATING,0.15,15,S003,6.29,93.71,NORMAL,temperature,False,False
OVERHEATING,0.15,15,S003,6.32,93.68,NORMAL,temperature,False,False
OVERHEATING,0.3,15,S003,11.27,88.73,NORMAL,temperature,False,False
OVERHEATING,0.3,15,S003,11.43,88.57,NORMAL,temperature,False,False
OVERHEATING,0.5,15,S003,19.16,80.84,NORMAL,temperature,False,False
OVERHEATING,0.5,15,S003,19.09,80.91,NORMAL,temperature,False,False
OVERHEATING,0.75,15,S003,28.98,71.02,NORMAL,temperature,False,False
OVERHEATING,0.75,15,S003,27.91,72.09,NORMAL,temperature,False,False
OVERHEATING,1.0,15,S003,42.53,57.47,WATCH,temperature,True,False
OVERHEATING,1.0,15,S003,44.9,55.1,WATCH,temperature,True,False
RPM_INSTABILITY,0.15,15,S003,60.24,39.76,WATCH,rpm,True,False
RPM_INSTABILITY,0.15,15,S003,66.5,33.5,WARNING,rpm,True,True
RPM_INSTABILITY,0.3,15,S003,71.27,28.73,WARNING,rpm,True,True
RPM_INSTABILITY,0.3,15,S003,70.69,29.31,WARNING,rpm,True,True
RPM_INSTABILITY,0.5,15,S003,74.3,25.7,WARNING,rpm,True,True
RPM_INSTABILITY,0.5,15,S003,78.92,21.08,WARNING,rpm,True,True
RPM_INSTABILITY,0.75,15,S003,81.15,18.85,WARNING,rpm,True,True
RPM_INSTABILITY,0.75,15,S003,81.28,18.72,WARNING,rpm,True,True
RPM_INSTABILITY,1.0,15,S003,78.3,21.7,WARNING,joint,True,True
RPM_INSTABILITY,1.0,15,S003,76.46,23.54,WARNING,rpm,True,True
COMBINED_FAULT,0.15,15,S003,65.8,34.2,WARNING,vibration,True,True
COMBINED_FAULT,0.15,15,S003,66.13,33.87,WARNING,vibration,True,True
COMBINED_FAULT,0.3,15,S003,60.94,39.06,WARNING,rpm,True,True
COMBINED_FAULT,0.3,15,S003,82.34,17.66,WARNING,vibration,True,True
COMBINED_FAULT,0.5,15,S003,85.03,14.97,WARNING,vibration,True,True
COMBINED_FAULT,0.5,15,S003,92.53,7.47,CRITICAL,vibration,True,True
COMBINED_FAULT,0.75,15,S003,98.24,1.76,CRITICAL,vibration,True,True
COMBINED_FAULT,0.75,15,S003,76.64,23.36,WARNING,rpm,True,True
COMBINED_FAULT,1.0,15,S003,95.7,4.3,CRITICAL,vibration,True,True
COMBINED_FAULT,1.0,15,S003,96.67,3.33,CRITICAL,vibration,True,True
NORMAL,0.0,16,S003,7.25,92.75,NORMAL,temperature,False,False
BELT_SLIP,0.15,16,S003,66.76,33.24,WARNING,rpm,True,True
BELT_SLIP,0.15,16,S003,56.85,43.15,WATCH,rpm,True,False
BELT_SLIP,0.3,16,S003,74.39,25.61,WARNING,rpm,True,True
BELT_SLIP,0.3,16,S003,73.48,26.52,WARNING,vibration,True,True
BELT_SLIP,0.5,16,S003,82.44,17.56,WARNING,joint,True,True
BELT_SLIP,0.5,16,S003,81.39,18.61,WARNING,vibration,True,True
BELT_SLIP,0.75,16,S003,92.13,7.87,CRITICAL,vibration,True,True
BELT_SLIP,0.75,16,S003,91.78,8.22,CRITICAL,vibration,True,True
BELT_SLIP,1.0,16,S003,95.26,4.74,CRITICAL,vibration,True,True
BELT_SLIP,1.0,16,S003,94.06,5.94,CRITICAL,vibration,True,True
HIGH_VIBRATION,0.15,16,S003,74.69,25.31,WARNING,vibration,True,True
HIGH_VIBRATION,0.15,16,S003,74.67,25.33,WARNING,vibration,True,True
HIGH_VIBRATION,0.3,16,S003,93.31,6.69,CRITICAL,vibration,True,True
HIGH_VIBRATION,0.3,16,S003,93.71,6.29,CRITICAL,vibration,True,True
HIGH_VIBRATION,0.5,16,S003,96.4,3.6,CRITICAL,vibration,True,True
HIGH_VIBRATION,0.5,16,S003,96.15,3.85,CRITICAL,vibration,True,True
HIGH_VIBRATION,0.75,16,S003,97.15,2.85,CRITICAL,vibration,True,True
HIGH_VIBRATION,0.75,16,S003,97.35,2.65,CRITICAL,vibration,True,True
HIGH_VIBRATION,1.0,16,S003,98.01,1.99,CRITICAL,vibration,True,True
HIGH_VIBRATION,1.0,16,S003,98.14,1.86,CRITICAL,vibration,True,True
OVERHEATING,0.15,16,S003,6.89,93.11,NORMAL,vibration,False,False
OVERHEATING,0.15,16,S003,6.89,93.11,NORMAL,vibration,False,False
OVERHEATING,0.3,16,S003,14.86,85.14,NORMAL,temperature,False,False
OVERHEATING,0.3,16,S003,14.06,85.94,NORMAL,temperature,False,False
OVERHEATING,0.5,16,S003,26.18,73.82,NORMAL,temperature,False,False
OVERHEATING,0.5,16,S003,26.47,73.53,NORMAL,temperature,False,False
OVERHEATING,0.75,16,S003,43.63,56.37,WATCH,temperature,True,False
OVERHEATING,0.75,16,S003,42.06,57.94,WATCH,temperature,True,False
OVERHEATING,1.0,16,S003,55.23,44.77,WATCH,temperature,True,False
OVERHEATING,1.0,16,S003,54.58,45.42,WATCH,temperature,True,False
RPM_INSTABILITY,0.15,16,S003,64.01,35.99,WARNING,rpm,True,True
RPM_INSTABILITY,0.15,16,S003,65.26,34.74,WARNING,rpm,True,True
RPM_INSTABILITY,0.3,16,S003,77.96,22.04,WARNING,rpm,True,True
RPM_INSTABILITY,0.3,16,S003,74.74,25.26,WARNING,rpm,True,True
RPM_INSTABILITY,0.5,16,S003,75.87,24.13,WARNING,rpm,True,True
RPM_INSTABILITY,0.5,16,S003,67.61,32.39,WARNING,rpm,True,True
RPM_INSTABILITY,0.75,16,S003,81.39,18.61,WARNING,rpm,True,True
RPM_INSTABILITY,0.75,16,S003,73.26,26.74,WARNING,rpm,True,True
RPM_INSTABILITY,1.0,16,S003,84.16,15.84,WARNING,joint,True,True
RPM_INSTABILITY,1.0,16,S003,82.9,17.1,WARNING,joint,True,True
COMBINED_FAULT,0.15,16,S003,72.13,27.87,WARNING,vibration,True,True
COMBINED_FAULT,0.15,16,S003,72.91,27.09,WARNING,vibration,True,True
COMBINED_FAULT,0.3,16,S003,89.78,10.22,WARNING,vibration,True,True
COMBINED_FAULT,0.3,16,S003,61.66,38.34,WARNING,rpm,True,True
COMBINED_FAULT,0.5,16,S003,94.48,5.52,CRITICAL,vibration,True,True
COMBINED_FAULT,0.5,16,S003,77.63,22.37,WARNING,rpm,True,True
COMBINED_FAULT,0.75,16,S003,92.29,7.71,CRITICAL,joint,True,True
COMBINED_FAULT,0.75,16,S003,98.53,1.47,CRITICAL,vibration,True,True
COMBINED_FAULT,1.0,16,S003,94.53,5.47,CRITICAL,joint,True,True
COMBINED_FAULT,1.0,16,S003,98.31,1.69,CRITICAL,vibration,True,True
NORMAL,0.0,17,S003,8.36,91.64,NORMAL,temperature,False,False
BELT_SLIP,0.15,17,S003,65.86,34.14,WARNING,rpm,True,True
BELT_SLIP,0.15,17,S003,52.42,47.58,WATCH,rpm,True,False
BELT_SLIP,0.3,17,S003,71.28,28.72,WARNING,rpm,True,True
BELT_SLIP,0.3,17,S003,69.84,30.16,WARNING,rpm,True,True
BELT_SLIP,0.5,17,S003,81.07,18.93,WARNING,rpm,True,True
BELT_SLIP,0.5,17,S003,75.05,24.95,WARNING,rpm,True,True
BELT_SLIP,0.75,17,S003,83.99,16.01,WARNING,joint,True,True
BELT_SLIP,0.75,17,S003,88.5,11.5,WARNING,joint,True,True
BELT_SLIP,1.0,17,S003,92.17,7.83,CRITICAL,joint,True,True
BELT_SLIP,1.0,17,S003,93.23,6.77,CRITICAL,joint,True,True
HIGH_VIBRATION,0.15,17,S003,39.52,60.48,WATCH,vibration,True,False
HIGH_VIBRATION,0.15,17,S003,38.8,61.2,WATCH,vibration,True,False
HIGH_VIBRATION,0.3,17,S003,88.54,11.46,WARNING,vibration,True,True
HIGH_VIBRATION,0.3,17,S003,88.59,11.41,WARNING,vibration,True,True
HIGH_VIBRATION,0.5,17,S003,93.95,6.05,CRITICAL,vibration,True,True
HIGH_VIBRATION,0.5,17,S003,94.26,5.74,CRITICAL,vibration,True,True
HIGH_VIBRATION,0.75,17,S003,95.72,4.28,CRITICAL,vibration,True,True
HIGH_VIBRATION,0.75,17,S003,95.95,4.05,CRITICAL,vibration,True,True
HIGH_VIBRATION,1.0,17,S003,97.46,2.54,CRITICAL,vibration,True,True
HIGH_VIBRATION,1.0,17,S003,97.92,2.08,CRITICAL,vibration,True,True
OVERHEATING,0.15,17,S003,9.12,90.88,NORMAL,temperature,False,False
OVERHEATING,0.15,17,S003,8.5,91.5,NORMAL,temperature,False,False
OVERHEATING,0.3,17,S003,17.3,82.7,NORMAL,temperature,False,False
OVERHEATING,0.3,17,S003,17.46,82.54,NORMAL,temperature,False,False
OVERHEATING,0.5,17,S003,33.19,66.81,NORMAL,temperature,False,False
OVERHEATING,0.5,17,S003,34.26,65.74,NORMAL,temperature,False,False
OVERHEATING,0.75,17,S003,54.66,45.34,WATCH,temperature,True,False
OVERHEATING,0.75,17,S003,54.6,45.4,WATCH,temperature,True,False
OVERHEATING,1.0,17,S003,62.26,37.74,WARNING,temperature,True,True
OVERHEATING,1.0,17,S003,63.17,36.83,WARNING,temperature,True,True
RPM_INSTABILITY,0.15,17,S003,64.92,35.08,WARNING,rpm,True,True
RPM_INSTABILITY,0.15,17,S003,78.97,21.03,WARNING,rpm,True,True
RPM_INSTABILITY,0.3,17,S003,76.22,23.78,WARNING,rpm,True,True
RPM_INSTABILITY,0.3,17,S003,65.09,34.91,WARNING,rpm,True,True
RPM_INSTABILITY,0.5,17,S003,70.82,29.18,WARNING,rpm,True,True
RPM_INSTABILITY,0.5,17,S003,76.22,23.78,WARNING,rpm,True,True
RPM_INSTABILITY,0.75,17,S003,81.08,18.92,WARNING,rpm,True,True
RPM_INSTABILITY,0.75,17,S003,76.22,23.78,WARNING,rpm,True,True
RPM_INSTABILITY,1.0,17,S003,77.74,22.26,WARNING,rpm,True,True
RPM_INSTABILITY,1.0,17,S003,79.14,20.86,WARNING,rpm,True,True
COMBINED_FAULT,0.15,17,S003,45.31,54.69,WATCH,rpm,True,False
COMBINED_FAULT,0.15,17,S003,63.08,36.92,WARNING,rpm,True,True
COMBINED_FAULT,0.3,17,S003,82.31,17.69,WARNING,vibration,True,True
COMBINED_FAULT,0.3,17,S003,67.21,32.79,WARNING,rpm,True,True
COMBINED_FAULT,0.5,17,S003,76.32,23.68,WARNING,rpm,True,True
COMBINED_FAULT,0.5,17,S003,72.46,27.54,WARNING,rpm,True,True
COMBINED_FAULT,0.75,17,S003,94.69,5.31,CRITICAL,vibration,True,True
COMBINED_FAULT,0.75,17,S003,86.37,13.63,WARNING,joint,True,True
COMBINED_FAULT,1.0,17,S003,95.42,4.58,CRITICAL,vibration,True,True
COMBINED_FAULT,1.0,17,S003,93.62,6.38,CRITICAL,vibration,True,True
NORMAL,0.0,18,S003,17.28,82.72,NORMAL,temperature,False,False
BELT_SLIP,0.15,18,S003,55.66,44.34,WATCH,rpm,True,False
BELT_SLIP,0.15,18,S003,64.06,35.94,WARNING,rpm,True,True
BELT_SLIP,0.3,18,S003,73.05,26.95,WARNING,rpm,True,True
BELT_SLIP,0.3,18,S003,73.89,26.11,WARNING,rpm,True,True
BELT_SLIP,0.5,18,S003,69.9,30.1,WARNING,rpm,True,True
BELT_SLIP,0.5,18,S003,71.9,28.1,WARNING,rpm,True,True
BELT_SLIP,0.75,18,S003,87.31,12.69,WARNING,joint,True,True
BELT_SLIP,0.75,18,S003,86.8,13.2,WARNING,joint,True,True
BELT_SLIP,1.0,18,S003,90.81,9.19,WARNING,joint,True,True
BELT_SLIP,1.0,18,S003,93.72,6.28,CRITICAL,joint,True,True
HIGH_VIBRATION,0.15,18,S003,27.63,72.37,NORMAL,vibration,False,False
HIGH_VIBRATION,0.15,18,S003,27.86,72.14,NORMAL,vibration,False,False
HIGH_VIBRATION,0.3,18,S003,77.55,22.45,WARNING,vibration,True,True
HIGH_VIBRATION,0.3,18,S003,77.69,22.31,WARNING,vibration,True,True
HIGH_VIBRATION,0.5,18,S003,91.97,8.03,CRITICAL,vibration,True,True
HIGH_VIBRATION,0.5,18,S003,92.47,7.53,CRITICAL,vibration,True,True
HIGH_VIBRATION,0.75,18,S003,95.66,4.34,CRITICAL,vibration,True,True
HIGH_VIBRATION,0.75,18,S003,96.27,3.73,CRITICAL,vibration,True,True
HIGH_VIBRATION,1.0,18,S003,96.89,3.11,CRITICAL,vibration,True,True
HIGH_VIBRATION,1.0,18,S003,96.96,3.04,CRITICAL,vibration,True,True
OVERHEATING,0.15,18,S003,19.78,80.22,NORMAL,temperature,False,False
OVERHEATING,0.15,18,S003,19.95,80.05,NORMAL,temperature,False,False
OVERHEATING,0.3,18,S003,33.34,66.66,NORMAL,temperature,False,False
OVERHEATING,0.3,18,S003,32.74,67.26,NORMAL,temperature,False,False
OVERHEATING,0.5,18,S003,59.64,40.36,WATCH,temperature,True,False
OVERHEATING,0.5,18,S003,59.73,40.27,WATCH,temperature,True,False
OVERHEATING,0.75,18,S003,71.89,28.11,WARNING,temperature,True,True
OVERHEATING,0.75,18,S003,74.12,25.88,WARNING,temperature,True,True
OVERHEATING,1.0,18,S003,75.7,24.3,WARNING,temperature,True,True
OVERHEATING,1.0,18,S003,75.7,24.3,WARNING,temperature,True,True
RPM_INSTABILITY,0.15,18,S003,64.21,35.79,WARNING,rpm,True,True
RPM_INSTABILITY,0.15,18,S003,74.13,25.87,WARNING,rpm,True,True
RPM_INSTABILITY,0.3,18,S003,72.55,27.45,WARNING,rpm,True,True
RPM_INSTABILITY,0.3,18,S003,67.51,32.49,WARNING,rpm,True,True
RPM_INSTABILITY,0.5,18,S003,80.94,19.06,WARNING,rpm,True,True
RPM_INSTABILITY,0.5,18,S003,70.09,29.91,WARNING,rpm,True,True
RPM_INSTABILITY,0.75,18,S003,79.09,20.91,WARNING,rpm,True,True
RPM_INSTABILITY,0.75,18,S003,78.41,21.59,WARNING,rpm,True,True
RPM_INSTABILITY,1.0,18,S003,79.02,20.98,WARNING,rpm,True,True
RPM_INSTABILITY,1.0,18,S003,76.09,23.91,WARNING,rpm,True,True
COMBINED_FAULT,0.15,18,S003,41.59,58.41,WATCH,rpm,True,False
COMBINED_FAULT,0.15,18,S003,68.58,31.42,WARNING,rpm,True,True
COMBINED_FAULT,0.3,18,S003,87.98,12.02,WARNING,vibration,True,True
COMBINED_FAULT,0.3,18,S003,74.14,25.86,WARNING,rpm,True,True
COMBINED_FAULT,0.5,18,S003,90.65,9.35,WARNING,vibration,True,True
COMBINED_FAULT,0.5,18,S003,81.95,18.05,WARNING,vibration,True,True
COMBINED_FAULT,0.75,18,S003,93.55,6.45,CRITICAL,vibration,True,True
COMBINED_FAULT,0.75,18,S003,98.14,1.86,CRITICAL,vibration,True,True
COMBINED_FAULT,1.0,18,S003,94.33,5.67,CRITICAL,vibration,True,True
COMBINED_FAULT,1.0,18,S003,92.63,7.37,CRITICAL,joint,True,True
NORMAL,0.0,19,S003,4.42,95.58,NORMAL,temperature,False,False
BELT_SLIP,0.15,19,S003,57.45,42.55,WATCH,rpm,True,False
BELT_SLIP,0.15,19,S003,69.23,30.77,WARNING,rpm,True,True
BELT_SLIP,0.3,19,S003,66.97,33.03,WARNING,rpm,True,True
BELT_SLIP,0.3,19,S003,75.04,24.96,WARNING,rpm,True,True
BELT_SLIP,0.5,19,S003,73.92,26.08,WARNING,rpm,True,True
BELT_SLIP,0.5,19,S003,78.94,21.06,WARNING,rpm,True,True
BELT_SLIP,0.75,19,S003,85.45,14.55,WARNING,joint,True,True
BELT_SLIP,0.75,19,S003,87.6,12.4,WARNING,joint,True,True
BELT_SLIP,1.0,19,S003,93.39,6.61,CRITICAL,joint,True,True
BELT_SLIP,1.0,19,S003,93.21,6.79,CRITICAL,joint,True,True
HIGH_VIBRATION,0.15,19,S003,33.91,66.09,NORMAL,vibration,False,False
HIGH_VIBRATION,0.15,19,S003,35.5,64.5,WATCH,vibration,True,False
HIGH_VIBRATION,0.3,19,S003,76.26,23.74,WARNING,vibration,True,True
HIGH_VIBRATION,0.3,19,S003,78.02,21.98,WARNING,vibration,True,True
HIGH_VIBRATION,0.5,19,S003,91.01,8.99,WARNING,vibration,True,True
HIGH_VIBRATION,0.5,19,S003,91.21,8.79,WARNING,vibration,True,True
HIGH_VIBRATION,0.75,19,S003,95.37,4.63,CRITICAL,vibration,True,True
HIGH_VIBRATION,0.75,19,S003,96.33,3.67,CRITICAL,vibration,True,True
HIGH_VIBRATION,1.0,19,S003,97.54,2.46,CRITICAL,vibration,True,True
HIGH_VIBRATION,1.0,19,S003,97.96,2.04,CRITICAL,vibration,True,True
OVERHEATING,0.15,19,S003,7.23,92.77,NORMAL,temperature,False,False
OVERHEATING,0.15,19,S003,7.28,92.72,NORMAL,temperature,False,False
OVERHEATING,0.3,19,S003,15.97,84.03,NORMAL,temperature,False,False
OVERHEATING,0.3,19,S003,16.69,83.31,NORMAL,temperature,False,False
OVERHEATING,0.5,19,S003,38.55,61.45,WATCH,temperature,True,False
OVERHEATING,0.5,19,S003,37.94,62.06,WATCH,temperature,True,False
OVERHEATING,0.75,19,S003,51.51,48.49,WATCH,temperature,True,False
OVERHEATING,0.75,19,S003,52.79,47.21,WATCH,temperature,True,False
OVERHEATING,1.0,19,S003,65.84,34.16,WARNING,temperature,True,True
OVERHEATING,1.0,19,S003,63.97,36.03,WARNING,temperature,True,True
RPM_INSTABILITY,0.15,19,S003,64.8,35.2,WARNING,rpm,True,True
RPM_INSTABILITY,0.15,19,S003,71.49,28.51,WARNING,rpm,True,True
RPM_INSTABILITY,0.3,19,S003,74.1,25.9,WARNING,rpm,True,True
RPM_INSTABILITY,0.3,19,S003,70.36,29.64,WARNING,rpm,True,True
RPM_INSTABILITY,0.5,19,S003,78.94,21.06,WARNING,rpm,True,True
RPM_INSTABILITY,0.5,19,S003,80.78,19.22,WARNING,rpm,True,True
RPM_INSTABILITY,0.75,19,S003,76.27,23.73,WARNING,rpm,True,True
RPM_INSTABILITY,0.75,19,S003,80.81,19.19,WARNING,rpm,True,True
RPM_INSTABILITY,1.0,19,S003,81.08,18.92,WARNING,rpm,True,True
RPM_INSTABILITY,1.0,19,S003,76.22,23.78,WARNING,rpm,True,True
COMBINED_FAULT,0.15,19,S003,50.03,49.97,WATCH,rpm,True,False
COMBINED_FAULT,0.15,19,S003,60.59,39.41,WATCH,rpm,True,False
COMBINED_FAULT,0.3,19,S003,70.38,29.62,WARNING,rpm,True,True
COMBINED_FAULT,0.3,19,S003,72.3,27.7,WARNING,rpm,True,True
COMBINED_FAULT,0.5,19,S003,67.64,32.36,WARNING,rpm,True,True
COMBINED_FAULT,0.5,19,S003,82.55,17.45,WARNING,vibration,True,True
COMBINED_FAULT,0.75,19,S003,90.68,9.32,WARNING,vibration,True,True
COMBINED_FAULT,0.75,19,S003,88.72,11.28,WARNING,joint,True,True
COMBINED_FAULT,1.0,19,S003,97.85,2.15,CRITICAL,vibration,True,True
COMBINED_FAULT,1.0,19,S003,74.9,25.1,WARNING,rpm,True,True
NORMAL,0.0,20,S003,8.69,91.31,NORMAL,temperature,False,False
BELT_SLIP,0.15,20,S003,55.44,44.56,WATCH,rpm,True,False
BELT_SLIP,0.15,20,S003,71.98,28.02,WARNING,rpm,True,True
BELT_SLIP,0.3,20,S003,70.45,29.55,WARNING,rpm,True,True
BELT_SLIP,0.3,20,S003,72.4,27.6,WARNING,rpm,True,True
BELT_SLIP,0.5,20,S003,69.31,30.69,WARNING,rpm,True,True
BELT_SLIP,0.5,20,S003,78.36,21.64,WARNING,rpm,True,True
BELT_SLIP,0.75,20,S003,85.31,14.69,WARNING,joint,True,True
BELT_SLIP,0.75,20,S003,85.2,14.8,WARNING,joint,True,True
BELT_SLIP,1.0,20,S003,92.75,7.25,CRITICAL,joint,True,True
BELT_SLIP,1.0,20,S003,91.14,8.86,WARNING,joint,True,True
HIGH_VIBRATION,0.15,20,S003,27.96,72.04,NORMAL,vibration,False,False
HIGH_VIBRATION,0.15,20,S003,30.22,69.78,NORMAL,vibration,False,False
HIGH_VIBRATION,0.3,20,S003,67.15,32.85,WARNING,vibration,True,True
HIGH_VIBRATION,0.3,20,S003,71.76,28.24,WARNING,vibration,True,True
HIGH_VIBRATION,0.5,20,S003,87.39,12.61,WARNING,vibration,True,True
HIGH_VIBRATION,0.5,20,S003,87.13,12.87,WARNING,vibration,True,True
HIGH_VIBRATION,0.75,20,S003,96.11,3.89,CRITICAL,vibration,True,True
HIGH_VIBRATION,0.75,20,S003,95.54,4.46,CRITICAL,vibration,True,True
HIGH_VIBRATION,1.0,20,S003,98.04,1.96,CRITICAL,vibration,True,True
HIGH_VIBRATION,1.0,20,S003,97.65,2.35,CRITICAL,vibration,True,True
OVERHEATING,0.15,20,S003,12.48,87.52,NORMAL,temperature,False,False
OVERHEATING,0.15,20,S003,12.09,87.91,NORMAL,temperature,False,False
OVERHEATING,0.3,20,S003,24.04,75.96,NORMAL,temperature,False,False
OVERHEATING,0.3,20,S003,23.51,76.49,NORMAL,temperature,False,False
OVERHEATING,0.5,20,S003,42.79,57.21,WATCH,temperature,True,False
OVERHEATING,0.5,20,S003,42.2,57.8,WATCH,temperature,True,False
OVERHEATING,0.75,20,S003,57.97,42.03,WATCH,temperature,True,False
OVERHEATING,0.75,20,S003,59.34,40.66,WATCH,temperature,True,False
OVERHEATING,1.0,20,S003,65.98,34.02,WARNING,temperature,True,True
OVERHEATING,1.0,20,S003,65.98,34.02,WARNING,temperature,True,True
RPM_INSTABILITY,0.15,20,S003,66.92,33.08,WARNING,rpm,True,True
RPM_INSTABILITY,0.15,20,S003,56.48,43.52,WATCH,rpm,True,False
RPM_INSTABILITY,0.3,20,S003,71.27,28.73,WARNING,rpm,True,True
RPM_INSTABILITY,0.3,20,S003,70.75,29.25,WARNING,rpm,True,True
RPM_INSTABILITY,0.5,20,S003,78.64,21.36,WARNING,rpm,True,True
RPM_INSTABILITY,0.5,20,S003,73.04,26.96,WARNING,rpm,True,True
RPM_INSTABILITY,0.75,20,S003,77.4,22.6,WARNING,rpm,True,True
RPM_INSTABILITY,0.75,20,S003,80.82,19.18,WARNING,rpm,True,True
RPM_INSTABILITY,1.0,20,S003,80.82,19.18,WARNING,rpm,True,True
RPM_INSTABILITY,1.0,20,S003,75.96,24.04,WARNING,rpm,True,True
COMBINED_FAULT,0.15,20,S003,43.72,56.28,WATCH,rpm,True,False
COMBINED_FAULT,0.15,20,S003,44.77,55.23,WATCH,rpm,True,False
COMBINED_FAULT,0.3,20,S003,81.8,18.2,WARNING,vibration,True,True
COMBINED_FAULT,0.3,20,S003,75.1,24.9,WARNING,rpm,True,True
COMBINED_FAULT,0.5,20,S003,94.2,5.8,CRITICAL,vibration,True,True
COMBINED_FAULT,0.5,20,S003,94.37,5.63,CRITICAL,vibration,True,True
COMBINED_FAULT,0.75,20,S003,90.24,9.76,WARNING,joint,True,True
COMBINED_FAULT,0.75,20,S003,97.51,2.49,CRITICAL,vibration,True,True
COMBINED_FAULT,1.0,20,S003,78.6,21.4,WARNING,joint,True,True
COMBINED_FAULT,1.0,20,S003,94.13,5.87,CRITICAL,vibration,True,True
NORMAL,0.0,21,S003,9.1,90.9,NORMAL,rpm,False,False
BELT_SLIP,0.15,21,S003,52.65,47.35,WATCH,rpm,True,False
BELT_SLIP,0.15,21,S003,47.62,52.38,WATCH,rpm,True,False
BELT_SLIP,0.3,21,S003,75.12,24.88,WARNING,rpm,True,True
BELT_SLIP,0.3,21,S003,70.33,29.67,WARNING,rpm,True,True
BELT_SLIP,0.5,21,S003,76.37,23.63,WARNING,rpm,True,True
BELT_SLIP,0.5,21,S003,74.77,25.23,WARNING,rpm,True,True
BELT_SLIP,0.75,21,S003,72.55,27.45,WARNING,rpm,True,True
BELT_SLIP,0.75,21,S003,78.08,21.92,WARNING,rpm,True,True
BELT_SLIP,1.0,21,S003,89.03,10.97,WARNING,vibration,True,True
BELT_SLIP,1.0,21,S003,89.69,10.31,WARNING,vibration,True,True
HIGH_VIBRATION,0.15,21,S003,23.84,76.16,NORMAL,vibration,False,False
HIGH_VIBRATION,0.15,21,S003,22.0,78.0,NORMAL,vibration,False,False
HIGH_VIBRATION,0.3,21,S003,62.82,37.18,WARNING,vibration,True,True
HIGH_VIBRATION,0.3,21,S003,62.84,37.16,WARNING,vibration,True,True
HIGH_VIBRATION,0.5,21,S003,86.13,13.87,WARNING,vibration,True,True
HIGH_VIBRATION,0.5,21,S003,86.27,13.73,WARNING,vibration,True,True
HIGH_VIBRATION,0.75,21,S003,96.11,3.89,CRITICAL,vibration,True,True
HIGH_VIBRATION,0.75,21,S003,96.21,3.79,CRITICAL,vibration,True,True
HIGH_VIBRATION,1.0,21,S003,97.69,2.31,CRITICAL,vibration,True,True
HIGH_VIBRATION,1.0,21,S003,97.69,2.31,CRITICAL,vibration,True,True
OVERHEATING,0.15,21,S003,9.1,90.9,NORMAL,rpm,False,False
OVERHEATING,0.15,21,S003,9.1,90.9,NORMAL,rpm,False,False
OVERHEATING,0.3,21,S003,10.95,89.05,NORMAL,temperature,False,False
OVERHEATING,0.3,21,S003,11.03,88.97,NORMAL,temperature,False,False
OVERHEATING,0.5,21,S003,20.98,79.02,NORMAL,temperature,False,False
OVERHEATING,0.5,21,S003,22.41,77.59,NORMAL,temperature,False,False
OVERHEATING,0.75,21,S003,42.45,57.55,WATCH,temperature,True,False
OVERHEATING,0.75,21,S003,39.96,60.04,WATCH,temperature,True,False
OVERHEATING,1.0,21,S003,53.44,46.56,WATCH,temperature,True,False
OVERHEATING,1.0,21,S003,55.5,44.5,WATCH,temperature,True,False
RPM_INSTABILITY,0.15,21,S003,71.95,28.05,WARNING,rpm,True,True
RPM_INSTABILITY,0.15,21,S003,70.54,29.46,WARNING,rpm,True,True
RPM_INSTABILITY,0.3,21,S003,71.5,28.5,WARNING,rpm,True,True
RPM_INSTABILITY,0.3,21,S003,77.86,22.14,WARNING,rpm,True,True
RPM_INSTABILITY,0.5,21,S003,76.01,23.99,WARNING,rpm,True,True
RPM_INSTABILITY,0.5,21,S003,77.81,22.19,WARNING,rpm,True,True
RPM_INSTABILITY,0.75,21,S003,77.72,22.28,WARNING,rpm,True,True
RPM_INSTABILITY,0.75,21,S003,77.72,22.28,WARNING,rpm,True,True
RPM_INSTABILITY,1.0,21,S003,81.48,18.52,WARNING,rpm,True,True
RPM_INSTABILITY,1.0,21,S003,81.68,18.32,WARNING,rpm,True,True
COMBINED_FAULT,0.15,21,S003,68.08,31.92,WARNING,rpm,True,True
COMBINED_FAULT,0.15,21,S003,54.0,46.0,WATCH,rpm,True,False
COMBINED_FAULT,0.3,21,S003,77.02,22.98,WARNING,rpm,True,True
COMBINED_FAULT,0.3,21,S003,36.37,63.63,WATCH,vibration,True,False
COMBINED_FAULT,0.5,21,S003,80.08,19.92,WARNING,rpm,True,True
COMBINED_FAULT,0.5,21,S003,70.9,29.1,WARNING,joint,True,True
COMBINED_FAULT,0.75,21,S003,71.91,28.09,WARNING,rpm,True,True
COMBINED_FAULT,0.75,21,S003,96.27,3.73,CRITICAL,vibration,True,True
COMBINED_FAULT,1.0,21,S003,98.87,1.13,CRITICAL,vibration,True,True
COMBINED_FAULT,1.0,21,S003,95.31,4.69,CRITICAL,vibration,True,True
NORMAL,0.0,22,S003,6.76,93.24,NORMAL,rpm,False,False
BELT_SLIP,0.15,22,S003,63.56,36.44,WARNING,rpm,True,True
BELT_SLIP,0.15,22,S003,71.38,28.62,WARNING,rpm,True,True
BELT_SLIP,0.3,22,S003,74.06,25.94,WARNING,rpm,True,True
BELT_SLIP,0.3,22,S003,70.51,29.49,WARNING,vibration,True,True
BELT_SLIP,0.5,22,S003,78.07,21.93,WARNING,vibration,True,True
BELT_SLIP,0.5,22,S003,81.1,18.9,WARNING,rpm,True,True
BELT_SLIP,0.75,22,S003,87.0,13.0,WARNING,vibration,True,True
BELT_SLIP,0.75,22,S003,89.34,10.66,WARNING,joint,True,True
BELT_SLIP,1.0,22,S003,91.46,8.54,WARNING,vibration,True,True
BELT_SLIP,1.0,22,S003,94.35,5.65,CRITICAL,vibration,True,True
HIGH_VIBRATION,0.15,22,S003,46.43,53.57,WATCH,vibration,True,False
HIGH_VIBRATION,0.15,22,S003,46.41,53.59,WATCH,vibration,True,False
HIGH_VIBRATION,0.3,22,S003,69.97,30.03,WARNING,vibration,True,True
HIGH_VIBRATION,0.3,22,S003,70.02,29.98,WARNING,vibration,True,True
HIGH_VIBRATION,0.5,22,S003,90.18,9.82,WARNING,vibration,True,True
HIGH_VIBRATION,0.5,22,S003,91.13,8.87,WARNING,vibration,True,True
HIGH_VIBRATION,0.75,22,S003,96.06,3.94,CRITICAL,vibration,True,True
HIGH_VIBRATION,0.75,22,S003,96.26,3.74,CRITICAL,vibration,True,True
HIGH_VIBRATION,1.0,22,S003,97.77,2.23,CRITICAL,vibration,True,True
HIGH_VIBRATION,1.0,22,S003,98.45,1.55,CRITICAL,vibration,True,True
OVERHEATING,0.15,22,S003,6.76,93.24,NORMAL,rpm,False,False
OVERHEATING,0.15,22,S003,6.76,93.24,NORMAL,rpm,False,False
OVERHEATING,0.3,22,S003,16.84,83.16,NORMAL,temperature,False,False
OVERHEATING,0.3,22,S003,16.82,83.18,NORMAL,temperature,False,False
OVERHEATING,0.5,22,S003,26.85,73.15,NORMAL,temperature,False,False
OVERHEATING,0.5,22,S003,26.29,73.71,NORMAL,temperature,False,False
OVERHEATING,0.75,22,S003,44.01,55.99,WATCH,temperature,True,False
OVERHEATING,0.75,22,S003,43.1,56.9,WATCH,temperature,True,False
OVERHEATING,1.0,22,S003,52.97,47.03,WATCH,temperature,True,False
OVERHEATING,1.0,22,S003,51.8,48.2,WATCH,temperature,True,False
RPM_INSTABILITY,0.15,22,S003,73.47,26.53,WARNING,rpm,True,True
RPM_INSTABILITY,0.15,22,S003,67.63,32.37,WARNING,rpm,True,True
RPM_INSTABILITY,0.3,22,S003,77.86,22.14,WARNING,rpm,True,True
RPM_INSTABILITY,0.3,22,S003,73.48,26.52,WARNING,rpm,True,True
RPM_INSTABILITY,0.5,22,S003,72.91,27.09,WARNING,rpm,True,True
RPM_INSTABILITY,0.5,22,S003,80.21,19.79,WARNING,rpm,True,True
RPM_INSTABILITY,0.75,22,S003,81.68,18.32,WARNING,rpm,True,True
RPM_INSTABILITY,0.75,22,S003,80.49,19.51,WARNING,rpm,True,True
RPM_INSTABILITY,1.0,22,S003,80.02,19.98,WARNING,rpm,True,True
RPM_INSTABILITY,1.0,22,S003,76.09,23.91,WARNING,rpm,True,True
COMBINED_FAULT,0.15,22,S003,73.44,26.56,WARNING,rpm,True,True
COMBINED_FAULT,0.15,22,S003,42.38,57.62,WATCH,vibration,True,False
COMBINED_FAULT,0.3,22,S003,75.31,24.69,WARNING,rpm,True,True
COMBINED_FAULT,0.3,22,S003,81.81,18.19,WARNING,rpm,True,True
COMBINED_FAULT,0.5,22,S003,82.02,17.98,WARNING,joint,True,True
COMBINED_FAULT,0.5,22,S003,76.62,23.38,WARNING,vibration,True,True
COMBINED_FAULT,0.75,22,S003,90.5,9.5,WARNING,joint,True,True
COMBINED_FAULT,0.75,22,S003,90.48,9.52,WARNING,vibration,True,True
COMBINED_FAULT,1.0,22,S003,95.24,4.76,CRITICAL,vibration,True,True
COMBINED_FAULT,1.0,22,S003,94.8,5.2,CRITICAL,vibration,True,True
NORMAL,0.0,23,S003,5.56,94.44,NORMAL,rpm,False,False
BELT_SLIP,0.15,23,S003,69.64,30.36,WARNING,rpm,True,True
BELT_SLIP,0.15,23,S003,63.16,36.84,WARNING,rpm,True,True
BELT_SLIP,0.3,23,S003,74.1,25.9,WARNING,rpm,True,True
BELT_SLIP,0.3,23,S003,71.95,28.05,WARNING,rpm,True,True
BELT_SLIP,0.5,23,S003,83.69,16.31,WARNING,vibration,True,True
BELT_SLIP,0.5,23,S003,83.66,16.34,WARNING,vibration,True,True
BELT_SLIP,0.75,23,S003,92.28,7.72,CRITICAL,vibration,True,True
BELT_SLIP,0.75,23,S003,92.57,7.43,CRITICAL,vibration,True,True
BELT_SLIP,1.0,23,S003,96.3,3.7,CRITICAL,vibration,True,True
BELT_SLIP,1.0,23,S003,95.44,4.56,CRITICAL,vibration,True,True
HIGH_VIBRATION,0.15,23,S003,58.21,41.79,WATCH,vibration,True,False
HIGH_VIBRATION,0.15,23,S003,58.46,41.54,WATCH,vibration,True,False
HIGH_VIBRATION,0.3,23,S003,87.82,12.18,WARNING,vibration,True,True
HIGH_VIBRATION,0.3,23,S003,88.78,11.22,WARNING,vibration,True,True
HIGH_VIBRATION,0.5,23,S003,94.23,5.77,CRITICAL,vibration,True,True
HIGH_VIBRATION,0.5,23,S003,94.83,5.17,CRITICAL,vibration,True,True
HIGH_VIBRATION,0.75,23,S003,97.19,2.81,CRITICAL,vibration,True,True
HIGH_VIBRATION,0.75,23,S003,96.93,3.07,CRITICAL,vibration,True,True
HIGH_VIBRATION,1.0,23,S003,98.21,1.79,CRITICAL,vibration,True,True
HIGH_VIBRATION,1.0,23,S003,98.47,1.53,CRITICAL,vibration,True,True
OVERHEATING,0.15,23,S003,8.23,91.77,NORMAL,temperature,False,False
OVERHEATING,0.15,23,S003,8.18,91.82,NORMAL,temperature,False,False
OVERHEATING,0.3,23,S003,16.2,83.8,NORMAL,temperature,False,False
OVERHEATING,0.3,23,S003,16.16,83.84,NORMAL,temperature,False,False
OVERHEATING,0.5,23,S003,28.18,71.82,NORMAL,temperature,False,False
OVERHEATING,0.5,23,S003,27.53,72.47,NORMAL,temperature,False,False
OVERHEATING,0.75,23,S003,42.85,57.15,WATCH,temperature,True,False
OVERHEATING,0.75,23,S003,44.25,55.75,WATCH,temperature,True,False
OVERHEATING,1.0,23,S003,61.63,38.37,WARNING,temperature,True,True
OVERHEATING,1.0,23,S003,64.31,35.69,WARNING,temperature,True,True
RPM_INSTABILITY,0.15,23,S003,74.57,25.43,WARNING,rpm,True,True
RPM_INSTABILITY,0.15,23,S003,68.83,31.17,WARNING,rpm,True,True
RPM_INSTABILITY,0.3,23,S003,76.17,23.83,WARNING,rpm,True,True
RPM_INSTABILITY,0.3,23,S003,76.8,23.2,WARNING,rpm,True,True
RPM_INSTABILITY,0.5,23,S003,76.3,23.7,WARNING,rpm,True,True
RPM_INSTABILITY,0.5,23,S003,71.18,28.82,WARNING,rpm,True,True
RPM_INSTABILITY,0.75,23,S003,77.51,22.49,WARNING,rpm,True,True
RPM_INSTABILITY,0.75,23,S003,78.38,21.62,WARNING,rpm,True,True
RPM_INSTABILITY,1.0,23,S003,80.94,19.06,WARNING,rpm,True,True
RPM_INSTABILITY,1.0,23,S003,84.51,15.49,WARNING,vibration,True,True
COMBINED_FAULT,0.15,23,S003,64.92,35.08,WARNING,rpm,True,True
COMBINED_FAULT,0.15,23,S003,61.75,38.25,WARNING,rpm,True,True
COMBINED_FAULT,0.3,23,S003,67.27,32.73,WARNING,rpm,True,True
COMBINED_FAULT,0.3,23,S003,71.09,28.91,WARNING,rpm,True,True
COMBINED_FAULT,0.5,23,S003,78.24,21.76,WARNING,rpm,True,True
COMBINED_FAULT,0.5,23,S003,90.78,9.22,WARNING,vibration,True,True
COMBINED_FAULT,0.75,23,S003,98.58,1.42,CRITICAL,vibration,True,True
COMBINED_FAULT,0.75,23,S003,91.84,8.16,CRITICAL,joint,True,True
COMBINED_FAULT,1.0,23,S003,98.49,1.51,CRITICAL,vibration,True,True
COMBINED_FAULT,1.0,23,S003,98.93,1.07,CRITICAL,vibration,True,True
NORMAL,0.0,24,S003,7.53,92.47,NORMAL,vibration,False,False
BELT_SLIP,0.15,24,S003,59.93,40.07,WATCH,rpm,True,False
BELT_SLIP,0.15,24,S003,73.87,26.13,WARNING,rpm,True,True
BELT_SLIP,0.3,24,S003,76.67,23.33,WARNING,vibration,True,True
BELT_SLIP,0.3,24,S003,76.68,23.32,WARNING,vibration,True,True
BELT_SLIP,0.5,24,S003,91.02,8.98,WARNING,vibration,True,True
BELT_SLIP,0.5,24,S003,90.92,9.08,WARNING,vibration,True,True
BELT_SLIP,0.75,24,S003,94.93,5.07,CRITICAL,vibration,True,True
BELT_SLIP,0.75,24,S003,94.98,5.02,CRITICAL,vibration,True,True
BELT_SLIP,1.0,24,S003,97.15,2.85,CRITICAL,vibration,True,True
BELT_SLIP,1.0,24,S003,96.68,3.32,CRITICAL,vibration,True,True
HIGH_VIBRATION,0.15,24,S003,77.28,22.72,WARNING,vibration,True,True
HIGH_VIBRATION,0.15,24,S003,76.41,23.59,WARNING,vibration,True,True
HIGH_VIBRATION,0.3,24,S003,88.96,11.04,WARNING,vibration,True,True
HIGH_VIBRATION,0.3,24,S003,88.57,11.43,WARNING,vibration,True,True
HIGH_VIBRATION,0.5,24,S003,94.9,5.1,CRITICAL,vibration,True,True
HIGH_VIBRATION,0.5,24,S003,94.26,5.74,CRITICAL,vibration,True,True
HIGH_VIBRATION,0.75,24,S003,97.14,2.86,CRITICAL,vibration,True,True
HIGH_VIBRATION,0.75,24,S003,96.72,3.28,CRITICAL,vibration,True,True
HIGH_VIBRATION,1.0,24,S003,97.99,2.01,CRITICAL,vibration,True,True
HIGH_VIBRATION,1.0,24,S003,97.83,2.17,CRITICAL,vibration,True,True
OVERHEATING,0.15,24,S003,7.53,92.47,NORMAL,vibration,False,False
OVERHEATING,0.15,24,S003,7.53,92.47,NORMAL,vibration,False,False
OVERHEATING,0.3,24,S003,13.06,86.94,NORMAL,temperature,False,False
OVERHEATING,0.3,24,S003,13.42,86.58,NORMAL,temperature,False,False
OVERHEATING,0.5,24,S003,26.94,73.06,NORMAL,temperature,False,False
OVERHEATING,0.5,24,S003,27.54,72.46,NORMAL,temperature,False,False
OVERHEATING,0.75,24,S003,49.03,50.97,WATCH,temperature,True,False
OVERHEATING,0.75,24,S003,50.99,49.01,WATCH,temperature,True,False
OVERHEATING,1.0,24,S003,62.76,37.24,WARNING,temperature,True,True
OVERHEATING,1.0,24,S003,64.62,35.38,WARNING,temperature,True,True
RPM_INSTABILITY,0.15,24,S003,71.47,28.53,WARNING,rpm,True,True
RPM_INSTABILITY,0.15,24,S003,70.94,29.06,WARNING,rpm,True,True
RPM_INSTABILITY,0.3,24,S003,77.31,22.69,WARNING,rpm,True,True
RPM_INSTABILITY,0.3,24,S003,72.05,27.95,WARNING,rpm,True,True
RPM_INSTABILITY,0.5,24,S003,77.42,22.58,WARNING,rpm,True,True
RPM_INSTABILITY,0.5,24,S003,72.84,27.16,WARNING,rpm,True,True
RPM_INSTABILITY,0.75,24,S003,75.42,24.58,WARNING,rpm,True,True
RPM_INSTABILITY,0.75,24,S003,76.51,23.49,WARNING,rpm,True,True
RPM_INSTABILITY,1.0,24,S003,85.42,14.58,WARNING,vibration,True,True
RPM_INSTABILITY,1.0,24,S003,85.66,14.34,WARNING,vibration,True,True
COMBINED_FAULT,0.15,24,S003,81.61,18.39,WARNING,vibration,True,True
COMBINED_FAULT,0.15,24,S003,66.6,33.4,WARNING,vibration,True,True
COMBINED_FAULT,0.3,24,S003,77.77,22.23,WARNING,vibration,True,True
COMBINED_FAULT,0.3,24,S003,75.01,24.99,WARNING,rpm,True,True
COMBINED_FAULT,0.5,24,S003,91.78,8.22,CRITICAL,vibration,True,True
COMBINED_FAULT,0.5,24,S003,90.16,9.84,WARNING,vibration,True,True
COMBINED_FAULT,0.75,24,S003,97.67,2.33,CRITICAL,vibration,True,True
COMBINED_FAULT,0.75,24,S003,94.8,5.2,CRITICAL,vibration,True,True
COMBINED_FAULT,1.0,24,S003,96.3,3.7,CRITICAL,joint,True,True
COMBINED_FAULT,1.0,24,S003,96.6,3.4,CRITICAL,joint,True,True
NORMAL,0.0,25,S003,9.81,90.19,NORMAL,vibration,False,False
BELT_SLIP,0.15,25,S003,64.49,35.51,WARNING,rpm,True,True
BELT_SLIP,0.15,25,S003,69.97,30.03,WARNING,rpm,True,True
BELT_SLIP,0.3,25,S003,77.24,22.76,WARNING,vibration,True,True
BELT_SLIP,0.3,25,S003,77.41,22.59,WARNING,vibration,True,True
BELT_SLIP,0.5,25,S003,89.38,10.62,WARNING,vibration,True,True
BELT_SLIP,0.5,25,S003,89.07,10.93,WARNING,vibration,True,True
BELT_SLIP,0.75,25,S003,94.71,5.29,CRITICAL,vibration,True,True
BELT_SLIP,0.75,25,S003,94.61,5.39,CRITICAL,vibration,True,True
BELT_SLIP,1.0,25,S003,96.28,3.72,CRITICAL,vibration,True,True
BELT_SLIP,1.0,25,S003,96.11,3.89,CRITICAL,vibration,True,True
HIGH_VIBRATION,0.15,25,S003,75.13,24.87,WARNING,vibration,True,True
HIGH_VIBRATION,0.15,25,S003,74.58,25.42,WARNING,vibration,True,True
HIGH_VIBRATION,0.3,25,S003,87.64,12.36,WARNING,vibration,True,True
HIGH_VIBRATION,0.3,25,S003,87.06,12.94,WARNING,vibration,True,True
HIGH_VIBRATION,0.5,25,S003,93.01,6.99,CRITICAL,vibration,True,True
HIGH_VIBRATION,0.5,25,S003,93.58,6.42,CRITICAL,vibration,True,True
HIGH_VIBRATION,0.75,25,S003,96.53,3.47,CRITICAL,vibration,True,True
HIGH_VIBRATION,0.75,25,S003,96.29,3.71,CRITICAL,vibration,True,True
HIGH_VIBRATION,1.0,25,S003,97.72,2.28,CRITICAL,vibration,True,True
HIGH_VIBRATION,1.0,25,S003,97.51,2.49,CRITICAL,vibration,True,True
OVERHEATING,0.15,25,S003,9.81,90.19,NORMAL,vibration,False,False
OVERHEATING,0.15,25,S003,9.81,90.19,NORMAL,vibration,False,False
OVERHEATING,0.3,25,S003,14.15,85.85,NORMAL,temperature,False,False
OVERHEATING,0.3,25,S003,14.19,85.81,NORMAL,temperature,False,False
OVERHEATING,0.5,25,S003,24.14,75.86,NORMAL,temperature,False,False
OVERHEATING,0.5,25,S003,24.14,75.86,NORMAL,temperature,False,False
OVERHEATING,0.75,25,S003,45.26,54.74,WATCH,temperature,True,False
OVERHEATING,0.75,25,S003,45.66,54.34,WATCH,temperature,True,False
OVERHEATING,1.0,25,S003,59.86,40.14,WATCH,temperature,True,False
OVERHEATING,1.0,25,S003,57.38,42.62,WATCH,temperature,True,False
RPM_INSTABILITY,0.15,25,S003,73.27,26.73,WARNING,rpm,True,True
RPM_INSTABILITY,0.15,25,S003,73.26,26.74,WARNING,rpm,True,True
RPM_INSTABILITY,0.3,25,S003,68.33,31.67,WARNING,rpm,True,True
RPM_INSTABILITY,0.3,25,S003,80.97,19.03,WARNING,rpm,True,True
RPM_INSTABILITY,0.5,25,S003,79.71,20.29,WARNING,rpm,True,True
RPM_INSTABILITY,0.5,25,S003,80.08,19.92,WARNING,rpm,True,True
RPM_INSTABILITY,0.75,25,S003,79.03,20.97,WARNING,rpm,True,True
RPM_INSTABILITY,0.75,25,S003,76.07,23.93,WARNING,rpm,True,True
RPM_INSTABILITY,1.0,25,S003,83.84,16.16,WARNING,vibration,True,True
RPM_INSTABILITY,1.0,25,S003,83.31,16.69,WARNING,vibration,True,True
COMBINED_FAULT,0.15,25,S003,79.42,20.58,WARNING,vibration,True,True
COMBINED_FAULT,0.15,25,S003,71.24,28.76,WARNING,vibration,True,True
COMBINED_FAULT,0.3,25,S003,92.86,7.14,CRITICAL,vibration,True,True
COMBINED_FAULT,0.3,25,S003,81.1,18.9,WARNING,rpm,True,True
COMBINED_FAULT,0.5,25,S003,97.15,2.85,CRITICAL,vibration,True,True
COMBINED_FAULT,0.5,25,S003,97.37,2.63,CRITICAL,vibration,True,True
COMBINED_FAULT,0.75,25,S003,93.43,6.57,CRITICAL,joint,True,True
COMBINED_FAULT,0.75,25,S003,93.98,6.02,CRITICAL,vibration,True,True
COMBINED_FAULT,1.0,25,S003,98.84,1.16,CRITICAL,vibration,True,True
COMBINED_FAULT,1.0,25,S003,96.43,3.57,CRITICAL,vibration,True,True
NORMAL,0.0,26,S003,4.23,95.77,NORMAL,rpm,False,False
BELT_SLIP,0.15,26,S003,74.22,25.78,WARNING,rpm,True,True
BELT_SLIP,0.15,26,S003,64.43,35.57,WARNING,rpm,True,True
BELT_SLIP,0.3,26,S003,72.09,27.91,WARNING,vibration,True,True
BELT_SLIP,0.3,26,S003,75.41,24.59,WARNING,rpm,True,True
BELT_SLIP,0.5,26,S003,88.43,11.57,WARNING,vibration,True,True
BELT_SLIP,0.5,26,S003,88.97,11.03,WARNING,vibration,True,True
BELT_SLIP,0.75,26,S003,93.58,6.42,CRITICAL,vibration,True,True
BELT_SLIP,0.75,26,S003,92.4,7.6,CRITICAL,vibration,True,True
BELT_SLIP,1.0,26,S003,96.7,3.3,CRITICAL,vibration,True,True
BELT_SLIP,1.0,26,S003,96.82,3.18,CRITICAL,vibration,True,True
HIGH_VIBRATION,0.15,26,S003,74.62,25.38,WARNING,vibration,True,True
HIGH_VIBRATION,0.15,26,S003,72.82,27.18,WARNING,vibration,True,True
HIGH_VIBRATION,0.3,26,S003,89.64,10.36,WARNING,vibration,True,True
HIGH_VIBRATION,0.3,26,S003,90.1,9.9,WARNING,vibration,True,True
HIGH_VIBRATION,0.5,26,S003,94.34,5.66,CRITICAL,vibration,True,True
HIGH_VIBRATION,0.5,26,S003,94.75,5.25,CRITICAL,vibration,True,True
HIGH_VIBRATION,0.75,26,S003,96.7,3.3,CRITICAL,vibration,True,True
HIGH_VIBRATION,0.75,26,S003,97.08,2.92,CRITICAL,vibration,True,True
HIGH_VIBRATION,1.0,26,S003,97.78,2.22,CRITICAL,vibration,True,True
HIGH_VIBRATION,1.0,26,S003,97.67,2.33,CRITICAL,vibration,True,True
OVERHEATING,0.15,26,S003,5.28,94.72,NORMAL,temperature,False,False
OVERHEATING,0.15,26,S003,5.37,94.63,NORMAL,temperature,False,False
OVERHEATING,0.3,26,S003,11.7,88.3,NORMAL,temperature,False,False
OVERHEATING,0.3,26,S003,11.75,88.25,NORMAL,temperature,False,False
OVERHEATING,0.5,26,S003,22.39,77.61,NORMAL,temperature,False,False
OVERHEATING,0.5,26,S003,22.44,77.56,NORMAL,temperature,False,False
OVERHEATING,0.75,26,S003,40.36,59.64,WATCH,temperature,True,False
OVERHEATING,0.75,26,S003,42.5,57.5,WATCH,temperature,True,False
OVERHEATING,1.0,26,S003,53.5,46.5,WATCH,temperature,True,False
OVERHEATING,1.0,26,S003,50.09,49.91,WATCH,temperature,True,False
RPM_INSTABILITY,0.15,26,S003,67.1,32.9,WARNING,rpm,True,True
RPM_INSTABILITY,0.15,26,S003,69.27,30.73,WARNING,rpm,True,True
RPM_INSTABILITY,0.3,26,S003,76.7,23.3,WARNING,rpm,True,True
RPM_INSTABILITY,0.3,26,S003,76.07,23.93,WARNING,rpm,True,True
RPM_INSTABILITY,0.5,26,S003,70.47,29.53,WARNING,rpm,True,True
RPM_INSTABILITY,0.5,26,S003,75.96,24.04,WARNING,rpm,True,True
RPM_INSTABILITY,0.75,26,S003,69.92,30.08,WARNING,vibration,True,True
RPM_INSTABILITY,0.75,26,S003,73.72,26.28,WARNING,rpm,True,True
RPM_INSTABILITY,1.0,26,S003,84.0,16.0,WARNING,vibration,True,True
RPM_INSTABILITY,1.0,26,S003,83.08,16.92,WARNING,vibration,True,True
COMBINED_FAULT,0.15,26,S003,70.08,29.92,WARNING,joint,True,True
COMBINED_FAULT,0.15,26,S003,70.42,29.58,WARNING,rpm,True,True
COMBINED_FAULT,0.3,26,S003,69.45,30.55,WARNING,rpm,True,True
COMBINED_FAULT,0.3,26,S003,86.86,13.14,WARNING,vibration,True,True
COMBINED_FAULT,0.5,26,S003,97.1,2.9,CRITICAL,vibration,True,True
COMBINED_FAULT,0.5,26,S003,90.79,9.21,WARNING,vibration,True,True
COMBINED_FAULT,0.75,26,S003,73.2,26.8,WARNING,joint,True,True
COMBINED_FAULT,0.75,26,S003,94.47,5.53,CRITICAL,vibration,True,True
COMBINED_FAULT,1.0,26,S003,96.38,3.62,CRITICAL,vibration,True,True
COMBINED_FAULT,1.0,26,S003,96.4,3.6,CRITICAL,vibration,True,True
NORMAL,0.0,27,S003,6.2,93.8,NORMAL,vibration,False,False
BELT_SLIP,0.15,27,S003,79.33,20.67,WARNING,rpm,True,True
BELT_SLIP,0.15,27,S003,55.3,44.7,WATCH,rpm,True,False
BELT_SLIP,0.3,27,S003,74.5,25.5,WARNING,rpm,True,True
BELT_SLIP,0.3,27,S003,77.7,22.3,WARNING,rpm,True,True
BELT_SLIP,0.5,27,S003,79.54,20.46,WARNING,vibration,True,True
BELT_SLIP,0.5,27,S003,76.8,23.2,WARNING,vibration,True,True
BELT_SLIP,0.75,27,S003,89.84,10.16,WARNING,joint,True,True
BELT_SLIP,0.75,27,S003,85.5,14.5,WARNING,joint,True,True
BELT_SLIP,1.0,27,S003,92.54,7.46,CRITICAL,vibration,True,True
BELT_SLIP,1.0,27,S003,94.1,5.9,CRITICAL,joint,True,True
HIGH_VIBRATION,0.15,27,S003,56.12,43.88,WATCH,vibration,True,False
HIGH_VIBRATION,0.15,27,S003,55.54,44.46,WATCH,vibration,True,False
HIGH_VIBRATION,0.3,27,S003,84.94,15.06,WARNING,vibration,True,True
HIGH_VIBRATION,0.3,27,S003,82.72,17.28,WARNING,vibration,True,True
HIGH_VIBRATION,0.5,27,S003,93.0,7.0,CRITICAL,vibration,True,True
HIGH_VIBRATION,0.5,27,S003,93.0,7.0,CRITICAL,vibration,True,True
HIGH_VIBRATION,0.75,27,S003,96.25,3.75,CRITICAL,vibration,True,True
HIGH_VIBRATION,0.75,27,S003,95.27,4.73,CRITICAL,vibration,True,True
HIGH_VIBRATION,1.0,27,S003,97.51,2.49,CRITICAL,vibration,True,True
HIGH_VIBRATION,1.0,27,S003,96.96,3.04,CRITICAL,vibration,True,True
OVERHEATING,0.15,27,S003,7.21,92.79,NORMAL,temperature,False,False
OVERHEATING,0.15,27,S003,7.17,92.83,NORMAL,temperature,False,False
OVERHEATING,0.3,27,S003,16.16,83.84,NORMAL,temperature,False,False
OVERHEATING,0.3,27,S003,16.11,83.89,NORMAL,temperature,False,False
OVERHEATING,0.5,27,S003,31.32,68.68,NORMAL,temperature,False,False
OVERHEATING,0.5,27,S003,31.27,68.73,NORMAL,temperature,False,False
OVERHEATING,0.75,27,S003,53.2,46.8,WATCH,temperature,True,False
OVERHEATING,0.75,27,S003,53.9,46.1,WATCH,temperature,True,False
OVERHEATING,1.0,27,S003,61.42,38.58,WARNING,temperature,True,True
OVERHEATING,1.0,27,S003,62.19,37.81,WARNING,temperature,True,True
RPM_INSTABILITY,0.15,27,S003,53.97,46.03,WATCH,rpm,True,False
RPM_INSTABILITY,0.15,27,S003,80.85,19.15,WARNING,rpm,True,True
RPM_INSTABILITY,0.3,27,S003,71.19,28.81,WARNING,rpm,True,True
RPM_INSTABILITY,0.3,27,S003,79.99,20.01,WARNING,rpm,True,True
RPM_INSTABILITY,0.5,27,S003,77.08,22.92,WARNING,rpm,True,True
RPM_INSTABILITY,0.5,27,S003,81.26,18.74,WARNING,rpm,True,True
RPM_INSTABILITY,0.75,27,S003,81.22,18.78,WARNING,rpm,True,True
RPM_INSTABILITY,0.75,27,S003,81.26,18.74,WARNING,rpm,True,True
RPM_INSTABILITY,1.0,27,S003,74.29,25.71,WARNING,rpm,True,True
RPM_INSTABILITY,1.0,27,S003,77.08,22.92,WARNING,rpm,True,True
COMBINED_FAULT,0.15,27,S003,53.76,46.24,WATCH,joint,True,False
COMBINED_FAULT,0.15,27,S003,49.53,50.47,WATCH,rpm,True,False
COMBINED_FAULT,0.3,27,S003,72.2,27.8,WARNING,rpm,True,True
COMBINED_FAULT,0.3,27,S003,78.75,21.25,WARNING,joint,True,True
COMBINED_FAULT,0.5,27,S003,77.64,22.36,WARNING,vibration,True,True
COMBINED_FAULT,0.5,27,S003,76.79,23.21,WARNING,rpm,True,True
COMBINED_FAULT,0.75,27,S003,88.18,11.82,WARNING,joint,True,True
COMBINED_FAULT,0.75,27,S003,90.3,9.7,WARNING,joint,True,True
COMBINED_FAULT,1.0,27,S003,78.46,21.54,WARNING,joint,True,True
COMBINED_FAULT,1.0,27,S003,96.88,3.12,CRITICAL,vibration,True,True
NORMAL,0.0,28,S003,4.08,95.92,NORMAL,temperature,False,False
BELT_SLIP,0.15,28,S003,52.76,47.24,WATCH,rpm,True,False
BELT_SLIP,0.15,28,S003,56.42,43.58,WATCH,rpm,True,False
BELT_SLIP,0.3,28,S003,74.69,25.31,WARNING,rpm,True,True
BELT_SLIP,0.3,28,S003,74.42,25.58,WARNING,rpm,True,True
BELT_SLIP,0.5,28,S003,76.29,23.71,WARNING,vibration,True,True
BELT_SLIP,0.5,28,S003,78.94,21.06,WARNING,rpm,True,True
BELT_SLIP,0.75,28,S003,82.4,17.6,WARNING,vibration,True,True
BELT_SLIP,0.75,28,S003,83.74,16.26,WARNING,joint,True,True
BELT_SLIP,1.0,28,S003,91.11,8.89,WARNING,vibration,True,True
BELT_SLIP,1.0,28,S003,91.04,8.96,WARNING,vibration,True,True
HIGH_VIBRATION,0.15,28,S003,53.79,46.21,WATCH,vibration,True,False
HIGH_VIBRATION,0.15,28,S003,53.66,46.34,WATCH,vibration,True,False
HIGH_VIBRATION,0.3,28,S003,82.87,17.13,WARNING,vibration,True,True
HIGH_VIBRATION,0.3,28,S003,85.64,14.36,WARNING,vibration,True,True
HIGH_VIBRATION,0.5,28,S003,93.21,6.79,CRITICAL,vibration,True,True
HIGH_VIBRATION,0.5,28,S003,94.2,5.8,CRITICAL,vibration,True,True
HIGH_VIBRATION,0.75,28,S003,96.72,3.28,CRITICAL,vibration,True,True
HIGH_VIBRATION,0.75,28,S003,96.55,3.45,CRITICAL,vibration,True,True
HIGH_VIBRATION,1.0,28,S003,97.96,2.04,CRITICAL,vibration,True,True
HIGH_VIBRATION,1.0,28,S003,97.8,2.2,CRITICAL,vibration,True,True
OVERHEATING,0.15,28,S003,5.22,94.78,NORMAL,temperature,False,False
OVERHEATING,0.15,28,S003,5.23,94.77,NORMAL,temperature,False,False
OVERHEATING,0.3,28,S003,11.77,88.23,NORMAL,temperature,False,False
OVERHEATING,0.3,28,S003,11.77,88.23,NORMAL,temperature,False,False
OVERHEATING,0.5,28,S003,19.45,80.55,NORMAL,temperature,False,False
OVERHEATING,0.5,28,S003,20.87,79.13,NORMAL,temperature,False,False
OVERHEATING,0.75,28,S003,31.15,68.85,NORMAL,temperature,False,False
OVERHEATING,0.75,28,S003,31.77,68.23,NORMAL,temperature,False,False
OVERHEATING,1.0,28,S003,45.96,54.04,WATCH,temperature,True,False
OVERHEATING,1.0,28,S003,45.11,54.89,WATCH,temperature,True,False
RPM_INSTABILITY,0.15,28,S003,58.32,41.68,WATCH,rpm,True,False
RPM_INSTABILITY,0.15,28,S003,66.62,33.38,WARNING,rpm,True,True
RPM_INSTABILITY,0.3,28,S003,75.99,24.01,WARNING,rpm,True,True
RPM_INSTABILITY,0.3,28,S003,72.32,27.68,WARNING,rpm,True,True
RPM_INSTABILITY,0.5,28,S003,74.29,25.71,WARNING,rpm,True,True
RPM_INSTABILITY,0.5,28,S003,76.01,23.99,WARNING,rpm,True,True
RPM_INSTABILITY,0.75,28,S003,75.93,24.07,WARNING,rpm,True,True
RPM_INSTABILITY,0.75,28,S003,75.93,24.07,WARNING,rpm,True,True
RPM_INSTABILITY,1.0,28,S003,75.96,24.04,WARNING,rpm,True,True
RPM_INSTABILITY,1.0,28,S003,80.81,19.19,WARNING,rpm,True,True
COMBINED_FAULT,0.15,28,S003,46.68,53.32,WATCH,rpm,True,False
COMBINED_FAULT,0.15,28,S003,74.66,25.34,WARNING,rpm,True,True
COMBINED_FAULT,0.3,28,S003,89.45,10.55,WARNING,vibration,True,True
COMBINED_FAULT,0.3,28,S003,78.94,21.06,WARNING,rpm,True,True
COMBINED_FAULT,0.5,28,S003,75.93,24.07,WARNING,rpm,True,True
COMBINED_FAULT,0.5,28,S003,88.44,11.56,WARNING,vibration,True,True
COMBINED_FAULT,0.75,28,S003,74.21,25.79,WARNING,rpm,True,True
COMBINED_FAULT,0.75,28,S003,76.01,23.99,WARNING,rpm,True,True
COMBINED_FAULT,1.0,28,S003,97.06,2.94,CRITICAL,vibration,True,True
COMBINED_FAULT,1.0,28,S003,91.8,8.2,CRITICAL,joint,True,True
NORMAL,0.0,29,S005,37.13,62.87,WATCH,vibration,True,False
BELT_SLIP,0.15,29,S005,71.55,28.45,WARNING,vibration,True,True
BELT_SLIP,0.15,29,S005,70.89,29.11,WARNING,vibration,True,True
BELT_SLIP,0.3,29,S005,88.59,11.41,WARNING,vibration,True,True
BELT_SLIP,0.3,29,S005,89.75,10.25,WARNING,vibration,True,True
BELT_SLIP,0.5,29,S005,94.27,5.73,CRITICAL,vibration,True,True
BELT_SLIP,0.5,29,S005,93.7,6.3,CRITICAL,vibration,True,True
BELT_SLIP,0.75,29,S005,96.81,3.19,CRITICAL,vibration,True,True
BELT_SLIP,0.75,29,S005,98.34,1.66,CRITICAL,vibration,True,True
BELT_SLIP,1.0,29,S005,98.73,1.27,CRITICAL,vibration,True,True
BELT_SLIP,1.0,29,S005,98.67,1.33,CRITICAL,vibration,True,True
HIGH_VIBRATION,0.15,29,S005,93.88,6.12,CRITICAL,vibration,True,True
HIGH_VIBRATION,0.15,29,S005,93.7,6.3,CRITICAL,vibration,True,True
HIGH_VIBRATION,0.3,29,S005,98.06,1.94,CRITICAL,vibration,True,True
HIGH_VIBRATION,0.3,29,S005,98.07,1.93,CRITICAL,vibration,True,True
HIGH_VIBRATION,0.5,29,S005,98.68,1.32,CRITICAL,vibration,True,True
HIGH_VIBRATION,0.5,29,S005,98.69,1.31,CRITICAL,vibration,True,True
HIGH_VIBRATION,0.75,29,S005,99.25,0.75,CRITICAL,vibration,True,True
HIGH_VIBRATION,0.75,29,S005,98.84,1.16,CRITICAL,vibration,True,True
HIGH_VIBRATION,1.0,29,S005,98.98,1.02,CRITICAL,vibration,True,True
HIGH_VIBRATION,1.0,29,S005,99.17,0.83,CRITICAL,vibration,True,True
OVERHEATING,0.15,29,S005,37.13,62.87,WATCH,vibration,True,False
OVERHEATING,0.15,29,S005,37.13,62.87,WATCH,vibration,True,False
OVERHEATING,0.3,29,S005,37.13,62.87,WATCH,vibration,True,False
OVERHEATING,0.3,29,S005,37.13,62.87,WATCH,vibration,True,False
OVERHEATING,0.5,29,S005,37.13,62.87,WATCH,vibration,True,False
OVERHEATING,0.5,29,S005,37.13,62.87,WATCH,vibration,True,False
OVERHEATING,0.75,29,S005,37.13,62.87,WATCH,vibration,True,False
OVERHEATING,0.75,29,S005,37.13,62.87,WATCH,vibration,True,False
OVERHEATING,1.0,29,S005,43.03,56.97,WATCH,temperature,True,False
OVERHEATING,1.0,29,S005,44.43,55.57,WATCH,temperature,True,False
RPM_INSTABILITY,0.15,29,S005,69.74,30.26,WARNING,rpm,True,True
RPM_INSTABILITY,0.15,29,S005,70.46,29.54,WARNING,rpm,True,True
RPM_INSTABILITY,0.3,29,S005,69.91,30.09,WARNING,rpm,True,True
RPM_INSTABILITY,0.3,29,S005,80.65,19.35,WARNING,rpm,True,True
RPM_INSTABILITY,0.5,29,S005,85.25,14.75,WARNING,vibration,True,True
RPM_INSTABILITY,0.5,29,S005,82.69,17.31,WARNING,joint,True,True
RPM_INSTABILITY,0.75,29,S005,91.28,8.72,WARNING,vibration,True,True
RPM_INSTABILITY,0.75,29,S005,92.61,7.39,CRITICAL,vibration,True,True
RPM_INSTABILITY,1.0,29,S005,92.41,7.59,CRITICAL,vibration,True,True
RPM_INSTABILITY,1.0,29,S005,94.86,5.14,CRITICAL,vibration,True,True
COMBINED_FAULT,0.15,29,S005,74.92,25.08,WARNING,vibration,True,True
COMBINED_FAULT,0.15,29,S005,85.07,14.93,WARNING,vibration,True,True
COMBINED_FAULT,0.3,29,S005,80.73,19.27,WARNING,vibration,True,True
COMBINED_FAULT,0.3,29,S005,97.99,2.01,CRITICAL,vibration,True,True
COMBINED_FAULT,0.5,29,S005,92.12,7.88,CRITICAL,joint,True,True
COMBINED_FAULT,0.5,29,S005,98.37,1.63,CRITICAL,vibration,True,True
COMBINED_FAULT,0.75,29,S005,99.13,0.87,CRITICAL,vibration,True,True
COMBINED_FAULT,0.75,29,S005,89.08,10.92,WARNING,joint,True,True
COMBINED_FAULT,1.0,29,S005,93.3,6.7,CRITICAL,joint,True,True
COMBINED_FAULT,1.0,29,S005,98.68,1.32,CRITICAL,vibration,True,True
NORMAL,0.0,30,S005,5.99,94.01,NORMAL,temperature,False,False
BELT_SLIP,0.15,30,S005,71.28,28.72,WARNING,rpm,True,True
BELT_SLIP,0.15,30,S005,66.34,33.66,WARNING,rpm,True,True
BELT_SLIP,0.3,30,S005,68.63,31.37,WARNING,rpm,True,True
BELT_SLIP,0.3,30,S005,67.49,32.51,WARNING,rpm,True,True
BELT_SLIP,0.5,30,S005,82.51,17.49,WARNING,vibration,True,True
BELT_SLIP,0.5,30,S005,82.74,17.26,WARNING,vibration,True,True
BELT_SLIP,0.75,30,S005,94.64,5.36,CRITICAL,vibration,True,True
BELT_SLIP,0.75,30,S005,94.25,5.75,CRITICAL,vibration,True,True
BELT_SLIP,1.0,30,S005,96.31,3.69,CRITICAL,vibration,True,True
BELT_SLIP,1.0,30,S005,96.18,3.82,CRITICAL,vibration,True,True
HIGH_VIBRATION,0.15,30,S005,79.96,20.04,WARNING,vibration,True,True
HIGH_VIBRATION,0.15,30,S005,81.37,18.63,WARNING,vibration,True,True
HIGH_VIBRATION,0.3,30,S005,93.1,6.9,CRITICAL,vibration,True,True
HIGH_VIBRATION,0.3,30,S005,92.52,7.48,CRITICAL,vibration,True,True
HIGH_VIBRATION,0.5,30,S005,96.48,3.52,CRITICAL,vibration,True,True
HIGH_VIBRATION,0.5,30,S005,96.6,3.4,CRITICAL,vibration,True,True
HIGH_VIBRATION,0.75,30,S005,97.68,2.32,CRITICAL,vibration,True,True
HIGH_VIBRATION,0.75,30,S005,97.52,2.48,CRITICAL,vibration,True,True
HIGH_VIBRATION,1.0,30,S005,97.46,2.54,CRITICAL,vibration,True,True
HIGH_VIBRATION,1.0,30,S005,97.87,2.13,CRITICAL,vibration,True,True
OVERHEATING,0.15,30,S005,11.08,88.92,NORMAL,temperature,False,False
OVERHEATING,0.15,30,S005,11.02,88.98,NORMAL,temperature,False,False
OVERHEATING,0.3,30,S005,22.75,77.25,NORMAL,temperature,False,False
OVERHEATING,0.3,30,S005,22.03,77.97,NORMAL,temperature,False,False
OVERHEATING,0.5,30,S005,29.89,70.11,NORMAL,temperature,False,False
OVERHEATING,0.5,30,S005,28.08,71.92,NORMAL,temperature,False,False
OVERHEATING,0.75,30,S005,34.91,65.09,WATCH,temperature,True,False
OVERHEATING,0.75,30,S005,37.45,62.55,WATCH,temperature,True,False
OVERHEATING,1.0,30,S005,45.16,54.84,WATCH,temperature,True,False
OVERHEATING,1.0,30,S005,45.19,54.81,WATCH,temperature,True,False
RPM_INSTABILITY,0.15,30,S005,70.37,29.63,WARNING,rpm,True,True
RPM_INSTABILITY,0.15,30,S005,76.49,23.51,WARNING,rpm,True,True
RPM_INSTABILITY,0.3,30,S005,80.85,19.15,WARNING,rpm,True,True
RPM_INSTABILITY,0.3,30,S005,76.03,23.97,WARNING,rpm,True,True
RPM_INSTABILITY,0.5,30,S005,72.55,27.45,WARNING,rpm,True,True
RPM_INSTABILITY,0.5,30,S005,80.85,19.15,WARNING,rpm,True,True
RPM_INSTABILITY,0.75,30,S005,76.08,23.92,WARNING,rpm,True,True
RPM_INSTABILITY,0.75,30,S005,76.08,23.92,WARNING,rpm,True,True
RPM_INSTABILITY,1.0,30,S005,86.9,13.1,WARNING,vibration,True,True
RPM_INSTABILITY,1.0,30,S005,86.55,13.45,WARNING,vibration,True,True
COMBINED_FAULT,0.15,30,S005,61.66,38.34,WARNING,rpm,True,True
COMBINED_FAULT,0.15,30,S005,83.83,16.17,WARNING,vibration,True,True
COMBINED_FAULT,0.3,30,S005,70.28,29.72,WARNING,rpm,True,True
COMBINED_FAULT,0.3,30,S005,95.0,5.0,CRITICAL,vibration,True,True
COMBINED_FAULT,0.5,30,S005,71.26,28.74,WARNING,rpm,True,True
COMBINED_FAULT,0.5,30,S005,81.93,18.07,WARNING,joint,True,True
COMBINED_FAULT,0.75,30,S005,97.1,2.9,CRITICAL,vibration,True,True
COMBINED_FAULT,0.75,30,S005,91.27,8.73,WARNING,joint,True,True
COMBINED_FAULT,1.0,30,S005,83.23,16.77,WARNING,joint,True,True
COMBINED_FAULT,1.0,30,S005,95.23,4.77,CRITICAL,joint,True,True
NORMAL,0.0,31,S005,8.14,91.86,NORMAL,vibration,False,False
BELT_SLIP,0.15,31,S005,65.73,34.27,WARNING,rpm,True,True
BELT_SLIP,0.15,31,S005,51.3,48.7,WATCH,vibration,True,False
BELT_SLIP,0.3,31,S005,80.65,19.35,WARNING,vibration,True,True
BELT_SLIP,0.3,31,S005,79.34,20.66,WARNING,vibration,True,True
BELT_SLIP,0.5,31,S005,90.19,9.81,WARNING,vibration,True,True
BELT_SLIP,0.5,31,S005,91.21,8.79,WARNING,vibration,True,True
BELT_SLIP,0.75,31,S005,95.82,4.18,CRITICAL,vibration,True,True
BELT_SLIP,0.75,31,S005,95.42,4.58,CRITICAL,vibration,True,True
BELT_SLIP,1.0,31,S005,97.01,2.99,CRITICAL,vibration,True,True
BELT_SLIP,1.0,31,S005,96.84,3.16,CRITICAL,vibration,True,True
HIGH_VIBRATION,0.15,31,S005,85.51,14.49,WARNING,vibration,True,True
HIGH_VIBRATION,0.15,31,S005,84.98,15.02,WARNING,vibration,True,True
HIGH_VIBRATION,0.3,31,S005,94.4,5.6,CRITICAL,vibration,True,True
HIGH_VIBRATION,0.3,31,S005,93.84,6.16,CRITICAL,vibration,True,True
HIGH_VIBRATION,0.5,31,S005,96.01,3.99,CRITICAL,vibration,True,True
HIGH_VIBRATION,0.5,31,S005,96.57,3.43,CRITICAL,vibration,True,True
HIGH_VIBRATION,0.75,31,S005,97.86,2.14,CRITICAL,vibration,True,True
HIGH_VIBRATION,0.75,31,S005,97.08,2.92,CRITICAL,vibration,True,True
HIGH_VIBRATION,1.0,31,S005,97.69,2.31,CRITICAL,vibration,True,True
HIGH_VIBRATION,1.0,31,S005,98.06,1.94,CRITICAL,vibration,True,True
OVERHEATING,0.15,31,S005,8.69,91.31,NORMAL,temperature,False,False
OVERHEATING,0.15,31,S005,8.71,91.29,NORMAL,temperature,False,False
OVERHEATING,0.3,31,S005,21.92,78.08,NORMAL,temperature,False,False
OVERHEATING,0.3,31,S005,21.63,78.37,NORMAL,temperature,False,False
OVERHEATING,0.5,31,S005,26.66,73.34,NORMAL,temperature,False,False
OVERHEATING,0.5,31,S005,27.01,72.99,NORMAL,temperature,False,False
OVERHEATING,0.75,31,S005,38.38,61.62,WATCH,temperature,True,False
OVERHEATING,0.75,31,S005,37.62,62.38,WATCH,temperature,True,False
OVERHEATING,1.0,31,S005,49.56,50.44,WATCH,temperature,True,False
OVERHEATING,1.0,31,S005,47.57,52.43,WATCH,temperature,True,False
RPM_INSTABILITY,0.15,31,S005,74.02,25.98,WARNING,rpm,True,True
RPM_INSTABILITY,0.15,31,S005,63.68,36.32,WARNING,rpm,True,True
RPM_INSTABILITY,0.3,31,S005,77.18,22.82,WARNING,rpm,True,True
RPM_INSTABILITY,0.3,31,S005,71.93,28.07,WARNING,rpm,True,True
RPM_INSTABILITY,0.5,31,S005,75.81,24.19,WARNING,rpm,True,True
RPM_INSTABILITY,0.5,31,S005,77.18,22.82,WARNING,rpm,True,True
RPM_INSTABILITY,0.75,31,S005,84.16,15.84,WARNING,vibration,True,True
RPM_INSTABILITY,0.75,31,S005,84.04,15.96,WARNING,vibration,True,True
RPM_INSTABILITY,1.0,31,S005,91.3,8.7,WARNING,vibration,True,True
RPM_INSTABILITY,1.0,31,S005,91.56,8.44,WARNING,vibration,True,True
COMBINED_FAULT,0.15,31,S005,90.75,9.25,WARNING,vibration,True,True
COMBINED_FAULT,0.15,31,S005,61.82,38.18,WARNING,rpm,True,True
COMBINED_FAULT,0.3,31,S005,95.54,4.46,CRITICAL,vibration,True,True
COMBINED_FAULT,0.3,31,S005,94.14,5.86,CRITICAL,vibration,True,True
COMBINED_FAULT,0.5,31,S005,96.13,3.87,CRITICAL,vibration,True,True
COMBINED_FAULT,0.5,31,S005,95.06,4.94,CRITICAL,vibration,True,True
COMBINED_FAULT,0.75,31,S005,94.14,5.86,CRITICAL,joint,True,True
COMBINED_FAULT,0.75,31,S005,98.45,1.55,CRITICAL,vibration,True,True
COMBINED_FAULT,1.0,31,S005,97.07,2.93,CRITICAL,vibration,True,True
COMBINED_FAULT,1.0,31,S005,98.83,1.17,CRITICAL,vibration,True,True
NORMAL,0.0,32,S005,14.58,85.42,NORMAL,temperature,False,False
BELT_SLIP,0.15,32,S005,61.93,38.07,WARNING,rpm,True,True
BELT_SLIP,0.15,32,S005,64.8,35.2,WARNING,rpm,True,True
BELT_SLIP,0.3,32,S005,75.28,24.72,WARNING,vibration,True,True
BELT_SLIP,0.3,32,S005,75.4,24.6,WARNING,vibration,True,True
BELT_SLIP,0.5,32,S005,86.23,13.77,WARNING,joint,True,True
BELT_SLIP,0.5,32,S005,85.84,14.16,WARNING,joint,True,True
BELT_SLIP,0.75,32,S005,92.89,7.11,CRITICAL,vibration,True,True
BELT_SLIP,0.75,32,S005,93.96,6.04,CRITICAL,vibration,True,True
BELT_SLIP,1.0,32,S005,96.61,3.39,CRITICAL,vibration,True,True
BELT_SLIP,1.0,32,S005,95.95,4.05,CRITICAL,vibration,True,True
HIGH_VIBRATION,0.15,32,S005,77.72,22.28,WARNING,vibration,True,True
HIGH_VIBRATION,0.15,32,S005,77.71,22.29,WARNING,vibration,True,True
HIGH_VIBRATION,0.3,32,S005,93.37,6.63,CRITICAL,vibration,True,True
HIGH_VIBRATION,0.3,32,S005,93.4,6.6,CRITICAL,vibration,True,True
HIGH_VIBRATION,0.5,32,S005,96.31,3.69,CRITICAL,vibration,True,True
HIGH_VIBRATION,0.5,32,S005,96.3,3.7,CRITICAL,vibration,True,True
HIGH_VIBRATION,0.75,32,S005,97.97,2.03,CRITICAL,vibration,True,True
HIGH_VIBRATION,0.75,32,S005,97.42,2.58,CRITICAL,vibration,True,True
HIGH_VIBRATION,1.0,32,S005,97.94,2.06,CRITICAL,vibration,True,True
HIGH_VIBRATION,1.0,32,S005,98.38,1.62,CRITICAL,vibration,True,True
OVERHEATING,0.15,32,S005,19.28,80.72,NORMAL,temperature,False,False
OVERHEATING,0.15,32,S005,18.54,81.46,NORMAL,temperature,False,False
OVERHEATING,0.3,32,S005,32.23,67.77,NORMAL,temperature,False,False
OVERHEATING,0.3,32,S005,31.94,68.06,NORMAL,temperature,False,False
OVERHEATING,0.5,32,S005,38.39,61.61,WATCH,temperature,True,False
OVERHEATING,0.5,32,S005,38.39,61.61,WATCH,temperature,True,False
OVERHEATING,0.75,32,S005,44.84,55.16,WATCH,temperature,True,False
OVERHEATING,0.75,32,S005,44.98,55.02,WATCH,temperature,True,False
OVERHEATING,1.0,32,S005,51.82,48.18,WATCH,temperature,True,False
OVERHEATING,1.0,32,S005,50.93,49.07,WATCH,temperature,True,False
RPM_INSTABILITY,0.15,32,S005,77.08,22.92,WARNING,rpm,True,True
RPM_INSTABILITY,0.15,32,S005,58.35,41.65,WATCH,rpm,True,False
RPM_INSTABILITY,0.3,32,S005,77.08,22.92,WARNING,rpm,True,True
RPM_INSTABILITY,0.3,32,S005,77.18,22.82,WARNING,rpm,True,True
RPM_INSTABILITY,0.5,32,S005,77.08,22.92,WARNING,rpm,True,True
RPM_INSTABILITY,0.5,32,S005,78.81,21.19,WARNING,rpm,True,True
RPM_INSTABILITY,0.75,32,S005,81.26,18.74,WARNING,rpm,True,True
RPM_INSTABILITY,0.75,32,S005,79.43,20.57,WARNING,rpm,True,True
RPM_INSTABILITY,1.0,32,S005,87.45,12.55,WARNING,vibration,True,True
RPM_INSTABILITY,1.0,32,S005,87.0,13.0,WARNING,joint,True,True
COMBINED_FAULT,0.15,32,S005,75.92,24.08,WARNING,joint,True,True
COMBINED_FAULT,0.15,32,S005,70.63,29.37,WARNING,rpm,True,True
COMBINED_FAULT,0.3,32,S005,94.88,5.12,CRITICAL,vibration,True,True
COMBINED_FAULT,0.3,32,S005,73.14,26.86,WARNING,rpm,True,True
COMBINED_FAULT,0.5,32,S005,96.06,3.94,CRITICAL,vibration,True,True
COMBINED_FAULT,0.5,32,S005,96.02,3.98,CRITICAL,vibration,True,True
COMBINED_FAULT,0.75,32,S005,92.06,7.94,CRITICAL,joint,True,True
COMBINED_FAULT,0.75,32,S005,97.38,2.62,CRITICAL,vibration,True,True
COMBINED_FAULT,1.0,32,S005,97.59,2.41,CRITICAL,vibration,True,True
COMBINED_FAULT,1.0,32,S005,97.95,2.05,CRITICAL,vibration,True,True
NORMAL,0.0,33,S005,20.37,79.63,NORMAL,vibration,False,False
BELT_SLIP,0.15,33,S005,64.87,35.13,WARNING,rpm,True,True
BELT_SLIP,0.15,33,S005,61.0,39.0,WARNING,rpm,True,True
BELT_SLIP,0.3,33,S005,81.1,18.9,WARNING,vibration,True,True
BELT_SLIP,0.3,33,S005,81.45,18.55,WARNING,vibration,True,True
BELT_SLIP,0.5,33,S005,86.3,13.7,WARNING,vibration,True,True
BELT_SLIP,0.5,33,S005,87.32,12.68,WARNING,vibration,True,True
BELT_SLIP,0.75,33,S005,90.63,9.37,WARNING,vibration,True,True
BELT_SLIP,0.75,33,S005,91.23,8.77,WARNING,vibration,True,True
BELT_SLIP,1.0,33,S005,95.78,4.22,CRITICAL,vibration,True,True
BELT_SLIP,1.0,33,S005,93.76,6.24,CRITICAL,vibration,True,True
HIGH_VIBRATION,0.15,33,S005,74.92,25.08,WARNING,vibration,True,True
HIGH_VIBRATION,0.15,33,S005,75.33,24.67,WARNING,vibration,True,True
HIGH_VIBRATION,0.3,33,S005,85.33,14.67,WARNING,vibration,True,True
HIGH_VIBRATION,0.3,33,S005,84.43,15.57,WARNING,vibration,True,True
HIGH_VIBRATION,0.5,33,S005,90.93,9.07,WARNING,vibration,True,True
HIGH_VIBRATION,0.5,33,S005,91.49,8.51,WARNING,vibration,True,True
HIGH_VIBRATION,0.75,33,S005,95.64,4.36,CRITICAL,vibration,True,True
HIGH_VIBRATION,0.75,33,S005,96.12,3.88,CRITICAL,vibration,True,True
HIGH_VIBRATION,1.0,33,S005,97.21,2.79,CRITICAL,vibration,True,True
HIGH_VIBRATION,1.0,33,S005,97.36,2.64,CRITICAL,vibration,True,True
OVERHEATING,0.15,33,S005,20.37,79.63,NORMAL,vibration,False,False
OVERHEATING,0.15,33,S005,20.37,79.63,NORMAL,vibration,False,False
OVERHEATING,0.3,33,S005,21.21,78.79,NORMAL,joint,False,False
OVERHEATING,0.3,33,S005,21.4,78.6,NORMAL,temperature,False,False
OVERHEATING,0.5,33,S005,32.62,67.38,NORMAL,temperature,False,False
OVERHEATING,0.5,33,S005,33.11,66.89,NORMAL,temperature,False,False
OVERHEATING,0.75,33,S005,42.14,57.86,WATCH,temperature,True,False
OVERHEATING,0.75,33,S005,42.27,57.73,WATCH,temperature,True,False
OVERHEATING,1.0,33,S005,48.41,51.59,WATCH,temperature,True,False
OVERHEATING,1.0,33,S005,48.35,51.65,WATCH,temperature,True,False
RPM_INSTABILITY,0.15,33,S005,67.32,32.68,WARNING,rpm,True,True
RPM_INSTABILITY,0.15,33,S005,65.45,34.55,WARNING,rpm,True,True
RPM_INSTABILITY,0.3,33,S005,73.04,26.96,WARNING,rpm,True,True
RPM_INSTABILITY,0.3,33,S005,79.22,20.78,WARNING,rpm,True,True
RPM_INSTABILITY,0.5,33,S005,78.6,21.4,WARNING,vibration,True,True
RPM_INSTABILITY,0.5,33,S005,80.15,19.85,WARNING,rpm,True,True
RPM_INSTABILITY,0.75,33,S005,81.05,18.95,WARNING,vibration,True,True
RPM_INSTABILITY,0.75,33,S005,82.94,17.06,WARNING,vibration,True,True
RPM_INSTABILITY,1.0,33,S005,84.78,15.22,WARNING,vibration,True,True
RPM_INSTABILITY,1.0,33,S005,84.08,15.92,WARNING,vibration,True,True
COMBINED_FAULT,0.15,33,S005,67.3,32.7,WARNING,rpm,True,True
COMBINED_FAULT,0.15,33,S005,58.48,41.52,WATCH,rpm,True,False
COMBINED_FAULT,0.3,33,S005,88.72,11.28,WARNING,vibration,True,True
COMBINED_FAULT,0.3,33,S005,76.3,23.7,WARNING,joint,True,True
COMBINED_FAULT,0.5,33,S005,88.22,11.78,WARNING,joint,True,True
COMBINED_FAULT,0.5,33,S005,93.72,6.28,CRITICAL,vibration,True,True
COMBINED_FAULT,0.75,33,S005,91.71,8.29,CRITICAL,vibration,True,True
COMBINED_FAULT,0.75,33,S005,91.29,8.71,WARNING,vibration,True,True
COMBINED_FAULT,1.0,33,S005,98.65,1.35,CRITICAL,vibration,True,True
COMBINED_FAULT,1.0,33,S005,93.83,6.17,CRITICAL,joint,True,True
NORMAL,0.0,34,S005,13.81,86.19,NORMAL,vibration,False,False
BELT_SLIP,0.15,34,S005,61.28,38.72,WARNING,rpm,True,True
BELT_SLIP,0.15,34,S005,75.95,24.05,WARNING,rpm,True,True
BELT_SLIP,0.3,34,S005,75.67,24.33,WARNING,rpm,True,True
BELT_SLIP,0.3,34,S005,74.11,25.89,WARNING,rpm,True,True
BELT_SLIP,0.5,34,S005,76.33,23.67,WARNING,vibration,True,True
BELT_SLIP,0.5,34,S005,77.36,22.64,WARNING,vibration,True,True
BELT_SLIP,0.75,34,S005,88.1,11.9,WARNING,joint,True,True
BELT_SLIP,0.75,34,S005,89.15,10.85,WARNING,joint,True,True
BELT_SLIP,1.0,34,S005,91.85,8.15,CRITICAL,joint,True,True
BELT_SLIP,1.0,34,S005,93.44,6.56,CRITICAL,vibration,True,True
HIGH_VIBRATION,0.15,34,S005,67.02,32.98,WARNING,vibration,True,True
HIGH_VIBRATION,0.15,34,S005,66.68,33.32,WARNING,vibration,True,True
HIGH_VIBRATION,0.3,34,S005,82.13,17.87,WARNING,vibration,True,True
HIGH_VIBRATION,0.3,34,S005,83.65,16.35,WARNING,vibration,True,True
HIGH_VIBRATION,0.5,34,S005,94.61,5.39,CRITICAL,vibration,True,True
HIGH_VIBRATION,0.5,34,S005,94.67,5.33,CRITICAL,vibration,True,True
HIGH_VIBRATION,0.75,34,S005,97.62,2.38,CRITICAL,vibration,True,True
HIGH_VIBRATION,0.75,34,S005,97.61,2.39,CRITICAL,vibration,True,True
HIGH_VIBRATION,1.0,34,S005,98.18,1.82,CRITICAL,vibration,True,True
HIGH_VIBRATION,1.0,34,S005,97.65,2.35,CRITICAL,vibration,True,True
OVERHEATING,0.15,34,S005,13.81,86.19,NORMAL,vibration,False,False
OVERHEATING,0.15,34,S005,13.81,86.19,NORMAL,vibration,False,False
OVERHEATING,0.3,34,S005,24.15,75.85,NORMAL,temperature,False,False
OVERHEATING,0.3,34,S005,23.84,76.16,NORMAL,temperature,False,False
OVERHEATING,0.5,34,S005,38.6,61.4,WATCH,temperature,True,False
OVERHEATING,0.5,34,S005,39.7,60.3,WATCH,temperature,True,False
OVERHEATING,0.75,34,S005,56.04,43.96,WATCH,temperature,True,False
OVERHEATING,0.75,34,S005,55.02,44.98,WATCH,temperature,True,False
OVERHEATING,1.0,34,S005,69.26,30.74,WARNING,temperature,True,True
OVERHEATING,1.0,34,S005,69.61,30.39,WARNING,temperature,True,True
RPM_INSTABILITY,0.15,34,S005,65.76,34.24,WARNING,rpm,True,True
RPM_INSTABILITY,0.15,34,S005,77.77,22.23,WARNING,rpm,True,True
RPM_INSTABILITY,0.3,34,S005,76.81,23.19,WARNING,rpm,True,True
RPM_INSTABILITY,0.3,34,S005,80.97,19.03,WARNING,rpm,True,True
RPM_INSTABILITY,0.5,34,S005,74.96,25.04,WARNING,rpm,True,True
RPM_INSTABILITY,0.5,34,S005,79.14,20.86,WARNING,rpm,True,True
RPM_INSTABILITY,0.75,34,S005,80.97,19.03,WARNING,rpm,True,True
RPM_INSTABILITY,0.75,34,S005,78.97,21.03,WARNING,rpm,True,True
RPM_INSTABILITY,1.0,34,S005,76.59,23.41,WARNING,vibration,True,True
RPM_INSTABILITY,1.0,34,S005,76.09,23.91,WARNING,rpm,True,True
COMBINED_FAULT,0.15,34,S005,64.35,35.65,WARNING,rpm,True,True
COMBINED_FAULT,0.15,34,S005,71.32,28.68,WARNING,rpm,True,True
COMBINED_FAULT,0.3,34,S005,78.85,21.15,WARNING,rpm,True,True
COMBINED_FAULT,0.3,34,S005,74.38,25.62,WARNING,vibration,True,True
COMBINED_FAULT,0.5,34,S005,76.3,23.7,WARNING,rpm,True,True
COMBINED_FAULT,0.5,34,S005,92.92,7.08,CRITICAL,vibration,True,True
COMBINED_FAULT,0.75,34,S005,97.37,2.63,CRITICAL,vibration,True,True
COMBINED_FAULT,0.75,34,S005,89.91,10.09,WARNING,joint,True,True
COMBINED_FAULT,1.0,34,S005,98.61,1.39,CRITICAL,vibration,True,True
COMBINED_FAULT,1.0,34,S005,98.87,1.13,CRITICAL,vibration,True,True
NORMAL,0.0,35,S005,9.05,90.95,NORMAL,vibration,False,False
BELT_SLIP,0.15,35,S005,69.31,30.69,WARNING,rpm,True,True
BELT_SLIP,0.15,35,S005,73.39,26.61,WARNING,rpm,True,True
BELT_SLIP,0.3,35,S005,72.65,27.35,WARNING,rpm,True,True
BELT_SLIP,0.3,35,S005,70.36,29.64,WARNING,rpm,True,True
BELT_SLIP,0.5,35,S005,81.81,18.19,WARNING,rpm,True,True
BELT_SLIP,0.5,35,S005,73.73,26.27,WARNING,rpm,True,True
BELT_SLIP,0.75,35,S005,74.5,25.5,WARNING,joint,True,True
BELT_SLIP,0.75,35,S005,80.59,19.41,WARNING,joint,True,True
BELT_SLIP,1.0,35,S005,89.49,10.51,WARNING,joint,True,True
BELT_SLIP,1.0,35,S005,90.21,9.79,WARNING,joint,True,True
HIGH_VIBRATION,0.15,35,S005,36.24,63.76,WATCH,vibration,True,False
HIGH_VIBRATION,0.15,35,S005,36.18,63.82,WATCH,vibration,True,False
HIGH_VIBRATION,0.3,35,S005,71.77,28.23,WARNING,vibration,True,True
HIGH_VIBRATION,0.3,35,S005,72.25,27.75,WARNING,vibration,True,True
HIGH_VIBRATION,0.5,35,S005,95.54,4.46,CRITICAL,vibration,True,True
HIGH_VIBRATION,0.5,35,S005,95.56,4.44,CRITICAL,vibration,True,True
HIGH_VIBRATION,0.75,35,S005,97.46,2.54,CRITICAL,vibration,True,True
HIGH_VIBRATION,0.75,35,S005,97.44,2.56,CRITICAL,vibration,True,True
HIGH_VIBRATION,1.0,35,S005,97.92,2.08,CRITICAL,vibration,True,True
HIGH_VIBRATION,1.0,35,S005,97.78,2.22,CRITICAL,vibration,True,True
OVERHEATING,0.15,35,S005,11.7,88.3,NORMAL,temperature,False,False
OVERHEATING,0.15,35,S005,12.01,87.99,NORMAL,temperature,False,False
OVERHEATING,0.3,35,S005,29.67,70.33,NORMAL,temperature,False,False
OVERHEATING,0.3,35,S005,29.67,70.33,NORMAL,temperature,False,False
OVERHEATING,0.5,35,S005,38.2,61.8,WATCH,temperature,True,False
OVERHEATING,0.5,35,S005,39.3,60.7,WATCH,temperature,True,False
OVERHEATING,0.75,35,S005,53.51,46.49,WATCH,temperature,True,False
OVERHEATING,0.75,35,S005,54.05,45.95,WATCH,temperature,True,False
OVERHEATING,1.0,35,S005,58.01,41.99,WATCH,temperature,True,False
OVERHEATING,1.0,35,S005,57.49,42.51,WATCH,temperature,True,False
RPM_INSTABILITY,0.15,35,S005,71.34,28.66,WARNING,rpm,True,True
RPM_INSTABILITY,0.15,35,S005,65.97,34.03,WARNING,rpm,True,True
RPM_INSTABILITY,0.3,35,S005,80.05,19.95,WARNING,rpm,True,True
RPM_INSTABILITY,0.3,35,S005,64.7,35.3,WARNING,rpm,True,True
RPM_INSTABILITY,0.5,35,S005,78.39,21.61,WARNING,rpm,True,True
RPM_INSTABILITY,0.5,35,S005,80.22,19.78,WARNING,rpm,True,True
RPM_INSTABILITY,0.75,35,S005,75.75,24.25,WARNING,rpm,True,True
RPM_INSTABILITY,0.75,35,S005,74.3,25.7,WARNING,rpm,True,True
RPM_INSTABILITY,1.0,35,S005,80.17,19.83,WARNING,rpm,True,True
RPM_INSTABILITY,1.0,35,S005,80.15,19.85,WARNING,rpm,True,True
COMBINED_FAULT,0.15,35,S005,77.37,22.63,WARNING,rpm,True,True
COMBINED_FAULT,0.15,35,S005,55.23,44.77,WATCH,rpm,True,False
COMBINED_FAULT,0.3,35,S005,42.39,57.61,WATCH,vibration,True,False
COMBINED_FAULT,0.3,35,S005,69.38,30.62,WARNING,rpm,True,True
COMBINED_FAULT,0.5,35,S005,95.59,4.41,CRITICAL,vibration,True,True
COMBINED_FAULT,0.5,35,S005,96.97,3.03,CRITICAL,vibration,True,True
COMBINED_FAULT,0.75,35,S005,74.74,25.26,WARNING,rpm,True,True
COMBINED_FAULT,0.75,35,S005,95.94,4.06,CRITICAL,vibration,True,True
COMBINED_FAULT,1.0,35,S005,98.71,1.29,CRITICAL,vibration,True,True
COMBINED_FAULT,1.0,35,S005,97.46,2.54,CRITICAL,vibration,True,True
NORMAL,0.0,36,S005,9.34,90.66,NORMAL,vibration,False,False
BELT_SLIP,0.15,36,S005,71.88,28.12,WARNING,rpm,True,True
BELT_SLIP,0.15,36,S005,71.0,29.0,WARNING,rpm,True,True
BELT_SLIP,0.3,36,S005,75.84,24.16,WARNING,rpm,True,True
BELT_SLIP,0.3,36,S005,70.38,29.62,WARNING,rpm,True,True
BELT_SLIP,0.5,36,S005,73.92,26.08,WARNING,rpm,True,True
BELT_SLIP,0.5,36,S005,78.94,21.06,WARNING,rpm,True,True
BELT_SLIP,0.75,36,S005,75.89,24.11,WARNING,joint,True,True
BELT_SLIP,0.75,36,S005,80.77,19.23,WARNING,joint,True,True
BELT_SLIP,1.0,36,S005,85.76,14.24,WARNING,joint,True,True
BELT_SLIP,1.0,36,S005,87.4,12.6,WARNING,joint,True,True
HIGH_VIBRATION,0.15,36,S005,33.16,66.84,NORMAL,vibration,False,False
HIGH_VIBRATION,0.15,36,S005,31.88,68.12,NORMAL,vibration,False,False
HIGH_VIBRATION,0.3,36,S005,57.59,42.41,WATCH,vibration,True,False
HIGH_VIBRATION,0.3,36,S005,64.41,35.59,WARNING,vibration,True,True
HIGH_VIBRATION,0.5,36,S005,94.9,5.1,CRITICAL,vibration,True,True
HIGH_VIBRATION,0.5,36,S005,95.03,4.97,CRITICAL,vibration,True,True
HIGH_VIBRATION,0.75,36,S005,97.69,2.31,CRITICAL,vibration,True,True
HIGH_VIBRATION,0.75,36,S005,97.62,2.38,CRITICAL,vibration,True,True
HIGH_VIBRATION,1.0,36,S005,98.23,1.77,CRITICAL,vibration,True,True
HIGH_VIBRATION,1.0,36,S005,97.78,2.22,CRITICAL,vibration,True,True
OVERHEATING,0.15,36,S005,9.52,90.48,NORMAL,temperature,False,False
OVERHEATING,0.15,36,S005,9.69,90.31,NORMAL,temperature,False,False
OVERHEATING,0.3,36,S005,23.97,76.03,NORMAL,temperature,False,False
OVERHEATING,0.3,36,S005,23.71,76.29,NORMAL,temperature,False,False
OVERHEATING,0.5,36,S005,33.19,66.81,NORMAL,temperature,False,False
OVERHEATING,0.5,36,S005,33.04,66.96,NORMAL,temperature,False,False
OVERHEATING,0.75,36,S005,52.77,47.23,WATCH,temperature,True,False
OVERHEATING,0.75,36,S005,51.71,48.29,WATCH,temperature,True,False
OVERHEATING,1.0,36,S005,59.74,40.26,WATCH,temperature,True,False
OVERHEATING,1.0,36,S005,59.01,40.99,WATCH,temperature,True,False
RPM_INSTABILITY,0.15,36,S005,66.92,33.08,WARNING,rpm,True,True
RPM_INSTABILITY,0.15,36,S005,70.38,29.62,WARNING,rpm,True,True
RPM_INSTABILITY,0.3,36,S005,69.8,30.2,WARNING,rpm,True,True
RPM_INSTABILITY,0.3,36,S005,67.31,32.69,WARNING,rpm,True,True
RPM_INSTABILITY,0.5,36,S005,79.75,20.25,WARNING,rpm,True,True
RPM_INSTABILITY,0.5,36,S005,74.01,25.99,WARNING,rpm,True,True
RPM_INSTABILITY,0.75,36,S005,62.77,37.23,WARNING,rpm,True,True
RPM_INSTABILITY,0.75,36,S005,75.58,24.42,WARNING,rpm,True,True
RPM_INSTABILITY,1.0,36,S005,75.79,24.21,WARNING,rpm,True,True
RPM_INSTABILITY,1.0,36,S005,77.65,22.35,WARNING,rpm,True,True
COMBINED_FAULT,0.15,36,S005,68.69,31.31,WARNING,rpm,True,True
COMBINED_FAULT,0.15,36,S005,60.47,39.53,WATCH,rpm,True,False
COMBINED_FAULT,0.3,36,S005,75.65,24.35,WARNING,vibration,True,True
COMBINED_FAULT,0.3,36,S005,75.66,24.34,WARNING,rpm,True,True
COMBINED_FAULT,0.5,36,S005,93.79,6.21,CRITICAL,vibration,True,True
COMBINED_FAULT,0.5,36,S005,97.38,2.62,CRITICAL,vibration,True,True
COMBINED_FAULT,0.75,36,S005,95.93,4.07,CRITICAL,vibration,True,True
COMBINED_FAULT,0.75,36,S005,79.91,20.09,WARNING,joint,True,True
COMBINED_FAULT,1.0,36,S005,97.4,2.6,CRITICAL,vibration,True,True
COMBINED_FAULT,1.0,36,S005,98.0,2.0,CRITICAL,vibration,True,True
NORMAL,0.0,37,S005,4.1,95.9,NORMAL,temperature,False,False
BELT_SLIP,0.15,37,S005,71.38,28.62,WARNING,rpm,True,True
BELT_SLIP,0.15,37,S005,62.53,37.47,WARNING,rpm,True,True
BELT_SLIP,0.3,37,S005,75.07,24.93,WARNING,rpm,True,True
BELT_SLIP,0.3,37,S005,76.42,23.58,WARNING,rpm,True,True
BELT_SLIP,0.5,37,S005,83.55,16.45,WARNING,vibration,True,True
BELT_SLIP,0.5,37,S005,83.39,16.61,WARNING,vibration,True,True
BELT_SLIP,0.75,37,S005,94.58,5.42,CRITICAL,vibration,True,True
BELT_SLIP,0.75,37,S005,94.03,5.97,CRITICAL,vibration,True,True
BELT_SLIP,1.0,37,S005,96.35,3.65,CRITICAL,vibration,True,True
BELT_SLIP,1.0,37,S005,97.66,2.34,CRITICAL,vibration,True,True
HIGH_VIBRATION,0.15,37,S005,65.42,34.58,WARNING,vibration,True,True
HIGH_VIBRATION,0.15,37,S005,65.26,34.74,WARNING,vibration,True,True
HIGH_VIBRATION,0.3,37,S005,94.19,5.81,CRITICAL,vibration,True,True
HIGH_VIBRATION,0.3,37,S005,94.36,5.64,CRITICAL,vibration,True,True
HIGH_VIBRATION,0.5,37,S005,97.82,2.18,CRITICAL,vibration,True,True
HIGH_VIBRATION,0.5,37,S005,97.69,2.31,CRITICAL,vibration,True,True
HIGH_VIBRATION,0.75,37,S005,98.54,1.46,CRITICAL,vibration,True,True
HIGH_VIBRATION,0.75,37,S005,98.53,1.47,CRITICAL,vibration,True,True
HIGH_VIBRATION,1.0,37,S005,98.56,1.44,CRITICAL,vibration,True,True
HIGH_VIBRATION,1.0,37,S005,98.62,1.38,CRITICAL,vibration,True,True
OVERHEATING,0.15,37,S005,6.69,93.31,NORMAL,temperature,False,False
OVERHEATING,0.15,37,S005,6.76,93.24,NORMAL,temperature,False,False
OVERHEATING,0.3,37,S005,15.63,84.37,NORMAL,temperature,False,False
OVERHEATING,0.3,37,S005,17.87,82.13,NORMAL,temperature,False,False
OVERHEATING,0.5,37,S005,20.33,79.67,NORMAL,temperature,False,False
OVERHEATING,0.5,37,S005,19.76,80.24,NORMAL,temperature,False,False
OVERHEATING,0.75,37,S005,27.76,72.24,NORMAL,temperature,False,False
OVERHEATING,0.75,37,S005,27.53,72.47,NORMAL,temperature,False,False
OVERHEATING,1.0,37,S005,34.76,65.24,NORMAL,temperature,False,False
OVERHEATING,1.0,37,S005,35.38,64.62,WATCH,temperature,True,False
RPM_INSTABILITY,0.15,37,S005,63.99,36.01,WARNING,rpm,True,True
RPM_INSTABILITY,0.15,37,S005,63.1,36.9,WARNING,rpm,True,True
RPM_INSTABILITY,0.3,37,S005,68.6,31.4,WARNING,rpm,True,True
RPM_INSTABILITY,0.3,37,S005,70.72,29.28,WARNING,rpm,True,True
RPM_INSTABILITY,0.5,37,S005,75.96,24.04,WARNING,rpm,True,True
RPM_INSTABILITY,0.5,37,S005,64.21,35.79,WARNING,rpm,True,True
RPM_INSTABILITY,0.75,37,S005,72.56,27.44,WARNING,rpm,True,True
RPM_INSTABILITY,0.75,37,S005,78.41,21.59,WARNING,rpm,True,True
RPM_INSTABILITY,1.0,37,S005,82.99,17.01,WARNING,vibration,True,True
RPM_INSTABILITY,1.0,37,S005,86.05,13.95,WARNING,vibration,True,True
COMBINED_FAULT,0.15,37,S005,71.21,28.79,WARNING,rpm,True,True
COMBINED_FAULT,0.15,37,S005,71.19,28.81,WARNING,rpm,True,True
COMBINED_FAULT,0.3,37,S005,76.22,23.78,WARNING,rpm,True,True
COMBINED_FAULT,0.3,37,S005,92.21,7.79,CRITICAL,vibration,True,True
COMBINED_FAULT,0.5,37,S005,78.43,21.57,WARNING,joint,True,True
COMBINED_FAULT,0.5,37,S005,97.43,2.57,CRITICAL,vibration,True,True
COMBINED_FAULT,0.75,37,S005,98.74,1.26,CRITICAL,vibration,True,True
COMBINED_FAULT,0.75,37,S005,98.85,1.15,CRITICAL,vibration,True,True
COMBINED_FAULT,1.0,37,S005,99.04,0.96,CRITICAL,vibration,True,True
COMBINED_FAULT,1.0,37,S005,80.51,19.49,WARNING,joint,True,True
NORMAL,0.0,38,S005,3.57,96.43,NORMAL,rpm,False,False
BELT_SLIP,0.15,38,S005,47.41,52.59,WATCH,rpm,True,False
BELT_SLIP,0.15,38,S005,73.42,26.58,WARNING,rpm,True,True
BELT_SLIP,0.3,38,S005,69.66,30.34,WARNING,rpm,True,True
BELT_SLIP,0.3,38,S005,77.65,22.35,WARNING,rpm,True,True
BELT_SLIP,0.5,38,S005,89.04,10.96,WARNING,vibration,True,True
BELT_SLIP,0.5,38,S005,88.7,11.3,WARNING,vibration,True,True
BELT_SLIP,0.75,38,S005,95.86,4.14,CRITICAL,vibration,True,True
BELT_SLIP,0.75,38,S005,96.15,3.85,CRITICAL,vibration,True,True
BELT_SLIP,1.0,38,S005,97.51,2.49,CRITICAL,vibration,True,True
BELT_SLIP,1.0,38,S005,97.6,2.4,CRITICAL,vibration,True,True
HIGH_VIBRATION,0.15,38,S005,77.57,22.43,WARNING,vibration,True,True
HIGH_VIBRATION,0.15,38,S005,76.69,23.31,WARNING,vibration,True,True
HIGH_VIBRATION,0.3,38,S005,94.95,5.05,CRITICAL,vibration,True,True
HIGH_VIBRATION,0.3,38,S005,94.91,5.09,CRITICAL,vibration,True,True
HIGH_VIBRATION,0.5,38,S005,97.74,2.26,CRITICAL,vibration,True,True
HIGH_VIBRATION,0.5,38,S005,97.75,2.25,CRITICAL,vibration,True,True
HIGH_VIBRATION,0.75,38,S005,98.46,1.54,CRITICAL,vibration,True,True
HIGH_VIBRATION,0.75,38,S005,98.34,1.66,CRITICAL,vibration,True,True
HIGH_VIBRATION,1.0,38,S005,98.7,1.3,CRITICAL,vibration,True,True
HIGH_VIBRATION,1.0,38,S005,98.63,1.37,CRITICAL,vibration,True,True
OVERHEATING,0.15,38,S005,5.35,94.65,NORMAL,temperature,False,False
OVERHEATING,0.15,38,S005,5.33,94.67,NORMAL,temperature,False,False
OVERHEATING,0.3,38,S005,15.44,84.56,NORMAL,temperature,False,False
OVERHEATING,0.3,38,S005,15.03,84.97,NORMAL,temperature,False,False
OVERHEATING,0.5,38,S005,24.09,75.91,NORMAL,temperature,False,False
OVERHEATING,0.5,38,S005,23.12,76.88,NORMAL,temperature,False,False
OVERHEATING,0.75,38,S005,30.42,69.58,NORMAL,temperature,False,False
OVERHEATING,0.75,38,S005,30.21,69.79,NORMAL,temperature,False,False
OVERHEATING,1.0,38,S005,42.6,57.4,WATCH,temperature,True,False
OVERHEATING,1.0,38,S005,41.16,58.84,WATCH,temperature,True,False
RPM_INSTABILITY,0.15,38,S005,71.7,28.3,WARNING,rpm,True,True
RPM_INSTABILITY,0.15,38,S005,65.4,34.6,WARNING,rpm,True,True
RPM_INSTABILITY,0.3,38,S005,75.22,24.78,WARNING,rpm,True,True
RPM_INSTABILITY,0.3,38,S005,73.45,26.55,WARNING,rpm,True,True
RPM_INSTABILITY,0.5,38,S005,73.56,26.44,WARNING,rpm,True,True
RPM_INSTABILITY,0.5,38,S005,77.6,22.4,WARNING,rpm,True,True
RPM_INSTABILITY,0.75,38,S005,80.17,19.83,WARNING,rpm,True,True
RPM_INSTABILITY,0.75,38,S005,77.5,22.5,WARNING,vibration,True,True
RPM_INSTABILITY,1.0,38,S005,88.83,11.17,WARNING,vibration,True,True
RPM_INSTABILITY,1.0,38,S005,90.18,9.82,WARNING,vibration,True,True
COMBINED_FAULT,0.15,38,S005,58.67,41.33,WATCH,rpm,True,False
COMBINED_FAULT,0.15,38,S005,85.4,14.6,WARNING,vibration,True,True
COMBINED_FAULT,0.3,38,S005,90.16,9.84,WARNING,vibration,True,True
COMBINED_FAULT,0.3,38,S005,90.08,9.92,WARNING,vibration,True,True
COMBINED_FAULT,0.5,38,S005,62.66,37.34,WARNING,rpm,True,True
COMBINED_FAULT,0.5,38,S005,91.51,8.49,WARNING,vibration,True,True
COMBINED_FAULT,0.75,38,S005,98.54,1.46,CRITICAL,vibration,True,True
COMBINED_FAULT,0.75,38,S005,97.99,2.01,CRITICAL,vibration,True,True
COMBINED_FAULT,1.0,38,S005,99.04,0.96,CRITICAL,vibration,True,True
COMBINED_FAULT,1.0,38,S005,98.82,1.18,CRITICAL,vibration,True,True
NORMAL,0.0,39,S005,4.42,95.58,NORMAL,temperature,False,False
BELT_SLIP,0.15,39,S005,60.95,39.05,WARNING,rpm,True,True
BELT_SLIP,0.15,39,S005,69.49,30.51,WARNING,rpm,True,True
BELT_SLIP,0.3,39,S005,87.19,12.81,WARNING,vibration,True,True
BELT_SLIP,0.3,39,S005,86.94,13.06,WARNING,vibration,True,True
BELT_SLIP,0.5,39,S005,96.0,4.0,CRITICAL,vibration,True,True
BELT_SLIP,0.5,39,S005,95.84,4.16,CRITICAL,vibration,True,True
BELT_SLIP,0.75,39,S005,97.17,2.83,CRITICAL,vibration,True,True
BELT_SLIP,0.75,39,S005,97.97,2.03,CRITICAL,vibration,True,True
BELT_SLIP,1.0,39,S005,98.48,1.52,CRITICAL,vibration,True,True
BELT_SLIP,1.0,39,S005,98.47,1.53,CRITICAL,vibration,True,True
HIGH_VIBRATION,0.15,39,S005,86.83,13.17,WARNING,vibration,True,True
HIGH_VIBRATION,0.15,39,S005,87.27,12.73,WARNING,vibration,True,True
HIGH_VIBRATION,0.3,39,S005,95.96,4.04,CRITICAL,vibration,True,True
HIGH_VIBRATION,0.3,39,S005,95.78,4.22,CRITICAL,vibration,True,True
HIGH_VIBRATION,0.5,39,S005,98.18,1.82,CRITICAL,vibration,True,True
HIGH_VIBRATION,0.5,39,S005,98.04,1.96,CRITICAL,vibration,True,True
HIGH_VIBRATION,0.75,39,S005,98.47,1.53,CRITICAL,vibration,True,True
HIGH_VIBRATION,0.75,39,S005,98.61,1.39,CRITICAL,vibration,True,True
HIGH_VIBRATION,1.0,39,S005,98.75,1.25,CRITICAL,vibration,True,True
HIGH_VIBRATION,1.0,39,S005,98.66,1.34,CRITICAL,vibration,True,True
OVERHEATING,0.15,39,S005,9.94,90.06,NORMAL,temperature,False,False
OVERHEATING,0.15,39,S005,9.87,90.13,NORMAL,temperature,False,False
OVERHEATING,0.3,39,S005,27.64,72.36,NORMAL,temperature,False,False
OVERHEATING,0.3,39,S005,26.82,73.18,NORMAL,temperature,False,False
OVERHEATING,0.5,39,S005,44.77,55.23,WATCH,temperature,True,False
OVERHEATING,0.5,39,S005,44.4,55.6,WATCH,temperature,True,False
OVERHEATING,0.75,39,S005,59.85,40.15,WATCH,temperature,True,False
OVERHEATING,0.75,39,S005,57.72,42.28,WATCH,temperature,True,False
OVERHEATING,1.0,39,S005,69.72,30.28,WARNING,temperature,True,True
OVERHEATING,1.0,39,S005,69.33,30.67,WARNING,temperature,True,True
RPM_INSTABILITY,0.15,39,S005,69.71,30.29,WARNING,rpm,True,True
RPM_INSTABILITY,0.15,39,S005,68.46,31.54,WARNING,rpm,True,True
RPM_INSTABILITY,0.3,39,S005,65.53,34.47,WARNING,rpm,True,True
RPM_INSTABILITY,0.3,39,S005,76.22,23.78,WARNING,rpm,True,True
RPM_INSTABILITY,0.5,39,S005,74.77,25.23,WARNING,rpm,True,True
RPM_INSTABILITY,0.5,39,S005,73.97,26.03,WARNING,rpm,True,True
RPM_INSTABILITY,0.75,39,S005,91.85,8.15,CRITICAL,vibration,True,True
RPM_INSTABILITY,0.75,39,S005,91.85,8.15,CRITICAL,vibration,True,True
RPM_INSTABILITY,1.0,39,S005,94.49,5.51,CRITICAL,vibration,True,True
RPM_INSTABILITY,1.0,39,S005,95.39,4.61,CRITICAL,vibration,True,True
COMBINED_FAULT,0.15,39,S005,93.19,6.81,CRITICAL,vibration,True,True
COMBINED_FAULT,0.15,39,S005,93.22,6.78,CRITICAL,vibration,True,True
COMBINED_FAULT,0.3,39,S005,98.15,1.85,CRITICAL,vibration,True,True
COMBINED_FAULT,0.3,39,S005,95.92,4.08,CRITICAL,vibration,True,True
COMBINED_FAULT,0.5,39,S005,98.77,1.23,CRITICAL,vibration,True,True
COMBINED_FAULT,0.5,39,S005,96.6,3.4,CRITICAL,vibration,True,True
COMBINED_FAULT,0.75,39,S005,98.06,1.94,CRITICAL,vibration,True,True
COMBINED_FAULT,0.75,39,S005,99.06,0.94,CRITICAL,vibration,True,True
COMBINED_FAULT,1.0,39,S005,93.9,6.1,CRITICAL,joint,True,True
COMBINED_FAULT,1.0,39,S005,99.13,0.87,CRITICAL,vibration,True,True
NORMAL,0.0,40,S005,6.22,93.78,NORMAL,rpm,False,False
BELT_SLIP,0.15,40,S005,72.17,27.83,WARNING,rpm,True,True
BELT_SLIP,0.15,40,S005,65.1,34.9,WARNING,rpm,True,True
BELT_SLIP,0.3,40,S005,89.64,10.36,WARNING,vibration,True,True
BELT_SLIP,0.3,40,S005,89.53,10.47,WARNING,vibration,True,True
BELT_SLIP,0.5,40,S005,95.22,4.78,CRITICAL,vibration,True,True
BELT_SLIP,0.5,40,S005,95.39,4.61,CRITICAL,vibration,True,True
BELT_SLIP,0.75,40,S005,97.37,2.63,CRITICAL,vibration,True,True
BELT_SLIP,0.75,40,S005,97.12,2.88,CRITICAL,vibration,True,True
BELT_SLIP,1.0,40,S005,98.38,1.62,CRITICAL,vibration,True,True
BELT_SLIP,1.0,40,S005,97.77,2.23,CRITICAL,vibration,True,True
HIGH_VIBRATION,0.15,40,S005,85.27,14.73,WARNING,vibration,True,True
HIGH_VIBRATION,0.15,40,S005,85.33,14.67,WARNING,vibration,True,True
HIGH_VIBRATION,0.3,40,S005,94.04,5.96,CRITICAL,vibration,True,True
HIGH_VIBRATION,0.3,40,S005,93.41,6.59,CRITICAL,vibration,True,True
HIGH_VIBRATION,0.5,40,S005,97.33,2.67,CRITICAL,vibration,True,True
HIGH_VIBRATION,0.5,40,S005,97.22,2.78,CRITICAL,vibration,True,True
HIGH_VIBRATION,0.75,40,S005,98.18,1.82,CRITICAL,vibration,True,True
HIGH_VIBRATION,0.75,40,S005,97.86,2.14,CRITICAL,vibration,True,True
HIGH_VIBRATION,1.0,40,S005,98.47,1.53,CRITICAL,vibration,True,True
HIGH_VIBRATION,1.0,40,S005,98.26,1.74,CRITICAL,vibration,True,True
OVERHEATING,0.15,40,S005,7.8,92.2,NORMAL,temperature,False,False
OVERHEATING,0.15,40,S005,7.82,92.18,NORMAL,temperature,False,False
OVERHEATING,0.3,40,S005,21.81,78.19,NORMAL,temperature,False,False
OVERHEATING,0.3,40,S005,21.96,78.04,NORMAL,temperature,False,False
OVERHEATING,0.5,40,S005,38.34,61.66,WATCH,temperature,True,False
OVERHEATING,0.5,40,S005,40.9,59.1,WATCH,temperature,True,False
OVERHEATING,0.75,40,S005,56.8,43.2,WATCH,temperature,True,False
OVERHEATING,0.75,40,S005,56.25,43.75,WATCH,temperature,True,False
OVERHEATING,1.0,40,S005,69.83,30.17,WARNING,temperature,True,True
OVERHEATING,1.0,40,S005,67.1,32.9,WARNING,temperature,True,True
RPM_INSTABILITY,0.15,40,S005,80.97,19.03,WARNING,rpm,True,True
RPM_INSTABILITY,0.15,40,S005,74.22,25.78,WARNING,rpm,True,True
RPM_INSTABILITY,0.3,40,S005,74.86,25.14,WARNING,rpm,True,True
RPM_INSTABILITY,0.3,40,S005,67.54,32.46,WARNING,rpm,True,True
RPM_INSTABILITY,0.5,40,S005,80.97,19.03,WARNING,rpm,True,True
RPM_INSTABILITY,0.5,40,S005,78.68,21.32,WARNING,rpm,True,True
RPM_INSTABILITY,0.75,40,S005,90.78,9.22,WARNING,vibration,True,True
RPM_INSTABILITY,0.75,40,S005,92.23,7.77,CRITICAL,vibration,True,True
RPM_INSTABILITY,1.0,40,S005,94.35,5.65,CRITICAL,vibration,True,True
RPM_INSTABILITY,1.0,40,S005,95.26,4.74,CRITICAL,vibration,True,True
COMBINED_FAULT,0.15,40,S005,41.57,58.43,WATCH,rpm,True,False
COMBINED_FAULT,0.15,40,S005,73.77,26.23,WARNING,rpm,True,True
COMBINED_FAULT,0.3,40,S005,93.82,6.18,CRITICAL,vibration,True,True
COMBINED_FAULT,0.3,40,S005,71.59,28.41,WARNING,rpm,True,True
COMBINED_FAULT,0.5,40,S005,93.4,6.6,CRITICAL,joint,True,True
COMBINED_FAULT,0.5,40,S005,97.79,2.21,CRITICAL,vibration,True,True
COMBINED_FAULT,0.75,40,S005,89.87,10.13,WARNING,joint,True,True
COMBINED_FAULT,0.75,40,S005,98.18,1.82,CRITICAL,vibration,True,True
COMBINED_FAULT,1.0,40,S005,98.07,1.93,CRITICAL,joint,True,True
COMBINED_FAULT,1.0,40,S005,98.67,1.33,CRITICAL,vibration,True,True
NORMAL,0.0,41,S005,6.8,93.2,NORMAL,rpm,False,False
BELT_SLIP,0.15,41,S005,65.62,34.38,WARNING,vibration,True,True
BELT_SLIP,0.15,41,S005,65.92,34.08,WARNING,rpm,True,True
BELT_SLIP,0.3,41,S005,88.45,11.55,WARNING,vibration,True,True
BELT_SLIP,0.3,41,S005,88.72,11.28,WARNING,vibration,True,True
BELT_SLIP,0.5,41,S005,94.11,5.89,CRITICAL,vibration,True,True
BELT_SLIP,0.5,41,S005,93.82,6.18,CRITICAL,vibration,True,True
BELT_SLIP,0.75,41,S005,96.46,3.54,CRITICAL,vibration,True,True
BELT_SLIP,0.75,41,S005,96.34,3.66,CRITICAL,vibration,True,True
BELT_SLIP,1.0,41,S005,97.93,2.07,CRITICAL,vibration,True,True
BELT_SLIP,1.0,41,S005,97.91,2.09,CRITICAL,vibration,True,True
HIGH_VIBRATION,0.15,41,S005,84.16,15.84,WARNING,vibration,True,True
HIGH_VIBRATION,0.15,41,S005,84.11,15.89,WARNING,vibration,True,True
HIGH_VIBRATION,0.3,41,S005,92.75,7.25,CRITICAL,vibration,True,True
HIGH_VIBRATION,0.3,41,S005,93.21,6.79,CRITICAL,vibration,True,True
HIGH_VIBRATION,0.5,41,S005,96.8,3.2,CRITICAL,vibration,True,True
HIGH_VIBRATION,0.5,41,S005,96.85,3.15,CRITICAL,vibration,True,True
HIGH_VIBRATION,0.75,41,S005,97.78,2.22,CRITICAL,vibration,True,True
HIGH_VIBRATION,0.75,41,S005,97.51,2.49,CRITICAL,vibration,True,True
HIGH_VIBRATION,1.0,41,S005,98.04,1.96,CRITICAL,vibration,True,True
HIGH_VIBRATION,1.0,41,S005,98.22,1.78,CRITICAL,vibration,True,True
OVERHEATING,0.15,41,S005,7.25,92.75,NORMAL,temperature,False,False
OVERHEATING,0.15,41,S005,7.13,92.87,NORMAL,temperature,False,False
OVERHEATING,0.3,41,S005,19.12,80.88,NORMAL,temperature,False,False
OVERHEATING,0.3,41,S005,18.74,81.26,NORMAL,temperature,False,False
OVERHEATING,0.5,41,S005,22.44,77.56,NORMAL,temperature,False,False
OVERHEATING,0.5,41,S005,21.98,78.02,NORMAL,temperature,False,False
OVERHEATING,0.75,41,S005,32.33,67.67,NORMAL,temperature,False,False
OVERHEATING,0.75,41,S005,32.66,67.34,NORMAL,temperature,False,False
OVERHEATING,1.0,41,S005,48.08,51.92,WATCH,temperature,True,False
OVERHEATING,1.0,41,S005,46.27,53.73,WATCH,temperature,True,False
RPM_INSTABILITY,0.15,41,S005,76.43,23.57,WARNING,rpm,True,True
RPM_INSTABILITY,0.15,41,S005,76.43,23.57,WARNING,rpm,True,True
RPM_INSTABILITY,0.3,41,S005,71.13,28.87,WARNING,rpm,True,True
RPM_INSTABILITY,0.3,41,S005,69.72,30.28,WARNING,rpm,True,True
RPM_INSTABILITY,0.5,41,S005,77.67,22.33,WARNING,vibration,True,True
RPM_INSTABILITY,0.5,41,S005,79.0,21.0,WARNING,rpm,True,True
RPM_INSTABILITY,0.75,41,S005,89.08,10.92,WARNING,vibration,True,True
RPM_INSTABILITY,0.75,41,S005,88.65,11.35,WARNING,vibration,True,True
RPM_INSTABILITY,1.0,41,S005,94.6,5.4,CRITICAL,vibration,True,True
RPM_INSTABILITY,1.0,41,S005,94.49,5.51,CRITICAL,vibration,True,True
COMBINED_FAULT,0.15,41,S005,76.35,23.65,WARNING,vibration,True,True
COMBINED_FAULT,0.15,41,S005,76.23,23.77,WARNING,vibration,True,True
COMBINED_FAULT,0.3,41,S005,96.48,3.52,CRITICAL,vibration,True,True
COMBINED_FAULT,0.3,41,S005,75.43,24.57,WARNING,rpm,True,True
COMBINED_FAULT,0.5,41,S005,94.73,5.27,CRITICAL,vibration,True,True
COMBINED_FAULT,0.5,41,S005,94.34,5.66,CRITICAL,vibration,True,True
COMBINED_FAULT,0.75,41,S005,96.86,3.14,CRITICAL,vibration,True,True
COMBINED_FAULT,0.75,41,S005,96.78,3.22,CRITICAL,vibration,True,True
COMBINED_FAULT,1.0,41,S005,98.27,1.73,CRITICAL,vibration,True,True
COMBINED_FAULT,1.0,41,S005,97.51,2.49,CRITICAL,joint,True,True
NORMAL,0.0,42,S005,6.4,93.6,NORMAL,vibration,False,False
BELT_SLIP,0.15,42,S005,67.72,32.28,WARNING,vibration,True,True
BELT_SLIP,0.15,42,S005,68.35,31.65,WARNING,vibration,True,True
BELT_SLIP,0.3,42,S005,86.94,13.06,WARNING,vibration,True,True
BELT_SLIP,0.3,42,S005,87.27,12.73,WARNING,vibration,True,True
BELT_SLIP,0.5,42,S005,93.87,6.13,CRITICAL,vibration,True,True
BELT_SLIP,0.5,42,S005,93.57,6.43,CRITICAL,vibration,True,True
BELT_SLIP,0.75,42,S005,97.25,2.75,CRITICAL,vibration,True,True
BELT_SLIP,0.75,42,S005,97.2,2.8,CRITICAL,vibration,True,True
BELT_SLIP,1.0,42,S005,97.64,2.36,CRITICAL,vibration,True,True
BELT_SLIP,1.0,42,S005,97.81,2.19,CRITICAL,vibration,True,True
HIGH_VIBRATION,0.15,42,S005,84.09,15.91,WARNING,vibration,True,True
HIGH_VIBRATION,0.15,42,S005,84.32,15.68,WARNING,vibration,True,True
HIGH_VIBRATION,0.3,42,S005,93.71,6.29,CRITICAL,vibration,True,True
HIGH_VIBRATION,0.3,42,S005,93.45,6.55,CRITICAL,vibration,True,True
HIGH_VIBRATION,0.5,42,S005,97.01,2.99,CRITICAL,vibration,True,True
HIGH_VIBRATION,0.5,42,S005,97.25,2.75,CRITICAL,vibration,True,True
HIGH_VIBRATION,0.75,42,S005,97.76,2.24,CRITICAL,vibration,True,True
HIGH_VIBRATION,0.75,42,S005,97.68,2.32,CRITICAL,vibration,True,True
HIGH_VIBRATION,1.0,42,S005,98.18,1.82,CRITICAL,vibration,True,True
HIGH_VIBRATION,1.0,42,S005,98.34,1.66,CRITICAL,vibration,True,True
OVERHEATING,0.15,42,S005,6.4,93.6,NORMAL,vibration,False,False
OVERHEATING,0.15,42,S005,6.4,93.6,NORMAL,vibration,False,False
OVERHEATING,0.3,42,S005,14.24,85.76,NORMAL,temperature,False,False
OVERHEATING,0.3,42,S005,14.18,85.82,NORMAL,temperature,False,False
OVERHEATING,0.5,42,S005,20.85,79.15,NORMAL,temperature,False,False
OVERHEATING,0.5,42,S005,20.64,79.36,NORMAL,temperature,False,False
OVERHEATING,0.75,42,S005,30.3,69.7,NORMAL,temperature,False,False
OVERHEATING,0.75,42,S005,30.93,69.07,NORMAL,temperature,False,False
OVERHEATING,1.0,42,S005,39.42,60.58,WATCH,temperature,True,False
OVERHEATING,1.0,42,S005,41.42,58.58,WATCH,temperature,True,False
RPM_INSTABILITY,0.15,42,S005,74.8,25.2,WARNING,rpm,True,True
RPM_INSTABILITY,0.15,42,S005,74.74,25.26,WARNING,rpm,True,True
RPM_INSTABILITY,0.3,42,S005,73.79,26.21,WARNING,rpm,True,True
RPM_INSTABILITY,0.3,42,S005,75.85,24.15,WARNING,rpm,True,True
RPM_INSTABILITY,0.5,42,S005,81.24,18.76,WARNING,rpm,True,True
RPM_INSTABILITY,0.5,42,S005,81.22,18.78,WARNING,rpm,True,True
RPM_INSTABILITY,0.75,42,S005,91.95,8.05,CRITICAL,vibration,True,True
RPM_INSTABILITY,0.75,42,S005,88.9,11.1,WARNING,vibration,True,True
RPM_INSTABILITY,1.0,42,S005,92.73,7.27,CRITICAL,vibration,True,True
RPM_INSTABILITY,1.0,42,S005,92.45,7.55,CRITICAL,vibration,True,True
COMBINED_FAULT,0.15,42,S005,75.43,24.57,WARNING,vibration,True,True
COMBINED_FAULT,0.15,42,S005,74.95,25.05,WARNING,vibration,True,True
COMBINED_FAULT,0.3,42,S005,96.24,3.76,CRITICAL,vibration,True,True
COMBINED_FAULT,0.3,42,S005,93.61,6.39,CRITICAL,vibration,True,True
COMBINED_FAULT,0.5,42,S005,94.26,5.74,CRITICAL,vibration,True,True
COMBINED_FAULT,0.5,42,S005,94.56,5.44,CRITICAL,vibration,True,True
COMBINED_FAULT,0.75,42,S005,98.06,1.94,CRITICAL,vibration,True,True
COMBINED_FAULT,0.75,42,S005,98.53,1.47,CRITICAL,vibration,True,True
COMBINED_FAULT,1.0,42,S005,98.89,1.11,CRITICAL,vibration,True,True
COMBINED_FAULT,1.0,42,S005,98.44,1.56,CRITICAL,vibration,True,True
NORMAL,0.0,43,S005,7.34,92.66,NORMAL,vibration,False,False
BELT_SLIP,0.15,43,S005,74.42,25.58,WARNING,rpm,True,True
BELT_SLIP,0.15,43,S005,74.31,25.69,WARNING,rpm,True,True
BELT_SLIP,0.3,43,S005,83.96,16.04,WARNING,vibration,True,True
BELT_SLIP,0.3,43,S005,83.29,16.71,WARNING,vibration,True,True
BELT_SLIP,0.5,43,S005,91.39,8.61,WARNING,vibration,True,True
BELT_SLIP,0.5,43,S005,91.53,8.47,WARNING,vibration,True,True
BELT_SLIP,0.75,43,S005,95.68,4.32,CRITICAL,vibration,True,True
BELT_SLIP,0.75,43,S005,95.62,4.38,CRITICAL,vibration,True,True
BELT_SLIP,1.0,43,S005,97.07,2.93,CRITICAL,vibration,True,True
BELT_SLIP,1.0,43,S005,98.12,1.88,CRITICAL,vibration,True,True
HIGH_VIBRATION,0.15,43,S005,81.07,18.93,WARNING,vibration,True,True
HIGH_VIBRATION,0.15,43,S005,80.22,19.78,WARNING,vibration,True,True
HIGH_VIBRATION,0.3,43,S005,92.85,7.15,CRITICAL,vibration,True,True
HIGH_VIBRATION,0.3,43,S005,92.93,7.07,CRITICAL,vibration,True,True
HIGH_VIBRATION,0.5,43,S005,95.69,4.31,CRITICAL,vibration,True,True
HIGH_VIBRATION,0.5,43,S005,96.23,3.77,CRITICAL,vibration,True,True
HIGH_VIBRATION,0.75,43,S005,97.64,2.36,CRITICAL,vibration,True,True
HIGH_VIBRATION,0.75,43,S005,97.12,2.88,CRITICAL,vibration,True,True
HIGH_VIBRATION,1.0,43,S005,98.16,1.84,CRITICAL,vibration,True,True
HIGH_VIBRATION,1.0,43,S005,98.45,1.55,CRITICAL,vibration,True,True
OVERHEATING,0.15,43,S005,10.43,89.57,NORMAL,temperature,False,False
OVERHEATING,0.15,43,S005,10.38,89.62,NORMAL,temperature,False,False
OVERHEATING,0.3,43,S005,25.81,74.19,NORMAL,temperature,False,False
OVERHEATING,0.3,43,S005,25.81,74.19,NORMAL,temperature,False,False
OVERHEATING,0.5,43,S005,47.34,52.66,WATCH,temperature,True,False
OVERHEATING,0.5,43,S005,47.41,52.59,WATCH,temperature,True,False
OVERHEATING,0.75,43,S005,63.98,36.02,WARNING,temperature,True,True
OVERHEATING,0.75,43,S005,62.32,37.68,WARNING,temperature,True,True
OVERHEATING,1.0,43,S005,70.65,29.35,WARNING,temperature,True,True
OVERHEATING,1.0,43,S005,70.65,29.35,WARNING,temperature,True,True
RPM_INSTABILITY,0.15,43,S005,73.38,26.62,WARNING,rpm,True,True
RPM_INSTABILITY,0.15,43,S005,70.62,29.38,WARNING,rpm,True,True
RPM_INSTABILITY,0.3,43,S005,77.34,22.66,WARNING,rpm,True,True
RPM_INSTABILITY,0.3,43,S005,77.6,22.4,WARNING,rpm,True,True
RPM_INSTABILITY,0.5,43,S005,77.39,22.61,WARNING,rpm,True,True
RPM_INSTABILITY,0.5,43,S005,72.91,27.09,WARNING,rpm,True,True
RPM_INSTABILITY,0.75,43,S005,82.32,17.68,WARNING,vibration,True,True
RPM_INSTABILITY,0.75,43,S005,84.08,15.92,WARNING,vibration,True,True
RPM_INSTABILITY,1.0,43,S005,90.14,9.86,WARNING,vibration,True,True
RPM_INSTABILITY,1.0,43,S005,89.32,10.68,WARNING,vibration,True,True
COMBINED_FAULT,0.15,43,S005,75.05,24.95,WARNING,rpm,True,True
COMBINED_FAULT,0.15,43,S005,67.4,32.6,WARNING,vibration,True,True
COMBINED_FAULT,0.3,43,S005,92.24,7.76,CRITICAL,vibration,True,True
COMBINED_FAULT,0.3,43,S005,87.97,12.03,WARNING,vibration,True,True
COMBINED_FAULT,0.5,43,S005,97.26,2.74,CRITICAL,vibration,True,True
COMBINED_FAULT,0.5,43,S005,92.96,7.04,CRITICAL,vibration,True,True
COMBINED_FAULT,0.75,43,S005,98.53,1.47,CRITICAL,vibration,True,True
COMBINED_FAULT,0.75,43,S005,96.53,3.47,CRITICAL,vibration,True,True
COMBINED_FAULT,1.0,43,S005,98.12,1.88,CRITICAL,vibration,True,True
COMBINED_FAULT,1.0,43,S005,98.87,1.13,CRITICAL,vibration,True,True
NORMAL,0.0,44,S005,5.09,94.91,NORMAL,rpm,False,False
BELT_SLIP,0.15,44,S005,70.8,29.2,WARNING,rpm,True,True
BELT_SLIP,0.15,44,S005,64.61,35.39,WARNING,rpm,True,True
BELT_SLIP,0.3,44,S005,72.24,27.76,WARNING,vibration,True,True
BELT_SLIP,0.3,44,S005,76.34,23.66,WARNING,rpm,True,True
BELT_SLIP,0.5,44,S005,82.27,17.73,WARNING,vibration,True,True
BELT_SLIP,0.5,44,S005,82.44,17.56,WARNING,vibration,True,True
BELT_SLIP,0.75,44,S005,91.23,8.77,WARNING,vibration,True,True
BELT_SLIP,0.75,44,S005,92.3,7.7,CRITICAL,vibration,True,True
BELT_SLIP,1.0,44,S005,95.78,4.22,CRITICAL,vibration,True,True
BELT_SLIP,1.0,44,S005,95.5,4.5,CRITICAL,vibration,True,True
HIGH_VIBRATION,0.15,44,S005,62.26,37.74,WARNING,vibration,True,True
HIGH_VIBRATION,0.15,44,S005,63.66,36.34,WARNING,vibration,True,True
HIGH_VIBRATION,0.3,44,S005,92.2,7.8,CRITICAL,vibration,True,True
HIGH_VIBRATION,0.3,44,S005,90.86,9.14,WARNING,vibration,True,True
HIGH_VIBRATION,0.5,44,S005,96.4,3.6,CRITICAL,vibration,True,True
HIGH_VIBRATION,0.5,44,S005,96.43,3.57,CRITICAL,vibration,True,True
HIGH_VIBRATION,0.75,44,S005,97.68,2.32,CRITICAL,vibration,True,True
HIGH_VIBRATION,0.75,44,S005,97.43,2.57,CRITICAL,vibration,True,True
HIGH_VIBRATION,1.0,44,S005,97.88,2.12,CRITICAL,vibration,True,True
HIGH_VIBRATION,1.0,44,S005,98.24,1.76,CRITICAL,vibration,True,True
OVERHEATING,0.15,44,S005,7.64,92.36,NORMAL,temperature,False,False
OVERHEATING,0.15,44,S005,7.95,92.05,NORMAL,temperature,False,False
OVERHEATING,0.3,44,S005,20.88,79.12,NORMAL,temperature,False,False
OVERHEATING,0.3,44,S005,20.53,79.47,NORMAL,temperature,False,False
OVERHEATING,0.5,44,S005,29.84,70.16,NORMAL,temperature,False,False
OVERHEATING,0.5,44,S005,30.14,69.86,NORMAL,temperature,False,False
OVERHEATING,0.75,44,S005,52.72,47.28,WATCH,temperature,True,False
OVERHEATING,0.75,44,S005,51.23,48.77,WATCH,temperature,True,False
OVERHEATING,1.0,44,S005,60.39,39.61,WATCH,temperature,True,False
OVERHEATING,1.0,44,S005,61.0,39.0,WARNING,temperature,True,True
RPM_INSTABILITY,0.15,44,S005,68.59,31.41,WARNING,rpm,True,True
RPM_INSTABILITY,0.15,44,S005,72.98,27.02,WARNING,rpm,True,True
RPM_INSTABILITY,0.3,44,S005,79.73,20.27,WARNING,rpm,True,True
RPM_INSTABILITY,0.3,44,S005,67.68,32.32,WARNING,rpm,True,True
RPM_INSTABILITY,0.5,44,S005,73.18,26.82,WARNING,rpm,True,True
RPM_INSTABILITY,0.5,44,S005,76.79,23.21,WARNING,rpm,True,True
RPM_INSTABILITY,0.75,44,S005,74.89,25.11,WARNING,vibration,True,True
RPM_INSTABILITY,0.75,44,S005,81.26,18.74,WARNING,rpm,True,True
RPM_INSTABILITY,1.0,44,S005,78.1,21.9,WARNING,vibration,True,True
RPM_INSTABILITY,1.0,44,S005,81.28,18.72,WARNING,rpm,True,True
COMBINED_FAULT,0.15,44,S005,73.7,26.3,WARNING,rpm,True,True
COMBINED_FAULT,0.15,44,S005,62.76,37.24,WARNING,rpm,True,True
COMBINED_FAULT,0.3,44,S005,76.29,23.71,WARNING,rpm,True,True
COMBINED_FAULT,0.3,44,S005,70.99,29.01,WARNING,vibration,True,True
COMBINED_FAULT,0.5,44,S005,70.2,29.8,WARNING,rpm,True,True
COMBINED_FAULT,0.5,44,S005,73.86,26.14,WARNING,rpm,True,True
COMBINED_FAULT,0.75,44,S005,91.72,8.28,CRITICAL,joint,True,True
COMBINED_FAULT,0.75,44,S005,98.46,1.54,CRITICAL,vibration,True,True
COMBINED_FAULT,1.0,44,S005,84.33,15.67,WARNING,joint,True,True
COMBINED_FAULT,1.0,44,S005,95.89,4.11,CRITICAL,joint,True,True
NORMAL,0.0,45,S005,4.93,95.07,NORMAL,vibration,False,False
BELT_SLIP,0.15,45,S005,59.27,40.73,WATCH,rpm,True,False
BELT_SLIP,0.15,45,S005,66.61,33.39,WARNING,rpm,True,True
BELT_SLIP,0.3,45,S005,75.67,24.33,WARNING,vibration,True,True
BELT_SLIP,0.3,45,S005,77.7,22.3,WARNING,rpm,True,True
BELT_SLIP,0.5,45,S005,83.98,16.02,WARNING,vibration,True,True
BELT_SLIP,0.5,45,S005,83.82,16.18,WARNING,vibration,True,True
BELT_SLIP,0.75,45,S005,92.62,7.38,CRITICAL,vibration,True,True
BELT_SLIP,0.75,45,S005,92.27,7.73,CRITICAL,vibration,True,True
BELT_SLIP,1.0,45,S005,96.79,3.21,CRITICAL,vibration,True,True
BELT_SLIP,1.0,45,S005,97.14,2.86,CRITICAL,vibration,True,True
HIGH_VIBRATION,0.15,45,S005,63.2,36.8,WARNING,vibration,True,True
HIGH_VIBRATION,0.15,45,S005,63.41,36.59,WARNING,vibration,True,True
HIGH_VIBRATION,0.3,45,S005,89.27,10.73,WARNING,vibration,True,True
HIGH_VIBRATION,0.3,45,S005,88.67,11.33,WARNING,vibration,True,True
HIGH_VIBRATION,0.5,45,S005,96.15,3.85,CRITICAL,vibration,True,True
HIGH_VIBRATION,0.5,45,S005,95.63,4.37,CRITICAL,vibration,True,True
HIGH_VIBRATION,0.75,45,S005,97.57,2.43,CRITICAL,vibration,True,True
HIGH_VIBRATION,0.75,45,S005,97.56,2.44,CRITICAL,vibration,True,True
HIGH_VIBRATION,1.0,45,S005,98.02,1.98,CRITICAL,vibration,True,True
HIGH_VIBRATION,1.0,45,S005,98.43,1.57,CRITICAL,vibration,True,True
OVERHEATING,0.15,45,S005,7.49,92.51,NORMAL,temperature,False,False
OVERHEATING,0.15,45,S005,7.51,92.49,NORMAL,temperature,False,False
OVERHEATING,0.3,45,S005,20.55,79.45,NORMAL,temperature,False,False
OVERHEATING,0.3,45,S005,20.3,79.7,NORMAL,temperature,False,False
OVERHEATING,0.5,45,S005,28.98,71.02,NORMAL,temperature,False,False
OVERHEATING,0.5,45,S005,28.47,71.53,NORMAL,temperature,False,False
OVERHEATING,0.75,45,S005,46.38,53.62,WATCH,temperature,True,False
OVERHEATING,0.75,45,S005,46.8,53.2,WATCH,temperature,True,False
OVERHEATING,1.0,45,S005,57.74,42.26,WATCH,temperature,True,False
OVERHEATING,1.0,45,S005,54.62,45.38,WATCH,temperature,True,False
RPM_INSTABILITY,0.15,45,S005,74.25,25.75,WARNING,rpm,True,True
RPM_INSTABILITY,0.15,45,S005,65.55,34.45,WARNING,rpm,True,True
RPM_INSTABILITY,0.3,45,S005,72.67,27.33,WARNING,rpm,True,True
RPM_INSTABILITY,0.3,45,S005,79.77,20.23,WARNING,rpm,True,True
RPM_INSTABILITY,0.5,45,S005,75.79,24.21,WARNING,rpm,True,True
RPM_INSTABILITY,0.5,45,S005,70.63,29.37,WARNING,rpm,True,True
RPM_INSTABILITY,0.75,45,S005,80.62,19.38,WARNING,rpm,True,True
RPM_INSTABILITY,0.75,45,S005,75.71,24.29,WARNING,rpm,True,True
RPM_INSTABILITY,1.0,45,S005,80.62,19.38,WARNING,rpm,True,True
RPM_INSTABILITY,1.0,45,S005,83.06,16.94,WARNING,vibration,True,True
COMBINED_FAULT,0.15,45,S005,75.51,24.49,WARNING,rpm,True,True
COMBINED_FAULT,0.15,45,S005,74.34,25.66,WARNING,rpm,True,True
COMBINED_FAULT,0.3,45,S005,77.24,22.76,WARNING,vibration,True,True
COMBINED_FAULT,0.3,45,S005,72.84,27.16,WARNING,rpm,True,True
COMBINED_FAULT,0.5,45,S005,97.79,2.21,CRITICAL,vibration,True,True
COMBINED_FAULT,0.5,45,S005,86.15,13.85,WARNING,joint,True,True
COMBINED_FAULT,0.75,45,S005,97.74,2.26,CRITICAL,vibration,True,True
COMBINED_FAULT,0.75,45,S005,96.21,3.79,CRITICAL,vibration,True,True
COMBINED_FAULT,1.0,45,S005,88.09,11.91,WARNING,joint,True,True
COMBINED_FAULT,1.0,45,S005,97.74,2.26,CRITICAL,vibration,True,True
NORMAL,0.0,46,S005,5.9,94.1,NORMAL,rpm,False,False
BELT_SLIP,0.15,46,S005,56.63,43.37,WATCH,rpm,True,False
BELT_SLIP,0.15,46,S005,56.54,43.46,WATCH,rpm,True,False
BELT_SLIP,0.3,46,S005,77.03,22.97,WARNING,rpm,True,True
BELT_SLIP,0.3,46,S005,73.22,26.78,WARNING,vibration,True,True
BELT_SLIP,0.5,46,S005,81.84,18.16,WARNING,vibration,True,True
BELT_SLIP,0.5,46,S005,81.74,18.26,WARNING,vibration,True,True
BELT_SLIP,0.75,46,S005,90.39,9.61,WARNING,joint,True,True
BELT_SLIP,0.75,46,S005,90.75,9.25,WARNING,vibration,True,True
BELT_SLIP,1.0,46,S005,96.29,3.71,CRITICAL,vibration,True,True
BELT_SLIP,1.0,46,S005,95.88,4.12,CRITICAL,vibration,True,True
HIGH_VIBRATION,0.15,46,S005,60.88,39.12,WARNING,vibration,True,True
HIGH_VIBRATION,0.15,46,S005,60.02,39.98,WATCH,vibration,True,False
HIGH_VIBRATION,0.3,46,S005,90.31,9.69,WARNING,vibration,True,True
HIGH_VIBRATION,0.3,46,S005,88.93,11.07,WARNING,vibration,True,True
HIGH_VIBRATION,0.5,46,S005,96.01,3.99,CRITICAL,vibration,True,True
HIGH_VIBRATION,0.5,46,S005,95.94,4.06,CRITICAL,vibration,True,True
HIGH_VIBRATION,0.75,46,S005,96.93,3.07,CRITICAL,vibration,True,True
HIGH_VIBRATION,0.75,46,S005,97.05,2.95,CRITICAL,vibration,True,True
HIGH_VIBRATION,1.0,46,S005,98.03,1.97,CRITICAL,vibration,True,True
HIGH_VIBRATION,1.0,46,S005,98.08,1.92,CRITICAL,vibration,True,True
OVERHEATING,0.15,46,S005,8.24,91.76,NORMAL,temperature,False,False
OVERHEATING,0.15,46,S005,8.24,91.76,NORMAL,temperature,False,False
OVERHEATING,0.3,46,S005,20.51,79.49,NORMAL,temperature,False,False
OVERHEATING,0.3,46,S005,20.5,79.5,NORMAL,temperature,False,False
OVERHEATING,0.5,46,S005,29.65,70.35,NORMAL,temperature,False,False
OVERHEATING,0.5,46,S005,29.62,70.38,NORMAL,temperature,False,False
OVERHEATING,0.75,46,S005,42.21,57.79,WATCH,temperature,True,False
OVERHEATING,0.75,46,S005,43.55,56.45,WATCH,temperature,True,False
OVERHEATING,1.0,46,S005,54.08,45.92,WATCH,temperature,True,False
OVERHEATING,1.0,46,S005,54.09,45.91,WATCH,temperature,True,False
RPM_INSTABILITY,0.15,46,S005,71.6,28.4,WARNING,rpm,True,True
RPM_INSTABILITY,0.15,46,S005,70.48,29.52,WARNING,rpm,True,True
RPM_INSTABILITY,0.3,46,S005,74.55,25.45,WARNING,rpm,True,True
RPM_INSTABILITY,0.3,46,S005,75.2,24.8,WARNING,rpm,True,True
RPM_INSTABILITY,0.5,46,S005,77.08,22.92,WARNING,rpm,True,True
RPM_INSTABILITY,0.5,46,S005,81.33,18.67,WARNING,rpm,True,True
RPM_INSTABILITY,0.75,46,S005,76.79,23.21,WARNING,rpm,True,True
RPM_INSTABILITY,0.75,46,S005,76.84,23.16,WARNING,rpm,True,True
RPM_INSTABILITY,1.0,46,S005,79.81,20.19,WARNING,joint,True,True
RPM_INSTABILITY,1.0,46,S005,86.22,13.78,WARNING,vibration,True,True
COMBINED_FAULT,0.15,46,S005,50.11,49.89,WATCH,vibration,True,False
COMBINED_FAULT,0.15,46,S005,69.97,30.03,WARNING,rpm,True,True
COMBINED_FAULT,0.3,46,S005,73.45,26.55,WARNING,rpm,True,True
COMBINED_FAULT,0.3,46,S005,71.15,28.85,WARNING,rpm,True,True
COMBINED_FAULT,0.5,46,S005,96.0,4.0,CRITICAL,vibration,True,True
COMBINED_FAULT,0.5,46,S005,97.9,2.1,CRITICAL,vibration,True,True
COMBINED_FAULT,0.75,46,S005,95.75,4.25,CRITICAL,vibration,True,True
COMBINED_FAULT,0.75,46,S005,93.05,6.95,CRITICAL,vibration,True,True
COMBINED_FAULT,1.0,46,S005,97.02,2.98,CRITICAL,vibration,True,True
COMBINED_FAULT,1.0,46,S005,96.92,3.08,CRITICAL,vibration,True,True
NORMAL,0.0,47,S005,10.6,89.4,NORMAL,temperature,False,False
BELT_SLIP,0.15,47,S005,63.02,36.98,WARNING,rpm,True,True
BELT_SLIP,0.15,47,S005,72.02,27.98,WARNING,rpm,True,True
BELT_SLIP,0.3,47,S005,88.84,11.16,WARNING,vibration,True,True
BELT_SLIP,0.3,47,S005,89.33,10.67,WARNING,vibration,True,True
BELT_SLIP,0.5,47,S005,94.82,5.18,CRITICAL,vibration,True,True
BELT_SLIP,0.5,47,S005,95.74,4.26,CRITICAL,vibration,True,True
BELT_SLIP,0.75,47,S005,97.06,2.94,CRITICAL,vibration,True,True
BELT_SLIP,0.75,47,S005,97.23,2.77,CRITICAL,vibration,True,True
BELT_SLIP,1.0,47,S005,98.41,1.59,CRITICAL,vibration,True,True
BELT_SLIP,1.0,47,S005,98.47,1.53,CRITICAL,vibration,True,True
HIGH_VIBRATION,0.15,47,S005,87.39,12.61,WARNING,vibration,True,True
HIGH_VIBRATION,0.15,47,S005,87.28,12.72,WARNING,vibration,True,True
HIGH_VIBRATION,0.3,47,S005,95.38,4.62,CRITICAL,vibration,True,True
HIGH_VIBRATION,0.3,47,S005,95.53,4.47,CRITICAL,vibration,True,True
HIGH_VIBRATION,0.5,47,S005,97.17,2.83,CRITICAL,vibration,True,True
HIGH_VIBRATION,0.5,47,S005,97.13,2.87,CRITICAL,vibration,True,True
HIGH_VIBRATION,0.75,47,S005,98.15,1.85,CRITICAL,vibration,True,True
HIGH_VIBRATION,0.75,47,S005,98.03,1.97,CRITICAL,vibration,True,True
HIGH_VIBRATION,1.0,47,S005,98.63,1.37,CRITICAL,vibration,True,True
HIGH_VIBRATION,1.0,47,S005,98.43,1.57,CRITICAL,vibration,True,True
OVERHEATING,0.15,47,S005,17.61,82.39,NORMAL,temperature,False,False
OVERHEATING,0.15,47,S005,17.17,82.83,NORMAL,temperature,False,False
OVERHEATING,0.3,47,S005,35.63,64.37,WATCH,temperature,True,False
OVERHEATING,0.3,47,S005,35.97,64.03,WATCH,temperature,True,False
OVERHEATING,0.5,47,S005,51.87,48.13,WATCH,temperature,True,False
OVERHEATING,0.5,47,S005,51.88,48.12,WATCH,temperature,True,False
OVERHEATING,0.75,47,S005,62.65,37.35,WARNING,temperature,True,True
OVERHEATING,0.75,47,S005,64.68,35.32,WARNING,temperature,True,True
OVERHEATING,1.0,47,S005,75.85,24.15,WARNING,temperature,True,True
OVERHEATING,1.0,47,S005,74.25,25.75,WARNING,temperature,True,True
RPM_INSTABILITY,0.15,47,S005,64.18,35.82,WARNING,rpm,True,True
RPM_INSTABILITY,0.15,47,S005,67.74,32.26,WARNING,rpm,True,True
RPM_INSTABILITY,0.3,47,S005,75.79,24.21,WARNING,rpm,True,True
RPM_INSTABILITY,0.3,47,S005,69.35,30.65,WARNING,rpm,True,True
RPM_INSTABILITY,0.5,47,S005,82.83,17.17,WARNING,vibration,True,True
RPM_INSTABILITY,0.5,47,S005,81.19,18.81,WARNING,joint,True,True
RPM_INSTABILITY,0.75,47,S005,89.7,10.3,WARNING,vibration,True,True
RPM_INSTABILITY,0.75,47,S005,90.2,9.8,WARNING,vibration,True,True
RPM_INSTABILITY,1.0,47,S005,95.04,4.96,CRITICAL,vibration,True,True
RPM_INSTABILITY,1.0,47,S005,91.91,8.09,CRITICAL,vibration,True,True
COMBINED_FAULT,0.15,47,S005,92.1,7.9,CRITICAL,vibration,True,True
COMBINED_FAULT,0.15,47,S005,60.88,39.12,WARNING,rpm,True,True
COMBINED_FAULT,0.3,47,S005,96.95,3.05,CRITICAL,vibration,True,True
COMBINED_FAULT,0.3,47,S005,75.79,24.21,WARNING,rpm,True,True
COMBINED_FAULT,0.5,47,S005,96.26,3.74,CRITICAL,vibration,True,True
COMBINED_FAULT,0.5,47,S005,97.34,2.66,CRITICAL,vibration,True,True
COMBINED_FAULT,0.75,47,S005,97.69,2.31,CRITICAL,vibration,True,True
COMBINED_FAULT,0.75,47,S005,97.41,2.59,CRITICAL,vibration,True,True
COMBINED_FAULT,1.0,47,S005,98.57,1.43,CRITICAL,vibration,True,True
COMBINED_FAULT,1.0,47,S005,95.0,5.0,CRITICAL,joint,True,True
NORMAL,0.0,48,S005,10.03,89.97,NORMAL,temperature,False,False
BELT_SLIP,0.15,48,S005,74.09,25.91,WARNING,rpm,True,True
BELT_SLIP,0.15,48,S005,64.61,35.39,WARNING,rpm,True,True
BELT_SLIP,0.3,48,S005,84.11,15.89,WARNING,vibration,True,True
BELT_SLIP,0.3,48,S005,82.49,17.51,WARNING,vibration,True,True
BELT_SLIP,0.5,48,S005,94.74,5.26,CRITICAL,vibration,True,True
BELT_SLIP,0.5,48,S005,95.04,4.96,CRITICAL,vibration,True,True
BELT_SLIP,0.75,48,S005,96.57,3.43,CRITICAL,vibration,True,True
BELT_SLIP,0.75,48,S005,95.92,4.08,CRITICAL,vibration,True,True
BELT_SLIP,1.0,48,S005,97.88,2.12,CRITICAL,vibration,True,True
BELT_SLIP,1.0,48,S005,97.71,2.29,CRITICAL,vibration,True,True
HIGH_VIBRATION,0.15,48,S005,83.4,16.6,WARNING,vibration,True,True
HIGH_VIBRATION,0.15,48,S005,83.84,16.16,WARNING,vibration,True,True
HIGH_VIBRATION,0.3,48,S005,93.7,6.3,CRITICAL,vibration,True,True
HIGH_VIBRATION,0.3,48,S005,94.13,5.87,CRITICAL,vibration,True,True
HIGH_VIBRATION,0.5,48,S005,96.53,3.47,CRITICAL,vibration,True,True
HIGH_VIBRATION,0.5,48,S005,96.74,3.26,CRITICAL,vibration,True,True
HIGH_VIBRATION,0.75,48,S005,97.86,2.14,CRITICAL,vibration,True,True
HIGH_VIBRATION,0.75,48,S005,97.31,2.69,CRITICAL,vibration,True,True
HIGH_VIBRATION,1.0,48,S005,98.2,1.8,CRITICAL,vibration,True,True
HIGH_VIBRATION,1.0,48,S005,98.13,1.87,CRITICAL,vibration,True,True
OVERHEATING,0.15,48,S005,15.32,84.68,NORMAL,temperature,False,False
OVERHEATING,0.15,48,S005,15.44,84.56,NORMAL,temperature,False,False
OVERHEATING,0.3,48,S005,32.91,67.09,NORMAL,temperature,False,False
OVERHEATING,0.3,48,S005,33.26,66.74,NORMAL,temperature,False,False
OVERHEATING,0.5,48,S005,48.15,51.85,WATCH,temperature,True,False
OVERHEATING,0.5,48,S005,46.32,53.68,WATCH,temperature,True,False
OVERHEATING,0.75,48,S005,67.31,32.69,WARNING,temperature,True,True
OVERHEATING,0.75,48,S005,66.88,33.12,WARNING,temperature,True,True
OVERHEATING,1.0,48,S005,75.5,24.5,WARNING,temperature,True,True
OVERHEATING,1.0,48,S005,75.34,24.66,WARNING,temperature,True,True
RPM_INSTABILITY,0.15,48,S005,65.68,34.32,WARNING,rpm,True,True
RPM_INSTABILITY,0.15,48,S005,69.45,30.55,WARNING,rpm,True,True
RPM_INSTABILITY,0.3,48,S005,63.33,36.67,WARNING,rpm,True,True
RPM_INSTABILITY,0.3,48,S005,75.68,24.32,WARNING,rpm,True,True
RPM_INSTABILITY,0.5,48,S005,77.81,22.19,WARNING,vibration,True,True
RPM_INSTABILITY,0.5,48,S005,75.05,24.95,WARNING,vibration,True,True
RPM_INSTABILITY,0.75,48,S005,87.53,12.47,WARNING,vibration,True,True
RPM_INSTABILITY,0.75,48,S005,87.45,12.55,WARNING,vibration,True,True
RPM_INSTABILITY,1.0,48,S005,93.27,6.73,CRITICAL,vibration,True,True
RPM_INSTABILITY,1.0,48,S005,93.89,6.11,CRITICAL,vibration,True,True
COMBINED_FAULT,0.15,48,S005,64.88,35.12,WARNING,rpm,True,True
COMBINED_FAULT,0.15,48,S005,81.71,18.29,WARNING,vibration,True,True
COMBINED_FAULT,0.3,48,S005,90.02,9.98,WARNING,vibration,True,True
COMBINED_FAULT,0.3,48,S005,65.43,34.57,WARNING,rpm,True,True
COMBINED_FAULT,0.5,48,S005,92.4,7.6,CRITICAL,joint,True,True
COMBINED_FAULT,0.5,48,S005,92.59,7.41,CRITICAL,joint,True,True
COMBINED_FAULT,0.75,48,S005,98.5,1.5,CRITICAL,vibration,True,True
COMBINED_FAULT,0.75,48,S005,97.53,2.47,CRITICAL,vibration,True,True
COMBINED_FAULT,1.0,48,S005,98.52,1.48,CRITICAL,vibration,True,True
COMBINED_FAULT,1.0,48,S005,97.96,2.04,CRITICAL,vibration,True,True
NORMAL,0.0,49,S005,9.39,90.61,NORMAL,vibration,False,False
BELT_SLIP,0.15,49,S005,62.14,37.86,WARNING,vibration,True,True
BELT_SLIP,0.15,49,S005,66.72,33.28,WARNING,rpm,True,True
BELT_SLIP,0.3,49,S005,78.52,21.48,WARNING,vibration,True,True
BELT_SLIP,0.3,49,S005,76.77,23.23,WARNING,vibration,True,True
BELT_SLIP,0.5,49,S005,88.95,11.05,WARNING,vibration,True,True
BELT_SLIP,0.5,49,S005,88.4,11.6,WARNING,vibration,True,True
BELT_SLIP,0.75,49,S005,94.48,5.52,CRITICAL,vibration,True,True
BELT_SLIP,0.75,49,S005,94.53,5.47,CRITICAL,vibration,True,True
BELT_SLIP,1.0,49,S005,95.66,4.34,CRITICAL,vibration,True,True
BELT_SLIP,1.0,49,S005,95.78,4.22,CRITICAL,vibration,True,True
HIGH_VIBRATION,0.15,49,S005,83.07,16.93,WARNING,vibration,True,True
HIGH_VIBRATION,0.15,49,S005,83.58,16.42,WARNING,vibration,True,True
HIGH_VIBRATION,0.3,49,S005,91.85,8.15,CRITICAL,vibration,True,True
HIGH_VIBRATION,0.3,49,S005,92.24,7.76,CRITICAL,vibration,True,True
HIGH_VIBRATION,0.5,49,S005,95.22,4.78,CRITICAL,vibration,True,True
HIGH_VIBRATION,0.5,49,S005,95.87,4.13,CRITICAL,vibration,True,True
HIGH_VIBRATION,0.75,49,S005,97.74,2.26,CRITICAL,vibration,True,True
HIGH_VIBRATION,0.75,49,S005,97.88,2.12,CRITICAL,vibration,True,True
HIGH_VIBRATION,1.0,49,S005,97.96,2.04,CRITICAL,vibration,True,True
HIGH_VIBRATION,1.0,49,S005,98.19,1.81,CRITICAL,vibration,True,True
OVERHEATING,0.15,49,S005,9.39,90.61,NORMAL,vibration,False,False
OVERHEATING,0.15,49,S005,9.39,90.61,NORMAL,vibration,False,False
OVERHEATING,0.3,49,S005,16.5,83.5,NORMAL,temperature,False,False
OVERHEATING,0.3,49,S005,16.5,83.5,NORMAL,temperature,False,False
OVERHEATING,0.5,49,S005,25.04,74.96,NORMAL,temperature,False,False
OVERHEATING,0.5,49,S005,25.22,74.78,NORMAL,temperature,False,False
OVERHEATING,0.75,49,S005,46.98,53.02,WATCH,temperature,True,False
OVERHEATING,0.75,49,S005,45.93,54.07,WATCH,temperature,True,False
OVERHEATING,1.0,49,S005,58.22,41.78,WATCH,temperature,True,False
OVERHEATING,1.0,49,S005,58.78,41.22,WATCH,temperature,True,False
RPM_INSTABILITY,0.15,49,S005,67.78,32.22,WARNING,rpm,True,True
RPM_INSTABILITY,0.15,49,S005,73.1,26.9,WARNING,rpm,True,True
RPM_INSTABILITY,0.3,49,S005,70.91,29.09,WARNING,rpm,True,True
RPM_INSTABILITY,0.3,49,S005,70.23,29.77,WARNING,rpm,True,True
RPM_INSTABILITY,0.5,49,S005,81.21,18.79,WARNING,rpm,True,True
RPM_INSTABILITY,0.5,49,S005,77.08,22.92,WARNING,rpm,True,True
RPM_INSTABILITY,0.75,49,S005,82.04,17.96,WARNING,vibration,True,True
RPM_INSTABILITY,0.75,49,S005,84.24,15.76,WARNING,vibration,True,True
RPM_INSTABILITY,1.0,49,S005,90.9,9.1,WARNING,vibration,True,True
RPM_INSTABILITY,1.0,49,S005,88.26,11.74,WARNING,vibration,True,True
COMBINED_FAULT,0.15,49,S005,73.64,26.36,WARNING,rpm,True,True
COMBINED_FAULT,0.15,49,S005,64.02,35.98,WARNING,rpm,True,True
COMBINED_FAULT,0.3,49,S005,79.7,20.3,WARNING,vibration,True,True
COMBINED_FAULT,0.3,49,S005,71.25,28.75,WARNING,rpm,True,True
COMBINED_FAULT,0.5,49,S005,84.35,15.65,WARNING,joint,True,True
COMBINED_FAULT,0.5,49,S005,92.77,7.23,CRITICAL,vibration,True,True
COMBINED_FAULT,0.75,49,S005,97.43,2.57,CRITICAL,vibration,True,True
COMBINED_FAULT,0.75,49,S005,97.53,2.47,CRITICAL,vibration,True,True
COMBINED_FAULT,1.0,49,S005,88.67,11.33,WARNING,joint,True,True
COMBINED_FAULT,1.0,49,S005,87.2,12.8,WARNING,joint,True,True
NORMAL,0.0,50,S005,7.03,92.97,NORMAL,vibration,False,False
BELT_SLIP,0.15,50,S005,63.99,36.01,WARNING,rpm,True,True
BELT_SLIP,0.15,50,S005,65.21,34.79,WARNING,rpm,True,True
BELT_SLIP,0.3,50,S005,86.37,13.63,WARNING,vibration,True,True
BELT_SLIP,0.3,50,S005,87.0,13.0,WARNING,vibration,True,True
BELT_SLIP,0.5,50,S005,93.63,6.37,CRITICAL,vibration,True,True
BELT_SLIP,0.5,50,S005,93.9,6.1,CRITICAL,vibration,True,True
BELT_SLIP,0.75,50,S005,95.64,4.36,CRITICAL,vibration,True,True
BELT_SLIP,0.75,50,S005,95.76,4.24,CRITICAL,vibration,True,True
BELT_SLIP,1.0,50,S005,96.57,3.43,CRITICAL,vibration,True,True
BELT_SLIP,1.0,50,S005,97.43,2.57,CRITICAL,vibration,True,True
HIGH_VIBRATION,0.15,50,S005,87.8,12.2,WARNING,vibration,True,True
HIGH_VIBRATION,0.15,50,S005,88.24,11.76,WARNING,vibration,True,True
HIGH_VIBRATION,0.3,50,S005,94.79,5.21,CRITICAL,vibration,True,True
HIGH_VIBRATION,0.3,50,S005,94.35,5.65,CRITICAL,vibration,True,True
HIGH_VIBRATION,0.5,50,S005,97.64,2.36,CRITICAL,vibration,True,True
HIGH_VIBRATION,0.5,50,S005,97.61,2.39,CRITICAL,vibration,True,True
HIGH_VIBRATION,0.75,50,S005,97.95,2.05,CRITICAL,vibration,True,True
HIGH_VIBRATION,0.75,50,S005,98.15,1.85,CRITICAL,vibration,True,True
HIGH_VIBRATION,1.0,50,S005,98.37,1.63,CRITICAL,vibration,True,True
HIGH_VIBRATION,1.0,50,S005,98.26,1.74,CRITICAL,vibration,True,True
OVERHEATING,0.15,50,S005,7.03,92.97,NORMAL,vibration,False,False
OVERHEATING,0.15,50,S005,7.03,92.97,NORMAL,vibration,False,False
OVERHEATING,0.3,50,S005,14.31,85.69,NORMAL,temperature,False,False
OVERHEATING,0.3,50,S005,13.99,86.01,NORMAL,temperature,False,False
OVERHEATING,0.5,50,S005,18.73,81.27,NORMAL,temperature,False,False
OVERHEATING,0.5,50,S005,18.63,81.37,NORMAL,temperature,False,False
OVERHEATING,0.75,50,S005,32.1,67.9,NORMAL,temperature,False,False
OVERHEATING,0.75,50,S005,32.32,67.68,NORMAL,temperature,False,False
OVERHEATING,1.0,50,S005,51.32,48.68,WATCH,temperature,True,False
OVERHEATING,1.0,50,S005,49.21,50.79,WATCH,temperature,True,False
RPM_INSTABILITY,0.15,50,S005,62.97,37.03,WARNING,rpm,True,True
RPM_INSTABILITY,0.15,50,S005,77.03,22.97,WARNING,rpm,True,True
RPM_INSTABILITY,0.3,50,S005,76.22,23.78,WARNING,rpm,True,True
RPM_INSTABILITY,0.3,50,S005,74.33,25.67,WARNING,rpm,True,True
RPM_INSTABILITY,0.5,50,S005,81.98,18.02,WARNING,vibration,True,True
RPM_INSTABILITY,0.5,50,S005,81.52,18.48,WARNING,vibration,True,True
RPM_INSTABILITY,0.75,50,S005,90.52,9.48,WARNING,vibration,True,True
RPM_INSTABILITY,0.75,50,S005,89.29,10.71,WARNING,vibration,True,True
RPM_INSTABILITY,1.0,50,S005,95.34,4.66,CRITICAL,vibration,True,True
RPM_INSTABILITY,1.0,50,S005,93.81,6.19,CRITICAL,vibration,True,True
COMBINED_FAULT,0.15,50,S005,45.58,54.42,WATCH,rpm,True,False
COMBINED_FAULT,0.15,50,S005,92.27,7.73,CRITICAL,vibration,True,True
COMBINED_FAULT,0.3,50,S005,94.42,5.58,CRITICAL,vibration,True,True
COMBINED_FAULT,0.3,50,S005,92.1,7.9,CRITICAL,vibration,True,True
COMBINED_FAULT,0.5,50,S005,97.72,2.28,CRITICAL,vibration,True,True
COMBINED_FAULT,0.5,50,S005,90.37,9.63,WARNING,joint,True,True
COMBINED_FAULT,0.75,50,S005,96.08,3.92,CRITICAL,vibration,True,True
COMBINED_FAULT,0.75,50,S005,98.68,1.32,CRITICAL,vibration,True,True
COMBINED_FAULT,1.0,50,S005,95.71,4.29,CRITICAL,joint,True,True
COMBINED_FAULT,1.0,50,S005,98.16,1.84,CRITICAL,vibration,True,True
NORMAL,0.0,51,S005,5.44,94.56,NORMAL,rpm,False,False
BELT_SLIP,0.15,51,S005,62.04,37.96,WARNING,rpm,True,True
BELT_SLIP,0.15,51,S005,48.79,51.21,WATCH,rpm,True,False
BELT_SLIP,0.3,51,S005,74.17,25.83,WARNING,rpm,True,True
BELT_SLIP,0.3,51,S005,70.51,29.49,WARNING,vibration,True,True
BELT_SLIP,0.5,51,S005,85.32,14.68,WARNING,vibration,True,True
BELT_SLIP,0.5,51,S005,83.31,16.69,WARNING,vibration,True,True
BELT_SLIP,0.75,51,S005,91.84,8.16,CRITICAL,vibration,True,True
BELT_SLIP,0.75,51,S005,92.66,7.34,CRITICAL,vibration,True,True
BELT_SLIP,1.0,51,S005,94.55,5.45,CRITICAL,vibration,True,True
BELT_SLIP,1.0,51,S005,96.45,3.55,CRITICAL,vibration,True,True
HIGH_VIBRATION,0.15,51,S005,77.07,22.93,WARNING,vibration,True,True
HIGH_VIBRATION,0.15,51,S005,77.2,22.8,WARNING,vibration,True,True
HIGH_VIBRATION,0.3,51,S005,93.96,6.04,CRITICAL,vibration,True,True
HIGH_VIBRATION,0.3,51,S005,93.89,6.11,CRITICAL,vibration,True,True
HIGH_VIBRATION,0.5,51,S005,97.42,2.58,CRITICAL,vibration,True,True
HIGH_VIBRATION,0.5,51,S005,97.21,2.79,CRITICAL,vibration,True,True
HIGH_VIBRATION,0.75,51,S005,97.98,2.02,CRITICAL,vibration,True,True
HIGH_VIBRATION,0.75,51,S005,97.92,2.08,CRITICAL,vibration,True,True
HIGH_VIBRATION,1.0,51,S005,98.34,1.66,CRITICAL,vibration,True,True
HIGH_VIBRATION,1.0,51,S005,98.22,1.78,CRITICAL,vibration,True,True
OVERHEATING,0.15,51,S005,7.64,92.36,NORMAL,temperature,False,False
OVERHEATING,0.15,51,S005,7.66,92.34,NORMAL,temperature,False,False
OVERHEATING,0.3,51,S005,20.06,79.94,NORMAL,temperature,False,False
OVERHEATING,0.3,51,S005,20.91,79.09,NORMAL,temperature,False,False
OVERHEATING,0.5,51,S005,31.31,68.69,NORMAL,temperature,False,False
OVERHEATING,0.5,51,S005,30.66,69.34,NORMAL,temperature,False,False
OVERHEATING,0.75,51,S005,51.61,48.39,WATCH,temperature,True,False
OVERHEATING,0.75,51,S005,51.8,48.2,WATCH,temperature,True,False
OVERHEATING,1.0,51,S005,55.6,44.4,WATCH,temperature,True,False
OVERHEATING,1.0,51,S005,56.03,43.97,WATCH,temperature,True,False
RPM_INSTABILITY,0.15,51,S005,76.73,23.27,WARNING,rpm,True,True
RPM_INSTABILITY,0.15,51,S005,66.06,33.94,WARNING,rpm,True,True
RPM_INSTABILITY,0.3,51,S005,76.3,23.7,WARNING,rpm,True,True
RPM_INSTABILITY,0.3,51,S005,71.53,28.47,WARNING,rpm,True,True
RPM_INSTABILITY,0.5,51,S005,77.63,22.37,WARNING,rpm,True,True
RPM_INSTABILITY,0.5,51,S005,71.86,28.14,WARNING,rpm,True,True
RPM_INSTABILITY,0.75,51,S005,79.6,20.4,WARNING,rpm,True,True
RPM_INSTABILITY,0.75,51,S005,77.63,22.37,WARNING,rpm,True,True
RPM_INSTABILITY,1.0,51,S005,88.61,11.39,WARNING,vibration,True,True
RPM_INSTABILITY,1.0,51,S005,90.69,9.31,WARNING,vibration,True,True
COMBINED_FAULT,0.15,51,S005,37.63,62.37,WATCH,rpm,True,False
COMBINED_FAULT,0.15,51,S005,83.29,16.71,WARNING,vibration,True,True
COMBINED_FAULT,0.3,51,S005,89.57,10.43,WARNING,vibration,True,True
COMBINED_FAULT,0.3,51,S005,77.6,22.4,WARNING,rpm,True,True
COMBINED_FAULT,0.5,51,S005,97.82,2.18,CRITICAL,vibration,True,True
COMBINED_FAULT,0.5,51,S005,97.88,2.12,CRITICAL,vibration,True,True
COMBINED_FAULT,0.75,51,S005,97.35,2.65,CRITICAL,vibration,True,True
COMBINED_FAULT,0.75,51,S005,83.47,16.53,WARNING,joint,True,True
COMBINED_FAULT,1.0,51,S005,89.82,10.18,WARNING,joint,True,True
COMBINED_FAULT,1.0,51,S005,98.69,1.31,CRITICAL,vibration,True,True
NORMAL,0.0,52,S005,12.04,87.96,NORMAL,vibration,False,False
BELT_SLIP,0.15,52,S005,60.86,39.14,WARNING,rpm,True,True
BELT_SLIP,0.15,52,S005,45.13,54.87,WATCH,rpm,True,False
BELT_SLIP,0.3,52,S005,81.97,18.03,WARNING,vibration,True,True
BELT_SLIP,0.3,52,S005,81.61,18.39,WARNING,vibration,True,True
BELT_SLIP,0.5,52,S005,91.37,8.63,WARNING,vibration,True,True
BELT_SLIP,0.5,52,S005,90.25,9.75,WARNING,vibration,True,True
BELT_SLIP,0.75,52,S005,92.77,7.23,CRITICAL,vibration,True,True
BELT_SLIP,0.75,52,S005,94.84,5.16,CRITICAL,vibration,True,True
BELT_SLIP,1.0,52,S005,95.09,4.91,CRITICAL,vibration,True,True
BELT_SLIP,1.0,52,S005,97.38,2.62,CRITICAL,vibration,True,True
HIGH_VIBRATION,0.15,52,S005,84.08,15.92,WARNING,vibration,True,True
HIGH_VIBRATION,0.15,52,S005,83.16,16.84,WARNING,vibration,True,True
HIGH_VIBRATION,0.3,52,S005,94.84,5.16,CRITICAL,vibration,True,True
HIGH_VIBRATION,0.3,52,S005,94.41,5.59,CRITICAL,vibration,True,True
HIGH_VIBRATION,0.5,52,S005,97.86,2.14,CRITICAL,vibration,True,True
HIGH_VIBRATION,0.5,52,S005,97.54,2.46,CRITICAL,vibration,True,True
HIGH_VIBRATION,0.75,52,S005,98.6,1.4,CRITICAL,vibration,True,True
HIGH_VIBRATION,0.75,52,S005,98.26,1.74,CRITICAL,vibration,True,True
HIGH_VIBRATION,1.0,52,S005,98.47,1.53,CRITICAL,vibration,True,True
HIGH_VIBRATION,1.0,52,S005,98.84,1.16,CRITICAL,vibration,True,True
OVERHEATING,0.15,52,S005,12.04,87.96,NORMAL,vibration,False,False
OVERHEATING,0.15,52,S005,12.04,87.96,NORMAL,vibration,False,False
OVERHEATING,0.3,52,S005,23.58,76.42,NORMAL,temperature,False,False
OVERHEATING,0.3,52,S005,23.35,76.65,NORMAL,temperature,False,False
OVERHEATING,0.5,52,S005,31.9,68.1,NORMAL,temperature,False,False
OVERHEATING,0.5,52,S005,31.63,68.37,NORMAL,temperature,False,False
OVERHEATING,0.75,52,S005,50.28,49.72,WATCH,temperature,True,False
OVERHEATING,0.75,52,S005,48.97,51.03,WATCH,temperature,True,False
OVERHEATING,1.0,52,S005,58.04,41.96,WATCH,temperature,True,False
OVERHEATING,1.0,52,S005,57.84,42.16,WATCH,temperature,True,False
RPM_INSTABILITY,0.15,52,S005,71.46,28.54,WARNING,rpm,True,True
RPM_INSTABILITY,0.15,52,S005,69.91,30.09,WARNING,rpm,True,True
RPM_INSTABILITY,0.3,52,S005,74.59,25.41,WARNING,rpm,True,True
RPM_INSTABILITY,0.3,52,S005,73.14,26.86,WARNING,rpm,True,True
RPM_INSTABILITY,0.5,52,S005,79.21,20.79,WARNING,rpm,True,True
RPM_INSTABILITY,0.5,52,S005,79.15,20.85,WARNING,rpm,True,True
RPM_INSTABILITY,0.75,52,S005,84.87,15.13,WARNING,vibration,True,True
RPM_INSTABILITY,0.75,52,S005,82.99,17.01,WARNING,vibration,True,True
RPM_INSTABILITY,1.0,52,S005,91.75,8.25,CRITICAL,vibration,True,True
RPM_INSTABILITY,1.0,52,S005,89.17,10.83,WARNING,vibration,True,True
COMBINED_FAULT,0.15,52,S005,74.33,25.67,WARNING,vibration,True,True
COMBINED_FAULT,0.15,52,S005,71.36,28.64,WARNING,vibration,True,True
COMBINED_FAULT,0.3,52,S005,73.35,26.65,WARNING,joint,True,True
COMBINED_FAULT,0.3,52,S005,69.21,30.79,WARNING,joint,True,True
COMBINED_FAULT,0.5,52,S005,96.35,3.65,CRITICAL,vibration,True,True
COMBINED_FAULT,0.5,52,S005,73.62,26.38,WARNING,rpm,True,True
COMBINED_FAULT,0.75,52,S005,95.11,4.89,CRITICAL,vibration,True,True
COMBINED_FAULT,0.75,52,S005,98.75,1.25,CRITICAL,vibration,True,True
COMBINED_FAULT,1.0,52,S005,91.74,8.26,CRITICAL,joint,True,True
COMBINED_FAULT,1.0,52,S005,98.9,1.1,CRITICAL,vibration,True,True
NORMAL,0.0,53,S005,8.86,91.14,NORMAL,vibration,False,False
BELT_SLIP,0.15,53,S005,59.76,40.24,WATCH,rpm,True,False
BELT_SLIP,0.15,53,S005,61.42,38.58,WARNING,rpm,True,True
BELT_SLIP,0.3,53,S005,82.11,17.89,WARNING,vibration,True,True
BELT_SLIP,0.3,53,S005,81.67,18.33,WARNING,vibration,True,True
BELT_SLIP,0.5,53,S005,89.6,10.4,WARNING,vibration,True,True
BELT_SLIP,0.5,53,S005,90.96,9.04,WARNING,vibration,True,True
BELT_SLIP,0.75,53,S005,94.24,5.76,CRITICAL,vibration,True,True
BELT_SLIP,0.75,53,S005,94.02,5.98,CRITICAL,vibration,True,True
BELT_SLIP,1.0,53,S005,97.87,2.13,CRITICAL,vibration,True,True
BELT_SLIP,1.0,53,S005,96.49,3.51,CRITICAL,vibration,True,True
HIGH_VIBRATION,0.15,53,S005,82.67,17.33,WARNING,vibration,True,True
HIGH_VIBRATION,0.15,53,S005,83.25,16.75,WARNING,vibration,True,True
HIGH_VIBRATION,0.3,53,S005,94.67,5.33,CRITICAL,vibration,True,True
HIGH_VIBRATION,0.3,53,S005,94.55,5.45,CRITICAL,vibration,True,True
HIGH_VIBRATION,0.5,53,S005,97.18,2.82,CRITICAL,vibration,True,True
HIGH_VIBRATION,0.5,53,S005,97.31,2.69,CRITICAL,vibration,True,True
HIGH_VIBRATION,0.75,53,S005,97.93,2.07,CRITICAL,vibration,True,True
HIGH_VIBRATION,0.75,53,S005,98.13,1.87,CRITICAL,vibration,True,True
HIGH_VIBRATION,1.0,53,S005,98.21,1.79,CRITICAL,vibration,True,True
HIGH_VIBRATION,1.0,53,S005,98.35,1.65,CRITICAL,vibration,True,True
OVERHEATING,0.15,53,S005,8.88,91.12,NORMAL,joint,False,False
OVERHEATING,0.15,53,S005,8.99,91.01,NORMAL,joint,False,False
OVERHEATING,0.3,53,S005,19.24,80.76,NORMAL,temperature,False,False
OVERHEATING,0.3,53,S005,20.04,79.96,NORMAL,temperature,False,False
OVERHEATING,0.5,53,S005,26.78,73.22,NORMAL,temperature,False,False
OVERHEATING,0.5,53,S005,27.75,72.25,NORMAL,temperature,False,False
OVERHEATING,0.75,53,S005,33.45,66.55,NORMAL,temperature,False,False
OVERHEATING,0.75,53,S005,34.46,65.54,NORMAL,temperature,False,False
OVERHEATING,1.0,53,S005,45.48,54.52,WATCH,temperature,True,False
OVERHEATING,1.0,53,S005,46.14,53.86,WATCH,temperature,True,False
RPM_INSTABILITY,0.15,53,S005,75.36,24.64,WARNING,rpm,True,True
RPM_INSTABILITY,0.15,53,S005,76.96,23.04,WARNING,rpm,True,True
RPM_INSTABILITY,0.3,53,S005,74.92,25.08,WARNING,rpm,True,True
RPM_INSTABILITY,0.3,53,S005,70.23,29.77,WARNING,rpm,True,True
RPM_INSTABILITY,0.5,53,S005,78.12,21.88,WARNING,rpm,True,True
RPM_INSTABILITY,0.5,53,S005,69.12,30.88,WARNING,vibration,True,True
RPM_INSTABILITY,0.75,53,S005,83.96,16.04,WARNING,vibration,True,True
RPM_INSTABILITY,0.75,53,S005,89.33,10.67,WARNING,vibration,True,True
RPM_INSTABILITY,1.0,53,S005,90.8,9.2,WARNING,vibration,True,True
RPM_INSTABILITY,1.0,53,S005,91.9,8.1,CRITICAL,vibration,True,True
COMBINED_FAULT,0.15,53,S005,43.49,56.51,WATCH,rpm,True,False
COMBINED_FAULT,0.15,53,S005,40.04,59.96,WATCH,rpm,True,False
COMBINED_FAULT,0.3,53,S005,88.64,11.36,WARNING,vibration,True,True
COMBINED_FAULT,0.3,53,S005,96.41,3.59,CRITICAL,vibration,True,True
COMBINED_FAULT,0.5,53,S005,97.5,2.5,CRITICAL,vibration,True,True
COMBINED_FAULT,0.5,53,S005,90.4,9.6,WARNING,vibration,True,True
COMBINED_FAULT,0.75,53,S005,92.81,7.19,CRITICAL,joint,True,True
COMBINED_FAULT,0.75,53,S005,98.28,1.72,CRITICAL,vibration,True,True
COMBINED_FAULT,1.0,53,S005,98.15,1.85,CRITICAL,vibration,True,True
COMBINED_FAULT,1.0,53,S005,89.28,10.72,WARNING,joint,True,True
NORMAL,0.0,54,S006,15.38,84.62,NORMAL,vibration,False,False
BELT_SLIP,0.15,54,S006,65.93,34.07,WARNING,vibration,True,True
BELT_SLIP,0.15,54,S006,65.79,34.21,WARNING,vibration,True,True
BELT_SLIP,0.3,54,S006,84.91,15.09,WARNING,vibration,True,True
BELT_SLIP,0.3,54,S006,85.69,14.31,WARNING,vibration,True,True
BELT_SLIP,0.5,54,S006,92.3,7.7,CRITICAL,vibration,True,True
BELT_SLIP,0.5,54,S006,92.03,7.97,CRITICAL,vibration,True,True
BELT_SLIP,0.75,54,S006,94.55,5.45,CRITICAL,vibration,True,True
BELT_SLIP,0.75,54,S006,95.45,4.55,CRITICAL,vibration,True,True
BELT_SLIP,1.0,54,S006,96.99,3.01,CRITICAL,vibration,True,True
BELT_SLIP,1.0,54,S006,96.76,3.24,CRITICAL,vibration,True,True
HIGH_VIBRATION,0.15,54,S006,79.84,20.16,WARNING,vibration,True,True
HIGH_VIBRATION,0.15,54,S006,79.91,20.09,WARNING,vibration,True,True
HIGH_VIBRATION,0.3,54,S006,91.38,8.62,WARNING,vibration,True,True
HIGH_VIBRATION,0.3,54,S006,90.8,9.2,WARNING,vibration,True,True
HIGH_VIBRATION,0.5,54,S006,96.75,3.25,CRITICAL,vibration,True,True
HIGH_VIBRATION,0.5,54,S006,96.72,3.28,CRITICAL,vibration,True,True
HIGH_VIBRATION,0.75,54,S006,98.21,1.79,CRITICAL,vibration,True,True
HIGH_VIBRATION,0.75,54,S006,98.34,1.66,CRITICAL,vibration,True,True
HIGH_VIBRATION,1.0,54,S006,98.49,1.51,CRITICAL,vibration,True,True
HIGH_VIBRATION,1.0,54,S006,98.55,1.45,CRITICAL,vibration,True,True
OVERHEATING,0.15,54,S006,15.38,84.62,NORMAL,vibration,False,False
OVERHEATING,0.15,54,S006,15.38,84.62,NORMAL,vibration,False,False
OVERHEATING,0.3,54,S006,15.38,84.62,NORMAL,vibration,False,False
OVERHEATING,0.3,54,S006,15.38,84.62,NORMAL,vibration,False,False
OVERHEATING,0.5,54,S006,19.66,80.34,NORMAL,temperature,False,False
OVERHEATING,0.5,54,S006,20.06,79.94,NORMAL,temperature,False,False
OVERHEATING,0.75,54,S006,35.84,64.16,WATCH,temperature,True,False
OVERHEATING,0.75,54,S006,34.85,65.15,NORMAL,temperature,False,False
OVERHEATING,1.0,54,S006,51.31,48.69,WATCH,temperature,True,False
OVERHEATING,1.0,54,S006,48.09,51.91,WATCH,temperature,True,False
RPM_INSTABILITY,0.15,54,S006,63.14,36.86,WARNING,rpm,True,True
RPM_INSTABILITY,0.15,54,S006,69.32,30.68,WARNING,rpm,True,True
RPM_INSTABILITY,0.3,54,S006,62.01,37.99,WARNING,rpm,True,True
RPM_INSTABILITY,0.3,54,S006,71.96,28.04,WARNING,rpm,True,True
RPM_INSTABILITY,0.5,54,S006,74.9,25.1,WARNING,vibration,True,True
RPM_INSTABILITY,0.5,54,S006,76.47,23.53,WARNING,rpm,True,True
RPM_INSTABILITY,0.75,54,S006,84.07,15.93,WARNING,vibration,True,True
RPM_INSTABILITY,0.75,54,S006,82.7,17.3,WARNING,vibration,True,True
RPM_INSTABILITY,1.0,54,S006,91.69,8.31,WARNING,vibration,True,True
RPM_INSTABILITY,1.0,54,S006,87.96,12.04,WARNING,vibration,True,True
COMBINED_FAULT,0.15,54,S006,74.61,25.39,WARNING,rpm,True,True
COMBINED_FAULT,0.15,54,S006,84.53,15.47,WARNING,vibration,True,True
COMBINED_FAULT,0.3,54,S006,89.18,10.82,WARNING,vibration,True,True
COMBINED_FAULT,0.3,54,S006,84.37,15.63,WARNING,vibration,True,True
COMBINED_FAULT,0.5,54,S006,96.77,3.23,CRITICAL,vibration,True,True
COMBINED_FAULT,0.5,54,S006,93.82,6.18,CRITICAL,vibration,True,True
COMBINED_FAULT,0.75,54,S006,98.46,1.54,CRITICAL,vibration,True,True
COMBINED_FAULT,0.75,54,S006,98.11,1.89,CRITICAL,vibration,True,True
COMBINED_FAULT,1.0,54,S006,98.7,1.3,CRITICAL,vibration,True,True
COMBINED_FAULT,1.0,54,S006,85.64,14.36,WARNING,joint,True,True
NORMAL,0.0,55,S006,16.06,83.94,NORMAL,vibration,False,False
BELT_SLIP,0.15,55,S006,64.33,35.67,WARNING,rpm,True,True
BELT_SLIP,0.15,55,S006,59.26,40.74,WATCH,rpm,True,False
BELT_SLIP,0.3,55,S006,76.44,23.56,WARNING,vibration,True,True
BELT_SLIP,0.3,55,S006,74.94,25.06,WARNING,vibration,True,True
BELT_SLIP,0.5,55,S006,88.81,11.19,WARNING,vibration,True,True
BELT_SLIP,0.5,55,S006,89.02,10.98,WARNING,vibration,True,True
BELT_SLIP,0.75,55,S006,94.12,5.88,CRITICAL,vibration,True,True
BELT_SLIP,0.75,55,S006,93.01,6.99,CRITICAL,vibration,True,True
BELT_SLIP,1.0,55,S006,96.7,3.3,CRITICAL,vibration,True,True
BELT_SLIP,1.0,55,S006,96.01,3.99,CRITICAL,vibration,True,True
HIGH_VIBRATION,0.15,55,S006,76.15,23.85,WARNING,vibration,True,True
HIGH_VIBRATION,0.15,55,S006,76.68,23.32,WARNING,vibration,True,True
HIGH_VIBRATION,0.3,55,S006,92.0,8.0,CRITICAL,vibration,True,True
HIGH_VIBRATION,0.3,55,S006,92.17,7.83,CRITICAL,vibration,True,True
HIGH_VIBRATION,0.5,55,S006,96.92,3.08,CRITICAL,vibration,True,True
HIGH_VIBRATION,0.5,55,S006,96.56,3.44,CRITICAL,vibration,True,True
HIGH_VIBRATION,0.75,55,S006,97.9,2.1,CRITICAL,vibration,True,True
HIGH_VIBRATION,0.75,55,S006,97.98,2.02,CRITICAL,vibration,True,True
HIGH_VIBRATION,1.0,55,S006,98.51,1.49,CRITICAL,vibration,True,True
HIGH_VIBRATION,1.0,55,S006,98.38,1.62,CRITICAL,vibration,True,True
OVERHEATING,0.15,55,S006,16.06,83.94,NORMAL,vibration,False,False
OVERHEATING,0.15,55,S006,16.06,83.94,NORMAL,vibration,False,False
OVERHEATING,0.3,55,S006,16.06,83.94,NORMAL,vibration,False,False
OVERHEATING,0.3,55,S006,16.06,83.94,NORMAL,vibration,False,False
OVERHEATING,0.5,55,S006,30.1,69.9,NORMAL,temperature,False,False
OVERHEATING,0.5,55,S006,29.44,70.56,NORMAL,temperature,False,False
OVERHEATING,0.75,55,S006,54.24,45.76,WATCH,temperature,True,False
OVERHEATING,0.75,55,S006,54.25,45.75,WATCH,temperature,True,False
OVERHEATING,1.0,55,S006,65.85,34.15,WARNING,temperature,True,True
OVERHEATING,1.0,55,S006,66.87,33.13,WARNING,temperature,True,True
RPM_INSTABILITY,0.15,55,S006,69.67,30.33,WARNING,rpm,True,True
RPM_INSTABILITY,0.15,55,S006,69.77,30.23,WARNING,rpm,True,True
RPM_INSTABILITY,0.3,55,S006,77.6,22.4,WARNING,rpm,True,True
RPM_INSTABILITY,0.3,55,S006,70.26,29.74,WARNING,rpm,True,True
RPM_INSTABILITY,0.5,55,S006,75.0,25.0,WARNING,rpm,True,True
RPM_INSTABILITY,0.5,55,S006,80.17,19.83,WARNING,rpm,True,True
RPM_INSTABILITY,0.75,55,S006,80.15,19.85,WARNING,rpm,True,True
RPM_INSTABILITY,0.75,55,S006,80.17,19.83,WARNING,rpm,True,True
RPM_INSTABILITY,1.0,55,S006,83.19,16.81,WARNING,vibration,True,True
RPM_INSTABILITY,1.0,55,S006,80.54,19.46,WARNING,vibration,True,True
COMBINED_FAULT,0.15,55,S006,73.97,26.03,WARNING,vibration,True,True
COMBINED_FAULT,0.15,55,S006,72.6,27.4,WARNING,vibration,True,True
COMBINED_FAULT,0.3,55,S006,94.9,5.1,CRITICAL,vibration,True,True
COMBINED_FAULT,0.3,55,S006,82.6,17.4,WARNING,vibration,True,True
COMBINED_FAULT,0.5,55,S006,93.26,6.74,CRITICAL,vibration,True,True
COMBINED_FAULT,0.5,55,S006,88.35,11.65,WARNING,vibration,True,True
COMBINED_FAULT,0.75,55,S006,94.86,5.14,CRITICAL,vibration,True,True
COMBINED_FAULT,0.75,55,S006,83.66,16.34,WARNING,joint,True,True
COMBINED_FAULT,1.0,55,S006,97.61,2.39,CRITICAL,vibration,True,True
COMBINED_FAULT,1.0,55,S006,97.91,2.09,CRITICAL,vibration,True,True
NORMAL,0.0,56,S006,22.97,77.03,NORMAL,vibration,False,False
BELT_SLIP,0.15,56,S006,74.64,25.36,WARNING,rpm,True,True
BELT_SLIP,0.15,56,S006,75.32,24.68,WARNING,rpm,True,True
BELT_SLIP,0.3,56,S006,82.01,17.99,WARNING,vibration,True,True
BELT_SLIP,0.3,56,S006,82.66,17.34,WARNING,vibration,True,True
BELT_SLIP,0.5,56,S006,89.72,10.28,WARNING,vibration,True,True
BELT_SLIP,0.5,56,S006,89.82,10.18,WARNING,vibration,True,True
BELT_SLIP,0.75,56,S006,94.58,5.42,CRITICAL,vibration,True,True
BELT_SLIP,0.75,56,S006,94.36,5.64,CRITICAL,vibration,True,True
BELT_SLIP,1.0,56,S006,95.96,4.04,CRITICAL,vibration,True,True
BELT_SLIP,1.0,56,S006,97.1,2.9,CRITICAL,vibration,True,True
HIGH_VIBRATION,0.15,56,S006,78.72,21.28,WARNING,vibration,True,True
HIGH_VIBRATION,0.15,56,S006,78.54,21.46,WARNING,vibration,True,True
HIGH_VIBRATION,0.3,56,S006,86.66,13.34,WARNING,vibration,True,True
HIGH_VIBRATION,0.3,56,S006,87.14,12.86,WARNING,vibration,True,True
HIGH_VIBRATION,0.5,56,S006,93.99,6.01,CRITICAL,vibration,True,True
HIGH_VIBRATION,0.5,56,S006,94.56,5.44,CRITICAL,vibration,True,True
HIGH_VIBRATION,0.75,56,S006,97.78,2.22,CRITICAL,vibration,True,True
HIGH_VIBRATION,0.75,56,S006,97.66,2.34,CRITICAL,vibration,True,True
HIGH_VIBRATION,1.0,56,S006,98.14,1.86,CRITICAL,vibration,True,True
HIGH_VIBRATION,1.0,56,S006,98.61,1.39,CRITICAL,vibration,True,True
OVERHEATING,0.15,56,S006,22.97,77.03,NORMAL,vibration,False,False
OVERHEATING,0.15,56,S006,22.97,77.03,NORMAL,vibration,False,False
OVERHEATING,0.3,56,S006,22.97,77.03,NORMAL,vibration,False,False
OVERHEATING,0.3,56,S006,22.97,77.03,NORMAL,vibration,False,False
OVERHEATING,0.5,56,S006,28.23,71.77,NORMAL,temperature,False,False
OVERHEATING,0.5,56,S006,30.22,69.78,NORMAL,temperature,False,False
OVERHEATING,0.75,56,S006,52.92,47.08,WATCH,temperature,True,False
OVERHEATING,0.75,56,S006,51.34,48.66,WATCH,temperature,True,False
OVERHEATING,1.0,56,S006,65.7,34.3,WARNING,temperature,True,True
OVERHEATING,1.0,56,S006,65.31,34.69,WARNING,temperature,True,True
RPM_INSTABILITY,0.15,56,S006,65.84,34.16,WARNING,rpm,True,True
RPM_INSTABILITY,0.15,56,S006,73.45,26.55,WARNING,rpm,True,True
RPM_INSTABILITY,0.3,56,S006,75.68,24.32,WARNING,rpm,True,True
RPM_INSTABILITY,0.3,56,S006,79.78,20.22,WARNING,rpm,True,True
RPM_INSTABILITY,0.5,56,S006,75.7,24.3,WARNING,rpm,True,True
RPM_INSTABILITY,0.5,56,S006,75.7,24.3,WARNING,rpm,True,True
RPM_INSTABILITY,0.75,56,S006,80.43,19.57,WARNING,joint,True,True
RPM_INSTABILITY,0.75,56,S006,80.17,19.83,WARNING,rpm,True,True
RPM_INSTABILITY,1.0,56,S006,85.45,14.55,WARNING,vibration,True,True
RPM_INSTABILITY,1.0,56,S006,85.27,14.73,WARNING,vibration,True,True
COMBINED_FAULT,0.15,56,S006,76.31,23.69,WARNING,rpm,True,True
COMBINED_FAULT,0.15,56,S006,60.01,39.99,WATCH,rpm,True,False
COMBINED_FAULT,0.3,56,S006,74.3,25.7,WARNING,joint,True,True
COMBINED_FAULT,0.3,56,S006,85.27,14.73,WARNING,vibration,True,True
COMBINED_FAULT,0.5,56,S006,93.86,6.14,CRITICAL,vibration,True,True
COMBINED_FAULT,0.5,56,S006,90.04,9.96,WARNING,joint,True,True
COMBINED_FAULT,0.75,56,S006,95.34,4.66,CRITICAL,vibration,True,True
COMBINED_FAULT,0.75,56,S006,84.61,15.39,WARNING,joint,True,True
COMBINED_FAULT,1.0,56,S006,91.26,8.74,WARNING,joint,True,True
COMBINED_FAULT,1.0,56,S006,96.64,3.36,CRITICAL,vibration,True,True
NORMAL,0.0,57,S006,20.99,79.01,NORMAL,vibration,False,False
BELT_SLIP,0.15,57,S006,64.79,35.21,WARNING,rpm,True,True
BELT_SLIP,0.15,57,S006,70.95,29.05,WARNING,rpm,True,True
BELT_SLIP,0.3,57,S006,79.77,20.23,WARNING,vibration,True,True
BELT_SLIP,0.3,57,S006,80.97,19.03,WARNING,vibration,True,True
BELT_SLIP,0.5,57,S006,88.77,11.23,WARNING,vibration,True,True
BELT_SLIP,0.5,57,S006,89.45,10.55,WARNING,joint,True,True
BELT_SLIP,0.75,57,S006,94.12,5.88,CRITICAL,vibration,True,True
BELT_SLIP,0.75,57,S006,93.48,6.52,CRITICAL,joint,True,True
BELT_SLIP,1.0,57,S006,96.0,4.0,CRITICAL,joint,True,True
BELT_SLIP,1.0,57,S006,96.22,3.78,CRITICAL,vibration,True,True
HIGH_VIBRATION,0.15,57,S006,74.46,25.54,WARNING,vibration,True,True
HIGH_VIBRATION,0.15,57,S006,74.68,25.32,WARNING,vibration,True,True
HIGH_VIBRATION,0.3,57,S006,87.19,12.81,WARNING,vibration,True,True
HIGH_VIBRATION,0.3,57,S006,86.41,13.59,WARNING,vibration,True,True
HIGH_VIBRATION,0.5,57,S006,95.3,4.7,CRITICAL,vibration,True,True
HIGH_VIBRATION,0.5,57,S006,96.07,3.93,CRITICAL,vibration,True,True
HIGH_VIBRATION,0.75,57,S006,97.54,2.46,CRITICAL,vibration,True,True
HIGH_VIBRATION,0.75,57,S006,97.76,2.24,CRITICAL,vibration,True,True
HIGH_VIBRATION,1.0,57,S006,98.46,1.54,CRITICAL,vibration,True,True
HIGH_VIBRATION,1.0,57,S006,98.03,1.97,CRITICAL,vibration,True,True
OVERHEATING,0.15,57,S006,20.99,79.01,NORMAL,vibration,False,False
OVERHEATING,0.15,57,S006,20.99,79.01,NORMAL,vibration,False,False
OVERHEATING,0.3,57,S006,26.82,73.18,NORMAL,temperature,False,False
OVERHEATING,0.3,57,S006,27.51,72.49,NORMAL,temperature,False,False
OVERHEATING,0.5,57,S006,48.65,51.35,WATCH,temperature,True,False
OVERHEATING,0.5,57,S006,51.18,48.82,WATCH,temperature,True,False
OVERHEATING,0.75,57,S006,66.91,33.09,WARNING,temperature,True,True
OVERHEATING,0.75,57,S006,64.28,35.72,WARNING,temperature,True,True
OVERHEATING,1.0,57,S006,71.79,28.21,WARNING,temperature,True,True
OVERHEATING,1.0,57,S006,71.79,28.21,WARNING,temperature,True,True
RPM_INSTABILITY,0.15,57,S006,66.8,33.2,WARNING,rpm,True,True
RPM_INSTABILITY,0.15,57,S006,67.74,32.26,WARNING,rpm,True,True
RPM_INSTABILITY,0.3,57,S006,72.77,27.23,WARNING,rpm,True,True
RPM_INSTABILITY,0.3,57,S006,68.23,31.77,WARNING,rpm,True,True
RPM_INSTABILITY,0.5,57,S006,72.4,27.6,WARNING,rpm,True,True
RPM_INSTABILITY,0.5,57,S006,69.65,30.35,WARNING,vibration,True,True
RPM_INSTABILITY,0.75,57,S006,76.09,23.91,WARNING,vibration,True,True
RPM_INSTABILITY,0.75,57,S006,82.75,17.25,WARNING,vibration,True,True
RPM_INSTABILITY,1.0,57,S006,79.84,20.16,WARNING,vibration,True,True
RPM_INSTABILITY,1.0,57,S006,80.98,19.02,WARNING,vibration,True,True
COMBINED_FAULT,0.15,57,S006,74.04,25.96,WARNING,joint,True,True
COMBINED_FAULT,0.15,57,S006,45.64,54.36,WATCH,rpm,True,False
COMBINED_FAULT,0.3,57,S006,79.05,20.95,WARNING,rpm,True,True
COMBINED_FAULT,0.3,57,S006,78.45,21.55,WARNING,vibration,True,True
COMBINED_FAULT,0.5,57,S006,93.92,6.08,CRITICAL,vibration,True,True
COMBINED_FAULT,0.5,57,S006,89.75,10.25,WARNING,vibration,True,True
COMBINED_FAULT,0.75,57,S006,95.54,4.46,CRITICAL,vibration,True,True
COMBINED_FAULT,0.75,57,S006,87.72,12.28,WARNING,joint,True,True
COMBINED_FAULT,1.0,57,S006,97.23,2.77,CRITICAL,vibration,True,True
COMBINED_FAULT,1.0,57,S006,95.99,4.01,CRITICAL,vibration,True,True
NORMAL,0.0,58,S006,22.41,77.59,NORMAL,rpm,False,False
BELT_SLIP,0.15,58,S006,55.49,44.51,WATCH,vibration,True,False
BELT_SLIP,0.15,58,S006,61.71,38.29,WARNING,rpm,True,True
BELT_SLIP,0.3,58,S006,76.16,23.84,WARNING,vibration,True,True
BELT_SLIP,0.3,58,S006,76.15,23.85,WARNING,vibration,True,True
BELT_SLIP,0.5,58,S006,86.83,13.17,WARNING,vibration,True,True
BELT_SLIP,0.5,58,S006,85.67,14.33,WARNING,vibration,True,True
BELT_SLIP,0.75,58,S006,90.81,9.19,WARNING,vibration,True,True
BELT_SLIP,0.75,58,S006,91.26,8.74,WARNING,vibration,True,True
BELT_SLIP,1.0,58,S006,94.26,5.74,CRITICAL,vibration,True,True
BELT_SLIP,1.0,58,S006,95.48,4.52,CRITICAL,vibration,True,True
HIGH_VIBRATION,0.15,58,S006,69.06,30.94,WARNING,vibration,True,True
HIGH_VIBRATION,0.15,58,S006,69.3,30.7,WARNING,vibration,True,True
HIGH_VIBRATION,0.3,58,S006,84.41,15.59,WARNING,vibration,True,True
HIGH_VIBRATION,0.3,58,S006,84.63,15.37,WARNING,vibration,True,True
HIGH_VIBRATION,0.5,58,S006,92.28,7.72,CRITICAL,vibration,True,True
HIGH_VIBRATION,0.5,58,S006,92.02,7.98,CRITICAL,vibration,True,True
HIGH_VIBRATION,0.75,58,S006,97.04,2.96,CRITICAL,vibration,True,True
HIGH_VIBRATION,0.75,58,S006,97.13,2.87,CRITICAL,vibration,True,True
HIGH_VIBRATION,1.0,58,S006,97.95,2.05,CRITICAL,vibration,True,True
HIGH_VIBRATION,1.0,58,S006,98.12,1.88,CRITICAL,vibration,True,True
OVERHEATING,0.15,58,S006,22.41,77.59,NORMAL,rpm,False,False
OVERHEATING,0.15,58,S006,22.41,77.59,NORMAL,rpm,False,False
OVERHEATING,0.3,58,S006,22.41,77.59,NORMAL,rpm,False,False
OVERHEATING,0.3,58,S006,22.41,77.59,NORMAL,rpm,False,False
OVERHEATING,0.5,58,S006,22.41,77.59,NORMAL,rpm,False,False
OVERHEATING,0.5,58,S006,22.41,77.59,NORMAL,rpm,False,False
OVERHEATING,0.75,58,S006,27.1,72.9,NORMAL,temperature,False,False
OVERHEATING,0.75,58,S006,26.82,73.18,NORMAL,temperature,False,False
OVERHEATING,1.0,58,S006,42.91,57.09,WATCH,temperature,True,False
OVERHEATING,1.0,58,S006,45.52,54.48,WATCH,temperature,True,False
RPM_INSTABILITY,0.15,58,S006,61.01,38.99,WARNING,rpm,True,True
RPM_INSTABILITY,0.15,58,S006,76.81,23.19,WARNING,rpm,True,True
RPM_INSTABILITY,0.3,58,S006,71.32,28.68,WARNING,rpm,True,True
RPM_INSTABILITY,0.3,58,S006,64.47,35.53,WARNING,rpm,True,True
RPM_INSTABILITY,0.5,58,S006,71.8,28.2,WARNING,rpm,True,True
RPM_INSTABILITY,0.5,58,S006,81.28,18.72,WARNING,rpm,True,True
RPM_INSTABILITY,0.75,58,S006,76.69,23.31,WARNING,rpm,True,True
RPM_INSTABILITY,0.75,58,S006,75.63,24.37,WARNING,vibration,True,True
RPM_INSTABILITY,1.0,58,S006,86.81,13.19,WARNING,vibration,True,True
RPM_INSTABILITY,1.0,58,S006,86.06,13.94,WARNING,vibration,True,True
COMBINED_FAULT,0.15,58,S006,40.38,59.62,WATCH,rpm,True,False
COMBINED_FAULT,0.15,58,S006,39.6,60.4,WATCH,rpm,True,False
COMBINED_FAULT,0.3,58,S006,81.5,18.5,WARNING,vibration,True,True
COMBINED_FAULT,0.3,58,S006,78.19,21.81,WARNING,rpm,True,True
COMBINED_FAULT,0.5,58,S006,92.39,7.61,CRITICAL,vibration,True,True
COMBINED_FAULT,0.5,58,S006,95.8,4.2,CRITICAL,vibration,True,True
COMBINED_FAULT,0.75,58,S006,97.19,2.81,CRITICAL,vibration,True,True
COMBINED_FAULT,0.75,58,S006,93.08,6.92,CRITICAL,vibration,True,True
COMBINED_FAULT,1.0,58,S006,98.79,1.21,CRITICAL,vibration,True,True
COMBINED_FAULT,1.0,58,S006,93.88,6.12,CRITICAL,joint,True,True
NORMAL,0.0,59,S006,8.87,91.13,NORMAL,vibration,False,False
BELT_SLIP,0.15,59,S006,58.16,41.84,WATCH,rpm,True,False
BELT_SLIP,0.15,59,S006,69.45,30.55,WARNING,rpm,True,True
BELT_SLIP,0.3,59,S006,73.19,26.81,WARNING,vibration,True,True
BELT_SLIP,0.3,59,S006,72.33,27.67,WARNING,vibration,True,True
BELT_SLIP,0.5,59,S006,84.49,15.51,WARNING,vibration,True,True
BELT_SLIP,0.5,59,S006,83.88,16.12,WARNING,vibration,True,True
BELT_SLIP,0.75,59,S006,90.74,9.26,WARNING,vibration,True,True
BELT_SLIP,0.75,59,S006,91.05,8.95,WARNING,vibration,True,True
BELT_SLIP,1.0,59,S006,95.17,4.83,CRITICAL,vibration,True,True
BELT_SLIP,1.0,59,S006,94.87,5.13,CRITICAL,vibration,True,True
HIGH_VIBRATION,0.15,59,S006,76.61,23.39,WARNING,vibration,True,True
HIGH_VIBRATION,0.15,59,S006,77.02,22.98,WARNING,vibration,True,True
HIGH_VIBRATION,0.3,59,S006,90.27,9.73,WARNING,vibration,True,True
HIGH_VIBRATION,0.3,59,S006,88.89,11.11,WARNING,vibration,True,True
HIGH_VIBRATION,0.5,59,S006,96.77,3.23,CRITICAL,vibration,True,True
HIGH_VIBRATION,0.5,59,S006,96.84,3.16,CRITICAL,vibration,True,True
HIGH_VIBRATION,0.75,59,S006,97.42,2.58,CRITICAL,vibration,True,True
HIGH_VIBRATION,0.75,59,S006,97.64,2.36,CRITICAL,vibration,True,True
HIGH_VIBRATION,1.0,59,S006,98.25,1.75,CRITICAL,vibration,True,True
HIGH_VIBRATION,1.0,59,S006,98.1,1.9,CRITICAL,vibration,True,True
OVERHEATING,0.15,59,S006,8.87,91.13,NORMAL,vibration,False,False
OVERHEATING,0.15,59,S006,8.87,91.13,NORMAL,vibration,False,False
OVERHEATING,0.3,59,S006,10.23,89.77,NORMAL,temperature,False,False
OVERHEATING,0.3,59,S006,10.48,89.52,NORMAL,temperature,False,False
OVERHEATING,0.5,59,S006,15.6,84.4,NORMAL,temperature,False,False
OVERHEATING,0.5,59,S006,15.91,84.09,NORMAL,temperature,False,False
OVERHEATING,0.75,59,S006,28.77,71.23,NORMAL,temperature,False,False
OVERHEATING,0.75,59,S006,27.81,72.19,NORMAL,temperature,False,False
OVERHEATING,1.0,59,S006,46.01,53.99,WATCH,temperature,True,False
OVERHEATING,1.0,59,S006,45.55,54.45,WATCH,temperature,True,False
RPM_INSTABILITY,0.15,59,S006,76.16,23.84,WARNING,rpm,True,True
RPM_INSTABILITY,0.15,59,S006,70.5,29.5,WARNING,rpm,True,True
RPM_INSTABILITY,0.3,59,S006,77.66,22.34,WARNING,rpm,True,True
RPM_INSTABILITY,0.3,59,S006,71.32,28.68,WARNING,rpm,True,True
RPM_INSTABILITY,0.5,59,S006,77.81,22.19,WARNING,rpm,True,True
RPM_INSTABILITY,0.5,59,S006,81.68,18.32,WARNING,rpm,True,True
RPM_INSTABILITY,0.75,59,S006,78.83,21.17,WARNING,vibration,True,True
RPM_INSTABILITY,0.75,59,S006,81.46,18.54,WARNING,rpm,True,True
RPM_INSTABILITY,1.0,59,S006,85.4,14.6,WARNING,vibration,True,True
RPM_INSTABILITY,1.0,59,S006,87.6,12.4,WARNING,vibration,True,True
COMBINED_FAULT,0.15,59,S006,81.46,18.54,WARNING,vibration,True,True
COMBINED_FAULT,0.15,59,S006,72.93,27.07,WARNING,vibration,True,True
COMBINED_FAULT,0.3,59,S006,87.64,12.36,WARNING,vibration,True,True
COMBINED_FAULT,0.3,59,S006,76.72,23.28,WARNING,rpm,True,True
COMBINED_FAULT,0.5,59,S006,97.74,2.26,CRITICAL,vibration,True,True
COMBINED_FAULT,0.5,59,S006,72.72,27.28,WARNING,rpm,True,True
COMBINED_FAULT,0.75,59,S006,92.59,7.41,CRITICAL,vibration,True,True
COMBINED_FAULT,0.75,59,S006,84.27,15.73,WARNING,joint,True,True
COMBINED_FAULT,1.0,59,S006,93.73,6.27,CRITICAL,joint,True,True
COMBINED_FAULT,1.0,59,S006,98.78,1.22,CRITICAL,vibration,True,True
NORMAL,0.0,60,S007,10.49,89.51,NORMAL,vibration,False,False
BELT_SLIP,0.15,60,S007,68.66,31.34,WARNING,vibration,True,True
BELT_SLIP,0.15,60,S007,69.17,30.83,WARNING,vibration,True,True
BELT_SLIP,0.3,60,S007,81.96,18.04,WARNING,vibration,True,True
BELT_SLIP,0.3,60,S007,82.1,17.9,WARNING,vibration,True,True
BELT_SLIP,0.5,60,S007,89.38,10.62,WARNING,vibration,True,True
BELT_SLIP,0.5,60,S007,89.41,10.59,WARNING,vibration,True,True
BELT_SLIP,0.75,60,S007,95.43,4.57,CRITICAL,vibration,True,True
BELT_SLIP,0.75,60,S007,94.28,5.72,CRITICAL,vibration,True,True
BELT_SLIP,1.0,60,S007,97.63,2.37,CRITICAL,vibration,True,True
BELT_SLIP,1.0,60,S007,97.98,2.02,CRITICAL,vibration,True,True
HIGH_VIBRATION,0.15,60,S007,81.07,18.93,WARNING,vibration,True,True
HIGH_VIBRATION,0.15,60,S007,81.27,18.73,WARNING,vibration,True,True
HIGH_VIBRATION,0.3,60,S007,94.48,5.52,CRITICAL,vibration,True,True
HIGH_VIBRATION,0.3,60,S007,95.15,4.85,CRITICAL,vibration,True,True
HIGH_VIBRATION,0.5,60,S007,97.87,2.13,CRITICAL,vibration,True,True
HIGH_VIBRATION,0.5,60,S007,97.87,2.13,CRITICAL,vibration,True,True
HIGH_VIBRATION,0.75,60,S007,98.36,1.64,CRITICAL,vibration,True,True
HIGH_VIBRATION,0.75,60,S007,98.42,1.58,CRITICAL,vibration,True,True
HIGH_VIBRATION,1.0,60,S007,98.34,1.66,CRITICAL,vibration,True,True
HIGH_VIBRATION,1.0,60,S007,98.72,1.28,CRITICAL,vibration,True,True
OVERHEATING,0.15,60,S007,10.49,89.51,NORMAL,vibration,False,False
OVERHEATING,0.15,60,S007,10.49,89.51,NORMAL,vibration,False,False
OVERHEATING,0.3,60,S007,16.65,83.35,NORMAL,temperature,False,False
OVERHEATING,0.3,60,S007,16.59,83.41,NORMAL,temperature,False,False
OVERHEATING,0.5,60,S007,23.02,76.98,NORMAL,temperature,False,False
OVERHEATING,0.5,60,S007,23.76,76.24,NORMAL,temperature,False,False
OVERHEATING,0.75,60,S007,30.65,69.35,NORMAL,temperature,False,False
OVERHEATING,0.75,60,S007,30.66,69.34,NORMAL,temperature,False,False
OVERHEATING,1.0,60,S007,43.89,56.11,WATCH,temperature,True,False
OVERHEATING,1.0,60,S007,43.24,56.76,WATCH,temperature,True,False
RPM_INSTABILITY,0.15,60,S007,69.41,30.59,WARNING,rpm,True,True
RPM_INSTABILITY,0.15,60,S007,66.19,33.81,WARNING,rpm,True,True
RPM_INSTABILITY,0.3,60,S007,79.98,20.02,WARNING,rpm,True,True
RPM_INSTABILITY,0.3,60,S007,68.91,31.09,WARNING,rpm,True,True
RPM_INSTABILITY,0.5,60,S007,77.03,22.97,WARNING,vibration,True,True
RPM_INSTABILITY,0.5,60,S007,79.98,20.02,WARNING,rpm,True,True
RPM_INSTABILITY,0.75,60,S007,85.07,14.93,WARNING,vibration,True,True
RPM_INSTABILITY,0.75,60,S007,88.21,11.79,WARNING,vibration,True,True
RPM_INSTABILITY,1.0,60,S007,91.98,8.02,CRITICAL,vibration,True,True
RPM_INSTABILITY,1.0,60,S007,89.2,10.8,WARNING,vibration,True,True
COMBINED_FAULT,0.15,60,S007,79.57,20.43,WARNING,vibration,True,True
COMBINED_FAULT,0.15,60,S007,75.01,24.99,WARNING,vibration,True,True
COMBINED_FAULT,0.3,60,S007,76.99,23.01,WARNING,vibration,True,True
COMBINED_FAULT,0.3,60,S007,89.81,10.19,WARNING,vibration,True,True
COMBINED_FAULT,0.5,60,S007,98.3,1.7,CRITICAL,vibration,True,True
COMBINED_FAULT,0.5,60,S007,90.96,9.04,WARNING,vibration,True,True
COMBINED_FAULT,0.75,60,S007,84.23,15.77,WARNING,joint,True,True
COMBINED_FAULT,0.75,60,S007,98.51,1.49,CRITICAL,vibration,True,True
COMBINED_FAULT,1.0,60,S007,94.7,5.3,CRITICAL,joint,True,True
COMBINED_FAULT,1.0,60,S007,98.76,1.24,CRITICAL,vibration,True,True
NORMAL,0.0,61,S007,6.95,93.05,NORMAL,vibration,False,False
BELT_SLIP,0.15,61,S007,58.0,42.0,WATCH,rpm,True,False
BELT_SLIP,0.15,61,S007,63.68,36.32,WARNING,rpm,True,True
BELT_SLIP,0.3,61,S007,73.94,26.06,WARNING,rpm,True,True
BELT_SLIP,0.3,61,S007,77.57,22.43,WARNING,rpm,True,True
BELT_SLIP,0.5,61,S007,81.65,18.35,WARNING,joint,True,True
BELT_SLIP,0.5,61,S007,80.01,19.99,WARNING,vibration,True,True
BELT_SLIP,0.75,61,S007,91.75,8.25,CRITICAL,vibration,True,True
BELT_SLIP,0.75,61,S007,91.93,8.07,CRITICAL,vibration,True,True
BELT_SLIP,1.0,61,S007,96.11,3.89,CRITICAL,vibration,True,True
BELT_SLIP,1.0,61,S007,95.76,4.24,CRITICAL,vibration,True,True
HIGH_VIBRATION,0.15,61,S007,74.96,25.04,WARNING,vibration,True,True
HIGH_VIBRATION,0.15,61,S007,74.45,25.55,WARNING,vibration,True,True
HIGH_VIBRATION,0.3,61,S007,94.76,5.24,CRITICAL,vibration,True,True
HIGH_VIBRATION,0.3,61,S007,94.77,5.23,CRITICAL,vibration,True,True
HIGH_VIBRATION,0.5,61,S007,97.51,2.49,CRITICAL,vibration,True,True
HIGH_VIBRATION,0.5,61,S007,97.78,2.22,CRITICAL,vibration,True,True
HIGH_VIBRATION,0.75,61,S007,98.08,1.92,CRITICAL,vibration,True,True
HIGH_VIBRATION,0.75,61,S007,98.22,1.78,CRITICAL,vibration,True,True
HIGH_VIBRATION,1.0,61,S007,98.43,1.57,CRITICAL,vibration,True,True
HIGH_VIBRATION,1.0,61,S007,98.67,1.33,CRITICAL,vibration,True,True
OVERHEATING,0.15,61,S007,8.44,91.56,NORMAL,temperature,False,False
OVERHEATING,0.15,61,S007,8.29,91.71,NORMAL,temperature,False,False
OVERHEATING,0.3,61,S007,21.37,78.63,NORMAL,temperature,False,False
OVERHEATING,0.3,61,S007,21.22,78.78,NORMAL,temperature,False,False
OVERHEATING,0.5,61,S007,39.84,60.16,WATCH,temperature,True,False
OVERHEATING,0.5,61,S007,37.88,62.12,WATCH,temperature,True,False
OVERHEATING,0.75,61,S007,54.66,45.34,WATCH,temperature,True,False
OVERHEATING,0.75,61,S007,54.18,45.82,WATCH,temperature,True,False
OVERHEATING,1.0,61,S007,65.88,34.12,WARNING,temperature,True,True
OVERHEATING,1.0,61,S007,67.34,32.66,WARNING,temperature,True,True
RPM_INSTABILITY,0.15,61,S007,72.62,27.38,WARNING,rpm,True,True
RPM_INSTABILITY,0.15,61,S007,65.72,34.28,WARNING,rpm,True,True
RPM_INSTABILITY,0.3,61,S007,75.72,24.28,WARNING,rpm,True,True
RPM_INSTABILITY,0.3,61,S007,75.74,24.26,WARNING,rpm,True,True
RPM_INSTABILITY,0.5,61,S007,69.9,30.1,WARNING,rpm,True,True
RPM_INSTABILITY,0.5,61,S007,79.7,20.3,WARNING,rpm,True,True
RPM_INSTABILITY,0.75,61,S007,79.11,20.89,WARNING,rpm,True,True
RPM_INSTABILITY,0.75,61,S007,77.7,22.3,WARNING,rpm,True,True
RPM_INSTABILITY,1.0,61,S007,82.13,17.87,WARNING,vibration,True,True
RPM_INSTABILITY,1.0,61,S007,79.93,20.07,WARNING,rpm,True,True
COMBINED_FAULT,0.15,61,S007,42.09,57.91,WATCH,rpm,True,False
COMBINED_FAULT,0.15,61,S007,80.39,19.61,WARNING,vibration,True,True
COMBINED_FAULT,0.3,61,S007,92.37,7.63,CRITICAL,vibration,True,True
COMBINED_FAULT,0.3,61,S007,69.81,30.19,WARNING,rpm,True,True
COMBINED_FAULT,0.5,61,S007,98.04,1.96,CRITICAL,vibration,True,True
COMBINED_FAULT,0.5,61,S007,95.93,4.07,CRITICAL,vibration,True,True
COMBINED_FAULT,0.75,61,S007,98.57,1.43,CRITICAL,vibration,True,True
COMBINED_FAULT,0.75,61,S007,97.83,2.17,CRITICAL,vibration,True,True
COMBINED_FAULT,1.0,61,S007,98.1,1.9,CRITICAL,vibration,True,True
COMBINED_FAULT,1.0,61,S007,84.15,15.85,WARNING,joint,True,True
NORMAL,0.0,62,S007,8.29,91.71,NORMAL,rpm,False,False
BELT_SLIP,0.15,62,S007,72.18,27.82,WARNING,rpm,True,True
BELT_SLIP,0.15,62,S007,50.78,49.22,WATCH,rpm,True,False
BELT_SLIP,0.3,62,S007,77.0,23.0,WARNING,rpm,True,True
BELT_SLIP,0.3,62,S007,76.77,23.23,WARNING,rpm,True,True
BELT_SLIP,0.5,62,S007,78.94,21.06,WARNING,rpm,True,True
BELT_SLIP,0.5,62,S007,76.57,23.43,WARNING,vibration,True,True
BELT_SLIP,0.75,62,S007,90.8,9.2,WARNING,vibration,True,True
BELT_SLIP,0.75,62,S007,92.92,7.08,CRITICAL,vibration,True,True
BELT_SLIP,1.0,62,S007,93.98,6.02,CRITICAL,vibration,True,True
BELT_SLIP,1.0,62,S007,95.03,4.97,CRITICAL,vibration,True,True
HIGH_VIBRATION,0.15,62,S007,67.72,32.28,WARNING,vibration,True,True
HIGH_VIBRATION,0.15,62,S007,67.04,32.96,WARNING,vibration,True,True
HIGH_VIBRATION,0.3,62,S007,92.11,7.89,CRITICAL,vibration,True,True
HIGH_VIBRATION,0.3,62,S007,92.12,7.88,CRITICAL,vibration,True,True
HIGH_VIBRATION,0.5,62,S007,96.95,3.05,CRITICAL,vibration,True,True
HIGH_VIBRATION,0.5,62,S007,97.01,2.99,CRITICAL,vibration,True,True
HIGH_VIBRATION,0.75,62,S007,97.87,2.13,CRITICAL,vibration,True,True
HIGH_VIBRATION,0.75,62,S007,97.82,2.18,CRITICAL,vibration,True,True
HIGH_VIBRATION,1.0,62,S007,97.74,2.26,CRITICAL,vibration,True,True
HIGH_VIBRATION,1.0,62,S007,98.3,1.7,CRITICAL,vibration,True,True
OVERHEATING,0.15,62,S007,8.29,91.71,NORMAL,rpm,False,False
OVERHEATING,0.15,62,S007,8.29,91.71,NORMAL,rpm,False,False
OVERHEATING,0.3,62,S007,15.9,84.1,NORMAL,temperature,False,False
OVERHEATING,0.3,62,S007,16.02,83.98,NORMAL,temperature,False,False
OVERHEATING,0.5,62,S007,22.93,77.07,NORMAL,temperature,False,False
OVERHEATING,0.5,62,S007,23.67,76.33,NORMAL,temperature,False,False
OVERHEATING,0.75,62,S007,37.59,62.41,WATCH,temperature,True,False
OVERHEATING,0.75,62,S007,37.25,62.75,WATCH,temperature,True,False
OVERHEATING,1.0,62,S007,51.28,48.72,WATCH,temperature,True,False
OVERHEATING,1.0,62,S007,51.26,48.74,WATCH,temperature,True,False
RPM_INSTABILITY,0.15,62,S007,62.54,37.46,WARNING,rpm,True,True
RPM_INSTABILITY,0.15,62,S007,70.26,29.74,WARNING,rpm,True,True
RPM_INSTABILITY,0.3,62,S007,71.85,28.15,WARNING,rpm,True,True
RPM_INSTABILITY,0.3,62,S007,75.83,24.17,WARNING,rpm,True,True
RPM_INSTABILITY,0.5,62,S007,75.72,24.28,WARNING,rpm,True,True
RPM_INSTABILITY,0.5,62,S007,70.64,29.36,WARNING,rpm,True,True
RPM_INSTABILITY,0.75,62,S007,79.86,20.14,WARNING,rpm,True,True
RPM_INSTABILITY,0.75,62,S007,76.77,23.23,WARNING,rpm,True,True
RPM_INSTABILITY,1.0,62,S007,79.71,20.29,WARNING,rpm,True,True
RPM_INSTABILITY,1.0,62,S007,77.97,22.03,WARNING,vibration,True,True
COMBINED_FAULT,0.15,62,S007,75.04,24.96,WARNING,vibration,True,True
COMBINED_FAULT,0.15,62,S007,74.99,25.01,WARNING,vibration,True,True
COMBINED_FAULT,0.3,62,S007,94.86,5.14,CRITICAL,vibration,True,True
COMBINED_FAULT,0.3,62,S007,72.32,27.68,WARNING,rpm,True,True
COMBINED_FAULT,0.5,62,S007,97.65,2.35,CRITICAL,vibration,True,True
COMBINED_FAULT,0.5,62,S007,96.38,3.62,CRITICAL,vibration,True,True
COMBINED_FAULT,0.75,62,S007,92.37,7.63,CRITICAL,vibration,True,True
COMBINED_FAULT,0.75,62,S007,94.86,5.14,CRITICAL,vibration,True,True
COMBINED_FAULT,1.0,62,S007,98.58,1.42,CRITICAL,vibration,True,True
COMBINED_FAULT,1.0,62,S007,97.09,2.91,CRITICAL,vibration,True,True
NORMAL,0.0,63,S007,8.45,91.55,NORMAL,rpm,False,False
BELT_SLIP,0.15,63,S007,60.16,39.84,WATCH,rpm,True,False
BELT_SLIP,0.15,63,S007,54.72,45.28,WATCH,rpm,True,False
BELT_SLIP,0.3,63,S007,68.2,31.8,WARNING,rpm,True,True
BELT_SLIP,0.3,63,S007,73.76,26.24,WARNING,rpm,True,True
BELT_SLIP,0.5,63,S007,78.7,21.3,WARNING,rpm,True,True
BELT_SLIP,0.5,63,S007,68.53,31.47,WARNING,rpm,True,True
BELT_SLIP,0.75,63,S007,81.85,18.15,WARNING,vibration,True,True
BELT_SLIP,0.75,63,S007,84.67,15.33,WARNING,vibration,True,True
BELT_SLIP,1.0,63,S007,93.44,6.56,CRITICAL,vibration,True,True
BELT_SLIP,1.0,63,S007,94.69,5.31,CRITICAL,vibration,True,True
HIGH_VIBRATION,0.15,63,S007,37.82,62.18,WATCH,vibration,True,False
HIGH_VIBRATION,0.15,63,S007,39.03,60.97,WATCH,vibration,True,False
HIGH_VIBRATION,0.3,63,S007,90.39,9.61,WARNING,vibration,True,True
HIGH_VIBRATION,0.3,63,S007,91.02,8.98,WARNING,vibration,True,True
HIGH_VIBRATION,0.5,63,S007,96.45,3.55,CRITICAL,vibration,True,True
HIGH_VIBRATION,0.5,63,S007,96.32,3.68,CRITICAL,vibration,True,True
HIGH_VIBRATION,0.75,63,S007,97.73,2.27,CRITICAL,vibration,True,True
HIGH_VIBRATION,0.75,63,S007,97.76,2.24,CRITICAL,vibration,True,True
HIGH_VIBRATION,1.0,63,S007,97.46,2.54,CRITICAL,vibration,True,True
HIGH_VIBRATION,1.0,63,S007,98.18,1.82,CRITICAL,vibration,True,True
OVERHEATING,0.15,63,S007,8.45,91.55,NORMAL,rpm,False,False
OVERHEATING,0.15,63,S007,8.45,91.55,NORMAL,rpm,False,False
OVERHEATING,0.3,63,S007,15.48,84.52,NORMAL,temperature,False,False
OVERHEATING,0.3,63,S007,15.78,84.22,NORMAL,temperature,False,False
OVERHEATING,0.5,63,S007,21.08,78.92,NORMAL,temperature,False,False
OVERHEATING,0.5,63,S007,22.06,77.94,NORMAL,temperature,False,False
OVERHEATING,0.75,63,S007,33.13,66.87,NORMAL,temperature,False,False
OVERHEATING,0.75,63,S007,31.25,68.75,NORMAL,temperature,False,False
OVERHEATING,1.0,63,S007,47.59,52.41,WATCH,temperature,True,False
OVERHEATING,1.0,63,S007,48.24,51.76,WATCH,temperature,True,False
RPM_INSTABILITY,0.15,63,S007,65.61,34.39,WARNING,rpm,True,True
RPM_INSTABILITY,0.15,63,S007,65.05,34.95,WARNING,rpm,True,True
RPM_INSTABILITY,0.3,63,S007,73.92,26.08,WARNING,rpm,True,True
RPM_INSTABILITY,0.3,63,S007,68.61,31.39,WARNING,rpm,True,True
RPM_INSTABILITY,0.5,63,S007,71.61,28.39,WARNING,rpm,True,True
RPM_INSTABILITY,0.5,63,S007,79.73,20.27,WARNING,rpm,True,True
RPM_INSTABILITY,0.75,63,S007,75.79,24.21,WARNING,rpm,True,True
RPM_INSTABILITY,0.75,63,S007,65.76,34.24,WARNING,rpm,True,True
RPM_INSTABILITY,1.0,63,S007,77.13,22.87,WARNING,rpm,True,True
RPM_INSTABILITY,1.0,63,S007,79.73,20.27,WARNING,rpm,True,True
COMBINED_FAULT,0.15,63,S007,26.42,73.58,NORMAL,vibration,False,False
COMBINED_FAULT,0.15,63,S007,40.23,59.77,WATCH,rpm,True,False
COMBINED_FAULT,0.3,63,S007,63.0,37.0,WARNING,vibration,True,True
COMBINED_FAULT,0.3,63,S007,71.35,28.65,WARNING,rpm,True,True
COMBINED_FAULT,0.5,63,S007,70.98,29.02,WARNING,joint,True,True
COMBINED_FAULT,0.5,63,S007,92.13,7.87,CRITICAL,vibration,True,True
COMBINED_FAULT,0.75,63,S007,84.81,15.19,WARNING,joint,True,True
COMBINED_FAULT,0.75,63,S007,97.38,2.62,CRITICAL,vibration,True,True
COMBINED_FAULT,1.0,63,S007,79.73,20.27,WARNING,rpm,True,True
COMBINED_FAULT,1.0,63,S007,75.67,24.33,WARNING,rpm,True,True
NORMAL,0.0,64,S007,7.56,92.44,NORMAL,vibration,False,False
BELT_SLIP,0.15,64,S007,51.28,48.72,WATCH,vibration,True,False
BELT_SLIP,0.15,64,S007,62.83,37.17,WARNING,rpm,True,True
BELT_SLIP,0.3,64,S007,71.9,28.1,WARNING,rpm,True,True
BELT_SLIP,0.3,64,S007,77.02,22.98,WARNING,rpm,True,True
BELT_SLIP,0.5,64,S007,81.07,18.93,WARNING,rpm,True,True
BELT_SLIP,0.5,64,S007,77.29,22.71,WARNING,rpm,True,True
BELT_SLIP,0.75,64,S007,83.04,16.96,WARNING,joint,True,True
BELT_SLIP,0.75,64,S007,86.38,13.62,WARNING,vibration,True,True
BELT_SLIP,1.0,64,S007,90.89,9.11,WARNING,vibration,True,True
BELT_SLIP,1.0,64,S007,93.86,6.14,CRITICAL,vibration,True,True
HIGH_VIBRATION,0.15,64,S007,37.25,62.75,WATCH,vibration,True,False
HIGH_VIBRATION,0.15,64,S007,36.71,63.29,WATCH,vibration,True,False
HIGH_VIBRATION,0.3,64,S007,81.12,18.88,WARNING,vibration,True,True
HIGH_VIBRATION,0.3,64,S007,82.74,17.26,WARNING,vibration,True,True
HIGH_VIBRATION,0.5,64,S007,95.91,4.09,CRITICAL,vibration,True,True
HIGH_VIBRATION,0.5,64,S007,95.63,4.37,CRITICAL,vibration,True,True
HIGH_VIBRATION,0.75,64,S007,97.13,2.87,CRITICAL,vibration,True,True
HIGH_VIBRATION,0.75,64,S007,97.36,2.64,CRITICAL,vibration,True,True
HIGH_VIBRATION,1.0,64,S007,98.21,1.79,CRITICAL,vibration,True,True
HIGH_VIBRATION,1.0,64,S007,97.77,2.23,CRITICAL,vibration,True,True
OVERHEATING,0.15,64,S007,9.01,90.99,NORMAL,temperature,False,False
OVERHEATING,0.15,64,S007,8.59,91.41,NORMAL,temperature,False,False
OVERHEATING,0.3,64,S007,16.27,83.73,NORMAL,temperature,False,False
OVERHEATING,0.3,64,S007,17.38,82.62,NORMAL,temperature,False,False
OVERHEATING,0.5,64,S007,21.83,78.17,NORMAL,temperature,False,False
OVERHEATING,0.5,64,S007,20.62,79.38,NORMAL,temperature,False,False
OVERHEATING,0.75,64,S007,28.41,71.59,NORMAL,temperature,False,False
OVERHEATING,0.75,64,S007,29.73,70.27,NORMAL,temperature,False,False
OVERHEATING,1.0,64,S007,35.63,64.37,WATCH,temperature,True,False
OVERHEATING,1.0,64,S007,36.59,63.41,WATCH,temperature,True,False
RPM_INSTABILITY,0.15,64,S007,64.52,35.48,WARNING,rpm,True,True
RPM_INSTABILITY,0.15,64,S007,68.7,31.3,WARNING,rpm,True,True
RPM_INSTABILITY,0.3,64,S007,75.68,24.32,WARNING,rpm,True,True
RPM_INSTABILITY,0.3,64,S007,70.89,29.11,WARNING,rpm,True,True
RPM_INSTABILITY,0.5,64,S007,69.87,30.13,WARNING,rpm,True,True
RPM_INSTABILITY,0.5,64,S007,68.49,31.51,WARNING,rpm,True,True
RPM_INSTABILITY,0.75,64,S007,75.89,24.11,WARNING,rpm,True,True
RPM_INSTABILITY,0.75,64,S007,75.74,24.26,WARNING,rpm,True,True
RPM_INSTABILITY,1.0,64,S007,79.68,20.32,WARNING,rpm,True,True
RPM_INSTABILITY,1.0,64,S007,75.68,24.32,WARNING,rpm,True,True
COMBINED_FAULT,0.15,64,S007,71.43,28.57,WARNING,rpm,True,True
COMBINED_FAULT,0.15,64,S007,40.77,59.23,WATCH,joint,True,False
COMBINED_FAULT,0.3,64,S007,76.83,23.17,WARNING,vibration,True,True
COMBINED_FAULT,0.3,64,S007,71.66,28.34,WARNING,rpm,True,True
COMBINED_FAULT,0.5,64,S007,75.46,24.54,WARNING,rpm,True,True
COMBINED_FAULT,0.5,64,S007,97.08,2.92,CRITICAL,vibration,True,True
COMBINED_FAULT,0.75,64,S007,96.17,3.83,CRITICAL,vibration,True,True
COMBINED_FAULT,0.75,64,S007,89.47,10.53,WARNING,vibration,True,True
COMBINED_FAULT,1.0,64,S007,93.84,6.16,CRITICAL,vibration,True,True
COMBINED_FAULT,1.0,64,S007,97.17,2.83,CRITICAL,vibration,True,True
NORMAL,0.0,65,S007,14.54,85.46,NORMAL,vibration,False,False
BELT_SLIP,0.15,65,S007,73.22,26.78,WARNING,vibration,True,True
BELT_SLIP,0.15,65,S007,74.46,25.54,WARNING,vibration,True,True
BELT_SLIP,0.3,65,S007,83.69,16.31,WARNING,joint,True,True
BELT_SLIP,0.3,65,S007,85.76,14.24,WARNING,vibration,True,True
BELT_SLIP,0.5,65,S007,89.71,10.29,WARNING,vibration,True,True
BELT_SLIP,0.5,65,S007,95.22,4.78,CRITICAL,vibration,True,True
BELT_SLIP,0.75,65,S007,95.15,4.85,CRITICAL,vibration,True,True
BELT_SLIP,0.75,65,S007,95.72,4.28,CRITICAL,vibration,True,True
BELT_SLIP,1.0,65,S007,96.47,3.53,CRITICAL,vibration,True,True
BELT_SLIP,1.0,65,S007,97.99,2.01,CRITICAL,vibration,True,True
HIGH_VIBRATION,0.15,65,S007,83.4,16.6,WARNING,vibration,True,True
HIGH_VIBRATION,0.15,65,S007,83.36,16.64,WARNING,vibration,True,True
HIGH_VIBRATION,0.3,65,S007,92.12,7.88,CRITICAL,vibration,True,True
HIGH_VIBRATION,0.3,65,S007,93.12,6.88,CRITICAL,vibration,True,True
HIGH_VIBRATION,0.5,65,S007,97.69,2.31,CRITICAL,vibration,True,True
HIGH_VIBRATION,0.5,65,S007,97.06,2.94,CRITICAL,vibration,True,True
HIGH_VIBRATION,0.75,65,S007,98.17,1.83,CRITICAL,vibration,True,True
HIGH_VIBRATION,0.75,65,S007,98.31,1.69,CRITICAL,vibration,True,True
HIGH_VIBRATION,1.0,65,S007,98.84,1.16,CRITICAL,vibration,True,True
HIGH_VIBRATION,1.0,65,S007,97.8,2.2,CRITICAL,vibration,True,True
OVERHEATING,0.15,65,S007,14.54,85.46,NORMAL,vibration,False,False
OVERHEATING,0.15,65,S007,14.54,85.46,NORMAL,vibration,False,False
OVERHEATING,0.3,65,S007,14.54,85.46,NORMAL,vibration,False,False
OVERHEATING,0.3,65,S007,14.83,85.17,NORMAL,temperature,False,False
OVERHEATING,0.5,65,S007,21.2,78.8,NORMAL,temperature,False,False
OVERHEATING,0.5,65,S007,22.13,77.87,NORMAL,temperature,False,False
OVERHEATING,0.75,65,S007,32.06,67.94,NORMAL,temperature,False,False
OVERHEATING,0.75,65,S007,30.37,69.63,NORMAL,temperature,False,False
OVERHEATING,1.0,65,S007,49.02,50.98,WATCH,temperature,True,False
OVERHEATING,1.0,65,S007,48.69,51.31,WATCH,temperature,True,False
RPM_INSTABILITY,0.15,65,S007,67.13,32.87,WARNING,rpm,True,True
RPM_INSTABILITY,0.15,65,S007,71.56,28.44,WARNING,rpm,True,True
RPM_INSTABILITY,0.3,65,S007,62.59,37.41,WARNING,rpm,True,True
RPM_INSTABILITY,0.3,65,S007,72.03,27.97,WARNING,rpm,True,True
RPM_INSTABILITY,0.5,65,S007,77.3,22.7,WARNING,vibration,True,True
RPM_INSTABILITY,0.5,65,S007,75.02,24.98,WARNING,vibration,True,True
RPM_INSTABILITY,0.75,65,S007,88.26,11.74,WARNING,vibration,True,True
RPM_INSTABILITY,0.75,65,S007,91.18,8.82,WARNING,vibration,True,True
RPM_INSTABILITY,1.0,65,S007,87.61,12.39,WARNING,vibration,True,True
RPM_INSTABILITY,1.0,65,S007,86.72,13.28,WARNING,vibration,True,True
COMBINED_FAULT,0.15,65,S007,79.13,20.87,WARNING,vibration,True,True
COMBINED_FAULT,0.15,65,S007,71.53,28.47,WARNING,vibration,True,True
COMBINED_FAULT,0.3,65,S007,89.42,10.58,WARNING,vibration,True,True
COMBINED_FAULT,0.3,65,S007,70.47,29.53,WARNING,rpm,True,True
COMBINED_FAULT,0.5,65,S007,98.43,1.57,CRITICAL,vibration,True,True
COMBINED_FAULT,0.5,65,S007,98.47,1.53,CRITICAL,vibration,True,True
COMBINED_FAULT,0.75,65,S007,95.33,4.67,CRITICAL,joint,True,True
COMBINED_FAULT,0.75,65,S007,95.28,4.72,CRITICAL,joint,True,True
COMBINED_FAULT,1.0,65,S007,98.18,1.82,CRITICAL,vibration,True,True
COMBINED_FAULT,1.0,65,S007,89.36,10.64,WARNING,joint,True,True
NORMAL,0.0,66,S008,7.93,92.07,NORMAL,rpm,False,False
BELT_SLIP,0.15,66,S008,58.33,41.67,WATCH,rpm,True,False
BELT_SLIP,0.15,66,S008,44.7,55.3,WATCH,rpm,True,False
BELT_SLIP,0.3,66,S008,74.46,25.54,WARNING,rpm,True,True
BELT_SLIP,0.3,66,S008,78.27,21.73,WARNING,rpm,True,True
BELT_SLIP,0.5,66,S008,81.81,18.19,WARNING,rpm,True,True
BELT_SLIP,0.5,66,S008,74.94,25.06,WARNING,vibration,True,True
BELT_SLIP,0.75,66,S008,91.77,8.23,CRITICAL,vibration,True,True
BELT_SLIP,0.75,66,S008,91.9,8.1,CRITICAL,joint,True,True
BELT_SLIP,1.0,66,S008,95.89,4.11,CRITICAL,vibration,True,True
BELT_SLIP,1.0,66,S008,95.62,4.38,CRITICAL,vibration,True,True
HIGH_VIBRATION,0.15,66,S008,56.34,43.66,WATCH,vibration,True,False
HIGH_VIBRATION,0.15,66,S008,58.55,41.45,WATCH,vibration,True,False
HIGH_VIBRATION,0.3,66,S008,91.09,8.91,WARNING,vibration,True,True
HIGH_VIBRATION,0.3,66,S008,91.41,8.59,WARNING,vibration,True,True
HIGH_VIBRATION,0.5,66,S008,97.11,2.89,CRITICAL,vibration,True,True
HIGH_VIBRATION,0.5,66,S008,97.14,2.86,CRITICAL,vibration,True,True
HIGH_VIBRATION,0.75,66,S008,97.51,2.49,CRITICAL,vibration,True,True
HIGH_VIBRATION,0.75,66,S008,97.91,2.09,CRITICAL,vibration,True,True
HIGH_VIBRATION,1.0,66,S008,98.18,1.82,CRITICAL,vibration,True,True
HIGH_VIBRATION,1.0,66,S008,98.78,1.22,CRITICAL,vibration,True,True
OVERHEATING,0.15,66,S008,7.93,92.07,NORMAL,rpm,False,False
OVERHEATING,0.15,66,S008,7.93,92.07,NORMAL,rpm,False,False
OVERHEATING,0.3,66,S008,15.43,84.57,NORMAL,temperature,False,False
OVERHEATING,0.3,66,S008,15.64,84.36,NORMAL,temperature,False,False
OVERHEATING,0.5,66,S008,28.77,71.23,NORMAL,temperature,False,False
OVERHEATING,0.5,66,S008,28.84,71.16,NORMAL,temperature,False,False
OVERHEATING,0.75,66,S008,51.0,49.0,WATCH,temperature,True,False
OVERHEATING,0.75,66,S008,52.05,47.95,WATCH,temperature,True,False
OVERHEATING,1.0,66,S008,65.29,34.71,WARNING,temperature,True,True
OVERHEATING,1.0,66,S008,63.97,36.03,WARNING,temperature,True,True
RPM_INSTABILITY,0.15,66,S008,64.64,35.36,WARNING,rpm,True,True
RPM_INSTABILITY,0.15,66,S008,70.82,29.18,WARNING,rpm,True,True
RPM_INSTABILITY,0.3,66,S008,73.71,26.29,WARNING,rpm,True,True
RPM_INSTABILITY,0.3,66,S008,77.88,22.12,WARNING,rpm,True,True
RPM_INSTABILITY,0.5,66,S008,70.32,29.68,WARNING,rpm,True,True
RPM_INSTABILITY,0.5,66,S008,74.2,25.8,WARNING,rpm,True,True
RPM_INSTABILITY,0.75,66,S008,72.91,27.09,WARNING,rpm,True,True
RPM_INSTABILITY,0.75,66,S008,76.38,23.62,WARNING,rpm,True,True
RPM_INSTABILITY,1.0,66,S008,76.35,23.65,WARNING,rpm,True,True
RPM_INSTABILITY,1.0,66,S008,88.61,11.39,WARNING,vibration,True,True
COMBINED_FAULT,0.15,66,S008,46.57,53.43,WATCH,rpm,True,False
COMBINED_FAULT,0.15,66,S008,72.18,27.82,WARNING,rpm,True,True
COMBINED_FAULT,0.3,66,S008,73.91,26.09,WARNING,rpm,True,True
COMBINED_FAULT,0.3,66,S008,72.62,27.38,WARNING,rpm,True,True
COMBINED_FAULT,0.5,66,S008,97.15,2.85,CRITICAL,vibration,True,True
COMBINED_FAULT,0.5,66,S008,76.37,23.63,WARNING,rpm,True,True
COMBINED_FAULT,0.75,66,S008,91.52,8.48,WARNING,joint,True,True
COMBINED_FAULT,0.75,66,S008,92.3,7.7,CRITICAL,joint,True,True
COMBINED_FAULT,1.0,66,S008,81.68,18.32,WARNING,joint,True,True
COMBINED_FAULT,1.0,66,S008,98.91,1.09,CRITICAL,vibration,True,True
NORMAL,0.0,67,S008,9.26,90.74,NORMAL,rpm,False,False
BELT_SLIP,0.15,67,S008,51.34,48.66,WATCH,rpm,True,False
BELT_SLIP,0.15,67,S008,61.94,38.06,WARNING,rpm,True,True
BELT_SLIP,0.3,67,S008,72.86,27.14,WARNING,rpm,True,True
BELT_SLIP,0.3,67,S008,74.26,25.74,WARNING,rpm,True,True
BELT_SLIP,0.5,67,S008,81.81,18.19,WARNING,rpm,True,True
BELT_SLIP,0.5,67,S008,74.01,25.99,WARNING,rpm,True,True
BELT_SLIP,0.75,67,S008,85.2,14.8,WARNING,joint,True,True
BELT_SLIP,0.75,67,S008,89.26,10.74,WARNING,joint,True,True
BELT_SLIP,1.0,67,S008,94.73,5.27,CRITICAL,vibration,True,True
BELT_SLIP,1.0,67,S008,93.64,6.36,CRITICAL,vibration,True,True
HIGH_VIBRATION,0.15,67,S008,40.75,59.25,WATCH,vibration,True,False
HIGH_VIBRATION,0.15,67,S008,38.65,61.35,WATCH,vibration,True,False
HIGH_VIBRATION,0.3,67,S008,88.19,11.81,WARNING,vibration,True,True
HIGH_VIBRATION,0.3,67,S008,88.16,11.84,WARNING,vibration,True,True
HIGH_VIBRATION,0.5,67,S008,95.87,4.13,CRITICAL,vibration,True,True
HIGH_VIBRATION,0.5,67,S008,96.03,3.97,CRITICAL,vibration,True,True
HIGH_VIBRATION,0.75,67,S008,97.63,2.37,CRITICAL,vibration,True,True
HIGH_VIBRATION,0.75,67,S008,97.92,2.08,CRITICAL,vibration,True,True
HIGH_VIBRATION,1.0,67,S008,97.83,2.17,CRITICAL,vibration,True,True
HIGH_VIBRATION,1.0,67,S008,98.08,1.92,CRITICAL,vibration,True,True
OVERHEATING,0.15,67,S008,9.26,90.74,NORMAL,rpm,False,False
OVERHEATING,0.15,67,S008,9.26,90.74,NORMAL,rpm,False,False
OVERHEATING,0.3,67,S008,12.81,87.19,NORMAL,temperature,False,False
OVERHEATING,0.3,67,S008,12.74,87.26,NORMAL,temperature,False,False
OVERHEATING,0.5,67,S008,19.35,80.65,NORMAL,temperature,False,False
OVERHEATING,0.5,67,S008,19.25,80.75,NORMAL,temperature,False,False
OVERHEATING,0.75,67,S008,33.03,66.97,NORMAL,temperature,False,False
OVERHEATING,0.75,67,S008,31.44,68.56,NORMAL,temperature,False,False
OVERHEATING,1.0,67,S008,50.05,49.95,WATCH,temperature,True,False
OVERHEATING,1.0,67,S008,50.07,49.93,WATCH,temperature,True,False
RPM_INSTABILITY,0.15,67,S008,70.76,29.24,WARNING,rpm,True,True
RPM_INSTABILITY,0.15,67,S008,62.62,37.38,WARNING,rpm,True,True
RPM_INSTABILITY,0.3,67,S008,80.45,19.55,WARNING,rpm,True,True
RPM_INSTABILITY,0.3,67,S008,72.39,27.61,WARNING,rpm,True,True
RPM_INSTABILITY,0.5,67,S008,74.22,25.78,WARNING,rpm,True,True
RPM_INSTABILITY,0.5,67,S008,74.14,25.86,WARNING,rpm,True,True
RPM_INSTABILITY,0.75,67,S008,77.33,22.67,WARNING,rpm,True,True
RPM_INSTABILITY,0.75,67,S008,82.47,17.53,WARNING,rpm,True,True
RPM_INSTABILITY,1.0,67,S008,80.61,19.39,WARNING,rpm,True,True
RPM_INSTABILITY,1.0,67,S008,69.35,30.65,WARNING,rpm,True,True
COMBINED_FAULT,0.15,67,S008,63.58,36.42,WARNING,rpm,True,True
COMBINED_FAULT,0.15,67,S008,79.41,20.59,WARNING,rpm,True,True
COMBINED_FAULT,0.3,67,S008,86.11,13.89,WARNING,vibration,True,True
COMBINED_FAULT,0.3,67,S008,70.9,29.1,WARNING,vibration,True,True
COMBINED_FAULT,0.5,67,S008,75.82,24.18,WARNING,rpm,True,True
COMBINED_FAULT,0.5,67,S008,73.76,26.24,WARNING,rpm,True,True
COMBINED_FAULT,0.75,67,S008,79.11,20.89,WARNING,rpm,True,True
COMBINED_FAULT,0.75,67,S008,88.61,11.39,WARNING,joint,True,True
COMBINED_FAULT,1.0,67,S008,96.54,3.46,CRITICAL,vibration,True,True
COMBINED_FAULT,1.0,67,S008,98.14,1.86,CRITICAL,vibration,True,True
NORMAL,0.0,68,S008,9.57,90.43,NORMAL,rpm,False,False
BELT_SLIP,0.15,68,S008,57.53,42.47,WATCH,vibration,True,False
BELT_SLIP,0.15,68,S008,65.25,34.75,WARNING,rpm,True,True
BELT_SLIP,0.3,68,S008,75.48,24.52,WARNING,vibration,True,True
BELT_SLIP,0.3,68,S008,73.86,26.14,WARNING,vibration,True,True
BELT_SLIP,0.5,68,S008,82.42,17.58,WARNING,vibration,True,True
BELT_SLIP,0.5,68,S008,85.69,14.31,WARNING,joint,True,True
BELT_SLIP,0.75,68,S008,92.69,7.31,CRITICAL,vibration,True,True
BELT_SLIP,0.75,68,S008,93.93,6.07,CRITICAL,joint,True,True
BELT_SLIP,1.0,68,S008,94.93,5.07,CRITICAL,vibration,True,True
BELT_SLIP,1.0,68,S008,94.95,5.05,CRITICAL,vibration,True,True
HIGH_VIBRATION,0.15,68,S008,69.75,30.25,WARNING,vibration,True,True
HIGH_VIBRATION,0.15,68,S008,67.87,32.13,WARNING,vibration,True,True
HIGH_VIBRATION,0.3,68,S008,93.08,6.92,CRITICAL,vibration,True,True
HIGH_VIBRATION,0.3,68,S008,91.67,8.33,WARNING,vibration,True,True
HIGH_VIBRATION,0.5,68,S008,96.27,3.73,CRITICAL,vibration,True,True
HIGH_VIBRATION,0.5,68,S008,96.69,3.31,CRITICAL,vibration,True,True
HIGH_VIBRATION,0.75,68,S008,97.44,2.56,CRITICAL,vibration,True,True
HIGH_VIBRATION,0.75,68,S008,97.92,2.08,CRITICAL,vibration,True,True
HIGH_VIBRATION,1.0,68,S008,97.8,2.2,CRITICAL,vibration,True,True
HIGH_VIBRATION,1.0,68,S008,97.57,2.43,CRITICAL,vibration,True,True
OVERHEATING,0.15,68,S008,9.57,90.43,NORMAL,rpm,False,False
OVERHEATING,0.15,68,S008,9.57,90.43,NORMAL,rpm,False,False
OVERHEATING,0.3,68,S008,16.39,83.61,NORMAL,temperature,False,False
OVERHEATING,0.3,68,S008,16.38,83.62,NORMAL,temperature,False,False
OVERHEATING,0.5,68,S008,25.39,74.61,NORMAL,temperature,False,False
OVERHEATING,0.5,68,S008,25.27,74.73,NORMAL,temperature,False,False
OVERHEATING,0.75,68,S008,41.84,58.16,WATCH,temperature,True,False
OVERHEATING,0.75,68,S008,43.1,56.9,WATCH,temperature,True,False
OVERHEATING,1.0,68,S008,52.82,47.18,WATCH,temperature,True,False
OVERHEATING,1.0,68,S008,52.73,47.27,WATCH,temperature,True,False
RPM_INSTABILITY,0.15,68,S008,64.03,35.97,WARNING,rpm,True,True
RPM_INSTABILITY,0.15,68,S008,82.19,17.81,WARNING,rpm,True,True
RPM_INSTABILITY,0.3,68,S008,76.95,23.05,WARNING,rpm,True,True
RPM_INSTABILITY,0.3,68,S008,76.04,23.96,WARNING,rpm,True,True
RPM_INSTABILITY,0.5,68,S008,79.33,20.67,WARNING,rpm,True,True
RPM_INSTABILITY,0.5,68,S008,76.69,23.31,WARNING,rpm,True,True
RPM_INSTABILITY,0.75,68,S008,77.37,22.63,WARNING,vibration,True,True
RPM_INSTABILITY,0.75,68,S008,79.42,20.58,WARNING,rpm,True,True
RPM_INSTABILITY,1.0,68,S008,89.91,10.09,WARNING,vibration,True,True
RPM_INSTABILITY,1.0,68,S008,84.68,15.32,WARNING,vibration,True,True
COMBINED_FAULT,0.15,68,S008,66.88,33.12,WARNING,joint,True,True
COMBINED_FAULT,0.15,68,S008,64.15,35.85,WARNING,vibration,True,True
COMBINED_FAULT,0.3,68,S008,72.13,27.87,WARNING,rpm,True,True
COMBINED_FAULT,0.3,68,S008,81.98,18.02,WARNING,vibration,True,True
COMBINED_FAULT,0.5,68,S008,97.57,2.43,CRITICAL,vibration,True,True
COMBINED_FAULT,0.5,68,S008,97.63,2.37,CRITICAL,vibration,True,True
COMBINED_FAULT,0.75,68,S008,97.54,2.46,CRITICAL,vibration,True,True
COMBINED_FAULT,0.75,68,S008,98.41,1.59,CRITICAL,vibration,True,True
COMBINED_FAULT,1.0,68,S008,87.13,12.87,WARNING,joint,True,True
COMBINED_FAULT,1.0,68,S008,98.09,1.91,CRITICAL,vibration,True,True
NORMAL,0.0,69,S008,7.94,92.06,NORMAL,rpm,False,False
BELT_SLIP,0.15,69,S008,60.39,39.61,WATCH,vibration,True,False
BELT_SLIP,0.15,69,S008,61.63,38.37,WARNING,rpm,True,True
BELT_SLIP,0.3,69,S008,81.81,18.19,WARNING,rpm,True,True
BELT_SLIP,0.3,69,S008,79.84,20.16,WARNING,vibration,True,True
BELT_SLIP,0.5,69,S008,86.72,13.28,WARNING,joint,True,True
BELT_SLIP,0.5,69,S008,86.73,13.27,WARNING,vibration,True,True
BELT_SLIP,0.75,69,S008,92.39,7.61,CRITICAL,vibration,True,True
BELT_SLIP,0.75,69,S008,91.98,8.02,CRITICAL,vibration,True,True
BELT_SLIP,1.0,69,S008,96.07,3.93,CRITICAL,vibration,True,True
BELT_SLIP,1.0,69,S008,95.62,4.38,CRITICAL,vibration,True,True
HIGH_VIBRATION,0.15,69,S008,76.19,23.81,WARNING,vibration,True,True
HIGH_VIBRATION,0.15,69,S008,77.44,22.56,WARNING,vibration,True,True
HIGH_VIBRATION,0.3,69,S008,91.67,8.33,WARNING,vibration,True,True
HIGH_VIBRATION,0.3,69,S008,90.88,9.12,WARNING,vibration,True,True
HIGH_VIBRATION,0.5,69,S008,95.53,4.47,CRITICAL,vibration,True,True
HIGH_VIBRATION,0.5,69,S008,95.45,4.55,CRITICAL,vibration,True,True
HIGH_VIBRATION,0.75,69,S008,97.51,2.49,CRITICAL,vibration,True,True
HIGH_VIBRATION,0.75,69,S008,97.24,2.76,CRITICAL,vibration,True,True
HIGH_VIBRATION,1.0,69,S008,97.8,2.2,CRITICAL,vibration,True,True
HIGH_VIBRATION,1.0,69,S008,97.36,2.64,CRITICAL,vibration,True,True
OVERHEATING,0.15,69,S008,9.14,90.86,NORMAL,temperature,False,False
OVERHEATING,0.15,69,S008,8.84,91.16,NORMAL,temperature,False,False
OVERHEATING,0.3,69,S008,23.48,76.52,NORMAL,temperature,False,False
OVERHEATING,0.3,69,S008,23.58,76.42,NORMAL,temperature,False,False
OVERHEATING,0.5,69,S008,34.52,65.48,NORMAL,temperature,False,False
OVERHEATING,0.5,69,S008,33.74,66.26,NORMAL,temperature,False,False
OVERHEATING,0.75,69,S008,49.67,50.33,WATCH,temperature,True,False
OVERHEATING,0.75,69,S008,50.25,49.75,WATCH,temperature,True,False
OVERHEATING,1.0,69,S008,54.32,45.68,WATCH,temperature,True,False
OVERHEATING,1.0,69,S008,53.6,46.4,WATCH,temperature,True,False
RPM_INSTABILITY,0.15,69,S008,68.65,31.35,WARNING,rpm,True,True
RPM_INSTABILITY,0.15,69,S008,78.31,21.69,WARNING,rpm,True,True
RPM_INSTABILITY,0.3,69,S008,73.38,26.62,WARNING,rpm,True,True
RPM_INSTABILITY,0.3,69,S008,68.27,31.73,WARNING,rpm,True,True
RPM_INSTABILITY,0.5,69,S008,81.67,18.33,WARNING,rpm,True,True
RPM_INSTABILITY,0.5,69,S008,68.97,31.03,WARNING,rpm,True,True
RPM_INSTABILITY,0.75,69,S008,82.13,17.87,WARNING,vibration,True,True
RPM_INSTABILITY,0.75,69,S008,81.85,18.15,WARNING,rpm,True,True
RPM_INSTABILITY,1.0,69,S008,87.34,12.66,WARNING,vibration,True,True
RPM_INSTABILITY,1.0,69,S008,87.07,12.93,WARNING,vibration,True,True
COMBINED_FAULT,0.15,69,S008,84.59,15.41,WARNING,vibration,True,True
COMBINED_FAULT,0.15,69,S008,84.3,15.7,WARNING,vibration,True,True
COMBINED_FAULT,0.3,69,S008,91.18,8.82,WARNING,vibration,True,True
COMBINED_FAULT,0.3,69,S008,95.0,5.0,CRITICAL,vibration,True,True
COMBINED_FAULT,0.5,69,S008,73.12,26.88,WARNING,joint,True,True
COMBINED_FAULT,0.5,69,S008,95.13,4.87,CRITICAL,vibration,True,True
COMBINED_FAULT,0.75,69,S008,97.71,2.29,CRITICAL,vibration,True,True
COMBINED_FAULT,0.75,69,S008,93.56,6.44,CRITICAL,vibration,True,True
COMBINED_FAULT,1.0,69,S008,97.15,2.85,CRITICAL,vibration,True,True
COMBINED_FAULT,1.0,69,S008,97.77,2.23,CRITICAL,vibration,True,True
NORMAL,0.0,70,S008,5.03,94.97,NORMAL,rpm,False,False
BELT_SLIP,0.15,70,S008,48.72,51.28,WATCH,rpm,True,False
BELT_SLIP,0.15,70,S008,62.32,37.68,WARNING,rpm,True,True
BELT_SLIP,0.3,70,S008,79.93,20.07,WARNING,rpm,True,True
BELT_SLIP,0.3,70,S008,73.25,26.75,WARNING,vibration,True,True
BELT_SLIP,0.5,70,S008,84.99,15.01,WARNING,vibration,True,True
BELT_SLIP,0.5,70,S008,84.06,15.94,WARNING,vibration,True,True
BELT_SLIP,0.75,70,S008,92.55,7.45,CRITICAL,vibration,True,True
BELT_SLIP,0.75,70,S008,92.83,7.17,CRITICAL,vibration,True,True
BELT_SLIP,1.0,70,S008,96.11,3.89,CRITICAL,vibration,True,True
BELT_SLIP,1.0,70,S008,97.57,2.43,CRITICAL,vibration,True,True
HIGH_VIBRATION,0.15,70,S008,74.75,25.25,WARNING,vibration,True,True
HIGH_VIBRATION,0.15,70,S008,73.86,26.14,WARNING,vibration,True,True
HIGH_VIBRATION,0.3,70,S008,92.03,7.97,CRITICAL,vibration,True,True
HIGH_VIBRATION,0.3,70,S008,91.19,8.81,WARNING,vibration,True,True
HIGH_VIBRATION,0.5,70,S008,94.92,5.08,CRITICAL,vibration,True,True
HIGH_VIBRATION,0.5,70,S008,95.28,4.72,CRITICAL,vibration,True,True
HIGH_VIBRATION,0.75,70,S008,97.46,2.54,CRITICAL,vibration,True,True
HIGH_VIBRATION,0.75,70,S008,96.97,3.03,CRITICAL,vibration,True,True
HIGH_VIBRATION,1.0,70,S008,97.52,2.48,CRITICAL,vibration,True,True
HIGH_VIBRATION,1.0,70,S008,97.37,2.63,CRITICAL,vibration,True,True
OVERHEATING,0.15,70,S008,12.46,87.54,NORMAL,temperature,False,False
OVERHEATING,0.15,70,S008,12.39,87.61,NORMAL,temperature,False,False
OVERHEATING,0.3,70,S008,27.93,72.07,NORMAL,temperature,False,False
OVERHEATING,0.3,70,S008,28.2,71.8,NORMAL,temperature,False,False
OVERHEATING,0.5,70,S008,43.7,56.3,WATCH,temperature,True,False
OVERHEATING,0.5,70,S008,43.12,56.88,WATCH,temperature,True,False
OVERHEATING,0.75,70,S008,52.3,47.7,WATCH,temperature,True,False
OVERHEATING,0.75,70,S008,52.06,47.94,WATCH,temperature,True,False
OVERHEATING,1.0,70,S008,61.8,38.2,WARNING,temperature,True,True
OVERHEATING,1.0,70,S008,62.1,37.9,WARNING,temperature,True,True
RPM_INSTABILITY,0.15,70,S008,63.14,36.86,WARNING,rpm,True,True
RPM_INSTABILITY,0.15,70,S008,68.04,31.96,WARNING,rpm,True,True
RPM_INSTABILITY,0.3,70,S008,81.82,18.18,WARNING,rpm,True,True
RPM_INSTABILITY,0.3,70,S008,78.47,21.53,WARNING,rpm,True,True
RPM_INSTABILITY,0.5,70,S008,82.51,17.49,WARNING,rpm,True,True
RPM_INSTABILITY,0.5,70,S008,82.47,17.53,WARNING,rpm,True,True
RPM_INSTABILITY,0.75,70,S008,82.51,17.49,WARNING,rpm,True,True
RPM_INSTABILITY,0.75,70,S008,76.74,23.26,WARNING,vibration,True,True
RPM_INSTABILITY,1.0,70,S008,87.0,13.0,WARNING,vibration,True,True
RPM_INSTABILITY,1.0,70,S008,85.24,14.76,WARNING,vibration,True,True
COMBINED_FAULT,0.15,70,S008,78.13,21.87,WARNING,vibration,True,True
COMBINED_FAULT,0.15,70,S008,70.19,29.81,WARNING,vibration,True,True
COMBINED_FAULT,0.3,70,S008,76.06,23.94,WARNING,rpm,True,True
COMBINED_FAULT,0.3,70,S008,74.96,25.04,WARNING,vibration,True,True
COMBINED_FAULT,0.5,70,S008,87.02,12.98,WARNING,joint,True,True
COMBINED_FAULT,0.5,70,S008,75.58,24.42,WARNING,rpm,True,True
COMBINED_FAULT,0.75,70,S008,92.64,7.36,CRITICAL,joint,True,True
COMBINED_FAULT,0.75,70,S008,93.3,6.7,CRITICAL,joint,True,True
COMBINED_FAULT,1.0,70,S008,96.08,3.92,CRITICAL,joint,True,True
COMBINED_FAULT,1.0,70,S008,97.45,2.55,CRITICAL,vibration,True,True
NORMAL,0.0,71,S008,6.23,93.77,NORMAL,temperature,False,False
BELT_SLIP,0.15,71,S008,59.12,40.88,WATCH,rpm,True,False
BELT_SLIP,0.15,71,S008,57.87,42.13,WATCH,rpm,True,False
BELT_SLIP,0.3,71,S008,80.53,19.47,WARNING,rpm,True,True
BELT_SLIP,0.3,71,S008,75.17,24.83,WARNING,rpm,True,True
BELT_SLIP,0.5,71,S008,83.75,16.25,WARNING,vibration,True,True
BELT_SLIP,0.5,71,S008,84.19,15.81,WARNING,vibration,True,True
BELT_SLIP,0.75,71,S008,92.77,7.23,CRITICAL,vibration,True,True
BELT_SLIP,0.75,71,S008,93.29,6.71,CRITICAL,vibration,True,True
BELT_SLIP,1.0,71,S008,97.33,2.67,CRITICAL,vibration,True,True
BELT_SLIP,1.0,71,S008,95.47,4.53,CRITICAL,vibration,True,True
HIGH_VIBRATION,0.15,71,S008,66.35,33.65,WARNING,vibration,True,True
HIGH_VIBRATION,0.15,71,S008,66.55,33.45,WARNING,vibration,True,True
HIGH_VIBRATION,0.3,71,S008,90.96,9.04,WARNING,vibration,True,True
HIGH_VIBRATION,0.3,71,S008,89.15,10.85,WARNING,vibration,True,True
HIGH_VIBRATION,0.5,71,S008,96.02,3.98,CRITICAL,vibration,True,True
HIGH_VIBRATION,0.5,71,S008,96.01,3.99,CRITICAL,vibration,True,True
HIGH_VIBRATION,0.75,71,S008,97.21,2.79,CRITICAL,vibration,True,True
HIGH_VIBRATION,0.75,71,S008,97.23,2.77,CRITICAL,vibration,True,True
HIGH_VIBRATION,1.0,71,S008,97.38,2.62,CRITICAL,vibration,True,True
HIGH_VIBRATION,1.0,71,S008,98.03,1.97,CRITICAL,vibration,True,True
OVERHEATING,0.15,71,S008,10.77,89.23,NORMAL,temperature,False,False
OVERHEATING,0.15,71,S008,11.0,89.0,NORMAL,temperature,False,False
OVERHEATING,0.3,71,S008,25.58,74.42,NORMAL,temperature,False,False
OVERHEATING,0.3,71,S008,25.03,74.97,NORMAL,temperature,False,False
OVERHEATING,0.5,71,S008,34.18,65.82,NORMAL,temperature,False,False
OVERHEATING,0.5,71,S008,34.63,65.37,NORMAL,temperature,False,False
OVERHEATING,0.75,71,S008,42.66,57.34,WATCH,temperature,True,False
OVERHEATING,0.75,71,S008,41.97,58.03,WATCH,temperature,True,False
OVERHEATING,1.0,71,S008,52.87,47.13,WATCH,temperature,True,False
OVERHEATING,1.0,71,S008,49.88,50.12,WATCH,temperature,True,False
RPM_INSTABILITY,0.15,71,S008,67.11,32.89,WARNING,rpm,True,True
RPM_INSTABILITY,0.15,71,S008,63.42,36.58,WARNING,rpm,True,True
RPM_INSTABILITY,0.3,71,S008,79.94,20.06,WARNING,rpm,True,True
RPM_INSTABILITY,0.3,71,S008,74.28,25.72,WARNING,rpm,True,True
RPM_INSTABILITY,0.5,71,S008,72.35,27.65,WARNING,rpm,True,True
RPM_INSTABILITY,0.5,71,S008,73.35,26.65,WARNING,rpm,True,True
RPM_INSTABILITY,0.75,71,S008,76.78,23.22,WARNING,joint,True,True
RPM_INSTABILITY,0.75,71,S008,76.79,23.21,WARNING,joint,True,True
RPM_INSTABILITY,1.0,71,S008,86.97,13.03,WARNING,vibration,True,True
RPM_INSTABILITY,1.0,71,S008,86.44,13.56,WARNING,vibration,True,True
COMBINED_FAULT,0.15,71,S008,70.14,29.86,WARNING,rpm,True,True
COMBINED_FAULT,0.15,71,S008,76.01,23.99,WARNING,vibration,True,True
COMBINED_FAULT,0.3,71,S008,71.16,28.84,WARNING,rpm,True,True
COMBINED_FAULT,0.3,71,S008,94.61,5.39,CRITICAL,vibration,True,True
COMBINED_FAULT,0.5,71,S008,91.61,8.39,WARNING,vibration,True,True
COMBINED_FAULT,0.5,71,S008,92.02,7.98,CRITICAL,vibration,True,True
COMBINED_FAULT,0.75,71,S008,97.24,2.76,CRITICAL,vibration,True,True
COMBINED_FAULT,0.75,71,S008,79.92,20.08,WARNING,rpm,True,True
COMBINED_FAULT,1.0,71,S008,98.58,1.42,CRITICAL,vibration,True,True
COMBINED_FAULT,1.0,71,S008,95.82,4.18,CRITICAL,joint,True,True
NORMAL,0.0,72,S009,7.13,92.87,NORMAL,rpm,False,False
BELT_SLIP,0.15,72,S009,58.93,41.07,WATCH,rpm,True,False
BELT_SLIP,0.15,72,S009,61.16,38.84,WARNING,rpm,True,True
BELT_SLIP,0.3,72,S009,74.12,25.88,WARNING,rpm,True,True
BELT_SLIP,0.3,72,S009,66.43,33.57,WARNING,rpm,True,True
BELT_SLIP,0.5,72,S009,83.99,16.01,WARNING,vibration,True,True
BELT_SLIP,0.5,72,S009,81.58,18.42,WARNING,vibration,True,True
BELT_SLIP,0.75,72,S009,94.92,5.08,CRITICAL,vibration,True,True
BELT_SLIP,0.75,72,S009,94.95,5.05,CRITICAL,vibration,True,True
BELT_SLIP,1.0,72,S009,98.1,1.9,CRITICAL,vibration,True,True
BELT_SLIP,1.0,72,S009,97.72,2.28,CRITICAL,vibration,True,True
HIGH_VIBRATION,0.15,72,S009,65.47,34.53,WARNING,vibration,True,True
HIGH_VIBRATION,0.15,72,S009,65.51,34.49,WARNING,vibration,True,True
HIGH_VIBRATION,0.3,72,S009,92.82,7.18,CRITICAL,vibration,True,True
HIGH_VIBRATION,0.3,72,S009,93.52,6.48,CRITICAL,vibration,True,True
HIGH_VIBRATION,0.5,72,S009,96.79,3.21,CRITICAL,vibration,True,True
HIGH_VIBRATION,0.5,72,S009,96.86,3.14,CRITICAL,vibration,True,True
HIGH_VIBRATION,0.75,72,S009,98.08,1.92,CRITICAL,vibration,True,True
HIGH_VIBRATION,0.75,72,S009,97.88,2.12,CRITICAL,vibration,True,True
HIGH_VIBRATION,1.0,72,S009,98.71,1.29,CRITICAL,vibration,True,True
HIGH_VIBRATION,1.0,72,S009,98.77,1.23,CRITICAL,vibration,True,True
OVERHEATING,0.15,72,S009,11.06,88.94,NORMAL,temperature,False,False
OVERHEATING,0.15,72,S009,11.06,88.94,NORMAL,temperature,False,False
OVERHEATING,0.3,72,S009,26.62,73.38,NORMAL,temperature,False,False
OVERHEATING,0.3,72,S009,26.68,73.32,NORMAL,temperature,False,False
OVERHEATING,0.5,72,S009,37.33,62.67,WATCH,temperature,True,False
OVERHEATING,0.5,72,S009,37.33,62.67,WATCH,temperature,True,False
OVERHEATING,0.75,72,S009,51.69,48.31,WATCH,temperature,True,False
OVERHEATING,0.75,72,S009,50.83,49.17,WATCH,temperature,True,False
OVERHEATING,1.0,72,S009,61.43,38.57,WARNING,temperature,True,True
OVERHEATING,1.0,72,S009,62.99,37.01,WARNING,temperature,True,True
RPM_INSTABILITY,0.15,72,S009,75.15,24.85,WARNING,rpm,True,True
RPM_INSTABILITY,0.15,72,S009,62.12,37.88,WARNING,rpm,True,True
RPM_INSTABILITY,0.3,72,S009,71.48,28.52,WARNING,rpm,True,True
RPM_INSTABILITY,0.3,72,S009,79.71,20.29,WARNING,rpm,True,True
RPM_INSTABILITY,0.5,72,S009,73.5,26.5,WARNING,rpm,True,True
RPM_INSTABILITY,0.5,72,S009,72.78,27.22,WARNING,rpm,True,True
RPM_INSTABILITY,0.75,72,S009,79.66,20.34,WARNING,rpm,True,True
RPM_INSTABILITY,0.75,72,S009,79.77,20.23,WARNING,rpm,True,True
RPM_INSTABILITY,1.0,72,S009,88.55,11.45,WARNING,vibration,True,True
RPM_INSTABILITY,1.0,72,S009,87.87,12.13,WARNING,vibration,True,True
COMBINED_FAULT,0.15,72,S009,33.69,66.31,NORMAL,vibration,False,False
COMBINED_FAULT,0.15,72,S009,68.8,31.2,WARNING,rpm,True,True
COMBINED_FAULT,0.3,72,S009,59.07,40.93,WATCH,rpm,True,False
COMBINED_FAULT,0.3,72,S009,61.98,38.02,WARNING,rpm,True,True
COMBINED_FAULT,0.5,72,S009,88.19,11.81,WARNING,vibration,True,True
COMBINED_FAULT,0.5,72,S009,73.84,26.16,WARNING,joint,True,True
COMBINED_FAULT,0.75,72,S009,90.74,9.26,WARNING,joint,True,True
COMBINED_FAULT,0.75,72,S009,98.2,1.8,CRITICAL,vibration,True,True
COMBINED_FAULT,1.0,72,S009,97.82,2.18,CRITICAL,vibration,True,True
COMBINED_FAULT,1.0,72,S009,76.0,24.0,WARNING,rpm,True,True
NORMAL,0.0,73,S009,5.89,94.11,NORMAL,temperature,False,False
BELT_SLIP,0.15,73,S009,63.99,36.01,WARNING,rpm,True,True
BELT_SLIP,0.15,73,S009,51.66,48.34,WATCH,rpm,True,False
BELT_SLIP,0.3,73,S009,73.68,26.32,WARNING,rpm,True,True
BELT_SLIP,0.3,73,S009,81.1,18.9,WARNING,rpm,True,True
BELT_SLIP,0.5,73,S009,83.28,16.72,WARNING,vibration,True,True
BELT_SLIP,0.5,73,S009,82.08,17.92,WARNING,vibration,True,True
BELT_SLIP,0.75,73,S009,94.03,5.97,CRITICAL,vibration,True,True
BELT_SLIP,0.75,73,S009,93.6,6.4,CRITICAL,vibration,True,True
BELT_SLIP,1.0,73,S009,97.55,2.45,CRITICAL,vibration,True,True
BELT_SLIP,1.0,73,S009,97.91,2.09,CRITICAL,vibration,True,True
HIGH_VIBRATION,0.15,73,S009,60.7,39.3,WARNING,vibration,True,True
HIGH_VIBRATION,0.15,73,S009,59.27,40.73,WATCH,vibration,True,False
HIGH_VIBRATION,0.3,73,S009,92.71,7.29,CRITICAL,vibration,True,True
HIGH_VIBRATION,0.3,73,S009,92.37,7.63,CRITICAL,vibration,True,True
HIGH_VIBRATION,0.5,73,S009,97.1,2.9,CRITICAL,vibration,True,True
HIGH_VIBRATION,0.5,73,S009,97.28,2.72,CRITICAL,vibration,True,True
HIGH_VIBRATION,0.75,73,S009,98.33,1.67,CRITICAL,vibration,True,True
HIGH_VIBRATION,0.75,73,S009,98.33,1.67,CRITICAL,vibration,True,True
HIGH_VIBRATION,1.0,73,S009,98.81,1.19,CRITICAL,vibration,True,True
HIGH_VIBRATION,1.0,73,S009,98.77,1.23,CRITICAL,vibration,True,True
OVERHEATING,0.15,73,S009,8.84,91.16,NORMAL,temperature,False,False
OVERHEATING,0.15,73,S009,8.41,91.59,NORMAL,temperature,False,False
OVERHEATING,0.3,73,S009,18.16,81.84,NORMAL,temperature,False,False
OVERHEATING,0.3,73,S009,18.12,81.88,NORMAL,temperature,False,False
OVERHEATING,0.5,73,S009,24.56,75.44,NORMAL,temperature,False,False
OVERHEATING,0.5,73,S009,24.77,75.23,NORMAL,temperature,False,False
OVERHEATING,0.75,73,S009,34.33,65.67,NORMAL,temperature,False,False
OVERHEATING,0.75,73,S009,34.72,65.28,NORMAL,temperature,False,False
OVERHEATING,1.0,73,S009,50.16,49.84,WATCH,temperature,True,False
OVERHEATING,1.0,73,S009,48.68,51.32,WATCH,temperature,True,False
RPM_INSTABILITY,0.15,73,S009,73.16,26.84,WARNING,rpm,True,True
RPM_INSTABILITY,0.15,73,S009,81.0,19.0,WARNING,rpm,True,True
RPM_INSTABILITY,0.3,73,S009,74.38,25.62,WARNING,rpm,True,True
RPM_INSTABILITY,0.3,73,S009,71.72,28.28,WARNING,rpm,True,True
RPM_INSTABILITY,0.5,73,S009,81.28,18.72,WARNING,rpm,True,True
RPM_INSTABILITY,0.5,73,S009,81.44,18.56,WARNING,rpm,True,True
RPM_INSTABILITY,0.75,73,S009,78.24,21.76,WARNING,rpm,True,True
RPM_INSTABILITY,0.75,73,S009,81.43,18.57,WARNING,rpm,True,True
RPM_INSTABILITY,1.0,73,S009,85.08,14.92,WARNING,vibration,True,True
RPM_INSTABILITY,1.0,73,S009,88.96,11.04,WARNING,vibration,True,True
COMBINED_FAULT,0.15,73,S009,46.59,53.41,WATCH,rpm,True,False
COMBINED_FAULT,0.15,73,S009,50.69,49.31,WATCH,rpm,True,False
COMBINED_FAULT,0.3,73,S009,90.61,9.39,WARNING,vibration,True,True
COMBINED_FAULT,0.3,73,S009,73.54,26.46,WARNING,rpm,True,True
COMBINED_FAULT,0.5,73,S009,80.51,19.49,WARNING,rpm,True,True
COMBINED_FAULT,0.5,73,S009,94.57,5.43,CRITICAL,vibration,True,True
COMBINED_FAULT,0.75,73,S009,98.89,1.11,CRITICAL,vibration,True,True
COMBINED_FAULT,0.75,73,S009,95.61,4.39,CRITICAL,vibration,True,True
COMBINED_FAULT,1.0,73,S009,99.05,0.95,CRITICAL,vibration,True,True
COMBINED_FAULT,1.0,73,S009,93.81,6.19,CRITICAL,joint,True,True
NORMAL,0.0,74,S009,4.91,95.09,NORMAL,rpm,False,False
BELT_SLIP,0.15,74,S009,66.26,33.74,WARNING,rpm,True,True
BELT_SLIP,0.15,74,S009,61.9,38.1,WARNING,rpm,True,True
BELT_SLIP,0.3,74,S009,75.09,24.91,WARNING,rpm,True,True
BELT_SLIP,0.3,74,S009,75.57,24.43,WARNING,rpm,True,True
BELT_SLIP,0.5,74,S009,90.72,9.28,WARNING,vibration,True,True
BELT_SLIP,0.5,74,S009,90.17,9.83,WARNING,vibration,True,True
BELT_SLIP,0.75,74,S009,97.22,2.78,CRITICAL,vibration,True,True
BELT_SLIP,0.75,74,S009,95.25,4.75,CRITICAL,vibration,True,True
BELT_SLIP,1.0,74,S009,97.02,2.98,CRITICAL,vibration,True,True
BELT_SLIP,1.0,74,S009,98.01,1.99,CRITICAL,vibration,True,True
HIGH_VIBRATION,0.15,74,S009,79.94,20.06,WARNING,vibration,True,True
HIGH_VIBRATION,0.15,74,S009,79.15,20.85,WARNING,vibration,True,True
HIGH_VIBRATION,0.3,74,S009,92.87,7.13,CRITICAL,vibration,True,True
HIGH_VIBRATION,0.3,74,S009,93.79,6.21,CRITICAL,vibration,True,True
HIGH_VIBRATION,0.5,74,S009,96.58,3.42,CRITICAL,vibration,True,True
HIGH_VIBRATION,0.5,74,S009,96.51,3.49,CRITICAL,vibration,True,True
HIGH_VIBRATION,0.75,74,S009,97.96,2.04,CRITICAL,vibration,True,True
HIGH_VIBRATION,0.75,74,S009,97.73,2.27,CRITICAL,vibration,True,True
HIGH_VIBRATION,1.0,74,S009,98.41,1.59,CRITICAL,vibration,True,True
HIGH_VIBRATION,1.0,74,S009,98.54,1.46,CRITICAL,vibration,True,True
OVERHEATING,0.15,74,S009,7.34,92.66,NORMAL,temperature,False,False
OVERHEATING,0.15,74,S009,7.82,92.18,NORMAL,temperature,False,False
OVERHEATING,0.3,74,S009,18.65,81.35,NORMAL,temperature,False,False
OVERHEATING,0.3,74,S009,18.96,81.04,NORMAL,temperature,False,False
OVERHEATING,0.5,74,S009,24.5,75.5,NORMAL,temperature,False,False
OVERHEATING,0.5,74,S009,24.27,75.73,NORMAL,temperature,False,False
OVERHEATING,0.75,74,S009,29.61,70.39,NORMAL,temperature,False,False
OVERHEATING,0.75,74,S009,28.87,71.13,NORMAL,temperature,False,False
OVERHEATING,1.0,74,S009,42.75,57.25,WATCH,temperature,True,False
OVERHEATING,1.0,74,S009,44.16,55.84,WATCH,temperature,True,False
RPM_INSTABILITY,0.15,74,S009,65.37,34.63,WARNING,rpm,True,True
RPM_INSTABILITY,0.15,74,S009,72.46,27.54,WARNING,rpm,True,True
RPM_INSTABILITY,0.3,74,S009,64.81,35.19,WARNING,rpm,True,True
RPM_INSTABILITY,0.3,74,S009,77.56,22.44,WARNING,rpm,True,True
RPM_INSTABILITY,0.5,74,S009,77.95,22.05,WARNING,rpm,True,True
RPM_INSTABILITY,0.5,74,S009,80.83,19.17,WARNING,rpm,True,True
RPM_INSTABILITY,0.75,74,S009,80.81,19.19,WARNING,rpm,True,True
RPM_INSTABILITY,0.75,74,S009,80.47,19.53,WARNING,rpm,True,True
RPM_INSTABILITY,1.0,74,S009,88.76,11.24,WARNING,vibration,True,True
RPM_INSTABILITY,1.0,74,S009,87.98,12.02,WARNING,vibration,True,True
COMBINED_FAULT,0.15,74,S009,69.97,30.03,WARNING,rpm,True,True
COMBINED_FAULT,0.15,74,S009,66.46,33.54,WARNING,rpm,True,True
COMBINED_FAULT,0.3,74,S009,96.26,3.74,CRITICAL,vibration,True,True
COMBINED_FAULT,0.3,74,S009,76.78,23.22,WARNING,rpm,True,True
COMBINED_FAULT,0.5,74,S009,98.05,1.95,CRITICAL,vibration,True,True
COMBINED_FAULT,0.5,74,S009,77.17,22.83,WARNING,rpm,True,True
COMBINED_FAULT,0.75,74,S009,98.57,1.43,CRITICAL,vibration,True,True
COMBINED_FAULT,0.75,74,S009,96.71,3.29,CRITICAL,vibration,True,True
COMBINED_FAULT,1.0,74,S009,98.82,1.18,CRITICAL,vibration,True,True
COMBINED_FAULT,1.0,74,S009,97.92,2.08,CRITICAL,vibration,True,True
NORMAL,0.0,75,S009,5.9,94.1,NORMAL,rpm,False,False
BELT_SLIP,0.15,75,S009,64.99,35.01,WARNING,rpm,True,True
BELT_SLIP,0.15,75,S009,65.71,34.29,WARNING,rpm,True,True
BELT_SLIP,0.3,75,S009,73.95,26.05,WARNING,rpm,True,True
BELT_SLIP,0.3,75,S009,74.99,25.01,WARNING,vibration,True,True
BELT_SLIP,0.5,75,S009,92.59,7.41,CRITICAL,vibration,True,True
BELT_SLIP,0.5,75,S009,93.13,6.87,CRITICAL,vibration,True,True
BELT_SLIP,0.75,75,S009,96.83,3.17,CRITICAL,vibration,True,True
BELT_SLIP,0.75,75,S009,97.04,2.96,CRITICAL,vibration,True,True
BELT_SLIP,1.0,75,S009,98.07,1.93,CRITICAL,vibration,True,True
BELT_SLIP,1.0,75,S009,98.43,1.57,CRITICAL,vibration,True,True
HIGH_VIBRATION,0.15,75,S009,85.05,14.95,WARNING,vibration,True,True
HIGH_VIBRATION,0.15,75,S009,85.22,14.78,WARNING,vibration,True,True
HIGH_VIBRATION,0.3,75,S009,95.36,4.64,CRITICAL,vibration,True,True
HIGH_VIBRATION,0.3,75,S009,95.68,4.32,CRITICAL,vibration,True,True
HIGH_VIBRATION,0.5,75,S009,97.26,2.74,CRITICAL,vibration,True,True
HIGH_VIBRATION,0.5,75,S009,97.48,2.52,CRITICAL,vibration,True,True
HIGH_VIBRATION,0.75,75,S009,98.31,1.69,CRITICAL,vibration,True,True
HIGH_VIBRATION,0.75,75,S009,98.41,1.59,CRITICAL,vibration,True,True
HIGH_VIBRATION,1.0,75,S009,98.46,1.54,CRITICAL,vibration,True,True
HIGH_VIBRATION,1.0,75,S009,98.67,1.33,CRITICAL,vibration,True,True
OVERHEATING,0.15,75,S009,6.6,93.4,NORMAL,temperature,False,False
OVERHEATING,0.15,75,S009,6.59,93.41,NORMAL,temperature,False,False
OVERHEATING,0.3,75,S009,16.13,83.87,NORMAL,temperature,False,False
OVERHEATING,0.3,75,S009,16.41,83.59,NORMAL,temperature,False,False
OVERHEATING,0.5,75,S009,26.06,73.94,NORMAL,temperature,False,False
OVERHEATING,0.5,75,S009,26.13,73.87,NORMAL,temperature,False,False
OVERHEATING,0.75,75,S009,28.93,71.07,NORMAL,temperature,False,False
OVERHEATING,0.75,75,S009,30.09,69.91,NORMAL,temperature,False,False
OVERHEATING,1.0,75,S009,40.93,59.07,WATCH,temperature,True,False
OVERHEATING,1.0,75,S009,40.6,59.4,WATCH,temperature,True,False
RPM_INSTABILITY,0.15,75,S009,73.17,26.83,WARNING,rpm,True,True
RPM_INSTABILITY,0.15,75,S009,67.34,32.66,WARNING,rpm,True,True
RPM_INSTABILITY,0.3,75,S009,76.9,23.1,WARNING,rpm,True,True
RPM_INSTABILITY,0.3,75,S009,64.91,35.09,WARNING,rpm,True,True
RPM_INSTABILITY,0.5,75,S009,76.3,23.7,WARNING,rpm,True,True
RPM_INSTABILITY,0.5,75,S009,71.62,28.38,WARNING,rpm,True,True
RPM_INSTABILITY,0.75,75,S009,78.11,21.89,WARNING,vibration,True,True
RPM_INSTABILITY,0.75,75,S009,80.19,19.81,WARNING,vibration,True,True
RPM_INSTABILITY,1.0,75,S009,93.45,6.55,CRITICAL,vibration,True,True
RPM_INSTABILITY,1.0,75,S009,93.31,6.69,CRITICAL,vibration,True,True
COMBINED_FAULT,0.15,75,S009,68.08,31.92,WARNING,vibration,True,True
COMBINED_FAULT,0.15,75,S009,69.39,30.61,WARNING,vibration,True,True
COMBINED_FAULT,0.3,75,S009,95.34,4.66,CRITICAL,vibration,True,True
COMBINED_FAULT,0.3,75,S009,90.64,9.36,WARNING,vibration,True,True
COMBINED_FAULT,0.5,75,S009,94.82,5.18,CRITICAL,vibration,True,True
COMBINED_FAULT,0.5,75,S009,97.58,2.42,CRITICAL,vibration,True,True
COMBINED_FAULT,0.75,75,S009,98.42,1.58,CRITICAL,vibration,True,True
COMBINED_FAULT,0.75,75,S009,77.76,22.24,WARNING,rpm,True,True
COMBINED_FAULT,1.0,75,S009,98.27,1.73,CRITICAL,vibration,True,True
COMBINED_FAULT,1.0,75,S009,95.73,4.27,CRITICAL,vibration,True,True
NORMAL,0.0,76,S009,10.14,89.86,NORMAL,rpm,False,False
BELT_SLIP,0.15,76,S009,61.15,38.85,WARNING,rpm,True,True
BELT_SLIP,0.15,76,S009,56.6,43.4,WATCH,rpm,True,False
BELT_SLIP,0.3,76,S009,75.82,24.18,WARNING,rpm,True,True
BELT_SLIP,0.3,76,S009,77.7,22.3,WARNING,rpm,True,True
BELT_SLIP,0.5,76,S009,83.23,16.77,WARNING,vibration,True,True
BELT_SLIP,0.5,76,S009,85.0,15.0,WARNING,joint,True,True
BELT_SLIP,0.75,76,S009,93.83,6.17,CRITICAL,vibration,True,True
BELT_SLIP,0.75,76,S009,94.47,5.53,CRITICAL,vibration,True,True
BELT_SLIP,1.0,76,S009,97.6,2.4,CRITICAL,vibration,True,True
BELT_SLIP,1.0,76,S009,96.43,3.57,CRITICAL,vibration,True,True
HIGH_VIBRATION,0.15,76,S009,68.57,31.43,WARNING,vibration,True,True
HIGH_VIBRATION,0.15,76,S009,67.8,32.2,WARNING,vibration,True,True
HIGH_VIBRATION,0.3,76,S009,93.32,6.68,CRITICAL,vibration,True,True
HIGH_VIBRATION,0.3,76,S009,94.39,5.61,CRITICAL,vibration,True,True
HIGH_VIBRATION,0.5,76,S009,96.59,3.41,CRITICAL,vibration,True,True
HIGH_VIBRATION,0.5,76,S009,96.39,3.61,CRITICAL,vibration,True,True
HIGH_VIBRATION,0.75,76,S009,97.23,2.77,CRITICAL,vibration,True,True
HIGH_VIBRATION,0.75,76,S009,97.47,2.53,CRITICAL,vibration,True,True
HIGH_VIBRATION,1.0,76,S009,97.82,2.18,CRITICAL,vibration,True,True
HIGH_VIBRATION,1.0,76,S009,97.97,2.03,CRITICAL,vibration,True,True
OVERHEATING,0.15,76,S009,10.14,89.86,NORMAL,rpm,False,False
OVERHEATING,0.15,76,S009,10.14,89.86,NORMAL,rpm,False,False
OVERHEATING,0.3,76,S009,24.95,75.05,NORMAL,temperature,False,False
OVERHEATING,0.3,76,S009,25.52,74.48,NORMAL,temperature,False,False
OVERHEATING,0.5,76,S009,38.95,61.05,WATCH,temperature,True,False
OVERHEATING,0.5,76,S009,39.65,60.35,WATCH,temperature,True,False
OVERHEATING,0.75,76,S009,48.38,51.62,WATCH,temperature,True,False
OVERHEATING,0.75,76,S009,48.92,51.08,WATCH,temperature,True,False
OVERHEATING,1.0,76,S009,54.0,46.0,WATCH,temperature,True,False
OVERHEATING,1.0,76,S009,53.37,46.63,WATCH,temperature,True,False
RPM_INSTABILITY,0.15,76,S009,70.06,29.94,WARNING,rpm,True,True
RPM_INSTABILITY,0.15,76,S009,74.37,25.63,WARNING,rpm,True,True
RPM_INSTABILITY,0.3,76,S009,71.73,28.27,WARNING,rpm,True,True
RPM_INSTABILITY,0.3,76,S009,75.55,24.45,WARNING,rpm,True,True
RPM_INSTABILITY,0.5,76,S009,76.25,23.75,WARNING,rpm,True,True
RPM_INSTABILITY,0.5,76,S009,80.48,19.52,WARNING,rpm,True,True
RPM_INSTABILITY,0.75,76,S009,79.2,20.8,WARNING,rpm,True,True
RPM_INSTABILITY,0.75,76,S009,78.14,21.86,WARNING,rpm,True,True
RPM_INSTABILITY,1.0,76,S009,84.72,15.28,WARNING,vibration,True,True
RPM_INSTABILITY,1.0,76,S009,84.66,15.34,WARNING,vibration,True,True
COMBINED_FAULT,0.15,76,S009,68.88,31.12,WARNING,rpm,True,True
COMBINED_FAULT,0.15,76,S009,82.14,17.86,WARNING,vibration,True,True
COMBINED_FAULT,0.3,76,S009,77.76,22.24,WARNING,rpm,True,True
COMBINED_FAULT,0.3,76,S009,85.61,14.39,WARNING,vibration,True,True
COMBINED_FAULT,0.5,76,S009,84.44,15.56,WARNING,joint,True,True
COMBINED_FAULT,0.5,76,S009,94.52,5.48,CRITICAL,vibration,True,True
COMBINED_FAULT,0.75,76,S009,98.17,1.83,CRITICAL,vibration,True,True
COMBINED_FAULT,0.75,76,S009,96.59,3.41,CRITICAL,vibration,True,True
COMBINED_FAULT,1.0,76,S009,86.29,13.71,WARNING,joint,True,True
COMBINED_FAULT,1.0,76,S009,84.88,15.12,WARNING,joint,True,True
NORMAL,0.0,77,S009,8.67,91.33,NORMAL,rpm,False,False
BELT_SLIP,0.15,77,S009,73.37,26.63,WARNING,rpm,True,True
BELT_SLIP,0.15,77,S009,63.1,36.9,WARNING,rpm,True,True
BELT_SLIP,0.3,77,S009,74.44,25.56,WARNING,rpm,True,True
BELT_SLIP,0.3,77,S009,70.38,29.62,WARNING,rpm,True,True
BELT_SLIP,0.5,77,S009,80.39,19.61,WARNING,rpm,True,True
BELT_SLIP,0.5,77,S009,78.32,21.68,WARNING,vibration,True,True
BELT_SLIP,0.75,77,S009,93.17,6.83,CRITICAL,vibration,True,True
BELT_SLIP,0.75,77,S009,93.91,6.09,CRITICAL,vibration,True,True
BELT_SLIP,1.0,77,S009,96.84,3.16,CRITICAL,vibration,True,True
BELT_SLIP,1.0,77,S009,96.07,3.93,CRITICAL,vibration,True,True
HIGH_VIBRATION,0.15,77,S009,67.27,32.73,WARNING,vibration,True,True
HIGH_VIBRATION,0.15,77,S009,66.83,33.17,WARNING,vibration,True,True
HIGH_VIBRATION,0.3,77,S009,93.2,6.8,CRITICAL,vibration,True,True
HIGH_VIBRATION,0.3,77,S009,93.15,6.85,CRITICAL,vibration,True,True
HIGH_VIBRATION,0.5,77,S009,96.34,3.66,CRITICAL,vibration,True,True
HIGH_VIBRATION,0.5,77,S009,96.61,3.39,CRITICAL,vibration,True,True
HIGH_VIBRATION,0.75,77,S009,97.25,2.75,CRITICAL,vibration,True,True
HIGH_VIBRATION,0.75,77,S009,97.45,2.55,CRITICAL,vibration,True,True
HIGH_VIBRATION,1.0,77,S009,97.39,2.61,CRITICAL,vibration,True,True
HIGH_VIBRATION,1.0,77,S009,97.51,2.49,CRITICAL,vibration,True,True
OVERHEATING,0.15,77,S009,8.67,91.33,NORMAL,rpm,False,False
OVERHEATING,0.15,77,S009,8.67,91.33,NORMAL,rpm,False,False
OVERHEATING,0.3,77,S009,15.56,84.44,NORMAL,temperature,False,False
OVERHEATING,0.3,77,S009,15.09,84.91,NORMAL,temperature,False,False
OVERHEATING,0.5,77,S009,27.15,72.85,NORMAL,temperature,False,False
OVERHEATING,0.5,77,S009,26.82,73.18,NORMAL,temperature,False,False
OVERHEATING,0.75,77,S009,47.34,52.66,WATCH,temperature,True,False
OVERHEATING,0.75,77,S009,49.2,50.8,WATCH,temperature,True,False
OVERHEATING,1.0,77,S009,59.09,40.91,WATCH,temperature,True,False
OVERHEATING,1.0,77,S009,61.11,38.89,WARNING,temperature,True,True
RPM_INSTABILITY,0.15,77,S009,62.8,37.2,WARNING,rpm,True,True
RPM_INSTABILITY,0.15,77,S009,72.15,27.85,WARNING,rpm,True,True
RPM_INSTABILITY,0.3,77,S009,76.27,23.73,WARNING,rpm,True,True
RPM_INSTABILITY,0.3,77,S009,72.78,27.22,WARNING,rpm,True,True
RPM_INSTABILITY,0.5,77,S009,75.17,24.83,WARNING,rpm,True,True
RPM_INSTABILITY,0.5,77,S009,79.98,20.02,WARNING,rpm,True,True
RPM_INSTABILITY,0.75,77,S009,76.3,23.7,WARNING,rpm,True,True
RPM_INSTABILITY,0.75,77,S009,76.3,23.7,WARNING,rpm,True,True
RPM_INSTABILITY,1.0,77,S009,78.58,21.42,WARNING,vibration,True,True
RPM_INSTABILITY,1.0,77,S009,82.83,17.17,WARNING,vibration,True,True
COMBINED_FAULT,0.15,77,S009,77.21,22.79,WARNING,vibration,True,True
COMBINED_FAULT,0.15,77,S009,68.35,31.65,WARNING,rpm,True,True
COMBINED_FAULT,0.3,77,S009,75.42,24.58,WARNING,rpm,True,True
COMBINED_FAULT,0.3,77,S009,79.92,20.08,WARNING,rpm,True,True
COMBINED_FAULT,0.5,77,S009,97.45,2.55,CRITICAL,vibration,True,True
COMBINED_FAULT,0.5,77,S009,77.98,22.02,WARNING,joint,True,True
COMBINED_FAULT,0.75,77,S009,97.09,2.91,CRITICAL,vibration,True,True
COMBINED_FAULT,0.75,77,S009,96.63,3.37,CRITICAL,vibration,True,True
COMBINED_FAULT,1.0,77,S009,95.94,4.06,CRITICAL,joint,True,True
COMBINED_FAULT,1.0,77,S009,98.17,1.83,CRITICAL,vibration,True,True
NORMAL,0.0,78,S011,20.66,79.34,NORMAL,vibration,False,False
BELT_SLIP,0.15,78,S011,83.39,16.61,WARNING,vibration,True,True
BELT_SLIP,0.15,78,S011,84.14,15.86,WARNING,vibration,True,True
BELT_SLIP,0.3,78,S011,92.94,7.06,CRITICAL,vibration,True,True
BELT_SLIP,0.3,78,S011,92.59,7.41,CRITICAL,vibration,True,True
BELT_SLIP,0.5,78,S011,95.8,4.2,CRITICAL,vibration,True,True
BELT_SLIP,0.5,78,S011,95.96,4.04,CRITICAL,vibration,True,True
BELT_SLIP,0.75,78,S011,98.31,1.69,CRITICAL,vibration,True,True
BELT_SLIP,0.75,78,S011,97.97,2.03,CRITICAL,vibration,True,True
BELT_SLIP,1.0,78,S011,98.6,1.4,CRITICAL,vibration,True,True
BELT_SLIP,1.0,78,S011,98.51,1.49,CRITICAL,vibration,True,True
HIGH_VIBRATION,0.15,78,S011,94.53,5.47,CRITICAL,vibration,True,True
HIGH_VIBRATION,0.15,78,S011,95.06,4.94,CRITICAL,vibration,True,True
HIGH_VIBRATION,0.3,78,S011,97.53,2.47,CRITICAL,vibration,True,True
HIGH_VIBRATION,0.3,78,S011,97.57,2.43,CRITICAL,vibration,True,True
HIGH_VIBRATION,0.5,78,S011,98.37,1.63,CRITICAL,vibration,True,True
HIGH_VIBRATION,0.5,78,S011,98.45,1.55,CRITICAL,vibration,True,True
HIGH_VIBRATION,0.75,78,S011,98.55,1.45,CRITICAL,vibration,True,True
HIGH_VIBRATION,0.75,78,S011,98.54,1.46,CRITICAL,vibration,True,True
HIGH_VIBRATION,1.0,78,S011,98.53,1.47,CRITICAL,vibration,True,True
HIGH_VIBRATION,1.0,78,S011,98.63,1.37,CRITICAL,vibration,True,True
OVERHEATING,0.15,78,S011,20.66,79.34,NORMAL,vibration,False,False
OVERHEATING,0.15,78,S011,20.66,79.34,NORMAL,vibration,False,False
OVERHEATING,0.3,78,S011,22.76,77.24,NORMAL,temperature,False,False
OVERHEATING,0.3,78,S011,22.7,77.3,NORMAL,temperature,False,False
OVERHEATING,0.5,78,S011,30.42,69.58,NORMAL,temperature,False,False
OVERHEATING,0.5,78,S011,30.64,69.36,NORMAL,temperature,False,False
OVERHEATING,0.75,78,S011,39.69,60.31,WATCH,temperature,True,False
OVERHEATING,0.75,78,S011,41.56,58.44,WATCH,temperature,True,False
OVERHEATING,1.0,78,S011,47.36,52.64,WATCH,temperature,True,False
OVERHEATING,1.0,78,S011,48.17,51.83,WATCH,temperature,True,False
RPM_INSTABILITY,0.15,78,S011,71.47,28.53,WARNING,rpm,True,True
RPM_INSTABILITY,0.15,78,S011,63.02,36.98,WARNING,rpm,True,True
RPM_INSTABILITY,0.3,78,S011,79.74,20.26,WARNING,rpm,True,True
RPM_INSTABILITY,0.3,78,S011,77.36,22.64,WARNING,vibration,True,True
RPM_INSTABILITY,0.5,78,S011,88.62,11.38,WARNING,vibration,True,True
RPM_INSTABILITY,0.5,78,S011,88.08,11.92,WARNING,vibration,True,True
RPM_INSTABILITY,0.75,78,S011,94.86,5.14,CRITICAL,vibration,True,True
RPM_INSTABILITY,0.75,78,S011,92.82,7.18,CRITICAL,vibration,True,True
RPM_INSTABILITY,1.0,78,S011,97.56,2.44,CRITICAL,vibration,True,True
RPM_INSTABILITY,1.0,78,S011,96.97,3.03,CRITICAL,vibration,True,True
COMBINED_FAULT,0.15,78,S011,80.18,19.82,WARNING,vibration,True,True
COMBINED_FAULT,0.15,78,S011,61.42,38.58,WARNING,rpm,True,True
COMBINED_FAULT,0.3,78,S011,98.19,1.81,CRITICAL,vibration,True,True
COMBINED_FAULT,0.3,78,S011,96.3,3.7,CRITICAL,vibration,True,True
COMBINED_FAULT,0.5,78,S011,98.63,1.37,CRITICAL,vibration,True,True
COMBINED_FAULT,0.5,78,S011,98.04,1.96,CRITICAL,vibration,True,True
COMBINED_FAULT,0.75,78,S011,98.92,1.08,CRITICAL,vibration,True,True
COMBINED_FAULT,0.75,78,S011,91.53,8.47,WARNING,joint,True,True
COMBINED_FAULT,1.0,78,S011,98.41,1.59,CRITICAL,vibration,True,True
COMBINED_FAULT,1.0,78,S011,93.69,6.31,CRITICAL,joint,True,True
NORMAL,0.0,79,S011,33.92,66.08,NORMAL,vibration,False,False
BELT_SLIP,0.15,79,S011,88.53,11.47,WARNING,vibration,True,True
BELT_SLIP,0.15,79,S011,87.51,12.49,WARNING,vibration,True,True
BELT_SLIP,0.3,79,S011,94.72,5.28,CRITICAL,vibration,True,True
BELT_SLIP,0.3,79,S011,94.09,5.91,CRITICAL,vibration,True,True
BELT_SLIP,0.5,79,S011,96.79,3.21,CRITICAL,vibration,True,True
BELT_SLIP,0.5,79,S011,96.62,3.38,CRITICAL,vibration,True,True
BELT_SLIP,0.75,79,S011,98.55,1.45,CRITICAL,vibration,True,True
BELT_SLIP,0.75,79,S011,98.43,1.57,CRITICAL,vibration,True,True
BELT_SLIP,1.0,79,S011,98.79,1.21,CRITICAL,vibration,True,True
BELT_SLIP,1.0,79,S011,98.66,1.34,CRITICAL,vibration,True,True
HIGH_VIBRATION,0.15,79,S011,95.44,4.56,CRITICAL,vibration,True,True
HIGH_VIBRATION,0.15,79,S011,95.1,4.9,CRITICAL,vibration,True,True
HIGH_VIBRATION,0.3,79,S011,97.45,2.55,CRITICAL,vibration,True,True
HIGH_VIBRATION,0.3,79,S011,97.57,2.43,CRITICAL,vibration,True,True
HIGH_VIBRATION,0.5,79,S011,98.81,1.19,CRITICAL,vibration,True,True
HIGH_VIBRATION,0.5,79,S011,98.72,1.28,CRITICAL,vibration,True,True
HIGH_VIBRATION,0.75,79,S011,98.81,1.19,CRITICAL,vibration,True,True
HIGH_VIBRATION,0.75,79,S011,98.86,1.14,CRITICAL,vibration,True,True
HIGH_VIBRATION,1.0,79,S011,98.72,1.28,CRITICAL,vibration,True,True
HIGH_VIBRATION,1.0,79,S011,98.92,1.08,CRITICAL,vibration,True,True
OVERHEATING,0.15,79,S011,33.92,66.08,NORMAL,vibration,False,False
OVERHEATING,0.15,79,S011,33.92,66.08,NORMAL,vibration,False,False
OVERHEATING,0.3,79,S011,33.92,66.08,NORMAL,vibration,False,False
OVERHEATING,0.3,79,S011,33.92,66.08,NORMAL,vibration,False,False
OVERHEATING,0.5,79,S011,33.92,66.08,NORMAL,vibration,False,False
OVERHEATING,0.5,79,S011,33.92,66.08,NORMAL,vibration,False,False
OVERHEATING,0.75,79,S011,33.92,66.08,NORMAL,vibration,False,False
OVERHEATING,0.75,79,S011,33.92,66.08,NORMAL,vibration,False,False
OVERHEATING,1.0,79,S011,33.92,66.08,NORMAL,vibration,False,False
OVERHEATING,1.0,79,S011,33.92,66.08,NORMAL,vibration,False,False
RPM_INSTABILITY,0.15,79,S011,70.66,29.34,WARNING,joint,True,True
RPM_INSTABILITY,0.15,79,S011,70.02,29.98,WARNING,rpm,True,True
RPM_INSTABILITY,0.3,79,S011,82.71,17.29,WARNING,vibration,True,True
RPM_INSTABILITY,0.3,79,S011,84.95,15.05,WARNING,joint,True,True
RPM_INSTABILITY,0.5,79,S011,93.0,7.0,CRITICAL,vibration,True,True
RPM_INSTABILITY,0.5,79,S011,91.84,8.16,CRITICAL,vibration,True,True
RPM_INSTABILITY,0.75,79,S011,95.59,4.41,CRITICAL,vibration,True,True
RPM_INSTABILITY,0.75,79,S011,95.55,4.45,CRITICAL,vibration,True,True
RPM_INSTABILITY,1.0,79,S011,97.68,2.32,CRITICAL,vibration,True,True
RPM_INSTABILITY,1.0,79,S011,97.43,2.57,CRITICAL,vibration,True,True
COMBINED_FAULT,0.15,79,S011,96.61,3.39,CRITICAL,vibration,True,True
COMBINED_FAULT,0.15,79,S011,90.26,9.74,WARNING,vibration,True,True
COMBINED_FAULT,0.3,79,S011,91.44,8.56,WARNING,vibration,True,True
COMBINED_FAULT,0.3,79,S011,92.13,7.87,CRITICAL,joint,True,True
COMBINED_FAULT,0.5,79,S011,98.27,1.73,CRITICAL,vibration,True,True
COMBINED_FAULT,0.5,79,S011,97.47,2.53,CRITICAL,vibration,True,True
COMBINED_FAULT,0.75,79,S011,98.51,1.49,CRITICAL,vibration,True,True
COMBINED_FAULT,0.75,79,S011,98.98,1.02,CRITICAL,vibration,True,True
COMBINED_FAULT,1.0,79,S011,98.91,1.09,CRITICAL,vibration,True,True
COMBINED_FAULT,1.0,79,S011,98.8,1.2,CRITICAL,vibration,True,True
NORMAL,0.0,80,S011,38.46,61.54,WATCH,vibration,True,False
BELT_SLIP,0.15,80,S011,83.18,16.82,WARNING,vibration,True,True
BELT_SLIP,0.15,80,S011,83.03,16.97,WARNING,vibration,True,True
BELT_SLIP,0.3,80,S011,94.06,5.94,CRITICAL,vibration,True,True
BELT_SLIP,0.3,80,S011,94.37,5.63,CRITICAL,vibration,True,True
BELT_SLIP,0.5,80,S011,96.43,3.57,CRITICAL,joint,True,True
BELT_SLIP,0.5,80,S011,96.36,3.64,CRITICAL,vibration,True,True
BELT_SLIP,0.75,80,S011,98.34,1.66,CRITICAL,vibration,True,True
BELT_SLIP,0.75,80,S011,98.17,1.83,CRITICAL,vibration,True,True
BELT_SLIP,1.0,80,S011,98.58,1.42,CRITICAL,vibration,True,True
BELT_SLIP,1.0,80,S011,98.95,1.05,CRITICAL,vibration,True,True
HIGH_VIBRATION,0.15,80,S011,92.2,7.8,CRITICAL,vibration,True,True
HIGH_VIBRATION,0.15,80,S011,92.2,7.8,CRITICAL,vibration,True,True
HIGH_VIBRATION,0.3,80,S011,97.27,2.73,CRITICAL,vibration,True,True
HIGH_VIBRATION,0.3,80,S011,97.25,2.75,CRITICAL,vibration,True,True
HIGH_VIBRATION,0.5,80,S011,98.52,1.48,CRITICAL,vibration,True,True
HIGH_VIBRATION,0.5,80,S011,98.43,1.57,CRITICAL,vibration,True,True
HIGH_VIBRATION,0.75,80,S011,98.9,1.1,CRITICAL,vibration,True,True
HIGH_VIBRATION,0.75,80,S011,98.76,1.24,CRITICAL,vibration,True,True
HIGH_VIBRATION,1.0,80,S011,98.98,1.02,CRITICAL,vibration,True,True
HIGH_VIBRATION,1.0,80,S011,98.83,1.17,CRITICAL,vibration,True,True
OVERHEATING,0.15,80,S011,38.46,61.54,WATCH,vibration,True,False
OVERHEATING,0.15,80,S011,38.46,61.54,WATCH,vibration,True,False
OVERHEATING,0.3,80,S011,38.46,61.54,WATCH,vibration,True,False
OVERHEATING,0.3,80,S011,38.46,61.54,WATCH,vibration,True,False
OVERHEATING,0.5,80,S011,43.97,56.03,WATCH,temperature,True,False
OVERHEATING,0.5,80,S011,44.51,55.49,WATCH,temperature,True,False
OVERHEATING,0.75,80,S011,54.15,45.85,WATCH,temperature,True,False
OVERHEATING,0.75,80,S011,55.65,44.35,WATCH,temperature,True,False
OVERHEATING,1.0,80,S011,69.02,30.98,WARNING,temperature,True,True
OVERHEATING,1.0,80,S011,69.41,30.59,WARNING,temperature,True,True
RPM_INSTABILITY,0.15,80,S011,58.14,41.86,WATCH,rpm,True,False
RPM_INSTABILITY,0.15,80,S011,64.88,35.12,WARNING,rpm,True,True
RPM_INSTABILITY,0.3,80,S011,78.78,21.22,WARNING,vibration,True,True
RPM_INSTABILITY,0.3,80,S011,78.02,21.98,WARNING,vibration,True,True
RPM_INSTABILITY,0.5,80,S011,87.77,12.23,WARNING,vibration,True,True
RPM_INSTABILITY,0.5,80,S011,88.76,11.24,WARNING,vibration,True,True
RPM_INSTABILITY,0.75,80,S011,94.58,5.42,CRITICAL,vibration,True,True
RPM_INSTABILITY,0.75,80,S011,94.38,5.62,CRITICAL,vibration,True,True
RPM_INSTABILITY,1.0,80,S011,96.87,3.13,CRITICAL,vibration,True,True
RPM_INSTABILITY,1.0,80,S011,96.41,3.59,CRITICAL,vibration,True,True
COMBINED_FAULT,0.15,80,S011,83.61,16.39,WARNING,vibration,True,True
COMBINED_FAULT,0.15,80,S011,89.84,10.16,WARNING,vibration,True,True
COMBINED_FAULT,0.3,80,S011,76.97,23.03,WARNING,joint,True,True
COMBINED_FAULT,0.3,80,S011,95.27,4.73,CRITICAL,vibration,True,True
COMBINED_FAULT,0.5,80,S011,98.7,1.3,CRITICAL,vibration,True,True
COMBINED_FAULT,0.5,80,S011,96.0,4.0,CRITICAL,joint,True,True
COMBINED_FAULT,0.75,80,S011,99.12,0.88,CRITICAL,vibration,True,True
COMBINED_FAULT,0.75,80,S011,99.13,0.87,CRITICAL,vibration,True,True
COMBINED_FAULT,1.0,80,S011,98.96,1.04,CRITICAL,vibration,True,True
COMBINED_FAULT,1.0,80,S011,99.02,0.98,CRITICAL,vibration,True,True
NORMAL,0.0,81,S011,15.02,84.98,NORMAL,vibration,False,False
BELT_SLIP,0.15,81,S011,58.38,41.62,WATCH,rpm,True,False
BELT_SLIP,0.15,81,S011,75.08,24.92,WARNING,rpm,True,True
BELT_SLIP,0.3,81,S011,76.85,23.15,WARNING,vibration,True,True
BELT_SLIP,0.3,81,S011,77.89,22.11,WARNING,vibration,True,True
BELT_SLIP,0.5,81,S011,91.14,8.86,WARNING,vibration,True,True
BELT_SLIP,0.5,81,S011,89.77,10.23,WARNING,joint,True,True
BELT_SLIP,0.75,81,S011,94.39,5.61,CRITICAL,joint,True,True
BELT_SLIP,0.75,81,S011,95.79,4.21,CRITICAL,joint,True,True
BELT_SLIP,1.0,81,S011,97.47,2.53,CRITICAL,joint,True,True
BELT_SLIP,1.0,81,S011,97.5,2.5,CRITICAL,vibration,True,True
HIGH_VIBRATION,0.15,81,S011,75.94,24.06,WARNING,vibration,True,True
HIGH_VIBRATION,0.15,81,S011,76.02,23.98,WARNING,vibration,True,True
HIGH_VIBRATION,0.3,81,S011,93.08,6.92,CRITICAL,vibration,True,True
HIGH_VIBRATION,0.3,81,S011,93.61,6.39,CRITICAL,vibration,True,True
HIGH_VIBRATION,0.5,81,S011,96.67,3.33,CRITICAL,vibration,True,True
HIGH_VIBRATION,0.5,81,S011,96.69,3.31,CRITICAL,vibration,True,True
HIGH_VIBRATION,0.75,81,S011,98.22,1.78,CRITICAL,vibration,True,True
HIGH_VIBRATION,0.75,81,S011,98.29,1.71,CRITICAL,vibration,True,True
HIGH_VIBRATION,1.0,81,S011,98.6,1.4,CRITICAL,vibration,True,True
HIGH_VIBRATION,1.0,81,S011,98.56,1.44,CRITICAL,vibration,True,True
OVERHEATING,0.15,81,S011,15.02,84.98,NORMAL,vibration,False,False
OVERHEATING,0.15,81,S011,15.02,84.98,NORMAL,vibration,False,False
OVERHEATING,0.3,81,S011,37.8,62.2,WATCH,temperature,True,False
OVERHEATING,0.3,81,S011,38.0,62.0,WATCH,temperature,True,False
OVERHEATING,0.5,81,S011,51.81,48.19,WATCH,temperature,True,False
OVERHEATING,0.5,81,S011,51.75,48.25,WATCH,temperature,True,False
OVERHEATING,0.75,81,S011,64.61,35.39,WARNING,temperature,True,True
OVERHEATING,0.75,81,S011,65.99,34.01,WARNING,temperature,True,True
OVERHEATING,1.0,81,S011,70.15,29.85,WARNING,temperature,True,True
OVERHEATING,1.0,81,S011,70.25,29.75,WARNING,temperature,True,True
RPM_INSTABILITY,0.15,81,S011,70.98,29.02,WARNING,rpm,True,True
RPM_INSTABILITY,0.15,81,S011,65.17,34.83,WARNING,rpm,True,True
RPM_INSTABILITY,0.3,81,S011,75.47,24.53,WARNING,rpm,True,True
RPM_INSTABILITY,0.3,81,S011,69.29,30.71,WARNING,rpm,True,True
RPM_INSTABILITY,0.5,81,S011,75.47,24.53,WARNING,rpm,True,True
RPM_INSTABILITY,0.5,81,S011,70.01,29.99,WARNING,rpm,True,True
RPM_INSTABILITY,0.75,81,S011,78.63,21.37,WARNING,vibration,True,True
RPM_INSTABILITY,0.75,81,S011,72.08,27.92,WARNING,rpm,True,True
RPM_INSTABILITY,1.0,81,S011,87.49,12.51,WARNING,vibration,True,True
RPM_INSTABILITY,1.0,81,S011,84.33,15.67,WARNING,vibration,True,True
COMBINED_FAULT,0.15,81,S011,71.7,28.3,WARNING,rpm,True,True
COMBINED_FAULT,0.15,81,S011,80.96,19.04,WARNING,vibration,True,True
COMBINED_FAULT,0.3,81,S011,74.11,25.89,WARNING,rpm,True,True
COMBINED_FAULT,0.3,81,S011,86.24,13.76,WARNING,vibration,True,True
COMBINED_FAULT,0.5,81,S011,94.95,5.05,CRITICAL,vibration,True,True
COMBINED_FAULT,0.5,81,S011,98.29,1.71,CRITICAL,vibration,True,True
COMBINED_FAULT,0.75,81,S011,99.01,0.99,CRITICAL,vibration,True,True
COMBINED_FAULT,0.75,81,S011,98.54,1.46,CRITICAL,vibration,True,True
COMBINED_FAULT,1.0,81,S011,98.32,1.68,CRITICAL,vibration,True,True
COMBINED_FAULT,1.0,81,S011,86.8,13.2,WARNING,joint,True,True
NORMAL,0.0,82,S011,9.19,90.81,NORMAL,vibration,False,False
BELT_SLIP,0.15,82,S011,57.51,42.49,WATCH,rpm,True,False
BELT_SLIP,0.15,82,S011,74.53,25.47,WARNING,rpm,True,True
BELT_SLIP,0.3,82,S011,69.29,30.71,WARNING,rpm,True,True
BELT_SLIP,0.3,82,S011,66.96,33.04,WARNING,rpm,True,True
BELT_SLIP,0.5,82,S011,82.49,17.51,WARNING,joint,True,True
BELT_SLIP,0.5,82,S011,84.9,15.1,WARNING,joint,True,True
BELT_SLIP,0.75,82,S011,94.99,5.01,CRITICAL,joint,True,True
BELT_SLIP,0.75,82,S011,94.63,5.37,CRITICAL,vibration,True,True
BELT_SLIP,1.0,82,S011,97.62,2.38,CRITICAL,vibration,True,True
BELT_SLIP,1.0,82,S011,97.9,2.1,CRITICAL,vibration,True,True
HIGH_VIBRATION,0.15,82,S011,57.91,42.09,WATCH,vibration,True,False
HIGH_VIBRATION,0.15,82,S011,58.54,41.46,WATCH,vibration,True,False
HIGH_VIBRATION,0.3,82,S011,90.39,9.61,WARNING,vibration,True,True
HIGH_VIBRATION,0.3,82,S011,89.8,10.2,WARNING,vibration,True,True
HIGH_VIBRATION,0.5,82,S011,95.56,4.44,CRITICAL,vibration,True,True
HIGH_VIBRATION,0.5,82,S011,95.84,4.16,CRITICAL,vibration,True,True
HIGH_VIBRATION,0.75,82,S011,98.39,1.61,CRITICAL,vibration,True,True
HIGH_VIBRATION,0.75,82,S011,98.19,1.81,CRITICAL,vibration,True,True
HIGH_VIBRATION,1.0,82,S011,98.03,1.97,CRITICAL,vibration,True,True
HIGH_VIBRATION,1.0,82,S011,97.95,2.05,CRITICAL,vibration,True,True
OVERHEATING,0.15,82,S011,9.19,90.81,NORMAL,vibration,False,False
OVERHEATING,0.15,82,S011,9.19,90.81,NORMAL,vibration,False,False
OVERHEATING,0.3,82,S011,25.68,74.32,NORMAL,temperature,False,False
OVERHEATING,0.3,82,S011,25.53,74.47,NORMAL,temperature,False,False
OVERHEATING,0.5,82,S011,45.29,54.71,WATCH,temperature,True,False
OVERHEATING,0.5,82,S011,45.03,54.97,WATCH,temperature,True,False
OVERHEATING,0.75,82,S011,59.34,40.66,WATCH,temperature,True,False
OVERHEATING,0.75,82,S011,57.97,42.03,WATCH,temperature,True,False
OVERHEATING,1.0,82,S011,67.94,32.06,WARNING,temperature,True,True
OVERHEATING,1.0,82,S011,66.67,33.33,WARNING,temperature,True,True
RPM_INSTABILITY,0.15,82,S011,66.81,33.19,WARNING,rpm,True,True
RPM_INSTABILITY,0.15,82,S011,69.65,30.35,WARNING,rpm,True,True
RPM_INSTABILITY,0.3,82,S011,73.13,26.87,WARNING,rpm,True,True
RPM_INSTABILITY,0.3,82,S011,80.19,19.81,WARNING,rpm,True,True
RPM_INSTABILITY,0.5,82,S011,71.41,28.59,WARNING,rpm,True,True
RPM_INSTABILITY,0.5,82,S011,69.54,30.46,WARNING,rpm,True,True
RPM_INSTABILITY,0.75,82,S011,75.45,24.55,WARNING,rpm,True,True
RPM_INSTABILITY,0.75,82,S011,80.17,19.83,WARNING,rpm,True,True
RPM_INSTABILITY,1.0,82,S011,87.78,12.22,WARNING,vibration,True,True
RPM_INSTABILITY,1.0,82,S011,80.19,19.81,WARNING,rpm,True,True
COMBINED_FAULT,0.15,82,S011,49.05,50.95,WATCH,rpm,True,False
COMBINED_FAULT,0.15,82,S011,70.03,29.97,WARNING,rpm,True,True
COMBINED_FAULT,0.3,82,S011,81.47,18.53,WARNING,vibration,True,True
COMBINED_FAULT,0.3,82,S011,77.88,22.12,WARNING,rpm,True,True
COMBINED_FAULT,0.5,82,S011,83.48,16.52,WARNING,joint,True,True
COMBINED_FAULT,0.5,82,S011,85.79,14.21,WARNING,joint,True,True
COMBINED_FAULT,0.75,82,S011,97.93,2.07,CRITICAL,vibration,True,True
COMBINED_FAULT,0.75,82,S011,98.17,1.83,CRITICAL,vibration,True,True
COMBINED_FAULT,1.0,82,S011,98.14,1.86,CRITICAL,vibration,True,True
COMBINED_FAULT,1.0,82,S011,96.71,3.29,CRITICAL,joint,True,True
NORMAL,0.0,83,S011,7.81,92.19,NORMAL,vibration,False,False
BELT_SLIP,0.15,83,S011,67.53,32.47,WARNING,rpm,True,True
BELT_SLIP,0.15,83,S011,74.02,25.98,WARNING,rpm,True,True
BELT_SLIP,0.3,83,S011,66.88,33.12,WARNING,rpm,True,True
BELT_SLIP,0.3,83,S011,66.81,33.19,WARNING,rpm,True,True
BELT_SLIP,0.5,83,S011,87.18,12.82,WARNING,vibration,True,True
BELT_SLIP,0.5,83,S011,87.21,12.79,WARNING,vibration,True,True
BELT_SLIP,0.75,83,S011,95.43,4.57,CRITICAL,vibration,True,True
BELT_SLIP,0.75,83,S011,95.12,4.88,CRITICAL,vibration,True,True
BELT_SLIP,1.0,83,S011,96.99,3.01,CRITICAL,vibration,True,True
BELT_SLIP,1.0,83,S011,97.89,2.11,CRITICAL,vibration,True,True
HIGH_VIBRATION,0.15,83,S011,72.35,27.65,WARNING,vibration,True,True
HIGH_VIBRATION,0.15,83,S011,73.03,26.97,WARNING,vibration,True,True
HIGH_VIBRATION,0.3,83,S011,92.97,7.03,CRITICAL,vibration,True,True
HIGH_VIBRATION,0.3,83,S011,92.73,7.27,CRITICAL,vibration,True,True
HIGH_VIBRATION,0.5,83,S011,96.65,3.35,CRITICAL,vibration,True,True
HIGH_VIBRATION,0.5,83,S011,96.29,3.71,CRITICAL,vibration,True,True
HIGH_VIBRATION,0.75,83,S011,98.07,1.93,CRITICAL,vibration,True,True
HIGH_VIBRATION,0.75,83,S011,98.21,1.79,CRITICAL,vibration,True,True
HIGH_VIBRATION,1.0,83,S011,98.66,1.34,CRITICAL,vibration,True,True
HIGH_VIBRATION,1.0,83,S011,98.57,1.43,CRITICAL,vibration,True,True
OVERHEATING,0.15,83,S011,7.81,92.19,NORMAL,vibration,False,False
OVERHEATING,0.15,83,S011,7.84,92.16,NORMAL,joint,False,False
OVERHEATING,0.3,83,S011,14.64,85.36,NORMAL,temperature,False,False
OVERHEATING,0.3,83,S011,14.4,85.6,NORMAL,temperature,False,False
OVERHEATING,0.5,83,S011,23.05,76.95,NORMAL,temperature,False,False
OVERHEATING,0.5,83,S011,22.57,77.43,NORMAL,temperature,False,False
OVERHEATING,0.75,83,S011,35.32,64.68,WATCH,temperature,True,False
OVERHEATING,0.75,83,S011,34.5,65.5,NORMAL,temperature,False,False
OVERHEATING,1.0,83,S011,50.9,49.1,WATCH,temperature,True,False
OVERHEATING,1.0,83,S011,52.15,47.85,WATCH,temperature,True,False
RPM_INSTABILITY,0.15,83,S011,66.11,33.89,WARNING,rpm,True,True
RPM_INSTABILITY,0.15,83,S011,62.61,37.39,WARNING,rpm,True,True
RPM_INSTABILITY,0.3,83,S011,64.36,35.64,WARNING,rpm,True,True
RPM_INSTABILITY,0.3,83,S011,69.61,30.39,WARNING,rpm,True,True
RPM_INSTABILITY,0.5,83,S011,75.81,24.19,WARNING,rpm,True,True
RPM_INSTABILITY,0.5,83,S011,64.01,35.99,WARNING,rpm,True,True
RPM_INSTABILITY,0.75,83,S011,75.68,24.32,WARNING,rpm,True,True
RPM_INSTABILITY,0.75,83,S011,70.35,29.65,WARNING,rpm,True,True
RPM_INSTABILITY,1.0,83,S011,87.22,12.78,WARNING,vibration,True,True
RPM_INSTABILITY,1.0,83,S011,87.55,12.45,WARNING,vibration,True,True
COMBINED_FAULT,0.15,83,S011,70.09,29.91,WARNING,rpm,True,True
COMBINED_FAULT,0.15,83,S011,77.23,22.77,WARNING,rpm,True,True
COMBINED_FAULT,0.3,83,S011,73.27,26.73,WARNING,rpm,True,True
COMBINED_FAULT,0.3,83,S011,72.85,27.15,WARNING,rpm,True,True
COMBINED_FAULT,0.5,83,S011,98.33,1.67,CRITICAL,vibration,True,True
COMBINED_FAULT,0.5,83,S011,91.73,8.27,CRITICAL,vibration,True,True
COMBINED_FAULT,0.75,83,S011,98.64,1.36,CRITICAL,vibration,True,True
COMBINED_FAULT,0.75,83,S011,98.29,1.71,CRITICAL,vibration,True,True
COMBINED_FAULT,1.0,83,S011,96.57,3.43,CRITICAL,joint,True,True
COMBINED_FAULT,1.0,83,S011,82.02,17.98,WARNING,joint,True,True
NORMAL,0.0,84,S011,36.64,63.36,WATCH,rpm,True,False
BELT_SLIP,0.15,84,S011,73.45,26.55,WARNING,rpm,True,True
BELT_SLIP,0.15,84,S011,70.71,29.29,WARNING,rpm,True,True
BELT_SLIP,0.3,84,S011,74.39,25.61,WARNING,rpm,True,True
BELT_SLIP,0.3,84,S011,74.44,25.56,WARNING,vibration,True,True
BELT_SLIP,0.5,84,S011,92.52,7.48,CRITICAL,vibration,True,True
BELT_SLIP,0.5,84,S011,91.77,8.23,CRITICAL,vibration,True,True
BELT_SLIP,0.75,84,S011,95.44,4.56,CRITICAL,vibration,True,True
BELT_SLIP,0.75,84,S011,95.15,4.85,CRITICAL,vibration,True,True
BELT_SLIP,1.0,84,S011,96.85,3.15,CRITICAL,vibration,True,True
BELT_SLIP,1.0,84,S011,97.44,2.56,CRITICAL,vibration,True,True
HIGH_VIBRATION,0.15,84,S011,79.48,20.52,WARNING,vibration,True,True
HIGH_VIBRATION,0.15,84,S011,80.22,19.78,WARNING,vibration,True,True
HIGH_VIBRATION,0.3,84,S011,93.72,6.28,CRITICAL,vibration,True,True
HIGH_VIBRATION,0.3,84,S011,93.88,6.12,CRITICAL,vibration,True,True
HIGH_VIBRATION,0.5,84,S011,96.88,3.12,CRITICAL,vibration,True,True
HIGH_VIBRATION,0.5,84,S011,96.76,3.24,CRITICAL,vibration,True,True
HIGH_VIBRATION,0.75,84,S011,98.05,1.95,CRITICAL,vibration,True,True
HIGH_VIBRATION,0.75,84,S011,98.45,1.55,CRITICAL,vibration,True,True
HIGH_VIBRATION,1.0,84,S011,98.62,1.38,CRITICAL,vibration,True,True
HIGH_VIBRATION,1.0,84,S011,98.74,1.26,CRITICAL,vibration,True,True
OVERHEATING,0.15,84,S011,36.64,63.36,WATCH,rpm,True,False
OVERHEATING,0.15,84,S011,36.64,63.36,WATCH,rpm,True,False
OVERHEATING,0.3,84,S011,36.64,63.36,WATCH,rpm,True,False
OVERHEATING,0.3,84,S011,36.64,63.36,WATCH,rpm,True,False
OVERHEATING,0.5,84,S011,36.64,63.36,WATCH,rpm,True,False
OVERHEATING,0.5,84,S011,36.64,63.36,WATCH,rpm,True,False
OVERHEATING,0.75,84,S011,41.45,58.55,WATCH,temperature,True,False
OVERHEATING,0.75,84,S011,40.88,59.12,WATCH,temperature,True,False
OVERHEATING,1.0,84,S011,53.57,46.43,WATCH,temperature,True,False
OVERHEATING,1.0,84,S011,54.98,45.02,WATCH,temperature,True,False
RPM_INSTABILITY,0.15,84,S011,71.92,28.08,WARNING,rpm,True,True
RPM_INSTABILITY,0.15,84,S011,73.44,26.56,WARNING,rpm,True,True
RPM_INSTABILITY,0.3,84,S011,64.68,35.32,WARNING,rpm,True,True
RPM_INSTABILITY,0.3,84,S011,75.81,24.19,WARNING,rpm,True,True
RPM_INSTABILITY,0.5,84,S011,78.38,21.62,WARNING,rpm,True,True
RPM_INSTABILITY,0.5,84,S011,80.19,19.81,WARNING,rpm,True,True
RPM_INSTABILITY,0.75,84,S011,80.67,19.33,WARNING,vibration,True,True
RPM_INSTABILITY,0.75,84,S011,77.87,22.13,WARNING,vibration,True,True
RPM_INSTABILITY,1.0,84,S011,92.55,7.45,CRITICAL,vibration,True,True
RPM_INSTABILITY,1.0,84,S011,93.75,6.25,CRITICAL,vibration,True,True
COMBINED_FAULT,0.15,84,S011,85.46,14.54,WARNING,vibration,True,True
COMBINED_FAULT,0.15,84,S011,64.76,35.24,WARNING,vibration,True,True
COMBINED_FAULT,0.3,84,S011,80.19,19.81,WARNING,rpm,True,True
COMBINED_FAULT,0.3,84,S011,70.52,29.48,WARNING,rpm,True,True
COMBINED_FAULT,0.5,84,S011,97.38,2.62,CRITICAL,vibration,True,True
COMBINED_FAULT,0.5,84,S011,94.35,5.65,CRITICAL,vibration,True,True
COMBINED_FAULT,0.75,84,S011,98.9,1.1,CRITICAL,vibration,True,True
COMBINED_FAULT,0.75,84,S011,78.38,21.62,WARNING,rpm,True,True
COMBINED_FAULT,1.0,84,S011,98.01,1.99,CRITICAL,vibration,True,True
COMBINED_FAULT,1.0,84,S011,88.13,11.87,WARNING,joint,True,True
NORMAL,0.0,85,S011,28.57,71.43,NORMAL,rpm,False,False
BELT_SLIP,0.15,85,S011,75.08,24.92,WARNING,rpm,True,True
BELT_SLIP,0.15,85,S011,69.52,30.48,WARNING,rpm,True,True
BELT_SLIP,0.3,85,S011,77.75,22.25,WARNING,vibration,True,True
BELT_SLIP,0.3,85,S011,81.74,18.26,WARNING,vibration,True,True
BELT_SLIP,0.5,85,S011,92.86,7.14,CRITICAL,vibration,True,True
BELT_SLIP,0.5,85,S011,93.59,6.41,CRITICAL,vibration,True,True
BELT_SLIP,0.75,85,S011,96.26,3.74,CRITICAL,vibration,True,True
BELT_SLIP,0.75,85,S011,96.21,3.79,CRITICAL,vibration,True,True
BELT_SLIP,1.0,85,S011,97.68,2.32,CRITICAL,vibration,True,True
BELT_SLIP,1.0,85,S011,97.8,2.2,CRITICAL,vibration,True,True
HIGH_VIBRATION,0.15,85,S011,87.72,12.28,WARNING,vibration,True,True
HIGH_VIBRATION,0.15,85,S011,87.76,12.24,WARNING,vibration,True,True
HIGH_VIBRATION,0.3,85,S011,95.47,4.53,CRITICAL,vibration,True,True
HIGH_VIBRATION,0.3,85,S011,96.48,3.52,CRITICAL,vibration,True,True
HIGH_VIBRATION,0.5,85,S011,97.83,2.17,CRITICAL,vibration,True,True
HIGH_VIBRATION,0.5,85,S011,97.91,2.09,CRITICAL,vibration,True,True
HIGH_VIBRATION,0.75,85,S011,98.67,1.33,CRITICAL,vibration,True,True
HIGH_VIBRATION,0.75,85,S011,98.52,1.48,CRITICAL,vibration,True,True
HIGH_VIBRATION,1.0,85,S011,98.36,1.64,CRITICAL,vibration,True,True
HIGH_VIBRATION,1.0,85,S011,98.47,1.53,CRITICAL,vibration,True,True
OVERHEATING,0.15,85,S011,28.57,71.43,NORMAL,rpm,False,False
OVERHEATING,0.15,85,S011,28.57,71.43,NORMAL,rpm,False,False
OVERHEATING,0.3,85,S011,29.28,70.72,NORMAL,joint,False,False
OVERHEATING,0.3,85,S011,29.55,70.45,NORMAL,joint,False,False
OVERHEATING,0.5,85,S011,38.63,61.37,WATCH,temperature,True,False
OVERHEATING,0.5,85,S011,39.41,60.59,WATCH,temperature,True,False
OVERHEATING,0.75,85,S011,56.09,43.91,WATCH,temperature,True,False
OVERHEATING,0.75,85,S011,56.09,43.91,WATCH,temperature,True,False
OVERHEATING,1.0,85,S011,63.98,36.02,WARNING,temperature,True,True
OVERHEATING,1.0,85,S011,61.42,38.58,WARNING,temperature,True,True
RPM_INSTABILITY,0.15,85,S011,70.18,29.82,WARNING,rpm,True,True
RPM_INSTABILITY,0.15,85,S011,70.87,29.13,WARNING,rpm,True,True
RPM_INSTABILITY,0.3,85,S011,76.33,23.67,WARNING,rpm,True,True
RPM_INSTABILITY,0.3,85,S011,71.54,28.46,WARNING,rpm,True,True
RPM_INSTABILITY,0.5,85,S011,75.92,24.08,WARNING,rpm,True,True
RPM_INSTABILITY,0.5,85,S011,79.82,20.18,WARNING,rpm,True,True
RPM_INSTABILITY,0.75,85,S011,87.87,12.13,WARNING,vibration,True,True
RPM_INSTABILITY,0.75,85,S011,89.63,10.37,WARNING,vibration,True,True
RPM_INSTABILITY,1.0,85,S011,92.7,7.3,CRITICAL,vibration,True,True
RPM_INSTABILITY,1.0,85,S011,95.16,4.84,CRITICAL,vibration,True,True
COMBINED_FAULT,0.15,85,S011,75.0,25.0,WARNING,rpm,True,True
COMBINED_FAULT,0.15,85,S011,83.21,16.79,WARNING,vibration,True,True
COMBINED_FAULT,0.3,85,S011,78.57,21.43,WARNING,rpm,True,True
COMBINED_FAULT,0.3,85,S011,97.07,2.93,CRITICAL,vibration,True,True
COMBINED_FAULT,0.5,85,S011,96.99,3.01,CRITICAL,vibration,True,True
COMBINED_FAULT,0.5,85,S011,98.21,1.79,CRITICAL,vibration,True,True
COMBINED_FAULT,0.75,85,S011,98.25,1.75,CRITICAL,vibration,True,True
COMBINED_FAULT,0.75,85,S011,94.29,5.71,CRITICAL,joint,True,True
COMBINED_FAULT,1.0,85,S011,98.22,1.78,CRITICAL,vibration,True,True
COMBINED_FAULT,1.0,85,S011,98.96,1.04,CRITICAL,vibration,True,True
NORMAL,0.0,86,S012,7.99,92.01,NORMAL,vibration,False,False
BELT_SLIP,0.15,86,S012,49.08,50.92,WATCH,rpm,True,False
BELT_SLIP,0.15,86,S012,44.9,55.1,WATCH,rpm,True,False
BELT_SLIP,0.3,86,S012,79.95,20.05,WARNING,vibration,True,True
BELT_SLIP,0.3,86,S012,83.37,16.63,WARNING,vibration,True,True
BELT_SLIP,0.5,86,S012,93.04,6.96,CRITICAL,vibration,True,True
BELT_SLIP,0.5,86,S012,93.84,6.16,CRITICAL,vibration,True,True
BELT_SLIP,0.75,86,S012,96.64,3.36,CRITICAL,vibration,True,True
BELT_SLIP,0.75,86,S012,96.56,3.44,CRITICAL,vibration,True,True
BELT_SLIP,1.0,86,S012,98.14,1.86,CRITICAL,vibration,True,True
BELT_SLIP,1.0,86,S012,98.16,1.84,CRITICAL,vibration,True,True
HIGH_VIBRATION,0.15,86,S012,87.84,12.16,WARNING,vibration,True,True
HIGH_VIBRATION,0.15,86,S012,87.9,12.1,WARNING,vibration,True,True
HIGH_VIBRATION,0.3,86,S012,93.55,6.45,CRITICAL,vibration,True,True
HIGH_VIBRATION,0.3,86,S012,93.4,6.6,CRITICAL,vibration,True,True
HIGH_VIBRATION,0.5,86,S012,95.88,4.12,CRITICAL,vibration,True,True
HIGH_VIBRATION,0.5,86,S012,95.69,4.31,CRITICAL,vibration,True,True
HIGH_VIBRATION,0.75,86,S012,97.31,2.69,CRITICAL,vibration,True,True
HIGH_VIBRATION,0.75,86,S012,97.47,2.53,CRITICAL,vibration,True,True
HIGH_VIBRATION,1.0,86,S012,98.16,1.84,CRITICAL,vibration,True,True
HIGH_VIBRATION,1.0,86,S012,98.29,1.71,CRITICAL,vibration,True,True
OVERHEATING,0.15,86,S012,7.99,92.01,NORMAL,vibration,False,False
OVERHEATING,0.15,86,S012,7.99,92.01,NORMAL,vibration,False,False
OVERHEATING,0.3,86,S012,14.22,85.78,NORMAL,temperature,False,False
OVERHEATING,0.3,86,S012,14.16,85.84,NORMAL,temperature,False,False
OVERHEATING,0.5,86,S012,21.37,78.63,NORMAL,temperature,False,False
OVERHEATING,0.5,86,S012,20.95,79.05,NORMAL,temperature,False,False
OVERHEATING,0.75,86,S012,32.63,67.37,NORMAL,temperature,False,False
OVERHEATING,0.75,86,S012,30.6,69.4,NORMAL,temperature,False,False
OVERHEATING,1.0,86,S012,52.11,47.89,WATCH,temperature,True,False
OVERHEATING,1.0,86,S012,50.65,49.35,WATCH,temperature,True,False
RPM_INSTABILITY,0.15,86,S012,67.15,32.85,WARNING,rpm,True,True
RPM_INSTABILITY,0.15,86,S012,69.85,30.15,WARNING,rpm,True,True
RPM_INSTABILITY,0.3,86,S012,79.48,20.52,WARNING,rpm,True,True
RPM_INSTABILITY,0.3,86,S012,73.33,26.67,WARNING,rpm,True,True
RPM_INSTABILITY,0.5,86,S012,70.03,29.97,WARNING,rpm,True,True
RPM_INSTABILITY,0.5,86,S012,75.69,24.31,WARNING,rpm,True,True
RPM_INSTABILITY,0.75,86,S012,84.58,15.42,WARNING,vibration,True,True
RPM_INSTABILITY,0.75,86,S012,84.64,15.36,WARNING,vibration,True,True
RPM_INSTABILITY,1.0,86,S012,91.71,8.29,CRITICAL,vibration,True,True
RPM_INSTABILITY,1.0,86,S012,92.66,7.34,CRITICAL,vibration,True,True
COMBINED_FAULT,0.15,86,S012,79.23,20.77,WARNING,vibration,True,True
COMBINED_FAULT,0.15,86,S012,76.42,23.58,WARNING,rpm,True,True
COMBINED_FAULT,0.3,86,S012,83.53,16.47,WARNING,joint,True,True
COMBINED_FAULT,0.3,86,S012,84.2,15.8,WARNING,joint,True,True
COMBINED_FAULT,0.5,86,S012,94.11,5.89,CRITICAL,vibration,True,True
COMBINED_FAULT,0.5,86,S012,90.37,9.63,WARNING,joint,True,True
COMBINED_FAULT,0.75,86,S012,98.57,1.43,CRITICAL,vibration,True,True
COMBINED_FAULT,0.75,86,S012,80.9,19.1,WARNING,joint,True,True
COMBINED_FAULT,1.0,86,S012,97.15,2.85,CRITICAL,vibration,True,True
COMBINED_FAULT,1.0,86,S012,98.92,1.08,CRITICAL,vibration,True,True
NORMAL,0.0,87,S012,7.19,92.81,NORMAL,temperature,False,False
BELT_SLIP,0.15,87,S012,75.13,24.87,WARNING,rpm,True,True
BELT_SLIP,0.15,87,S012,71.3,28.7,WARNING,rpm,True,True
BELT_SLIP,0.3,87,S012,78.94,21.06,WARNING,rpm,True,True
BELT_SLIP,0.3,87,S012,78.48,21.52,WARNING,joint,True,True
BELT_SLIP,0.5,87,S012,86.04,13.96,WARNING,joint,True,True
BELT_SLIP,0.5,87,S012,86.9,13.1,WARNING,joint,True,True
BELT_SLIP,0.75,87,S012,94.72,5.28,CRITICAL,vibration,True,True
BELT_SLIP,0.75,87,S012,93.06,6.94,CRITICAL,vibration,True,True
BELT_SLIP,1.0,87,S012,97.02,2.98,CRITICAL,vibration,True,True
BELT_SLIP,1.0,87,S012,97.17,2.83,CRITICAL,vibration,True,True
HIGH_VIBRATION,0.15,87,S012,70.04,29.96,WARNING,vibration,True,True
HIGH_VIBRATION,0.15,87,S012,69.41,30.59,WARNING,vibration,True,True
HIGH_VIBRATION,0.3,87,S012,91.12,8.88,WARNING,vibration,True,True
HIGH_VIBRATION,0.3,87,S012,90.33,9.67,WARNING,vibration,True,True
HIGH_VIBRATION,0.5,87,S012,94.02,5.98,CRITICAL,vibration,True,True
HIGH_VIBRATION,0.5,87,S012,94.99,5.01,CRITICAL,vibration,True,True
HIGH_VIBRATION,0.75,87,S012,97.47,2.53,CRITICAL,vibration,True,True
HIGH_VIBRATION,0.75,87,S012,97.36,2.64,CRITICAL,vibration,True,True
HIGH_VIBRATION,1.0,87,S012,97.7,2.3,CRITICAL,vibration,True,True
HIGH_VIBRATION,1.0,87,S012,97.38,2.62,CRITICAL,vibration,True,True
OVERHEATING,0.15,87,S012,10.26,89.74,NORMAL,temperature,False,False
OVERHEATING,0.15,87,S012,10.28,89.72,NORMAL,temperature,False,False
OVERHEATING,0.3,87,S012,19.79,80.21,NORMAL,temperature,False,False
OVERHEATING,0.3,87,S012,20.03,79.97,NORMAL,temperature,False,False
OVERHEATING,0.5,87,S012,22.11,77.89,NORMAL,temperature,False,False
OVERHEATING,0.5,87,S012,22.07,77.93,NORMAL,temperature,False,False
OVERHEATING,0.75,87,S012,21.22,78.78,NORMAL,temperature,False,False
OVERHEATING,0.75,87,S012,21.78,78.22,NORMAL,temperature,False,False
OVERHEATING,1.0,87,S012,23.07,76.93,NORMAL,temperature,False,False
OVERHEATING,1.0,87,S012,22.93,77.07,NORMAL,temperature,False,False
RPM_INSTABILITY,0.15,87,S012,64.5,35.5,WARNING,rpm,True,True
RPM_INSTABILITY,0.15,87,S012,65.39,34.61,WARNING,rpm,True,True
RPM_INSTABILITY,0.3,87,S012,64.82,35.18,WARNING,rpm,True,True
RPM_INSTABILITY,0.3,87,S012,70.6,29.4,WARNING,rpm,True,True
RPM_INSTABILITY,0.5,87,S012,75.37,24.63,WARNING,rpm,True,True
RPM_INSTABILITY,0.5,87,S012,80.02,19.98,WARNING,rpm,True,True
RPM_INSTABILITY,0.75,87,S012,75.78,24.22,WARNING,joint,True,True
RPM_INSTABILITY,0.75,87,S012,79.21,20.79,WARNING,joint,True,True
RPM_INSTABILITY,1.0,87,S012,86.05,13.95,WARNING,joint,True,True
RPM_INSTABILITY,1.0,87,S012,84.08,15.92,WARNING,vibration,True,True
COMBINED_FAULT,0.15,87,S012,78.94,21.06,WARNING,rpm,True,True
COMBINED_FAULT,0.15,87,S012,69.59,30.41,WARNING,joint,True,True
COMBINED_FAULT,0.3,87,S012,84.62,15.38,WARNING,vibration,True,True
COMBINED_FAULT,0.3,87,S012,72.3,27.7,WARNING,rpm,True,True
COMBINED_FAULT,0.5,87,S012,92.25,7.75,CRITICAL,vibration,True,True
COMBINED_FAULT,0.5,87,S012,75.37,24.63,WARNING,rpm,True,True
COMBINED_FAULT,0.75,87,S012,95.11,4.89,CRITICAL,vibration,True,True
COMBINED_FAULT,0.75,87,S012,89.08,10.92,WARNING,joint,True,True
COMBINED_FAULT,1.0,87,S012,95.74,4.26,CRITICAL,joint,True,True
COMBINED_FAULT,1.0,87,S012,95.73,4.27,CRITICAL,joint,True,True
NORMAL,0.0,88,S012,10.05,89.95,NORMAL,vibration,False,False
BELT_SLIP,0.15,88,S012,58.4,41.6,WATCH,rpm,True,False
BELT_SLIP,0.15,88,S012,66.01,33.99,WARNING,rpm,True,True
BELT_SLIP,0.3,88,S012,78.11,21.89,WARNING,vibration,True,True
BELT_SLIP,0.3,88,S012,81.05,18.95,WARNING,vibration,True,True
BELT_SLIP,0.5,88,S012,90.55,9.45,WARNING,vibration,True,True
BELT_SLIP,0.5,88,S012,89.49,10.51,WARNING,vibration,True,True
BELT_SLIP,0.75,88,S012,95.73,4.27,CRITICAL,vibration,True,True
BELT_SLIP,0.75,88,S012,96.2,3.8,CRITICAL,vibration,True,True
BELT_SLIP,1.0,88,S012,97.59,2.41,CRITICAL,vibration,True,True
BELT_SLIP,1.0,88,S012,98.18,1.82,CRITICAL,vibration,True,True
HIGH_VIBRATION,0.15,88,S012,79.52,20.48,WARNING,vibration,True,True
HIGH_VIBRATION,0.15,88,S012,80.51,19.49,WARNING,vibration,True,True
HIGH_VIBRATION,0.3,88,S012,92.63,7.37,CRITICAL,vibration,True,True
HIGH_VIBRATION,0.3,88,S012,92.33,7.67,CRITICAL,vibration,True,True
HIGH_VIBRATION,0.5,88,S012,95.82,4.18,CRITICAL,vibration,True,True
HIGH_VIBRATION,0.5,88,S012,95.4,4.6,CRITICAL,vibration,True,True
HIGH_VIBRATION,0.75,88,S012,97.76,2.24,CRITICAL,vibration,True,True
HIGH_VIBRATION,0.75,88,S012,97.68,2.32,CRITICAL,vibration,True,True
HIGH_VIBRATION,1.0,88,S012,98.45,1.55,CRITICAL,vibration,True,True
HIGH_VIBRATION,1.0,88,S012,98.6,1.4,CRITICAL,vibration,True,True
OVERHEATING,0.15,88,S012,10.05,89.95,NORMAL,vibration,False,False
OVERHEATING,0.15,88,S012,10.05,89.95,NORMAL,vibration,False,False
OVERHEATING,0.3,88,S012,14.74,85.26,NORMAL,temperature,False,False
OVERHEATING,0.3,88,S012,14.48,85.52,NORMAL,temperature,False,False
OVERHEATING,0.5,88,S012,22.82,77.18,NORMAL,temperature,False,False
OVERHEATING,0.5,88,S012,23.25,76.75,NORMAL,temperature,False,False
OVERHEATING,0.75,88,S012,36.92,63.08,WATCH,temperature,True,False
OVERHEATING,0.75,88,S012,32.77,67.23,NORMAL,temperature,False,False
OVERHEATING,1.0,88,S012,52.95,47.05,WATCH,temperature,True,False
OVERHEATING,1.0,88,S012,50.19,49.81,WATCH,temperature,True,False
RPM_INSTABILITY,0.15,88,S012,71.48,28.52,WARNING,rpm,True,True
RPM_INSTABILITY,0.15,88,S012,73.75,26.25,WARNING,rpm,True,True
RPM_INSTABILITY,0.3,88,S012,79.06,20.94,WARNING,rpm,True,True
RPM_INSTABILITY,0.3,88,S012,79.09,20.91,WARNING,rpm,True,True
RPM_INSTABILITY,0.5,88,S012,72.21,27.79,WARNING,rpm,True,True
RPM_INSTABILITY,0.5,88,S012,79.91,20.09,WARNING,rpm,True,True
RPM_INSTABILITY,0.75,88,S012,79.86,20.14,WARNING,rpm,True,True
RPM_INSTABILITY,0.75,88,S012,76.5,23.5,WARNING,vibration,True,True
RPM_INSTABILITY,1.0,88,S012,89.9,10.1,WARNING,vibration,True,True
RPM_INSTABILITY,1.0,88,S012,88.91,11.09,WARNING,vibration,True,True
COMBINED_FAULT,0.15,88,S012,72.23,27.77,WARNING,rpm,True,True
COMBINED_FAULT,0.15,88,S012,66.01,33.99,WARNING,rpm,True,True
COMBINED_FAULT,0.3,88,S012,88.96,11.04,WARNING,vibration,True,True
COMBINED_FAULT,0.3,88,S012,77.96,22.04,WARNING,joint,True,True
COMBINED_FAULT,0.5,88,S012,93.64,6.36,CRITICAL,vibration,True,True
COMBINED_FAULT,0.5,88,S012,86.75,13.25,WARNING,joint,True,True
COMBINED_FAULT,0.75,88,S012,98.24,1.76,CRITICAL,vibration,True,True
COMBINED_FAULT,0.75,88,S012,96.13,3.87,CRITICAL,vibration,True,True
COMBINED_FAULT,1.0,88,S012,97.66,2.34,CRITICAL,vibration,True,True
COMBINED_FAULT,1.0,88,S012,96.17,3.83,CRITICAL,joint,True,True
NORMAL,0.0,89,S012,4.72,95.28,NORMAL,temperature,False,False
BELT_SLIP,0.15,89,S012,71.24,28.76,WARNING,rpm,True,True
BELT_SLIP,0.15,89,S012,73.04,26.96,WARNING,rpm,True,True
BELT_SLIP,0.3,89,S012,81.8,18.2,WARNING,joint,True,True
BELT_SLIP,0.3,89,S012,78.92,21.08,WARNING,vibration,True,True
BELT_SLIP,0.5,89,S012,89.69,10.31,WARNING,vibration,True,True
BELT_SLIP,0.5,89,S012,91.55,8.45,WARNING,vibration,True,True
BELT_SLIP,0.75,89,S012,94.76,5.24,CRITICAL,vibration,True,True
BELT_SLIP,0.75,89,S012,95.78,4.22,CRITICAL,vibration,True,True
BELT_SLIP,1.0,89,S012,97.6,2.4,CRITICAL,vibration,True,True
BELT_SLIP,1.0,89,S012,97.16,2.84,CRITICAL,vibration,True,True
HIGH_VIBRATION,0.15,89,S012,81.3,18.7,WARNING,vibration,True,True
HIGH_VIBRATION,0.15,89,S012,81.62,18.38,WARNING,vibration,True,True
HIGH_VIBRATION,0.3,89,S012,92.69,7.31,CRITICAL,vibration,True,True
HIGH_VIBRATION,0.3,89,S012,92.07,7.93,CRITICAL,vibration,True,True
HIGH_VIBRATION,0.5,89,S012,94.97,5.03,CRITICAL,vibration,True,True
HIGH_VIBRATION,0.5,89,S012,94.67,5.33,CRITICAL,vibration,True,True
HIGH_VIBRATION,0.75,89,S012,96.8,3.2,CRITICAL,vibration,True,True
HIGH_VIBRATION,0.75,89,S012,96.83,3.17,CRITICAL,vibration,True,True
HIGH_VIBRATION,1.0,89,S012,97.77,2.23,CRITICAL,vibration,True,True
HIGH_VIBRATION,1.0,89,S012,97.97,2.03,CRITICAL,vibration,True,True
OVERHEATING,0.15,89,S012,12.65,87.35,NORMAL,temperature,False,False
OVERHEATING,0.15,89,S012,12.82,87.18,NORMAL,temperature,False,False
OVERHEATING,0.3,89,S012,32.77,67.23,NORMAL,temperature,False,False
OVERHEATING,0.3,89,S012,31.8,68.2,NORMAL,temperature,False,False
OVERHEATING,0.5,89,S012,48.37,51.63,WATCH,temperature,True,False
OVERHEATING,0.5,89,S012,47.04,52.96,WATCH,temperature,True,False
OVERHEATING,0.75,89,S012,55.35,44.65,WATCH,temperature,True,False
OVERHEATING,0.75,89,S012,55.38,44.62,WATCH,temperature,True,False
OVERHEATING,1.0,89,S012,66.51,33.49,WARNING,temperature,True,True
OVERHEATING,1.0,89,S012,65.47,34.53,WARNING,temperature,True,True
RPM_INSTABILITY,0.15,89,S012,75.08,24.92,WARNING,rpm,True,True
RPM_INSTABILITY,0.15,89,S012,76.09,23.91,WARNING,rpm,True,True
RPM_INSTABILITY,0.3,89,S012,63.72,36.28,WARNING,rpm,True,True
RPM_INSTABILITY,0.3,89,S012,71.31,28.69,WARNING,rpm,True,True
RPM_INSTABILITY,0.5,89,S012,78.63,21.37,WARNING,rpm,True,True
RPM_INSTABILITY,0.5,89,S012,77.71,22.29,WARNING,rpm,True,True
RPM_INSTABILITY,0.75,89,S012,83.0,17.0,WARNING,vibration,True,True
RPM_INSTABILITY,0.75,89,S012,84.4,15.6,WARNING,vibration,True,True
RPM_INSTABILITY,1.0,89,S012,92.11,7.89,CRITICAL,vibration,True,True
RPM_INSTABILITY,1.0,89,S012,90.39,9.61,WARNING,vibration,True,True
COMBINED_FAULT,0.15,89,S012,43.71,56.29,WATCH,rpm,True,False
COMBINED_FAULT,0.15,89,S012,86.06,13.94,WARNING,vibration,True,True
COMBINED_FAULT,0.3,89,S012,79.85,20.15,WARNING,joint,True,True
COMBINED_FAULT,0.3,89,S012,89.38,10.62,WARNING,vibration,True,True
COMBINED_FAULT,0.5,89,S012,94.85,5.15,CRITICAL,vibration,True,True
COMBINED_FAULT,0.5,89,S012,96.85,3.15,CRITICAL,vibration,True,True
COMBINED_FAULT,0.75,89,S012,95.48,4.52,CRITICAL,vibration,True,True
COMBINED_FAULT,0.75,89,S012,95.66,4.34,CRITICAL,vibration,True,True
COMBINED_FAULT,1.0,89,S012,96.84,3.16,CRITICAL,joint,True,True
COMBINED_FAULT,1.0,89,S012,96.85,3.15,CRITICAL,vibration,True,True
NORMAL,0.0,90,S013,4.08,95.92,NORMAL,vibration,False,False
BELT_SLIP,0.15,90,S013,58.58,41.42,WATCH,rpm,True,False
BELT_SLIP,0.15,90,S013,59.43,40.57,WATCH,rpm,True,False
BELT_SLIP,0.3,90,S013,72.34,27.66,WARNING,rpm,True,True
BELT_SLIP,0.3,90,S013,79.41,20.59,WARNING,rpm,True,True
BELT_SLIP,0.5,90,S013,85.8,14.2,WARNING,joint,True,True
BELT_SLIP,0.5,90,S013,83.62,16.38,WARNING,vibration,True,True
BELT_SLIP,0.75,90,S013,91.2,8.8,WARNING,joint,True,True
BELT_SLIP,0.75,90,S013,91.03,8.97,WARNING,vibration,True,True
BELT_SLIP,1.0,90,S013,95.9,4.1,CRITICAL,joint,True,True
BELT_SLIP,1.0,90,S013,95.74,4.26,CRITICAL,joint,True,True
HIGH_VIBRATION,0.15,90,S013,75.02,24.98,WARNING,vibration,True,True
HIGH_VIBRATION,0.15,90,S013,74.83,25.17,WARNING,vibration,True,True
HIGH_VIBRATION,0.3,90,S013,93.21,6.79,CRITICAL,vibration,True,True
HIGH_VIBRATION,0.3,90,S013,92.87,7.13,CRITICAL,vibration,True,True
HIGH_VIBRATION,0.5,90,S013,95.99,4.01,CRITICAL,vibration,True,True
HIGH_VIBRATION,0.5,90,S013,95.3,4.7,CRITICAL,vibration,True,True
HIGH_VIBRATION,0.75,90,S013,97.51,2.49,CRITICAL,vibration,True,True
HIGH_VIBRATION,0.75,90,S013,97.46,2.54,CRITICAL,vibration,True,True
HIGH_VIBRATION,1.0,90,S013,98.0,2.0,CRITICAL,vibration,True,True
HIGH_VIBRATION,1.0,90,S013,98.21,1.79,CRITICAL,vibration,True,True
OVERHEATING,0.15,90,S013,8.17,91.83,NORMAL,temperature,False,False
OVERHEATING,0.15,90,S013,8.18,91.82,NORMAL,temperature,False,False
OVERHEATING,0.3,90,S013,22.7,77.3,NORMAL,temperature,False,False
OVERHEATING,0.3,90,S013,22.94,77.06,NORMAL,temperature,False,False
OVERHEATING,0.5,90,S013,37.32,62.68,WATCH,temperature,True,False
OVERHEATING,0.5,90,S013,36.79,63.21,WATCH,temperature,True,False
OVERHEATING,0.75,90,S013,51.75,48.25,WATCH,temperature,True,False
OVERHEATING,0.75,90,S013,54.06,45.94,WATCH,temperature,True,False
OVERHEATING,1.0,90,S013,60.37,39.63,WATCH,temperature,True,False
OVERHEATING,1.0,90,S013,64.81,35.19,WARNING,temperature,True,True
RPM_INSTABILITY,0.15,90,S013,78.87,21.13,WARNING,rpm,True,True
RPM_INSTABILITY,0.15,90,S013,61.07,38.93,WARNING,rpm,True,True
RPM_INSTABILITY,0.3,90,S013,65.31,34.69,WARNING,rpm,True,True
RPM_INSTABILITY,0.3,90,S013,67.62,32.38,WARNING,rpm,True,True
RPM_INSTABILITY,0.5,90,S013,79.93,20.07,WARNING,rpm,True,True
RPM_INSTABILITY,0.5,90,S013,73.18,26.82,WARNING,rpm,True,True
RPM_INSTABILITY,0.75,90,S013,73.62,26.38,WARNING,rpm,True,True
RPM_INSTABILITY,0.75,90,S013,79.93,20.07,WARNING,rpm,True,True
RPM_INSTABILITY,1.0,90,S013,84.67,15.33,WARNING,vibration,True,True
RPM_INSTABILITY,1.0,90,S013,81.58,18.42,WARNING,vibration,True,True
COMBINED_FAULT,0.15,90,S013,77.99,22.01,WARNING,vibration,True,True
COMBINED_FAULT,0.15,90,S013,72.15,27.85,WARNING,rpm,True,True
COMBINED_FAULT,0.3,90,S013,72.37,27.63,WARNING,rpm,True,True
COMBINED_FAULT,0.3,90,S013,90.57,9.43,WARNING,vibration,True,True
COMBINED_FAULT,0.5,90,S013,86.64,13.36,WARNING,joint,True,True
COMBINED_FAULT,0.5,90,S013,69.93,30.07,WARNING,rpm,True,True
COMBINED_FAULT,0.75,90,S013,73.96,26.04,WARNING,rpm,True,True
COMBINED_FAULT,0.75,90,S013,93.65,6.35,CRITICAL,vibration,True,True
COMBINED_FAULT,1.0,90,S013,82.51,17.49,WARNING,joint,True,True
COMBINED_FAULT,1.0,90,S013,98.38,1.62,CRITICAL,vibration,True,True
NORMAL,0.0,91,S013,7.74,92.26,NORMAL,vibration,False,False
BELT_SLIP,0.15,91,S013,52.8,47.2,WATCH,rpm,True,False
BELT_SLIP,0.15,91,S013,67.15,32.85,WARNING,rpm,True,True
BELT_SLIP,0.3,91,S013,77.13,22.87,WARNING,vibration,True,True
BELT_SLIP,0.3,91,S013,78.69,21.31,WARNING,vibration,True,True
BELT_SLIP,0.5,91,S013,87.36,12.64,WARNING,vibration,True,True
BELT_SLIP,0.5,91,S013,88.45,11.55,WARNING,vibration,True,True
BELT_SLIP,0.75,91,S013,92.12,7.88,CRITICAL,vibration,True,True
BELT_SLIP,0.75,91,S013,91.86,8.14,CRITICAL,vibration,True,True
BELT_SLIP,1.0,91,S013,96.55,3.45,CRITICAL,vibration,True,True
BELT_SLIP,1.0,91,S013,95.89,4.11,CRITICAL,vibration,True,True
HIGH_VIBRATION,0.15,91,S013,76.71,23.29,WARNING,vibration,True,True
HIGH_VIBRATION,0.15,91,S013,77.13,22.87,WARNING,vibration,True,True
HIGH_VIBRATION,0.3,91,S013,91.66,8.34,WARNING,vibration,True,True
HIGH_VIBRATION,0.3,91,S013,91.33,8.67,WARNING,vibration,True,True
HIGH_VIBRATION,0.5,91,S013,95.47,4.53,CRITICAL,vibration,True,True
HIGH_VIBRATION,0.5,91,S013,95.39,4.61,CRITICAL,vibration,True,True
HIGH_VIBRATION,0.75,91,S013,97.16,2.84,CRITICAL,vibration,True,True
HIGH_VIBRATION,0.75,91,S013,97.49,2.51,CRITICAL,vibration,True,True
HIGH_VIBRATION,1.0,91,S013,98.15,1.85,CRITICAL,vibration,True,True
HIGH_VIBRATION,1.0,91,S013,98.15,1.85,CRITICAL,vibration,True,True
OVERHEATING,0.15,91,S013,7.74,92.26,NORMAL,vibration,False,False
OVERHEATING,0.15,91,S013,7.74,92.26,NORMAL,vibration,False,False
OVERHEATING,0.3,91,S013,13.96,86.04,NORMAL,temperature,False,False
OVERHEATING,0.3,91,S013,14.0,86.0,NORMAL,temperature,False,False
OVERHEATING,0.5,91,S013,16.84,83.16,NORMAL,temperature,False,False
OVERHEATING,0.5,91,S013,16.56,83.44,NORMAL,temperature,False,False
OVERHEATING,0.75,91,S013,22.66,77.34,NORMAL,temperature,False,False
OVERHEATING,0.75,91,S013,22.34,77.66,NORMAL,temperature,False,False
OVERHEATING,1.0,91,S013,38.7,61.3,WATCH,temperature,True,False
OVERHEATING,1.0,91,S013,38.65,61.35,WATCH,temperature,True,False
RPM_INSTABILITY,0.15,91,S013,77.83,22.17,WARNING,rpm,True,True
RPM_INSTABILITY,0.15,91,S013,63.13,36.87,WARNING,rpm,True,True
RPM_INSTABILITY,0.3,91,S013,68.24,31.76,WARNING,rpm,True,True
RPM_INSTABILITY,0.3,91,S013,72.07,27.93,WARNING,rpm,True,True
RPM_INSTABILITY,0.5,91,S013,74.17,25.83,WARNING,rpm,True,True
RPM_INSTABILITY,0.5,91,S013,75.47,24.53,WARNING,rpm,True,True
RPM_INSTABILITY,0.75,91,S013,77.02,22.98,WARNING,rpm,True,True
RPM_INSTABILITY,0.75,91,S013,75.47,24.53,WARNING,rpm,True,True
RPM_INSTABILITY,1.0,91,S013,85.56,14.44,WARNING,vibration,True,True
RPM_INSTABILITY,1.0,91,S013,84.78,15.22,WARNING,vibration,True,True
COMBINED_FAULT,0.15,91,S013,68.57,31.43,WARNING,rpm,True,True
COMBINED_FAULT,0.15,91,S013,67.04,32.96,WARNING,vibration,True,True
COMBINED_FAULT,0.3,91,S013,70.14,29.86,WARNING,rpm,True,True
COMBINED_FAULT,0.3,91,S013,82.65,17.35,WARNING,vibration,True,True
COMBINED_FAULT,0.5,91,S013,92.99,7.01,CRITICAL,vibration,True,True
COMBINED_FAULT,0.5,91,S013,83.77,16.23,WARNING,joint,True,True
COMBINED_FAULT,0.75,91,S013,95.63,4.37,CRITICAL,vibration,True,True
COMBINED_FAULT,0.75,91,S013,97.52,2.48,CRITICAL,vibration,True,True
COMBINED_FAULT,1.0,91,S013,97.18,2.82,CRITICAL,vibration,True,True
COMBINED_FAULT,1.0,91,S013,82.58,17.42,WARNING,joint,True,True
NORMAL,0.0,92,S014,6.69,93.31,NORMAL,vibration,False,False
BELT_SLIP,0.15,92,S014,56.76,43.24,WATCH,rpm,True,False
BELT_SLIP,0.15,92,S014,70.72,29.28,WARNING,rpm,True,True
BELT_SLIP,0.3,92,S014,71.51,28.49,WARNING,rpm,True,True
BELT_SLIP,0.3,92,S014,77.53,22.47,WARNING,rpm,True,True
BELT_SLIP,0.5,92,S014,77.7,22.3,WARNING,vibration,True,True
BELT_SLIP,0.5,92,S014,84.91,15.09,WARNING,joint,True,True
BELT_SLIP,0.75,92,S014,90.1,9.9,WARNING,joint,True,True
BELT_SLIP,0.75,92,S014,90.87,9.13,WARNING,joint,True,True
BELT_SLIP,1.0,92,S014,95.8,4.2,CRITICAL,vibration,True,True
BELT_SLIP,1.0,92,S014,96.02,3.98,CRITICAL,vibration,True,True
HIGH_VIBRATION,0.15,92,S014,52.11,47.89,WATCH,vibration,True,False
HIGH_VIBRATION,0.15,92,S014,51.67,48.33,WATCH,vibration,True,False
HIGH_VIBRATION,0.3,92,S014,90.51,9.49,WARNING,vibration,True,True
HIGH_VIBRATION,0.3,92,S014,89.78,10.22,WARNING,vibration,True,True
HIGH_VIBRATION,0.5,92,S014,96.14,3.86,CRITICAL,vibration,True,True
HIGH_VIBRATION,0.5,92,S014,96.55,3.45,CRITICAL,vibration,True,True
HIGH_VIBRATION,0.75,92,S014,97.64,2.36,CRITICAL,vibration,True,True
HIGH_VIBRATION,0.75,92,S014,97.68,2.32,CRITICAL,vibration,True,True
HIGH_VIBRATION,1.0,92,S014,98.4,1.6,CRITICAL,vibration,True,True
HIGH_VIBRATION,1.0,92,S014,98.24,1.76,CRITICAL,vibration,True,True
OVERHEATING,0.15,92,S014,6.72,93.28,NORMAL,temperature,False,False
OVERHEATING,0.15,92,S014,6.88,93.12,NORMAL,temperature,False,False
OVERHEATING,0.3,92,S014,20.94,79.06,NORMAL,temperature,False,False
OVERHEATING,0.3,92,S014,21.05,78.95,NORMAL,temperature,False,False
OVERHEATING,0.5,92,S014,37.35,62.65,WATCH,temperature,True,False
OVERHEATING,0.5,92,S014,36.94,63.06,WATCH,temperature,True,False
OVERHEATING,0.75,92,S014,51.3,48.7,WATCH,temperature,True,False
OVERHEATING,0.75,92,S014,52.21,47.79,WATCH,temperature,True,False
OVERHEATING,1.0,92,S014,65.03,34.97,WARNING,temperature,True,True
OVERHEATING,1.0,92,S014,63.25,36.75,WARNING,temperature,True,True
RPM_INSTABILITY,0.15,92,S014,65.04,34.96,WARNING,rpm,True,True
RPM_INSTABILITY,0.15,92,S014,69.25,30.75,WARNING,rpm,True,True
RPM_INSTABILITY,0.3,92,S014,74.97,25.03,WARNING,rpm,True,True
RPM_INSTABILITY,0.3,92,S014,66.49,33.51,WARNING,rpm,True,True
RPM_INSTABILITY,0.5,92,S014,76.32,23.68,WARNING,rpm,True,True
RPM_INSTABILITY,0.5,92,S014,75.72,24.28,WARNING,rpm,True,True
RPM_INSTABILITY,0.75,92,S014,77.27,22.73,WARNING,rpm,True,True
RPM_INSTABILITY,0.75,92,S014,75.74,24.26,WARNING,rpm,True,True
RPM_INSTABILITY,1.0,92,S014,79.77,20.23,WARNING,rpm,True,True
RPM_INSTABILITY,1.0,92,S014,71.9,28.1,WARNING,rpm,True,True
COMBINED_FAULT,0.15,92,S014,63.95,36.05,WARNING,rpm,True,True
COMBINED_FAULT,0.15,92,S014,66.78,33.22,WARNING,rpm,True,True
COMBINED_FAULT,0.3,92,S014,76.42,23.58,WARNING,rpm,True,True
COMBINED_FAULT,0.3,92,S014,95.36,4.64,CRITICAL,vibration,True,True
COMBINED_FAULT,0.5,92,S014,92.9,7.1,CRITICAL,vibration,True,True
COMBINED_FAULT,0.5,92,S014,83.14,16.86,WARNING,joint,True,True
COMBINED_FAULT,0.75,92,S014,98.18,1.82,CRITICAL,vibration,True,True
COMBINED_FAULT,0.75,92,S014,98.62,1.38,CRITICAL,vibration,True,True
COMBINED_FAULT,1.0,92,S014,95.4,4.6,CRITICAL,joint,True,True
COMBINED_FAULT,1.0,92,S014,98.32,1.68,CRITICAL,vibration,True,True
NORMAL,0.0,93,S014,4.0,96.0,NORMAL,vibration,False,False
BELT_SLIP,0.15,93,S014,69.65,30.35,WARNING,rpm,True,True
BELT_SLIP,0.15,93,S014,68.96,31.04,WARNING,rpm,True,True
BELT_SLIP,0.3,93,S014,76.05,23.95,WARNING,rpm,True,True
BELT_SLIP,0.3,93,S014,66.34,33.66,WARNING,rpm,True,True
BELT_SLIP,0.5,93,S014,79.7,20.3,WARNING,joint,True,True
BELT_SLIP,0.5,93,S014,79.37,20.63,WARNING,joint,True,True
BELT_SLIP,0.75,93,S014,92.27,7.73,CRITICAL,vibration,True,True
BELT_SLIP,0.75,93,S014,91.99,8.01,CRITICAL,vibration,True,True
BELT_SLIP,1.0,93,S014,97.7,2.3,CRITICAL,vibration,True,True
BELT_SLIP,1.0,93,S014,97.63,2.37,CRITICAL,vibration,True,True
HIGH_VIBRATION,0.15,93,S014,52.27,47.73,WATCH,vibration,True,False
HIGH_VIBRATION,0.15,93,S014,51.86,48.14,WATCH,vibration,True,False
HIGH_VIBRATION,0.3,93,S014,89.94,10.06,WARNING,vibration,True,True
HIGH_VIBRATION,0.3,93,S014,89.68,10.32,WARNING,vibration,True,True
HIGH_VIBRATION,0.5,93,S014,94.86,5.14,CRITICAL,vibration,True,True
HIGH_VIBRATION,0.5,93,S014,95.04,4.96,CRITICAL,vibration,True,True
HIGH_VIBRATION,0.75,93,S014,96.9,3.1,CRITICAL,vibration,True,True
HIGH_VIBRATION,0.75,93,S014,97.48,2.52,CRITICAL,vibration,True,True
HIGH_VIBRATION,1.0,93,S014,97.74,2.26,CRITICAL,vibration,True,True
HIGH_VIBRATION,1.0,93,S014,98.25,1.75,CRITICAL,vibration,True,True
OVERHEATING,0.15,93,S014,5.69,94.31,NORMAL,temperature,False,False
OVERHEATING,0.15,93,S014,5.48,94.52,NORMAL,temperature,False,False
OVERHEATING,0.3,93,S014,14.47,85.53,NORMAL,temperature,False,False
OVERHEATING,0.3,93,S014,14.73,85.27,NORMAL,temperature,False,False
OVERHEATING,0.5,93,S014,22.77,77.23,NORMAL,temperature,False,False
OVERHEATING,0.5,93,S014,22.61,77.39,NORMAL,temperature,False,False
OVERHEATING,0.75,93,S014,36.29,63.71,WATCH,temperature,True,False
OVERHEATING,0.75,93,S014,35.37,64.63,WATCH,temperature,True,False
OVERHEATING,1.0,93,S014,47.07,52.93,WATCH,temperature,True,False
OVERHEATING,1.0,93,S014,45.31,54.69,WATCH,temperature,True,False
RPM_INSTABILITY,0.15,93,S014,51.59,48.41,WATCH,rpm,True,False
RPM_INSTABILITY,0.15,93,S014,69.64,30.36,WARNING,rpm,True,True
RPM_INSTABILITY,0.3,93,S014,66.46,33.54,WARNING,rpm,True,True
RPM_INSTABILITY,0.3,93,S014,76.95,23.05,WARNING,rpm,True,True
RPM_INSTABILITY,0.5,93,S014,65.77,34.23,WARNING,rpm,True,True
RPM_INSTABILITY,0.5,93,S014,76.95,23.05,WARNING,rpm,True,True
RPM_INSTABILITY,0.75,93,S014,70.15,29.85,WARNING,rpm,True,True
RPM_INSTABILITY,0.75,93,S014,62.54,37.46,WARNING,rpm,True,True
RPM_INSTABILITY,1.0,93,S014,75.51,24.49,WARNING,rpm,True,True
RPM_INSTABILITY,1.0,93,S014,75.6,24.4,WARNING,rpm,True,True
COMBINED_FAULT,0.15,93,S014,59.46,40.54,WATCH,joint,True,False
COMBINED_FAULT,0.15,93,S014,70.79,29.21,WARNING,rpm,True,True
COMBINED_FAULT,0.3,93,S014,88.43,11.57,WARNING,vibration,True,True
COMBINED_FAULT,0.3,93,S014,81.81,18.19,WARNING,rpm,True,True
COMBINED_FAULT,0.5,93,S014,90.9,9.1,WARNING,vibration,True,True
COMBINED_FAULT,0.5,93,S014,94.83,5.17,CRITICAL,vibration,True,True
COMBINED_FAULT,0.75,93,S014,95.52,4.48,CRITICAL,vibration,True,True
COMBINED_FAULT,0.75,93,S014,79.3,20.7,WARNING,rpm,True,True
COMBINED_FAULT,1.0,93,S014,98.38,1.62,CRITICAL,vibration,True,True
COMBINED_FAULT,1.0,93,S014,96.4,3.6,CRITICAL,vibration,True,True
NORMAL,0.0,94,S014,25.46,74.54,NORMAL,temperature,False,False
BELT_SLIP,0.15,94,S014,44.36,55.64,WATCH,rpm,True,False
BELT_SLIP,0.15,94,S014,58.88,41.12,WATCH,rpm,True,False
BELT_SLIP,0.3,94,S014,71.64,28.36,WARNING,rpm,True,True
BELT_SLIP,0.3,94,S014,75.62,24.38,WARNING,rpm,True,True
BELT_SLIP,0.5,94,S014,85.57,14.43,WARNING,joint,True,True
BELT_SLIP,0.5,94,S014,82.69,17.31,WARNING,joint,True,True
BELT_SLIP,0.75,94,S014,93.39,6.61,CRITICAL,vibration,True,True
BELT_SLIP,0.75,94,S014,94.13,5.87,CRITICAL,vibration,True,True
BELT_SLIP,1.0,94,S014,97.7,2.3,CRITICAL,vibration,True,True
BELT_SLIP,1.0,94,S014,97.89,2.11,CRITICAL,vibration,True,True
HIGH_VIBRATION,0.15,94,S014,58.22,41.78,WATCH,vibration,True,False
HIGH_VIBRATION,0.15,94,S014,58.44,41.56,WATCH,vibration,True,False
HIGH_VIBRATION,0.3,94,S014,89.96,10.04,WARNING,vibration,True,True
HIGH_VIBRATION,0.3,94,S014,90.1,9.9,WARNING,vibration,True,True
HIGH_VIBRATION,0.5,94,S014,96.0,4.0,CRITICAL,vibration,True,True
HIGH_VIBRATION,0.5,94,S014,95.24,4.76,CRITICAL,vibration,True,True
HIGH_VIBRATION,0.75,94,S014,97.4,2.6,CRITICAL,vibration,True,True
HIGH_VIBRATION,0.75,94,S014,97.74,2.26,CRITICAL,vibration,True,True
HIGH_VIBRATION,1.0,94,S014,98.23,1.77,CRITICAL,vibration,True,True
HIGH_VIBRATION,1.0,94,S014,98.14,1.86,CRITICAL,vibration,True,True
OVERHEATING,0.15,94,S014,16.58,83.42,NORMAL,temperature,False,False
OVERHEATING,0.15,94,S014,16.99,83.01,NORMAL,temperature,False,False
OVERHEATING,0.3,94,S014,30.09,69.91,NORMAL,temperature,False,False
OVERHEATING,0.3,94,S014,29.74,70.26,NORMAL,temperature,False,False
OVERHEATING,0.5,94,S014,29.13,70.87,NORMAL,temperature,False,False
OVERHEATING,0.5,94,S014,27.87,72.13,NORMAL,temperature,False,False
OVERHEATING,0.75,94,S014,24.17,75.83,NORMAL,temperature,False,False
OVERHEATING,0.75,94,S014,24.42,75.58,NORMAL,temperature,False,False
OVERHEATING,1.0,94,S014,22.84,77.16,NORMAL,temperature,False,False
OVERHEATING,1.0,94,S014,23.83,76.17,NORMAL,temperature,False,False
RPM_INSTABILITY,0.15,94,S014,71.82,28.18,WARNING,rpm,True,True
RPM_INSTABILITY,0.15,94,S014,71.49,28.51,WARNING,rpm,True,True
RPM_INSTABILITY,0.3,94,S014,75.72,24.28,WARNING,rpm,True,True
RPM_INSTABILITY,0.3,94,S014,64.16,35.84,WARNING,rpm,True,True
RPM_INSTABILITY,0.5,94,S014,71.84,28.16,WARNING,rpm,True,True
RPM_INSTABILITY,0.5,94,S014,75.72,24.28,WARNING,rpm,True,True
RPM_INSTABILITY,0.75,94,S014,79.93,20.07,WARNING,rpm,True,True
RPM_INSTABILITY,0.75,94,S014,75.74,24.26,WARNING,rpm,True,True
RPM_INSTABILITY,1.0,94,S014,87.82,12.18,WARNING,joint,True,True
RPM_INSTABILITY,1.0,94,S014,82.78,17.22,WARNING,joint,True,True
COMBINED_FAULT,0.15,94,S014,37.05,62.95,WATCH,vibration,True,False
COMBINED_FAULT,0.15,94,S014,36.99,63.01,WATCH,vibration,True,False
COMBINED_FAULT,0.3,94,S014,69.99,30.01,WARNING,joint,True,True
COMBINED_FAULT,0.3,94,S014,89.73,10.27,WARNING,joint,True,True
COMBINED_FAULT,0.5,94,S014,70.17,29.83,WARNING,rpm,True,True
COMBINED_FAULT,0.5,94,S014,79.8,20.2,WARNING,joint,True,True
COMBINED_FAULT,0.75,94,S014,88.22,11.78,WARNING,joint,True,True
COMBINED_FAULT,0.75,94,S014,86.48,13.52,WARNING,joint,True,True
COMBINED_FAULT,1.0,94,S014,74.49,25.51,WARNING,rpm,True,True
COMBINED_FAULT,1.0,94,S014,93.27,6.73,CRITICAL,joint,True,True
NORMAL,0.0,95,S014,21.29,78.71,NORMAL,rpm,False,False
BELT_SLIP,0.15,95,S014,54.48,45.52,WATCH,rpm,True,False
BELT_SLIP,0.15,95,S014,52.38,47.62,WATCH,rpm,True,False
BELT_SLIP,0.3,95,S014,67.9,32.1,WARNING,rpm,True,True
BELT_SLIP,0.3,95,S014,74.47,25.53,WARNING,rpm,True,True
BELT_SLIP,0.5,95,S014,78.48,21.52,WARNING,vibration,True,True
BELT_SLIP,0.5,95,S014,82.54,17.46,WARNING,vibration,True,True
BELT_SLIP,0.75,95,S014,94.11,5.89,CRITICAL,vibration,True,True
BELT_SLIP,0.75,95,S014,93.85,6.15,CRITICAL,vibration,True,True
BELT_SLIP,1.0,95,S014,97.14,2.86,CRITICAL,vibration,True,True
BELT_SLIP,1.0,95,S014,97.36,2.64,CRITICAL,vibration,True,True
HIGH_VIBRATION,0.15,95,S014,64.38,35.62,WARNING,vibration,True,True
HIGH_VIBRATION,0.15,95,S014,63.92,36.08,WARNING,vibration,True,True
HIGH_VIBRATION,0.3,95,S014,92.33,7.67,CRITICAL,vibration,True,True
HIGH_VIBRATION,0.3,95,S014,93.43,6.57,CRITICAL,vibration,True,True
HIGH_VIBRATION,0.5,95,S014,96.55,3.45,CRITICAL,vibration,True,True
HIGH_VIBRATION,0.5,95,S014,97.1,2.9,CRITICAL,vibration,True,True
HIGH_VIBRATION,0.75,95,S014,98.21,1.79,CRITICAL,vibration,True,True
HIGH_VIBRATION,0.75,95,S014,98.11,1.89,CRITICAL,vibration,True,True
HIGH_VIBRATION,1.0,95,S014,98.58,1.42,CRITICAL,vibration,True,True
HIGH_VIBRATION,1.0,95,S014,98.41,1.59,CRITICAL,vibration,True,True
OVERHEATING,0.15,95,S014,21.29,78.71,NORMAL,rpm,False,False
OVERHEATING,0.15,95,S014,21.29,78.71,NORMAL,rpm,False,False
OVERHEATING,0.3,95,S014,21.29,78.71,NORMAL,rpm,False,False
OVERHEATING,0.3,95,S014,21.29,78.71,NORMAL,rpm,False,False
OVERHEATING,0.5,95,S014,21.57,78.43,NORMAL,temperature,False,False
OVERHEATING,0.5,95,S014,22.48,77.52,NORMAL,temperature,False,False
OVERHEATING,0.75,95,S014,34.75,65.25,NORMAL,temperature,False,False
OVERHEATING,0.75,95,S014,33.11,66.89,NORMAL,temperature,False,False
OVERHEATING,1.0,95,S014,52.72,47.28,WATCH,temperature,True,False
OVERHEATING,1.0,95,S014,52.95,47.05,WATCH,temperature,True,False
RPM_INSTABILITY,0.15,95,S014,69.59,30.41,WARNING,rpm,True,True
RPM_INSTABILITY,0.15,95,S014,61.19,38.81,WARNING,rpm,True,True
RPM_INSTABILITY,0.3,95,S014,67.14,32.86,WARNING,rpm,True,True
RPM_INSTABILITY,0.3,95,S014,72.37,27.63,WARNING,rpm,True,True
RPM_INSTABILITY,0.5,95,S014,73.59,26.41,WARNING,rpm,True,True
RPM_INSTABILITY,0.5,95,S014,78.69,21.31,WARNING,rpm,True,True
RPM_INSTABILITY,0.75,95,S014,79.54,20.46,WARNING,rpm,True,True
RPM_INSTABILITY,0.75,95,S014,71.12,28.88,WARNING,rpm,True,True
RPM_INSTABILITY,1.0,95,S014,79.84,20.16,WARNING,vibration,True,True
RPM_INSTABILITY,1.0,95,S014,75.61,24.39,WARNING,rpm,True,True
COMBINED_FAULT,0.15,95,S014,43.23,56.77,WATCH,vibration,True,False
COMBINED_FAULT,0.15,95,S014,41.18,58.82,WATCH,vibration,True,False
COMBINED_FAULT,0.3,95,S014,92.18,7.82,CRITICAL,vibration,True,True
COMBINED_FAULT,0.3,95,S014,65.68,34.32,WARNING,rpm,True,True
COMBINED_FAULT,0.5,95,S014,82.44,17.56,WARNING,joint,True,True
COMBINED_FAULT,0.5,95,S014,94.39,5.61,CRITICAL,vibration,True,True
COMBINED_FAULT,0.75,95,S014,95.52,4.48,CRITICAL,vibration,True,True
COMBINED_FAULT,0.75,95,S014,97.13,2.87,CRITICAL,vibration,True,True
COMBINED_FAULT,1.0,95,S014,79.73,20.27,WARNING,rpm,True,True
COMBINED_FAULT,1.0,95,S014,96.1,3.9,CRITICAL,joint,True,True
NORMAL,0.0,96,S014,71.04,28.96,WARNING,rpm,True,True
BELT_SLIP,0.15,96,S014,79.17,20.83,WARNING,rpm,True,True
BELT_SLIP,0.15,96,S014,81.81,18.19,WARNING,rpm,True,True
BELT_SLIP,0.3,96,S014,81.81,18.19,WARNING,rpm,True,True
BELT_SLIP,0.3,96,S014,81.1,18.9,WARNING,rpm,True,True
BELT_SLIP,0.5,96,S014,87.39,12.61,WARNING,joint,True,True
BELT_SLIP,0.5,96,S014,86.16,13.84,WARNING,joint,True,True
BELT_SLIP,0.75,96,S014,94.69,5.31,CRITICAL,vibration,True,True
BELT_SLIP,0.75,96,S014,94.89,5.11,CRITICAL,vibration,True,True
BELT_SLIP,1.0,96,S014,97.47,2.53,CRITICAL,vibration,True,True
BELT_SLIP,1.0,96,S014,97.82,2.18,CRITICAL,vibration,True,True
HIGH_VIBRATION,0.15,96,S014,71.04,28.96,WARNING,rpm,True,True
HIGH_VIBRATION,0.15,96,S014,71.04,28.96,WARNING,rpm,True,True
HIGH_VIBRATION,0.3,96,S014,93.13,6.87,CRITICAL,vibration,True,True
HIGH_VIBRATION,0.3,96,S014,93.22,6.78,CRITICAL,vibration,True,True
HIGH_VIBRATION,0.5,96,S014,96.64,3.36,CRITICAL,vibration,True,True
HIGH_VIBRATION,0.5,96,S014,96.91,3.09,CRITICAL,vibration,True,True
HIGH_VIBRATION,0.75,96,S014,98.25,1.75,CRITICAL,vibration,True,True
HIGH_VIBRATION,0.75,96,S014,98.12,1.88,CRITICAL,vibration,True,True
HIGH_VIBRATION,1.0,96,S014,98.73,1.27,CRITICAL,vibration,True,True
HIGH_VIBRATION,1.0,96,S014,98.77,1.23,CRITICAL,vibration,True,True
OVERHEATING,0.15,96,S014,71.04,28.96,WARNING,rpm,True,True
OVERHEATING,0.15,96,S014,71.04,28.96,WARNING,rpm,True,True
OVERHEATING,0.3,96,S014,71.04,28.96,WARNING,rpm,True,True
OVERHEATING,0.3,96,S014,71.04,28.96,WARNING,rpm,True,True
OVERHEATING,0.5,96,S014,71.04,28.96,WARNING,rpm,True,True
OVERHEATING,0.5,96,S014,71.04,28.96,WARNING,rpm,True,True
OVERHEATING,0.75,96,S014,71.04,28.96,WARNING,rpm,True,True
OVERHEATING,0.75,96,S014,71.04,28.96,WARNING,rpm,True,True
OVERHEATING,1.0,96,S014,71.04,28.96,WARNING,rpm,True,True
OVERHEATING,1.0,96,S014,71.04,28.96,WARNING,rpm,True,True
RPM_INSTABILITY,0.15,96,S014,78.09,21.91,WARNING,rpm,True,True
RPM_INSTABILITY,0.15,96,S014,78.3,21.7,WARNING,rpm,True,True
RPM_INSTABILITY,0.3,96,S014,83.02,16.98,WARNING,rpm,True,True
RPM_INSTABILITY,0.3,96,S014,82.37,17.63,WARNING,rpm,True,True
RPM_INSTABILITY,0.5,96,S014,79.0,21.0,WARNING,rpm,True,True
RPM_INSTABILITY,0.5,96,S014,76.39,23.61,WARNING,rpm,True,True
RPM_INSTABILITY,0.75,96,S014,79.6,20.4,WARNING,rpm,True,True
RPM_INSTABILITY,0.75,96,S014,83.02,16.98,WARNING,rpm,True,True
RPM_INSTABILITY,1.0,96,S014,82.79,17.21,WARNING,rpm,True,True
RPM_INSTABILITY,1.0,96,S014,85.47,14.53,WARNING,vibration,True,True
COMBINED_FAULT,0.15,96,S014,75.03,24.97,WARNING,rpm,True,True
COMBINED_FAULT,0.15,96,S014,81.81,18.19,WARNING,rpm,True,True
COMBINED_FAULT,0.3,96,S014,85.2,14.8,WARNING,vibration,True,True
COMBINED_FAULT,0.3,96,S014,83.36,16.64,WARNING,joint,True,True
COMBINED_FAULT,0.5,96,S014,83.11,16.89,WARNING,rpm,True,True
COMBINED_FAULT,0.5,96,S014,98.46,1.54,CRITICAL,vibration,True,True
COMBINED_FAULT,0.75,96,S014,92.71,7.29,CRITICAL,joint,True,True
COMBINED_FAULT,0.75,96,S014,97.08,2.92,CRITICAL,joint,True,True
COMBINED_FAULT,1.0,96,S014,88.74,11.26,WARNING,joint,True,True
COMBINED_FAULT,1.0,96,S014,96.74,3.26,CRITICAL,joint,True,True
NORMAL,0.0,97,S014,58.16,41.84,WATCH,rpm,True,False
BELT_SLIP,0.15,97,S014,67.26,32.74,WARNING,rpm,True,True
BELT_SLIP,0.15,97,S014,70.35,29.65,WARNING,rpm,True,True
BELT_SLIP,0.3,97,S014,74.99,25.01,WARNING,rpm,True,True
BELT_SLIP,0.3,97,S014,75.5,24.5,WARNING,rpm,True,True
BELT_SLIP,0.5,97,S014,80.72,19.28,WARNING,vibration,True,True
BELT_SLIP,0.5,97,S014,81.85,18.15,WARNING,vibration,True,True
BELT_SLIP,0.75,97,S014,94.47,5.53,CRITICAL,vibration,True,True
BELT_SLIP,0.75,97,S014,92.88,7.12,CRITICAL,vibration,True,True
BELT_SLIP,1.0,97,S014,97.84,2.16,CRITICAL,vibration,True,True
BELT_SLIP,1.0,97,S014,97.09,2.91,CRITICAL,vibration,True,True
HIGH_VIBRATION,0.15,97,S014,66.02,33.98,WARNING,vibration,True,True
HIGH_VIBRATION,0.15,97,S014,67.28,32.72,WARNING,vibration,True,True
HIGH_VIBRATION,0.3,97,S014,94.92,5.08,CRITICAL,vibration,True,True
HIGH_VIBRATION,0.3,97,S014,94.8,5.2,CRITICAL,vibration,True,True
HIGH_VIBRATION,0.5,97,S014,97.45,2.55,CRITICAL,vibration,True,True
HIGH_VIBRATION,0.5,97,S014,97.43,2.57,CRITICAL,vibration,True,True
HIGH_VIBRATION,0.75,97,S014,98.39,1.61,CRITICAL,vibration,True,True
HIGH_VIBRATION,0.75,97,S014,98.28,1.72,CRITICAL,vibration,True,True
HIGH_VIBRATION,1.0,97,S014,98.87,1.13,CRITICAL,vibration,True,True
HIGH_VIBRATION,1.0,97,S014,98.44,1.56,CRITICAL,vibration,True,True
OVERHEATING,0.15,97,S014,58.16,41.84,WATCH,rpm,True,False
OVERHEATING,0.15,97,S014,58.16,41.84,WATCH,rpm,True,False
OVERHEATING,0.3,97,S014,58.16,41.84,WATCH,rpm,True,False
OVERHEATING,0.3,97,S014,58.16,41.84,WATCH,rpm,True,False
OVERHEATING,0.5,97,S014,58.16,41.84,WATCH,rpm,True,False
OVERHEATING,0.5,97,S014,58.16,41.84,WATCH,rpm,True,False
OVERHEATING,0.75,97,S014,63.96,36.04,WARNING,temperature,True,True
OVERHEATING,0.75,97,S014,64.2,35.8,WARNING,temperature,True,True
OVERHEATING,1.0,97,S014,69.79,30.21,WARNING,temperature,True,True
OVERHEATING,1.0,97,S014,69.86,30.14,WARNING,temperature,True,True
RPM_INSTABILITY,0.15,97,S014,67.39,32.61,WARNING,rpm,True,True
RPM_INSTABILITY,0.15,97,S014,74.32,25.68,WARNING,rpm,True,True
RPM_INSTABILITY,0.3,97,S014,77.73,22.27,WARNING,rpm,True,True
RPM_INSTABILITY,0.3,97,S014,70.23,29.77,WARNING,rpm,True,True
RPM_INSTABILITY,0.5,97,S014,77.18,22.82,WARNING,rpm,True,True
RPM_INSTABILITY,0.5,97,S014,76.81,23.19,WARNING,rpm,True,True
RPM_INSTABILITY,0.75,97,S014,82.3,17.7,WARNING,rpm,True,True
RPM_INSTABILITY,0.75,97,S014,78.98,21.02,WARNING,rpm,True,True
RPM_INSTABILITY,1.0,97,S014,80.59,19.41,WARNING,vibration,True,True
RPM_INSTABILITY,1.0,97,S014,81.91,18.09,WARNING,vibration,True,True
COMBINED_FAULT,0.15,97,S014,74.74,25.26,WARNING,rpm,True,True
COMBINED_FAULT,0.15,97,S014,58.16,41.84,WATCH,rpm,True,False
COMBINED_FAULT,0.3,97,S014,78.81,21.19,WARNING,rpm,True,True
COMBINED_FAULT,0.3,97,S014,73.96,26.04,WARNING,rpm,True,True
COMBINED_FAULT,0.5,97,S014,77.95,22.05,WARNING,rpm,True,True
COMBINED_FAULT,0.5,97,S014,98.42,1.58,CRITICAL,vibration,True,True
COMBINED_FAULT,0.75,97,S014,80.99,19.01,WARNING,joint,True,True
COMBINED_FAULT,0.75,97,S014,96.64,3.36,CRITICAL,vibration,True,True
COMBINED_FAULT,1.0,97,S014,97.98,2.02,CRITICAL,vibration,True,True
COMBINED_FAULT,1.0,97,S014,98.41,1.59,CRITICAL,vibration,True,True
NORMAL,0.0,98,S015,13.64,86.36,NORMAL,rpm,False,False
BELT_SLIP,0.15,98,S015,66.9,33.1,WARNING,joint,True,True
BELT_SLIP,0.15,98,S015,55.86,44.14,WATCH,joint,True,False
BELT_SLIP,0.3,98,S015,79.12,20.88,WARNING,joint,True,True
BELT_SLIP,0.3,98,S015,82.52,17.48,WARNING,joint,True,True
BELT_SLIP,0.5,98,S015,92.05,7.95,CRITICAL,joint,True,True
BELT_SLIP,0.5,98,S015,91.16,8.84,WARNING,joint,True,True
BELT_SLIP,0.75,98,S015,97.21,2.79,CRITICAL,vibration,True,True
BELT_SLIP,0.75,98,S015,96.37,3.63,CRITICAL,joint,True,True
BELT_SLIP,1.0,98,S015,98.09,1.91,CRITICAL,joint,True,True
BELT_SLIP,1.0,98,S015,98.32,1.68,CRITICAL,vibration,True,True
HIGH_VIBRATION,0.15,98,S015,85.44,14.56,WARNING,vibration,True,True
HIGH_VIBRATION,0.15,98,S015,84.44,15.56,WARNING,vibration,True,True
HIGH_VIBRATION,0.3,98,S015,96.1,3.9,CRITICAL,vibration,True,True
HIGH_VIBRATION,0.3,98,S015,96.14,3.86,CRITICAL,vibration,True,True
HIGH_VIBRATION,0.5,98,S015,97.9,2.1,CRITICAL,vibration,True,True
HIGH_VIBRATION,0.5,98,S015,97.82,2.18,CRITICAL,vibration,True,True
HIGH_VIBRATION,0.75,98,S015,98.35,1.65,CRITICAL,vibration,True,True
HIGH_VIBRATION,0.75,98,S015,98.56,1.44,CRITICAL,vibration,True,True
HIGH_VIBRATION,1.0,98,S015,98.78,1.22,CRITICAL,vibration,True,True
HIGH_VIBRATION,1.0,98,S015,98.64,1.36,CRITICAL,vibration,True,True
OVERHEATING,0.15,98,S015,26.94,73.06,NORMAL,temperature,False,False
OVERHEATING,0.15,98,S015,26.91,73.09,NORMAL,temperature,False,False
OVERHEATING,0.3,98,S015,46.66,53.34,WATCH,temperature,True,False
OVERHEATING,0.3,98,S015,46.33,53.67,WATCH,temperature,True,False
OVERHEATING,0.5,98,S015,62.44,37.56,WARNING,temperature,True,True
OVERHEATING,0.5,98,S015,62.44,37.56,WARNING,temperature,True,True
OVERHEATING,0.75,98,S015,69.49,30.51,WARNING,temperature,True,True
OVERHEATING,0.75,98,S015,69.49,30.51,WARNING,temperature,True,True
OVERHEATING,1.0,98,S015,69.91,30.09,WARNING,temperature,True,True
OVERHEATING,1.0,98,S015,69.91,30.09,WARNING,temperature,True,True
RPM_INSTABILITY,0.15,98,S015,73.9,26.1,WARNING,rpm,True,True
RPM_INSTABILITY,0.15,98,S015,68.41,31.59,WARNING,rpm,True,True
RPM_INSTABILITY,0.3,98,S015,79.66,20.34,WARNING,rpm,True,True
RPM_INSTABILITY,0.3,98,S015,71.52,28.48,WARNING,rpm,True,True
RPM_INSTABILITY,0.5,98,S015,77.51,22.49,WARNING,rpm,True,True
RPM_INSTABILITY,0.5,98,S015,79.62,20.38,WARNING,rpm,True,True
RPM_INSTABILITY,0.75,98,S015,84.86,15.14,WARNING,joint,True,True
RPM_INSTABILITY,0.75,98,S015,84.64,15.36,WARNING,joint,True,True
RPM_INSTABILITY,1.0,98,S015,88.12,11.88,WARNING,vibration,True,True
RPM_INSTABILITY,1.0,98,S015,89.02,10.98,WARNING,vibration,True,True
COMBINED_FAULT,0.15,98,S015,86.35,13.65,WARNING,vibration,True,True
COMBINED_FAULT,0.15,98,S015,81.45,18.55,WARNING,rpm,True,True
COMBINED_FAULT,0.3,98,S015,82.97,17.03,WARNING,joint,True,True
COMBINED_FAULT,0.3,98,S015,97.28,2.72,CRITICAL,vibration,True,True
COMBINED_FAULT,0.5,98,S015,91.91,8.09,CRITICAL,joint,True,True
COMBINED_FAULT,0.5,98,S015,96.55,3.45,CRITICAL,vibration,True,True
COMBINED_FAULT,0.75,98,S015,88.7,11.3,WARNING,joint,True,True
COMBINED_FAULT,0.75,98,S015,88.03,11.97,WARNING,joint,True,True
COMBINED_FAULT,1.0,98,S015,93.22,6.78,CRITICAL,joint,True,True
COMBINED_FAULT,1.0,98,S015,98.34,1.66,CRITICAL,joint,True,True
NORMAL,0.0,99,S015,14.18,85.82,NORMAL,vibration,False,False
BELT_SLIP,0.15,99,S015,68.27,31.73,WARNING,rpm,True,True
BELT_SLIP,0.15,99,S015,66.94,33.06,WARNING,vibration,True,True
BELT_SLIP,0.3,99,S015,89.39,10.61,WARNING,vibration,True,True
BELT_SLIP,0.3,99,S015,88.59,11.41,WARNING,vibration,True,True
BELT_SLIP,0.5,99,S015,95.4,4.6,CRITICAL,vibration,True,True
BELT_SLIP,0.5,99,S015,94.43,5.57,CRITICAL,vibration,True,True
BELT_SLIP,0.75,99,S015,97.58,2.42,CRITICAL,vibration,True,True
BELT_SLIP,0.75,99,S015,97.81,2.19,CRITICAL,vibration,True,True
BELT_SLIP,1.0,99,S015,98.35,1.65,CRITICAL,vibration,True,True
BELT_SLIP,1.0,99,S015,98.81,1.19,CRITICAL,vibration,True,True
HIGH_VIBRATION,0.15,99,S015,88.32,11.68,WARNING,vibration,True,True
HIGH_VIBRATION,0.15,99,S015,88.73,11.27,WARNING,vibration,True,True
HIGH_VIBRATION,0.3,99,S015,95.77,4.23,CRITICAL,vibration,True,True
HIGH_VIBRATION,0.3,99,S015,96.19,3.81,CRITICAL,vibration,True,True
HIGH_VIBRATION,0.5,99,S015,97.84,2.16,CRITICAL,vibration,True,True
HIGH_VIBRATION,0.5,99,S015,97.81,2.19,CRITICAL,vibration,True,True
HIGH_VIBRATION,0.75,99,S015,98.66,1.34,CRITICAL,vibration,True,True
HIGH_VIBRATION,0.75,99,S015,98.79,1.21,CRITICAL,vibration,True,True
HIGH_VIBRATION,1.0,99,S015,98.69,1.31,CRITICAL,vibration,True,True
HIGH_VIBRATION,1.0,99,S015,98.88,1.12,CRITICAL,vibration,True,True
OVERHEATING,0.15,99,S015,14.18,85.82,NORMAL,vibration,False,False
OVERHEATING,0.15,99,S015,14.18,85.82,NORMAL,vibration,False,False
OVERHEATING,0.3,99,S015,23.12,76.88,NORMAL,temperature,False,False
OVERHEATING,0.3,99,S015,24.19,75.81,NORMAL,temperature,False,False
OVERHEATING,0.5,99,S015,46.07,53.93,WATCH,temperature,True,False
OVERHEATING,0.5,99,S015,45.27,54.73,WATCH,temperature,True,False
OVERHEATING,0.75,99,S015,57.97,42.03,WATCH,temperature,True,False
OVERHEATING,0.75,99,S015,58.16,41.84,WATCH,temperature,True,False
OVERHEATING,1.0,99,S015,68.75,31.25,WARNING,temperature,True,True
OVERHEATING,1.0,99,S015,68.75,31.25,WARNING,temperature,True,True
RPM_INSTABILITY,0.15,99,S015,74.75,25.25,WARNING,rpm,True,True
RPM_INSTABILITY,0.15,99,S015,62.21,37.79,WARNING,rpm,True,True
RPM_INSTABILITY,0.3,99,S015,64.36,35.64,WARNING,rpm,True,True
RPM_INSTABILITY,0.3,99,S015,70.99,29.01,WARNING,rpm,True,True
RPM_INSTABILITY,0.5,99,S015,78.86,21.14,WARNING,vibration,True,True
RPM_INSTABILITY,0.5,99,S015,75.45,24.55,WARNING,rpm,True,True
RPM_INSTABILITY,0.75,99,S015,90.65,9.35,WARNING,vibration,True,True
RPM_INSTABILITY,0.75,99,S015,86.8,13.2,WARNING,vibration,True,True
RPM_INSTABILITY,1.0,99,S015,94.2,5.8,CRITICAL,vibration,True,True
RPM_INSTABILITY,1.0,99,S015,93.38,6.62,CRITICAL,vibration,True,True
COMBINED_FAULT,0.15,99,S015,69.25,30.75,WARNING,vibration,True,True
COMBINED_FAULT,0.15,99,S015,74.27,25.73,WARNING,rpm,True,True
COMBINED_FAULT,0.3,99,S015,93.71,6.29,CRITICAL,vibration,True,True
COMBINED_FAULT,0.3,99,S015,96.12,3.88,CRITICAL,vibration,True,True
COMBINED_FAULT,0.5,99,S015,96.68,3.32,CRITICAL,vibration,True,True
COMBINED_FAULT,0.5,99,S015,92.46,7.54,CRITICAL,joint,True,True
COMBINED_FAULT,0.75,99,S015,99.02,0.98,CRITICAL,vibration,True,True
COMBINED_FAULT,0.75,99,S015,96.6,3.4,CRITICAL,joint,True,True
COMBINED_FAULT,1.0,99,S015,99.27,0.73,CRITICAL,vibration,True,True
COMBINED_FAULT,1.0,99,S015,98.95,1.05,CRITICAL,vibration,True,True
NORMAL,0.0,100,S015,6.69,93.31,NORMAL,vibration,False,False
BELT_SLIP,0.15,100,S015,60.44,39.56,WATCH,rpm,True,False
BELT_SLIP,0.15,100,S015,60.77,39.23,WARNING,vibration,True,True
BELT_SLIP,0.3,100,S015,83.53,16.47,WARNING,vibration,True,True
BELT_SLIP,0.3,100,S015,83.75,16.25,WARNING,vibration,True,True
BELT_SLIP,0.5,100,S015,91.22,8.78,WARNING,vibration,True,True
BELT_SLIP,0.5,100,S015,91.41,8.59,WARNING,vibration,True,True
BELT_SLIP,0.75,100,S015,96.44,3.56,CRITICAL,vibration,True,True
BELT_SLIP,0.75,100,S015,96.52,3.48,CRITICAL,vibration,True,True
BELT_SLIP,1.0,100,S015,98.23,1.77,CRITICAL,vibration,True,True
BELT_SLIP,1.0,100,S015,98.1,1.9,CRITICAL,vibration,True,True
HIGH_VIBRATION,0.15,100,S015,78.29,21.71,WARNING,vibration,True,True
HIGH_VIBRATION,0.15,100,S015,78.62,21.38,WARNING,vibration,True,True
HIGH_VIBRATION,0.3,100,S015,93.98,6.02,CRITICAL,vibration,True,True
HIGH_VIBRATION,0.3,100,S015,94.16,5.84,CRITICAL,vibration,True,True
HIGH_VIBRATION,0.5,100,S015,97.28,2.72,CRITICAL,vibration,True,True
HIGH_VIBRATION,0.5,100,S015,97.39,2.61,CRITICAL,vibration,True,True
HIGH_VIBRATION,0.75,100,S015,98.29,1.71,CRITICAL,vibration,True,True
HIGH_VIBRATION,0.75,100,S015,98.12,1.88,CRITICAL,vibration,True,True
HIGH_VIBRATION,1.0,100,S015,98.68,1.32,CRITICAL,vibration,True,True
HIGH_VIBRATION,1.0,100,S015,98.42,1.58,CRITICAL,vibration,True,True
OVERHEATING,0.15,100,S015,6.69,93.31,NORMAL,vibration,False,False
OVERHEATING,0.15,100,S015,6.69,93.31,NORMAL,vibration,False,False
OVERHEATING,0.3,100,S015,13.92,86.08,NORMAL,temperature,False,False
OVERHEATING,0.3,100,S015,13.97,86.03,NORMAL,temperature,False,False
OVERHEATING,0.5,100,S015,22.27,77.73,NORMAL,temperature,False,False
OVERHEATING,0.5,100,S015,22.19,77.81,NORMAL,temperature,False,False
OVERHEATING,0.75,100,S015,37.48,62.52,WATCH,temperature,True,False
OVERHEATING,0.75,100,S015,35.08,64.92,WATCH,temperature,True,False
OVERHEATING,1.0,100,S015,46.13,53.87,WATCH,temperature,True,False
OVERHEATING,1.0,100,S015,44.66,55.34,WATCH,temperature,True,False
RPM_INSTABILITY,0.15,100,S015,67.1,32.9,WARNING,rpm,True,True
RPM_INSTABILITY,0.15,100,S015,71.59,28.41,WARNING,rpm,True,True
RPM_INSTABILITY,0.3,100,S015,75.83,24.17,WARNING,rpm,True,True
RPM_INSTABILITY,0.3,100,S015,66.05,33.95,WARNING,rpm,True,True
RPM_INSTABILITY,0.5,100,S015,74.05,25.95,WARNING,rpm,True,True
RPM_INSTABILITY,0.5,100,S015,75.84,24.16,WARNING,rpm,True,True
RPM_INSTABILITY,0.75,100,S015,84.52,15.48,WARNING,vibration,True,True
RPM_INSTABILITY,0.75,100,S015,86.42,13.58,WARNING,vibration,True,True
RPM_INSTABILITY,1.0,100,S015,91.77,8.23,CRITICAL,vibration,True,True
RPM_INSTABILITY,1.0,100,S015,91.7,8.3,CRITICAL,vibration,True,True
COMBINED_FAULT,0.15,100,S015,47.19,52.81,WATCH,rpm,True,False
COMBINED_FAULT,0.15,100,S015,77.27,22.73,WARNING,rpm,True,True
COMBINED_FAULT,0.3,100,S015,94.42,5.58,CRITICAL,vibration,True,True
COMBINED_FAULT,0.3,100,S015,89.5,10.5,WARNING,vibration,True,True
COMBINED_FAULT,0.5,100,S015,98.32,1.68,CRITICAL,vibration,True,True
COMBINED_FAULT,0.5,100,S015,92.66,7.34,CRITICAL,vibration,True,True
COMBINED_FAULT,0.75,100,S015,97.4,2.6,CRITICAL,vibration,True,True
COMBINED_FAULT,0.75,100,S015,94.56,5.44,CRITICAL,joint,True,True
COMBINED_FAULT,1.0,100,S015,97.99,2.01,CRITICAL,vibration,True,True
COMBINED_FAULT,1.0,100,S015,98.33,1.67,CRITICAL,vibration,True,True
NORMAL,0.0,101,S015,5.9,94.1,NORMAL,rpm,False,False
BELT_SLIP,0.15,101,S015,78.89,21.11,WARNING,rpm,True,True
BELT_SLIP,0.15,101,S015,62.97,37.03,WARNING,rpm,True,True
BELT_SLIP,0.3,101,S015,79.13,20.87,WARNING,vibration,True,True
BELT_SLIP,0.3,101,S015,77.74,22.26,WARNING,vibration,True,True
BELT_SLIP,0.5,101,S015,87.74,12.26,WARNING,vibration,True,True
BELT_SLIP,0.5,101,S015,88.13,11.87,WARNING,vibration,True,True
BELT_SLIP,0.75,101,S015,95.75,4.25,CRITICAL,vibration,True,True
BELT_SLIP,0.75,101,S015,96.22,3.78,CRITICAL,vibration,True,True
BELT_SLIP,1.0,101,S015,97.9,2.1,CRITICAL,vibration,True,True
BELT_SLIP,1.0,101,S015,97.52,2.48,CRITICAL,vibration,True,True
HIGH_VIBRATION,0.15,101,S015,68.83,31.17,WARNING,vibration,True,True
HIGH_VIBRATION,0.15,101,S015,68.16,31.84,WARNING,vibration,True,True
HIGH_VIBRATION,0.3,101,S015,92.29,7.71,CRITICAL,vibration,True,True
HIGH_VIBRATION,0.3,101,S015,91.88,8.12,CRITICAL,vibration,True,True
HIGH_VIBRATION,0.5,101,S015,96.61,3.39,CRITICAL,vibration,True,True
HIGH_VIBRATION,0.5,101,S015,95.87,4.13,CRITICAL,vibration,True,True
HIGH_VIBRATION,0.75,101,S015,97.93,2.07,CRITICAL,vibration,True,True
HIGH_VIBRATION,0.75,101,S015,97.87,2.13,CRITICAL,vibration,True,True
HIGH_VIBRATION,1.0,101,S015,98.62,1.38,CRITICAL,vibration,True,True
HIGH_VIBRATION,1.0,101,S015,98.62,1.38,CRITICAL,vibration,True,True
OVERHEATING,0.15,101,S015,6.31,93.69,NORMAL,temperature,False,False
OVERHEATING,0.15,101,S015,6.21,93.79,NORMAL,temperature,False,False
OVERHEATING,0.3,101,S015,16.16,83.84,NORMAL,temperature,False,False
OVERHEATING,0.3,101,S015,15.92,84.08,NORMAL,temperature,False,False
OVERHEATING,0.5,101,S015,19.12,80.88,NORMAL,temperature,False,False
OVERHEATING,0.5,101,S015,19.83,80.17,NORMAL,temperature,False,False
OVERHEATING,0.75,101,S015,22.2,77.8,NORMAL,temperature,False,False
OVERHEATING,0.75,101,S015,22.56,77.44,NORMAL,temperature,False,False
OVERHEATING,1.0,101,S015,31.81,68.19,NORMAL,temperature,False,False
OVERHEATING,1.0,101,S015,29.46,70.54,NORMAL,temperature,False,False
RPM_INSTABILITY,0.15,101,S015,74.54,25.46,WARNING,rpm,True,True
RPM_INSTABILITY,0.15,101,S015,75.47,24.53,WARNING,rpm,True,True
RPM_INSTABILITY,0.3,101,S015,75.42,24.58,WARNING,rpm,True,True
RPM_INSTABILITY,0.3,101,S015,71.88,28.12,WARNING,rpm,True,True
RPM_INSTABILITY,0.5,101,S015,76.55,23.45,WARNING,rpm,True,True
RPM_INSTABILITY,0.5,101,S015,76.32,23.68,WARNING,rpm,True,True
RPM_INSTABILITY,0.75,101,S015,75.14,24.86,WARNING,vibration,True,True
RPM_INSTABILITY,0.75,101,S015,70.3,29.7,WARNING,vibration,True,True
RPM_INSTABILITY,1.0,101,S015,87.77,12.23,WARNING,vibration,True,True
RPM_INSTABILITY,1.0,101,S015,90.36,9.64,WARNING,vibration,True,True
COMBINED_FAULT,0.15,101,S015,79.03,20.97,WARNING,vibration,True,True
COMBINED_FAULT,0.15,101,S015,53.65,46.35,WATCH,rpm,True,False
COMBINED_FAULT,0.3,101,S015,96.02,3.98,CRITICAL,vibration,True,True
COMBINED_FAULT,0.3,101,S015,63.87,36.13,WARNING,rpm,True,True
COMBINED_FAULT,0.5,101,S015,93.75,6.25,CRITICAL,vibration,True,True
COMBINED_FAULT,0.5,101,S015,75.42,24.58,WARNING,rpm,True,True
COMBINED_FAULT,0.75,101,S015,96.49,3.51,CRITICAL,vibration,True,True
COMBINED_FAULT,0.75,101,S015,96.28,3.72,CRITICAL,vibration,True,True
COMBINED_FAULT,1.0,101,S015,99.2,0.8,CRITICAL,vibration,True,True
COMBINED_FAULT,1.0,101,S015,95.68,4.32,CRITICAL,joint,True,True
NORMAL,0.0,102,S015,7.02,92.98,NORMAL,vibration,False,False
BELT_SLIP,0.15,102,S015,72.6,27.4,WARNING,rpm,True,True
BELT_SLIP,0.15,102,S015,75.5,24.5,WARNING,rpm,True,True
BELT_SLIP,0.3,102,S015,81.12,18.88,WARNING,vibration,True,True
BELT_SLIP,0.3,102,S015,82.14,17.86,WARNING,vibration,True,True
BELT_SLIP,0.5,102,S015,91.06,8.94,WARNING,vibration,True,True
BELT_SLIP,0.5,102,S015,90.84,9.16,WARNING,vibration,True,True
BELT_SLIP,0.75,102,S015,95.16,4.84,CRITICAL,vibration,True,True
BELT_SLIP,0.75,102,S015,96.58,3.42,CRITICAL,vibration,True,True
BELT_SLIP,1.0,102,S015,98.07,1.93,CRITICAL,vibration,True,True
BELT_SLIP,1.0,102,S015,97.85,2.15,CRITICAL,vibration,True,True
HIGH_VIBRATION,0.15,102,S015,72.43,27.57,WARNING,vibration,True,True
HIGH_VIBRATION,0.15,102,S015,72.6,27.4,WARNING,vibration,True,True
HIGH_VIBRATION,0.3,102,S015,92.86,7.14,CRITICAL,vibration,True,True
HIGH_VIBRATION,0.3,102,S015,92.88,7.12,CRITICAL,vibration,True,True
HIGH_VIBRATION,0.5,102,S015,96.37,3.63,CRITICAL,vibration,True,True
HIGH_VIBRATION,0.5,102,S015,96.21,3.79,CRITICAL,vibration,True,True
HIGH_VIBRATION,0.75,102,S015,98.06,1.94,CRITICAL,vibration,True,True
HIGH_VIBRATION,0.75,102,S015,98.04,1.96,CRITICAL,vibration,True,True
HIGH_VIBRATION,1.0,102,S015,98.37,1.63,CRITICAL,vibration,True,True
HIGH_VIBRATION,1.0,102,S015,98.59,1.41,CRITICAL,vibration,True,True
OVERHEATING,0.15,102,S015,10.09,89.91,NORMAL,temperature,False,False
OVERHEATING,0.15,102,S015,10.13,89.87,NORMAL,temperature,False,False
OVERHEATING,0.3,102,S015,27.52,72.48,NORMAL,temperature,False,False
OVERHEATING,0.3,102,S015,27.71,72.29,NORMAL,temperature,False,False
OVERHEATING,0.5,102,S015,42.35,57.65,WATCH,temperature,True,False
OVERHEATING,0.5,102,S015,44.01,55.99,WATCH,temperature,True,False
OVERHEATING,0.75,102,S015,53.88,46.12,WATCH,temperature,True,False
OVERHEATING,0.75,102,S015,51.97,48.03,WATCH,temperature,True,False
OVERHEATING,1.0,102,S015,66.87,33.13,WARNING,temperature,True,True
OVERHEATING,1.0,102,S015,67.08,32.92,WARNING,temperature,True,True
RPM_INSTABILITY,0.15,102,S015,77.01,22.99,WARNING,rpm,True,True
RPM_INSTABILITY,0.15,102,S015,63.16,36.84,WARNING,rpm,True,True
RPM_INSTABILITY,0.3,102,S015,70.1,29.9,WARNING,rpm,True,True
RPM_INSTABILITY,0.3,102,S015,73.86,26.14,WARNING,rpm,True,True
RPM_INSTABILITY,0.5,102,S015,80.08,19.92,WARNING,rpm,True,True
RPM_INSTABILITY,0.5,102,S015,79.07,20.93,WARNING,rpm,True,True
RPM_INSTABILITY,0.75,102,S015,78.07,21.93,WARNING,vibration,True,True
RPM_INSTABILITY,0.75,102,S015,79.21,20.79,WARNING,rpm,True,True
RPM_INSTABILITY,1.0,102,S015,88.78,11.22,WARNING,vibration,True,True
RPM_INSTABILITY,1.0,102,S015,90.29,9.71,WARNING,vibration,True,True
COMBINED_FAULT,0.15,102,S015,46.13,53.87,WATCH,rpm,True,False
COMBINED_FAULT,0.15,102,S015,60.86,39.14,WARNING,rpm,True,True
COMBINED_FAULT,0.3,102,S015,90.43,9.57,WARNING,vibration,True,True
COMBINED_FAULT,0.3,102,S015,79.08,20.92,WARNING,vibration,True,True
COMBINED_FAULT,0.5,102,S015,89.44,10.56,WARNING,joint,True,True
COMBINED_FAULT,0.5,102,S015,92.47,7.53,CRITICAL,vibration,True,True
COMBINED_FAULT,0.75,102,S015,96.9,3.1,CRITICAL,vibration,True,True
COMBINED_FAULT,0.75,102,S015,97.21,2.79,CRITICAL,vibration,True,True
COMBINED_FAULT,1.0,102,S015,96.38,3.62,CRITICAL,joint,True,True
COMBINED_FAULT,1.0,102,S015,99.17,0.83,CRITICAL,vibration,True,True
NORMAL,0.0,103,S015,8.55,91.45,NORMAL,vibration,False,False
BELT_SLIP,0.15,103,S015,61.7,38.3,WARNING,rpm,True,True
BELT_SLIP,0.15,103,S015,66.01,33.99,WARNING,rpm,True,True
BELT_SLIP,0.3,103,S015,78.94,21.06,WARNING,rpm,True,True
BELT_SLIP,0.3,103,S015,73.87,26.13,WARNING,rpm,True,True
BELT_SLIP,0.5,103,S015,79.99,20.01,WARNING,vibration,True,True
BELT_SLIP,0.5,103,S015,79.85,20.15,WARNING,vibration,True,True
BELT_SLIP,0.75,103,S015,90.64,9.36,WARNING,vibration,True,True
BELT_SLIP,0.75,103,S015,91.16,8.84,WARNING,vibration,True,True
BELT_SLIP,1.0,103,S015,95.97,4.03,CRITICAL,vibration,True,True
BELT_SLIP,1.0,103,S015,96.91,3.09,CRITICAL,vibration,True,True
HIGH_VIBRATION,0.15,103,S015,57.37,42.63,WATCH,vibration,True,False
HIGH_VIBRATION,0.15,103,S015,56.03,43.97,WATCH,vibration,True,False
HIGH_VIBRATION,0.3,103,S015,86.35,13.65,WARNING,vibration,True,True
HIGH_VIBRATION,0.3,103,S015,85.03,14.97,WARNING,vibration,True,True
HIGH_VIBRATION,0.5,103,S015,95.21,4.79,CRITICAL,vibration,True,True
HIGH_VIBRATION,0.5,103,S015,94.94,5.06,CRITICAL,vibration,True,True
HIGH_VIBRATION,0.75,103,S015,97.56,2.44,CRITICAL,vibration,True,True
HIGH_VIBRATION,0.75,103,S015,97.47,2.53,CRITICAL,vibration,True,True
HIGH_VIBRATION,1.0,103,S015,98.11,1.89,CRITICAL,vibration,True,True
HIGH_VIBRATION,1.0,103,S015,98.01,1.99,CRITICAL,vibration,True,True
OVERHEATING,0.15,103,S015,8.55,91.45,NORMAL,vibration,False,False
OVERHEATING,0.15,103,S015,8.55,91.45,NORMAL,vibration,False,False
OVERHEATING,0.3,103,S015,12.16,87.84,NORMAL,temperature,False,False
OVERHEATING,0.3,103,S015,12.59,87.41,NORMAL,temperature,False,False
OVERHEATING,0.5,103,S015,17.46,82.54,NORMAL,temperature,False,False
OVERHEATING,0.5,103,S015,16.74,83.26,NORMAL,temperature,False,False
OVERHEATING,0.75,103,S015,24.5,75.5,NORMAL,temperature,False,False
OVERHEATING,0.75,103,S015,24.25,75.75,NORMAL,temperature,False,False
OVERHEATING,1.0,103,S015,46.29,53.71,WATCH,temperature,True,False
OVERHEATING,1.0,103,S015,43.25,56.75,WATCH,temperature,True,False
RPM_INSTABILITY,0.15,103,S015,69.45,30.55,WARNING,rpm,True,True
RPM_INSTABILITY,0.15,103,S015,67.73,32.27,WARNING,rpm,True,True
RPM_INSTABILITY,0.3,103,S015,71.86,28.14,WARNING,rpm,True,True
RPM_INSTABILITY,0.3,103,S015,75.54,24.46,WARNING,rpm,True,True
RPM_INSTABILITY,0.5,103,S015,75.48,24.52,WARNING,rpm,True,True
RPM_INSTABILITY,0.5,103,S015,78.14,21.86,WARNING,rpm,True,True
RPM_INSTABILITY,0.75,103,S015,78.68,21.32,WARNING,rpm,True,True
RPM_INSTABILITY,0.75,103,S015,79.93,20.07,WARNING,rpm,True,True
RPM_INSTABILITY,1.0,103,S015,72.41,27.59,WARNING,vibration,True,True
RPM_INSTABILITY,1.0,103,S015,75.5,24.5,WARNING,vibration,True,True
COMBINED_FAULT,0.15,103,S015,62.3,37.7,WARNING,vibration,True,True
COMBINED_FAULT,0.15,103,S015,55.4,44.6,WATCH,rpm,True,False
COMBINED_FAULT,0.3,103,S015,69.37,30.63,WARNING,rpm,True,True
COMBINED_FAULT,0.3,103,S015,69.6,30.4,WARNING,rpm,True,True
COMBINED_FAULT,0.5,103,S015,90.18,9.82,WARNING,vibration,True,True
COMBINED_FAULT,0.5,103,S015,72.16,27.84,WARNING,rpm,True,True
COMBINED_FAULT,0.75,103,S015,79.91,20.09,WARNING,rpm,True,True
COMBINED_FAULT,0.75,103,S015,92.06,7.94,CRITICAL,vibration,True,True
COMBINED_FAULT,1.0,103,S015,96.48,3.52,CRITICAL,vibration,True,True
COMBINED_FAULT,1.0,103,S015,98.71,1.29,CRITICAL,vibration,True,True
NORMAL,0.0,104,S015,7.64,92.36,NORMAL,joint,False,False
BELT_SLIP,0.15,104,S015,70.09,29.91,WARNING,rpm,True,True
BELT_SLIP,0.15,104,S015,68.86,31.14,WARNING,rpm,True,True
BELT_SLIP,0.3,104,S015,74.49,25.51,WARNING,rpm,True,True
BELT_SLIP,0.3,104,S015,74.48,25.52,WARNING,rpm,True,True
BELT_SLIP,0.5,104,S015,79.46,20.54,WARNING,rpm,True,True
BELT_SLIP,0.5,104,S015,81.81,18.19,WARNING,rpm,True,True
BELT_SLIP,0.75,104,S015,91.6,8.4,WARNING,vibration,True,True
BELT_SLIP,0.75,104,S015,89.01,10.99,WARNING,vibration,True,True
BELT_SLIP,1.0,104,S015,96.97,3.03,CRITICAL,vibration,True,True
BELT_SLIP,1.0,104,S015,96.41,3.59,CRITICAL,vibration,True,True
HIGH_VIBRATION,0.15,104,S015,51.4,48.6,WATCH,vibration,True,False
HIGH_VIBRATION,0.15,104,S015,53.69,46.31,WATCH,vibration,True,False
HIGH_VIBRATION,0.3,104,S015,86.8,13.2,WARNING,vibration,True,True
HIGH_VIBRATION,0.3,104,S015,87.96,12.04,WARNING,vibration,True,True
HIGH_VIBRATION,0.5,104,S015,94.83,5.17,CRITICAL,vibration,True,True
HIGH_VIBRATION,0.5,104,S015,94.67,5.33,CRITICAL,vibration,True,True
HIGH_VIBRATION,0.75,104,S015,97.01,2.99,CRITICAL,vibration,True,True
HIGH_VIBRATION,0.75,104,S015,97.0,3.0,CRITICAL,vibration,True,True
HIGH_VIBRATION,1.0,104,S015,97.9,2.1,CRITICAL,vibration,True,True
HIGH_VIBRATION,1.0,104,S015,97.87,2.13,CRITICAL,vibration,True,True
OVERHEATING,0.15,104,S015,7.95,92.05,NORMAL,joint,False,False
OVERHEATING,0.15,104,S015,7.82,92.18,NORMAL,joint,False,False
OVERHEATING,0.3,104,S015,13.5,86.5,NORMAL,temperature,False,False
OVERHEATING,0.3,104,S015,13.52,86.48,NORMAL,temperature,False,False
OVERHEATING,0.5,104,S015,20.03,79.97,NORMAL,temperature,False,False
OVERHEATING,0.5,104,S015,19.75,80.25,NORMAL,temperature,False,False
OVERHEATING,0.75,104,S015,29.86,70.14,NORMAL,temperature,False,False
OVERHEATING,0.75,104,S015,30.76,69.24,NORMAL,temperature,False,False
OVERHEATING,1.0,104,S015,44.61,55.39,WATCH,temperature,True,False
OVERHEATING,1.0,104,S015,44.73,55.27,WATCH,temperature,True,False
RPM_INSTABILITY,0.15,104,S015,79.73,20.27,WARNING,rpm,True,True
RPM_INSTABILITY,0.15,104,S015,58.52,41.48,WATCH,rpm,True,False
RPM_INSTABILITY,0.3,104,S015,79.73,20.27,WARNING,rpm,True,True
RPM_INSTABILITY,0.3,104,S015,67.87,32.13,WARNING,rpm,True,True
RPM_INSTABILITY,0.5,104,S015,72.41,27.59,WARNING,rpm,True,True
RPM_INSTABILITY,0.5,104,S015,73.42,26.58,WARNING,rpm,True,True
RPM_INSTABILITY,0.75,104,S015,80.15,19.85,WARNING,rpm,True,True
RPM_INSTABILITY,0.75,104,S015,75.66,24.34,WARNING,rpm,True,True
RPM_INSTABILITY,1.0,104,S015,80.22,19.78,WARNING,rpm,True,True
RPM_INSTABILITY,1.0,104,S015,80.19,19.81,WARNING,rpm,True,True
COMBINED_FAULT,0.15,104,S015,64.23,35.77,WARNING,rpm,True,True
COMBINED_FAULT,0.15,104,S015,31.36,68.64,NORMAL,vibration,False,False
COMBINED_FAULT,0.3,104,S015,65.58,34.42,WARNING,rpm,True,True
COMBINED_FAULT,0.3,104,S015,74.32,25.68,WARNING,vibration,True,True
COMBINED_FAULT,0.5,104,S015,91.05,8.95,WARNING,vibration,True,True
COMBINED_FAULT,0.5,104,S015,75.58,24.42,WARNING,rpm,True,True
COMBINED_FAULT,0.75,104,S015,97.66,2.34,CRITICAL,vibration,True,True
COMBINED_FAULT,0.75,104,S015,92.75,7.25,CRITICAL,vibration,True,True
COMBINED_FAULT,1.0,104,S015,97.8,2.2,CRITICAL,vibration,True,True
COMBINED_FAULT,1.0,104,S015,75.55,24.45,WARNING,rpm,True,True
NORMAL,0.0,105,S015,9.77,90.23,NORMAL,temperature,False,False
BELT_SLIP,0.15,105,S015,74.16,25.84,WARNING,rpm,True,True
BELT_SLIP,0.15,105,S015,67.06,32.94,WARNING,rpm,True,True
BELT_SLIP,0.3,105,S015,74.32,25.68,WARNING,rpm,True,True
BELT_SLIP,0.3,105,S015,74.92,25.08,WARNING,rpm,True,True
BELT_SLIP,0.5,105,S015,86.77,13.23,WARNING,joint,True,True
BELT_SLIP,0.5,105,S015,89.41,10.59,WARNING,vibration,True,True
BELT_SLIP,0.75,105,S015,96.16,3.84,CRITICAL,vibration,True,True
BELT_SLIP,0.75,105,S015,94.29,5.71,CRITICAL,vibration,True,True
BELT_SLIP,1.0,105,S015,97.76,2.24,CRITICAL,vibration,True,True
BELT_SLIP,1.0,105,S015,98.0,2.0,CRITICAL,vibration,True,True
HIGH_VIBRATION,0.15,105,S015,69.21,30.79,WARNING,vibration,True,True
HIGH_VIBRATION,0.15,105,S015,69.26,30.74,WARNING,vibration,True,True
HIGH_VIBRATION,0.3,105,S015,92.69,7.31,CRITICAL,vibration,True,True
HIGH_VIBRATION,0.3,105,S015,93.08,6.92,CRITICAL,vibration,True,True
HIGH_VIBRATION,0.5,105,S015,96.14,3.86,CRITICAL,vibration,True,True
HIGH_VIBRATION,0.5,105,S015,96.22,3.78,CRITICAL,vibration,True,True
HIGH_VIBRATION,0.75,105,S015,97.61,2.39,CRITICAL,vibration,True,True
HIGH_VIBRATION,0.75,105,S015,97.66,2.34,CRITICAL,vibration,True,True
HIGH_VIBRATION,1.0,105,S015,98.23,1.77,CRITICAL,vibration,True,True
HIGH_VIBRATION,1.0,105,S015,97.97,2.03,CRITICAL,vibration,True,True
OVERHEATING,0.15,105,S015,9.17,90.83,NORMAL,temperature,False,False
OVERHEATING,0.15,105,S015,9.19,90.81,NORMAL,temperature,False,False
OVERHEATING,0.3,105,S015,18.89,81.11,NORMAL,temperature,False,False
OVERHEATING,0.3,105,S015,18.98,81.02,NORMAL,temperature,False,False
OVERHEATING,0.5,105,S015,20.83,79.17,NORMAL,temperature,False,False
OVERHEATING,0.5,105,S015,20.25,79.75,NORMAL,temperature,False,False
OVERHEATING,0.75,105,S015,20.92,79.08,NORMAL,temperature,False,False
OVERHEATING,0.75,105,S015,21.13,78.87,NORMAL,temperature,False,False
OVERHEATING,1.0,105,S015,26.32,73.68,NORMAL,temperature,False,False
OVERHEATING,1.0,105,S015,25.73,74.27,NORMAL,temperature,False,False
RPM_INSTABILITY,0.15,105,S015,64.55,35.45,WARNING,rpm,True,True
RPM_INSTABILITY,0.15,105,S015,70.76,29.24,WARNING,rpm,True,True
RPM_INSTABILITY,0.3,105,S015,70.43,29.57,WARNING,rpm,True,True
RPM_INSTABILITY,0.3,105,S015,78.12,21.88,WARNING,rpm,True,True
RPM_INSTABILITY,0.5,105,S015,76.1,23.9,WARNING,rpm,True,True
RPM_INSTABILITY,0.5,105,S015,76.27,23.73,WARNING,rpm,True,True
RPM_INSTABILITY,0.75,105,S015,79.07,20.93,WARNING,joint,True,True
RPM_INSTABILITY,0.75,105,S015,80.15,19.85,WARNING,joint,True,True
RPM_INSTABILITY,1.0,105,S015,87.13,12.87,WARNING,joint,True,True
RPM_INSTABILITY,1.0,105,S015,88.22,11.78,WARNING,joint,True,True
COMBINED_FAULT,0.15,105,S015,64.11,35.89,WARNING,rpm,True,True
COMBINED_FAULT,0.15,105,S015,63.66,36.34,WARNING,rpm,True,True
COMBINED_FAULT,0.3,105,S015,72.09,27.91,WARNING,rpm,True,True
COMBINED_FAULT,0.3,105,S015,76.5,23.5,WARNING,rpm,True,True
COMBINED_FAULT,0.5,105,S015,96.57,3.43,CRITICAL,vibration,True,True
COMBINED_FAULT,0.5,105,S015,98.36,1.64,CRITICAL,vibration,True,True
COMBINED_FAULT,0.75,105,S015,96.64,3.36,CRITICAL,vibration,True,True
COMBINED_FAULT,0.75,105,S015,98.04,1.96,CRITICAL,vibration,True,True
COMBINED_FAULT,1.0,105,S015,98.5,1.5,CRITICAL,vibration,True,True
COMBINED_FAULT,1.0,105,S015,98.28,1.72,CRITICAL,vibration,True,True
NORMAL,0.0,106,S017,6.08,93.92,NORMAL,rpm,False,False
BELT_SLIP,0.15,106,S017,74.51,25.49,WARNING,rpm,True,True
BELT_SLIP,0.15,106,S017,52.69,47.31,WATCH,rpm,True,False
BELT_SLIP,0.3,106,S017,77.51,22.49,WARNING,rpm,True,True
BELT_SLIP,0.3,106,S017,68.88,31.12,WARNING,rpm,True,True
BELT_SLIP,0.5,106,S017,81.1,18.9,WARNING,rpm,True,True
BELT_SLIP,0.5,106,S017,81.07,18.93,WARNING,rpm,True,True
BELT_SLIP,0.75,106,S017,83.39,16.61,WARNING,joint,True,True
BELT_SLIP,0.75,106,S017,85.35,14.65,WARNING,vibration,True,True
BELT_SLIP,1.0,106,S017,96.01,3.99,CRITICAL,vibration,True,True
BELT_SLIP,1.0,106,S017,96.06,3.94,CRITICAL,vibration,True,True
HIGH_VIBRATION,0.15,106,S017,39.34,60.66,WATCH,vibration,True,False
HIGH_VIBRATION,0.15,106,S017,39.59,60.41,WATCH,vibration,True,False
HIGH_VIBRATION,0.3,106,S017,89.28,10.72,WARNING,vibration,True,True
HIGH_VIBRATION,0.3,106,S017,89.47,10.53,WARNING,vibration,True,True
HIGH_VIBRATION,0.5,106,S017,94.71,5.29,CRITICAL,vibration,True,True
HIGH_VIBRATION,0.5,106,S017,94.89,5.11,CRITICAL,vibration,True,True
HIGH_VIBRATION,0.75,106,S017,97.17,2.83,CRITICAL,vibration,True,True
HIGH_VIBRATION,0.75,106,S017,96.92,3.08,CRITICAL,vibration,True,True
HIGH_VIBRATION,1.0,106,S017,97.88,2.12,CRITICAL,vibration,True,True
HIGH_VIBRATION,1.0,106,S017,97.61,2.39,CRITICAL,vibration,True,True
OVERHEATING,0.15,106,S017,6.2,93.8,NORMAL,temperature,False,False
OVERHEATING,0.15,106,S017,6.22,93.78,NORMAL,temperature,False,False
OVERHEATING,0.3,106,S017,14.71,85.29,NORMAL,temperature,False,False
OVERHEATING,0.3,106,S017,14.52,85.48,NORMAL,temperature,False,False
OVERHEATING,0.5,106,S017,18.02,81.98,NORMAL,temperature,False,False
OVERHEATING,0.5,106,S017,18.53,81.47,NORMAL,temperature,False,False
OVERHEATING,0.75,106,S017,21.53,78.47,NORMAL,temperature,False,False
OVERHEATING,0.75,106,S017,20.42,79.58,NORMAL,temperature,False,False
OVERHEATING,1.0,106,S017,26.0,74.0,NORMAL,temperature,False,False
OVERHEATING,1.0,106,S017,27.31,72.69,NORMAL,temperature,False,False
RPM_INSTABILITY,0.15,106,S017,76.93,23.07,WARNING,rpm,True,True
RPM_INSTABILITY,0.15,106,S017,71.52,28.48,WARNING,rpm,True,True
RPM_INSTABILITY,0.3,106,S017,63.66,36.34,WARNING,rpm,True,True
RPM_INSTABILITY,0.3,106,S017,69.74,30.26,WARNING,rpm,True,True
RPM_INSTABILITY,0.5,106,S017,78.59,21.41,WARNING,rpm,True,True
RPM_INSTABILITY,0.5,106,S017,64.91,35.09,WARNING,rpm,True,True
RPM_INSTABILITY,0.75,106,S017,80.17,19.83,WARNING,rpm,True,True
RPM_INSTABILITY,0.75,106,S017,80.17,19.83,WARNING,rpm,True,True
RPM_INSTABILITY,1.0,106,S017,73.43,26.57,WARNING,rpm,True,True
RPM_INSTABILITY,1.0,106,S017,69.65,30.35,WARNING,rpm,True,True
COMBINED_FAULT,0.15,106,S017,56.54,43.46,WATCH,rpm,True,False
COMBINED_FAULT,0.15,106,S017,63.36,36.64,WARNING,rpm,True,True
COMBINED_FAULT,0.3,106,S017,71.93,28.07,WARNING,vibration,True,True
COMBINED_FAULT,0.3,106,S017,94.02,5.98,CRITICAL,vibration,True,True
COMBINED_FAULT,0.5,106,S017,75.81,24.19,WARNING,rpm,True,True
COMBINED_FAULT,0.5,106,S017,73.76,26.24,WARNING,rpm,True,True
COMBINED_FAULT,0.75,106,S017,92.83,7.17,CRITICAL,vibration,True,True
COMBINED_FAULT,0.75,106,S017,97.6,2.4,CRITICAL,vibration,True,True
COMBINED_FAULT,1.0,106,S017,75.11,24.89,WARNING,rpm,True,True
COMBINED_FAULT,1.0,106,S017,75.68,24.32,WARNING,rpm,True,True
NORMAL,0.0,107,S017,14.52,85.48,NORMAL,temperature,False,False
BELT_SLIP,0.15,107,S017,63.79,36.21,WARNING,rpm,True,True
BELT_SLIP,0.15,107,S017,66.92,33.08,WARNING,rpm,True,True
BELT_SLIP,0.3,107,S017,68.79,31.21,WARNING,rpm,True,True
BELT_SLIP,0.3,107,S017,68.02,31.98,WARNING,rpm,True,True
BELT_SLIP,0.5,107,S017,79.58,20.42,WARNING,joint,True,True
BELT_SLIP,0.5,107,S017,75.05,24.95,WARNING,joint,True,True
BELT_SLIP,0.75,107,S017,88.15,11.85,WARNING,joint,True,True
BELT_SLIP,0.75,107,S017,91.3,8.7,WARNING,joint,True,True
BELT_SLIP,1.0,107,S017,96.68,3.32,CRITICAL,vibration,True,True
BELT_SLIP,1.0,107,S017,96.53,3.47,CRITICAL,vibration,True,True
HIGH_VIBRATION,0.15,107,S017,49.92,50.08,WATCH,vibration,True,False
HIGH_VIBRATION,0.15,107,S017,50.12,49.88,WATCH,vibration,True,False
HIGH_VIBRATION,0.3,107,S017,92.01,7.99,CRITICAL,vibration,True,True
HIGH_VIBRATION,0.3,107,S017,92.83,7.17,CRITICAL,vibration,True,True
HIGH_VIBRATION,0.5,107,S017,94.87,5.13,CRITICAL,vibration,True,True
HIGH_VIBRATION,0.5,107,S017,95.15,4.85,CRITICAL,vibration,True,True
HIGH_VIBRATION,0.75,107,S017,96.69,3.31,CRITICAL,vibration,True,True
HIGH_VIBRATION,0.75,107,S017,97.21,2.79,CRITICAL,vibration,True,True
HIGH_VIBRATION,1.0,107,S017,97.76,2.24,CRITICAL,vibration,True,True
HIGH_VIBRATION,1.0,107,S017,97.73,2.27,CRITICAL,vibration,True,True
OVERHEATING,0.15,107,S017,12.41,87.59,NORMAL,temperature,False,False
OVERHEATING,0.15,107,S017,12.23,87.77,NORMAL,temperature,False,False
OVERHEATING,0.3,107,S017,23.27,76.73,NORMAL,temperature,False,False
OVERHEATING,0.3,107,S017,23.59,76.41,NORMAL,temperature,False,False
OVERHEATING,0.5,107,S017,26.46,73.54,NORMAL,temperature,False,False
OVERHEATING,0.5,107,S017,26.36,73.64,NORMAL,temperature,False,False
OVERHEATING,0.75,107,S017,26.69,73.31,NORMAL,temperature,False,False
OVERHEATING,0.75,107,S017,27.31,72.69,NORMAL,temperature,False,False
OVERHEATING,1.0,107,S017,30.71,69.29,NORMAL,temperature,False,False
OVERHEATING,1.0,107,S017,30.3,69.7,NORMAL,temperature,False,False
RPM_INSTABILITY,0.15,107,S017,69.09,30.91,WARNING,rpm,True,True
RPM_INSTABILITY,0.15,107,S017,58.75,41.25,WATCH,rpm,True,False
RPM_INSTABILITY,0.3,107,S017,68.23,31.77,WARNING,rpm,True,True
RPM_INSTABILITY,0.3,107,S017,75.48,24.52,WARNING,rpm,True,True
RPM_INSTABILITY,0.5,107,S017,71.26,28.74,WARNING,rpm,True,True
RPM_INSTABILITY,0.5,107,S017,69.41,30.59,WARNING,rpm,True,True
RPM_INSTABILITY,0.75,107,S017,77.39,22.61,WARNING,rpm,True,True
RPM_INSTABILITY,0.75,107,S017,73.99,26.01,WARNING,rpm,True,True
RPM_INSTABILITY,1.0,107,S017,86.31,13.69,WARNING,joint,True,True
RPM_INSTABILITY,1.0,107,S017,80.28,19.72,WARNING,joint,True,True
COMBINED_FAULT,0.15,107,S017,66.96,33.04,WARNING,rpm,True,True
COMBINED_FAULT,0.15,107,S017,64.02,35.98,WARNING,rpm,True,True
COMBINED_FAULT,0.3,107,S017,90.98,9.02,WARNING,vibration,True,True
COMBINED_FAULT,0.3,107,S017,80.65,19.35,WARNING,vibration,True,True
COMBINED_FAULT,0.5,107,S017,76.78,23.22,WARNING,rpm,True,True
COMBINED_FAULT,0.5,107,S017,93.02,6.98,CRITICAL,vibration,True,True
COMBINED_FAULT,0.75,107,S017,97.77,2.23,CRITICAL,vibration,True,True
COMBINED_FAULT,0.75,107,S017,95.73,4.27,CRITICAL,vibration,True,True
COMBINED_FAULT,1.0,107,S017,98.05,1.95,CRITICAL,vibration,True,True
COMBINED_FAULT,1.0,107,S017,91.97,8.03,CRITICAL,joint,True,True
NORMAL,0.0,108,S017,4.09,95.91,NORMAL,temperature,False,False
BELT_SLIP,0.15,108,S017,54.34,45.66,WATCH,rpm,True,False
BELT_SLIP,0.15,108,S017,60.41,39.59,WATCH,rpm,True,False
BELT_SLIP,0.3,108,S017,75.07,24.93,WARNING,rpm,True,True
BELT_SLIP,0.3,108,S017,68.34,31.66,WARNING,rpm,True,True
BELT_SLIP,0.5,108,S017,77.92,22.08,WARNING,joint,True,True
BELT_SLIP,0.5,108,S017,80.48,19.52,WARNING,joint,True,True
BELT_SLIP,0.75,108,S017,92.33,7.67,CRITICAL,joint,True,True
BELT_SLIP,0.75,108,S017,91.36,8.64,WARNING,joint,True,True
BELT_SLIP,1.0,108,S017,97.04,2.96,CRITICAL,vibration,True,True
BELT_SLIP,1.0,108,S017,97.03,2.97,CRITICAL,vibration,True,True
HIGH_VIBRATION,0.15,108,S017,52.06,47.94,WATCH,vibration,True,False
HIGH_VIBRATION,0.15,108,S017,52.67,47.33,WATCH,vibration,True,False
HIGH_VIBRATION,0.3,108,S017,91.77,8.23,CRITICAL,vibration,True,True
HIGH_VIBRATION,0.3,108,S017,92.33,7.67,CRITICAL,vibration,True,True
HIGH_VIBRATION,0.5,108,S017,94.83,5.17,CRITICAL,vibration,True,True
HIGH_VIBRATION,0.5,108,S017,94.84,5.16,CRITICAL,vibration,True,True
HIGH_VIBRATION,0.75,108,S017,97.54,2.46,CRITICAL,vibration,True,True
HIGH_VIBRATION,0.75,108,S017,96.92,3.08,CRITICAL,vibration,True,True
HIGH_VIBRATION,1.0,108,S017,97.87,2.13,CRITICAL,vibration,True,True
HIGH_VIBRATION,1.0,108,S017,97.56,2.44,CRITICAL,vibration,True,True
OVERHEATING,0.15,108,S017,9.55,90.45,NORMAL,temperature,False,False
OVERHEATING,0.15,108,S017,9.54,90.46,NORMAL,temperature,False,False
OVERHEATING,0.3,108,S017,29.58,70.42,NORMAL,temperature,False,False
OVERHEATING,0.3,108,S017,29.89,70.11,NORMAL,temperature,False,False
OVERHEATING,0.5,108,S017,47.29,52.71,WATCH,temperature,True,False
OVERHEATING,0.5,108,S017,47.13,52.87,WATCH,temperature,True,False
OVERHEATING,0.75,108,S017,61.78,38.22,WARNING,temperature,True,True
OVERHEATING,0.75,108,S017,60.46,39.54,WATCH,temperature,True,False
OVERHEATING,1.0,108,S017,71.81,28.19,WARNING,temperature,True,True
OVERHEATING,1.0,108,S017,69.79,30.21,WARNING,temperature,True,True
RPM_INSTABILITY,0.15,108,S017,72.35,27.65,WARNING,rpm,True,True
RPM_INSTABILITY,0.15,108,S017,70.53,29.47,WARNING,rpm,True,True
RPM_INSTABILITY,0.3,108,S017,74.14,25.86,WARNING,rpm,True,True
RPM_INSTABILITY,0.3,108,S017,75.57,24.43,WARNING,rpm,True,True
RPM_INSTABILITY,0.5,108,S017,73.47,26.53,WARNING,rpm,True,True
RPM_INSTABILITY,0.5,108,S017,75.53,24.47,WARNING,rpm,True,True
RPM_INSTABILITY,0.75,108,S017,79.65,20.35,WARNING,rpm,True,True
RPM_INSTABILITY,0.75,108,S017,75.06,24.94,WARNING,rpm,True,True
RPM_INSTABILITY,1.0,108,S017,75.75,24.25,WARNING,rpm,True,True
RPM_INSTABILITY,1.0,108,S017,77.44,22.56,WARNING,rpm,True,True
COMBINED_FAULT,0.15,108,S017,68.65,31.35,WARNING,rpm,True,True
COMBINED_FAULT,0.15,108,S017,43.4,56.6,WATCH,rpm,True,False
COMBINED_FAULT,0.3,108,S017,81.51,18.49,WARNING,vibration,True,True
COMBINED_FAULT,0.3,108,S017,80.24,19.76,WARNING,vibration,True,True
COMBINED_FAULT,0.5,108,S017,93.54,6.46,CRITICAL,vibration,True,True
COMBINED_FAULT,0.5,108,S017,85.8,14.2,WARNING,joint,True,True
COMBINED_FAULT,0.75,108,S017,80.22,19.78,WARNING,rpm,True,True
COMBINED_FAULT,0.75,108,S017,94.37,5.63,CRITICAL,vibration,True,True
COMBINED_FAULT,1.0,108,S017,84.19,15.81,WARNING,joint,True,True
COMBINED_FAULT,1.0,108,S017,85.43,14.57,WARNING,joint,True,True
NORMAL,0.0,109,S017,9.48,90.52,NORMAL,temperature,False,False
BELT_SLIP,0.15,109,S017,37.88,62.12,WATCH,rpm,True,False
BELT_SLIP,0.15,109,S017,67.34,32.66,WARNING,rpm,True,True
BELT_SLIP,0.3,109,S017,73.49,26.51,WARNING,rpm,True,True
BELT_SLIP,0.3,109,S017,73.8,26.2,WARNING,rpm,True,True
BELT_SLIP,0.5,109,S017,81.01,18.99,WARNING,joint,True,True
BELT_SLIP,0.5,109,S017,82.77,17.23,WARNING,joint,True,True
BELT_SLIP,0.75,109,S017,92.1,7.9,CRITICAL,joint,True,True
BELT_SLIP,0.75,109,S017,94.66,5.34,CRITICAL,joint,True,True
BELT_SLIP,1.0,109,S017,97.48,2.52,CRITICAL,vibration,True,True
BELT_SLIP,1.0,109,S017,96.56,3.44,CRITICAL,joint,True,True
HIGH_VIBRATION,0.15,109,S017,45.71,54.29,WATCH,vibration,True,False
HIGH_VIBRATION,0.15,109,S017,42.67,57.33,WATCH,vibration,True,False
HIGH_VIBRATION,0.3,109,S017,87.57,12.43,WARNING,vibration,True,True
HIGH_VIBRATION,0.3,109,S017,88.4,11.6,WARNING,vibration,True,True
HIGH_VIBRATION,0.5,109,S017,94.26,5.74,CRITICAL,vibration,True,True
HIGH_VIBRATION,0.5,109,S017,94.58,5.42,CRITICAL,vibration,True,True
HIGH_VIBRATION,0.75,109,S017,96.79,3.21,CRITICAL,vibration,True,True
HIGH_VIBRATION,0.75,109,S017,97.1,2.9,CRITICAL,vibration,True,True
HIGH_VIBRATION,1.0,109,S017,97.98,2.02,CRITICAL,vibration,True,True
HIGH_VIBRATION,1.0,109,S017,97.55,2.45,CRITICAL,vibration,True,True
OVERHEATING,0.15,109,S017,22.66,77.34,NORMAL,temperature,False,False
OVERHEATING,0.15,109,S017,23.23,76.77,NORMAL,temperature,False,False
OVERHEATING,0.3,109,S017,46.22,53.78,WATCH,temperature,True,False
OVERHEATING,0.3,109,S017,46.26,53.74,WATCH,temperature,True,False
OVERHEATING,0.5,109,S017,55.57,44.43,WATCH,temperature,True,False
OVERHEATING,0.5,109,S017,58.25,41.75,WATCH,temperature,True,False
OVERHEATING,0.75,109,S017,68.73,31.27,WARNING,temperature,True,True
OVERHEATING,0.75,109,S017,69.53,30.47,WARNING,temperature,True,True
OVERHEATING,1.0,109,S017,70.37,29.63,WARNING,temperature,True,True
OVERHEATING,1.0,109,S017,70.37,29.63,WARNING,temperature,True,True
RPM_INSTABILITY,0.15,109,S017,72.37,27.63,WARNING,rpm,True,True
RPM_INSTABILITY,0.15,109,S017,76.03,23.97,WARNING,rpm,True,True
RPM_INSTABILITY,0.3,109,S017,74.61,25.39,WARNING,rpm,True,True
RPM_INSTABILITY,0.3,109,S017,72.8,27.2,WARNING,rpm,True,True
RPM_INSTABILITY,0.5,109,S017,75.91,24.09,WARNING,rpm,True,True
RPM_INSTABILITY,0.5,109,S017,74.11,25.89,WARNING,rpm,True,True
RPM_INSTABILITY,0.75,109,S017,74.86,25.14,WARNING,rpm,True,True
RPM_INSTABILITY,0.75,109,S017,75.16,24.84,WARNING,rpm,True,True
RPM_INSTABILITY,1.0,109,S017,76.03,23.97,WARNING,rpm,True,True
RPM_INSTABILITY,1.0,109,S017,79.03,20.97,WARNING,rpm,True,True
COMBINED_FAULT,0.15,109,S017,59.43,40.57,WATCH,rpm,True,False
COMBINED_FAULT,0.15,109,S017,64.38,35.62,WARNING,joint,True,True
COMBINED_FAULT,0.3,109,S017,64.66,35.34,WARNING,rpm,True,True
COMBINED_FAULT,0.3,109,S017,73.51,26.49,WARNING,joint,True,True
COMBINED_FAULT,0.5,109,S017,70.19,29.81,WARNING,rpm,True,True
COMBINED_FAULT,0.5,109,S017,94.87,5.13,CRITICAL,vibration,True,True
COMBINED_FAULT,0.75,109,S017,91.4,8.6,WARNING,joint,True,True
COMBINED_FAULT,0.75,109,S017,92.39,7.61,CRITICAL,joint,True,True
COMBINED_FAULT,1.0,109,S017,97.04,2.96,CRITICAL,vibration,True,True
COMBINED_FAULT,1.0,109,S017,84.36,15.64,WARNING,joint,True,True
NORMAL,0.0,110,S017,2.87,97.13,NORMAL,rpm,False,False
BELT_SLIP,0.15,110,S017,57.78,42.22,WATCH,rpm,True,False
BELT_SLIP,0.15,110,S017,46.29,53.71,WATCH,rpm,True,False
BELT_SLIP,0.3,110,S017,74.12,25.88,WARNING,rpm,True,True
BELT_SLIP,0.3,110,S017,75.0,25.0,WARNING,rpm,True,True
BELT_SLIP,0.5,110,S017,78.94,21.06,WARNING,rpm,True,True
BELT_SLIP,0.5,110,S017,78.94,21.06,WARNING,rpm,True,True
BELT_SLIP,0.75,110,S017,84.37,15.63,WARNING,joint,True,True
BELT_SLIP,0.75,110,S017,86.45,13.55,WARNING,vibration,True,True
BELT_SLIP,1.0,110,S017,95.56,4.44,CRITICAL,vibration,True,True
BELT_SLIP,1.0,110,S017,96.03,3.97,CRITICAL,vibration,True,True
HIGH_VIBRATION,0.15,110,S017,33.51,66.49,NORMAL,vibration,False,False
HIGH_VIBRATION,0.15,110,S017,33.61,66.39,NORMAL,vibration,False,False
HIGH_VIBRATION,0.3,110,S017,88.28,11.72,WARNING,vibration,True,True
HIGH_VIBRATION,0.3,110,S017,89.14,10.86,WARNING,vibration,True,True
HIGH_VIBRATION,0.5,110,S017,94.97,5.03,CRITICAL,vibration,True,True
HIGH_VIBRATION,0.5,110,S017,95.09,4.91,CRITICAL,vibration,True,True
HIGH_VIBRATION,0.75,110,S017,96.99,3.01,CRITICAL,vibration,True,True
HIGH_VIBRATION,0.75,110,S017,96.79,3.21,CRITICAL,vibration,True,True
HIGH_VIBRATION,1.0,110,S017,97.76,2.24,CRITICAL,vibration,True,True
HIGH_VIBRATION,1.0,110,S017,98.06,1.94,CRITICAL,vibration,True,True
OVERHEATING,0.15,110,S017,4.14,95.86,NORMAL,temperature,False,False
OVERHEATING,0.15,110,S017,4.11,95.89,NORMAL,temperature,False,False
OVERHEATING,0.3,110,S017,13.33,86.67,NORMAL,temperature,False,False
OVERHEATING,0.3,110,S017,13.56,86.44,NORMAL,temperature,False,False
OVERHEATING,0.5,110,S017,26.23,73.77,NORMAL,temperature,False,False
OVERHEATING,0.5,110,S017,25.71,74.29,NORMAL,temperature,False,False
OVERHEATING,0.75,110,S017,47.11,52.89,WATCH,temperature,True,False
OVERHEATING,0.75,110,S017,45.45,54.55,WATCH,temperature,True,False
OVERHEATING,1.0,110,S017,60.47,39.53,WATCH,temperature,True,False
OVERHEATING,1.0,110,S017,60.77,39.23,WARNING,temperature,True,True
RPM_INSTABILITY,0.15,110,S017,67.13,32.87,WARNING,rpm,True,True
RPM_INSTABILITY,0.15,110,S017,65.31,34.69,WARNING,rpm,True,True
RPM_INSTABILITY,0.3,110,S017,80.06,19.94,WARNING,rpm,True,True
RPM_INSTABILITY,0.3,110,S017,71.81,28.19,WARNING,rpm,True,True
RPM_INSTABILITY,0.5,110,S017,64.65,35.35,WARNING,rpm,True,True
RPM_INSTABILITY,0.5,110,S017,76.22,23.78,WARNING,rpm,True,True
RPM_INSTABILITY,0.75,110,S017,80.97,19.03,WARNING,rpm,True,True
RPM_INSTABILITY,0.75,110,S017,71.0,29.0,WARNING,rpm,True,True
RPM_INSTABILITY,1.0,110,S017,81.01,18.99,WARNING,rpm,True,True
RPM_INSTABILITY,1.0,110,S017,80.97,19.03,WARNING,rpm,True,True
COMBINED_FAULT,0.15,110,S017,54.92,45.08,WATCH,rpm,True,False
COMBINED_FAULT,0.15,110,S017,44.91,55.09,WATCH,rpm,True,False
COMBINED_FAULT,0.3,110,S017,95.09,4.91,CRITICAL,vibration,True,True
COMBINED_FAULT,0.3,110,S017,76.17,23.83,WARNING,rpm,True,True
COMBINED_FAULT,0.5,110,S017,72.78,27.22,WARNING,joint,True,True
COMBINED_FAULT,0.5,110,S017,76.77,23.23,WARNING,rpm,True,True
COMBINED_FAULT,0.75,110,S017,95.12,4.88,CRITICAL,vibration,True,True
COMBINED_FAULT,0.75,110,S017,97.94,2.06,CRITICAL,vibration,True,True
COMBINED_FAULT,1.0,110,S017,92.87,7.13,CRITICAL,joint,True,True
COMBINED_FAULT,1.0,110,S017,97.07,2.93,CRITICAL,vibration,True,True
NORMAL,0.0,111,S017,6.58,93.42,NORMAL,rpm,False,False
BELT_SLIP,0.15,111,S017,51.1,48.9,WATCH,rpm,True,False
BELT_SLIP,0.15,111,S017,49.16,50.84,WATCH,rpm,True,False
BELT_SLIP,0.3,111,S017,68.33,31.67,WARNING,rpm,True,True
BELT_SLIP,0.3,111,S017,74.74,25.26,WARNING,rpm,True,True
BELT_SLIP,0.5,111,S017,77.23,22.77,WARNING,rpm,True,True
BELT_SLIP,0.5,111,S017,73.76,26.24,WARNING,rpm,True,True
BELT_SLIP,0.75,111,S017,83.69,16.31,WARNING,joint,True,True
BELT_SLIP,0.75,111,S017,85.98,14.02,WARNING,joint,True,True
BELT_SLIP,1.0,111,S017,92.97,7.03,CRITICAL,joint,True,True
BELT_SLIP,1.0,111,S017,95.66,4.34,CRITICAL,vibration,True,True
HIGH_VIBRATION,0.15,111,S017,37.83,62.17,WATCH,vibration,True,False
HIGH_VIBRATION,0.15,111,S017,37.56,62.44,WATCH,vibration,True,False
HIGH_VIBRATION,0.3,111,S017,80.96,19.04,WARNING,vibration,True,True
HIGH_VIBRATION,0.3,111,S017,81.0,19.0,WARNING,vibration,True,True
HIGH_VIBRATION,0.5,111,S017,93.13,6.87,CRITICAL,vibration,True,True
HIGH_VIBRATION,0.5,111,S017,93.19,6.81,CRITICAL,vibration,True,True
HIGH_VIBRATION,0.75,111,S017,95.98,4.02,CRITICAL,vibration,True,True
HIGH_VIBRATION,0.75,111,S017,96.09,3.91,CRITICAL,vibration,True,True
HIGH_VIBRATION,1.0,111,S017,97.63,2.37,CRITICAL,vibration,True,True
HIGH_VIBRATION,1.0,111,S017,97.24,2.76,CRITICAL,vibration,True,True
OVERHEATING,0.15,111,S017,6.58,93.42,NORMAL,rpm,False,False
OVERHEATING,0.15,111,S017,6.58,93.42,NORMAL,rpm,False,False
OVERHEATING,0.3,111,S017,13.18,86.82,NORMAL,temperature,False,False
OVERHEATING,0.3,111,S017,13.35,86.65,NORMAL,temperature,False,False
OVERHEATING,0.5,111,S017,16.83,83.17,NORMAL,temperature,False,False
OVERHEATING,0.5,111,S017,16.76,83.24,NORMAL,temperature,False,False
OVERHEATING,0.75,111,S017,27.23,72.77,NORMAL,temperature,False,False
OVERHEATING,0.75,111,S017,26.75,73.25,NORMAL,temperature,False,False
OVERHEATING,1.0,111,S017,43.4,56.6,WATCH,temperature,True,False
OVERHEATING,1.0,111,S017,44.63,55.37,WATCH,temperature,True,False
RPM_INSTABILITY,0.15,111,S017,66.5,33.5,WARNING,rpm,True,True
RPM_INSTABILITY,0.15,111,S017,71.97,28.03,WARNING,rpm,True,True
RPM_INSTABILITY,0.3,111,S017,80.9,19.1,WARNING,rpm,True,True
RPM_INSTABILITY,0.3,111,S017,80.88,19.12,WARNING,rpm,True,True
RPM_INSTABILITY,0.5,111,S017,81.68,18.32,WARNING,rpm,True,True
RPM_INSTABILITY,0.5,111,S017,79.77,20.23,WARNING,rpm,True,True
RPM_INSTABILITY,0.75,111,S017,77.93,22.07,WARNING,rpm,True,True
RPM_INSTABILITY,0.75,111,S017,81.68,18.32,WARNING,rpm,True,True
RPM_INSTABILITY,1.0,111,S017,77.93,22.07,WARNING,rpm,True,True
RPM_INSTABILITY,1.0,111,S017,72.6,27.4,WARNING,rpm,True,True
COMBINED_FAULT,0.15,111,S017,23.01,76.99,NORMAL,vibration,False,False
COMBINED_FAULT,0.15,111,S017,68.01,31.99,WARNING,rpm,True,True
COMBINED_FAULT,0.3,111,S017,66.33,33.67,WARNING,rpm,True,True
COMBINED_FAULT,0.3,111,S017,78.94,21.06,WARNING,rpm,True,True
COMBINED_FAULT,0.5,111,S017,93.42,6.58,CRITICAL,vibration,True,True
COMBINED_FAULT,0.5,111,S017,96.94,3.06,CRITICAL,vibration,True,True
COMBINED_FAULT,0.75,111,S017,98.04,1.96,CRITICAL,vibration,True,True
COMBINED_FAULT,0.75,111,S017,92.87,7.13,CRITICAL,vibration,True,True
COMBINED_FAULT,1.0,111,S017,81.68,18.32,WARNING,rpm,True,True
COMBINED_FAULT,1.0,111,S017,96.33,3.67,CRITICAL,vibration,True,True
NORMAL,0.0,112,S017,6.37,93.63,NORMAL,temperature,False,False
BELT_SLIP,0.15,112,S017,65.03,34.97,WARNING,rpm,True,True
BELT_SLIP,0.15,112,S017,55.8,44.2,WATCH,rpm,True,False
BELT_SLIP,0.3,112,S017,73.43,26.57,WARNING,rpm,True,True
BELT_SLIP,0.3,112,S017,78.94,21.06,WARNING,rpm,True,True
BELT_SLIP,0.5,112,S017,75.41,24.59,WARNING,rpm,True,True
BELT_SLIP,0.5,112,S017,79.41,20.59,WARNING,rpm,True,True
BELT_SLIP,0.75,112,S017,87.87,12.13,WARNING,joint,True,True
BELT_SLIP,0.75,112,S017,90.67,9.33,WARNING,joint,True,True
BELT_SLIP,1.0,112,S017,94.8,5.2,CRITICAL,joint,True,True
BELT_SLIP,1.0,112,S017,95.59,4.41,CRITICAL,joint,True,True
HIGH_VIBRATION,0.15,112,S017,29.16,70.84,NORMAL,vibration,False,False
HIGH_VIBRATION,0.15,112,S017,30.08,69.92,NORMAL,vibration,False,False
HIGH_VIBRATION,0.3,112,S017,79.52,20.48,WARNING,vibration,True,True
HIGH_VIBRATION,0.3,112,S017,78.2,21.8,WARNING,vibration,True,True
HIGH_VIBRATION,0.5,112,S017,93.61,6.39,CRITICAL,vibration,True,True
HIGH_VIBRATION,0.5,112,S017,93.45,6.55,CRITICAL,vibration,True,True
HIGH_VIBRATION,0.75,112,S017,95.96,4.04,CRITICAL,vibration,True,True
HIGH_VIBRATION,0.75,112,S017,95.96,4.04,CRITICAL,vibration,True,True
HIGH_VIBRATION,1.0,112,S017,97.35,2.65,CRITICAL,vibration,True,True
HIGH_VIBRATION,1.0,112,S017,97.56,2.44,CRITICAL,vibration,True,True
OVERHEATING,0.15,112,S017,11.99,88.01,NORMAL,temperature,False,False
OVERHEATING,0.15,112,S017,11.79,88.21,NORMAL,temperature,False,False
OVERHEATING,0.3,112,S017,31.19,68.81,NORMAL,temperature,False,False
OVERHEATING,0.3,112,S017,31.36,68.64,NORMAL,temperature,False,False
OVERHEATING,0.5,112,S017,51.03,48.97,WATCH,temperature,True,False
OVERHEATING,0.5,112,S017,49.67,50.33,WATCH,temperature,True,False
OVERHEATING,0.75,112,S017,59.98,40.02,WATCH,temperature,True,False
OVERHEATING,0.75,112,S017,59.7,40.3,WATCH,temperature,True,False
OVERHEATING,1.0,112,S017,67.31,32.69,WARNING,temperature,True,True
OVERHEATING,1.0,112,S017,67.27,32.73,WARNING,temperature,True,True
RPM_INSTABILITY,0.15,112,S017,56.68,43.32,WATCH,rpm,True,False
RPM_INSTABILITY,0.15,112,S017,74.61,25.39,WARNING,rpm,True,True
RPM_INSTABILITY,0.3,112,S017,79.37,20.63,WARNING,rpm,True,True
RPM_INSTABILITY,0.3,112,S017,74.75,25.25,WARNING,rpm,True,True
RPM_INSTABILITY,0.5,112,S017,78.02,21.98,WARNING,rpm,True,True
RPM_INSTABILITY,0.5,112,S017,81.21,18.79,WARNING,rpm,True,True
RPM_INSTABILITY,0.75,112,S017,68.03,31.97,WARNING,rpm,True,True
RPM_INSTABILITY,0.75,112,S017,81.33,18.67,WARNING,rpm,True,True
RPM_INSTABILITY,1.0,112,S017,76.79,23.21,WARNING,rpm,True,True
RPM_INSTABILITY,1.0,112,S017,71.63,28.37,WARNING,rpm,True,True
COMBINED_FAULT,0.15,112,S017,18.54,81.46,NORMAL,vibration,False,False
COMBINED_FAULT,0.15,112,S017,52.62,47.38,WATCH,rpm,True,False
COMBINED_FAULT,0.3,112,S017,49.46,50.54,WATCH,joint,True,False
COMBINED_FAULT,0.3,112,S017,67.97,32.03,WARNING,rpm,True,True
COMBINED_FAULT,0.5,112,S017,76.04,23.96,WARNING,rpm,True,True
COMBINED_FAULT,0.5,112,S017,71.17,28.83,WARNING,rpm,True,True
COMBINED_FAULT,0.75,112,S017,89.18,10.82,WARNING,joint,True,True
COMBINED_FAULT,0.75,112,S017,65.14,34.86,WARNING,rpm,True,True
COMBINED_FAULT,1.0,112,S017,72.49,27.51,WARNING,rpm,True,True
COMBINED_FAULT,1.0,112,S017,94.06,5.94,CRITICAL,joint,True,True
NORMAL,0.0,113,S017,18.95,81.05,NORMAL,temperature,False,False
BELT_SLIP,0.15,113,S017,62.4,37.6,WARNING,rpm,True,True
BELT_SLIP,0.15,113,S017,55.85,44.15,WATCH,rpm,True,False
BELT_SLIP,0.3,113,S017,67.31,32.69,WARNING,rpm,True,True
BELT_SLIP,0.3,113,S017,77.26,22.74,WARNING,rpm,True,True
BELT_SLIP,0.5,113,S017,76.57,23.43,WARNING,joint,True,True
BELT_SLIP,0.5,113,S017,80.2,19.8,WARNING,joint,True,True
BELT_SLIP,0.75,113,S017,90.85,9.15,WARNING,joint,True,True
BELT_SLIP,0.75,113,S017,90.85,9.15,WARNING,joint,True,True
BELT_SLIP,1.0,113,S017,96.17,3.83,CRITICAL,joint,True,True
BELT_SLIP,1.0,113,S017,96.06,3.94,CRITICAL,joint,True,True
HIGH_VIBRATION,0.15,113,S017,26.06,73.94,NORMAL,vibration,False,False
HIGH_VIBRATION,0.15,113,S017,25.44,74.56,NORMAL,vibration,False,False
HIGH_VIBRATION,0.3,113,S017,75.65,24.35,WARNING,vibration,True,True
HIGH_VIBRATION,0.3,113,S017,77.06,22.94,WARNING,vibration,True,True
HIGH_VIBRATION,0.5,113,S017,92.53,7.47,CRITICAL,vibration,True,True
HIGH_VIBRATION,0.5,113,S017,92.38,7.62,CRITICAL,vibration,True,True
HIGH_VIBRATION,0.75,113,S017,95.97,4.03,CRITICAL,vibration,True,True
HIGH_VIBRATION,0.75,113,S017,96.19,3.81,CRITICAL,vibration,True,True
HIGH_VIBRATION,1.0,113,S017,97.61,2.39,CRITICAL,vibration,True,True
HIGH_VIBRATION,1.0,113,S017,97.46,2.54,CRITICAL,vibration,True,True
OVERHEATING,0.15,113,S017,28.28,71.72,NORMAL,temperature,False,False
OVERHEATING,0.15,113,S017,28.4,71.6,NORMAL,temperature,False,False
OVERHEATING,0.3,113,S017,51.45,48.55,WATCH,temperature,True,False
OVERHEATING,0.3,113,S017,52.57,47.43,WATCH,temperature,True,False
OVERHEATING,0.5,113,S017,62.57,37.43,WARNING,temperature,True,True
OVERHEATING,0.5,113,S017,62.57,37.43,WARNING,temperature,True,True
OVERHEATING,0.75,113,S017,68.29,31.71,WARNING,temperature,True,True
OVERHEATING,0.75,113,S017,68.29,31.71,WARNING,temperature,True,True
OVERHEATING,1.0,113,S017,69.74,30.26,WARNING,temperature,True,True
OVERHEATING,1.0,113,S017,69.74,30.26,WARNING,temperature,True,True
RPM_INSTABILITY,0.15,113,S017,70.25,29.75,WARNING,rpm,True,True
RPM_INSTABILITY,0.15,113,S017,70.33,29.67,WARNING,rpm,True,True
RPM_INSTABILITY,0.3,113,S017,80.86,19.14,WARNING,rpm,True,True
RPM_INSTABILITY,0.3,113,S017,66.47,33.53,WARNING,rpm,True,True
RPM_INSTABILITY,0.5,113,S017,80.94,19.06,WARNING,rpm,True,True
RPM_INSTABILITY,0.5,113,S017,73.49,26.51,WARNING,rpm,True,True
RPM_INSTABILITY,0.75,113,S017,76.02,23.98,WARNING,rpm,True,True
RPM_INSTABILITY,0.75,113,S017,81.05,18.95,WARNING,rpm,True,True
RPM_INSTABILITY,1.0,113,S017,80.86,19.14,WARNING,rpm,True,True
RPM_INSTABILITY,1.0,113,S017,76.04,23.96,WARNING,rpm,True,True
COMBINED_FAULT,0.15,113,S017,28.52,71.48,NORMAL,temperature,False,False
COMBINED_FAULT,0.15,113,S017,45.51,54.49,WATCH,rpm,True,False
COMBINED_FAULT,0.3,113,S017,76.94,23.06,WARNING,joint,True,True
COMBINED_FAULT,0.3,113,S017,80.85,19.15,WARNING,rpm,True,True
COMBINED_FAULT,0.5,113,S017,84.3,15.7,WARNING,joint,True,True
COMBINED_FAULT,0.5,113,S017,90.68,9.32,WARNING,vibration,True,True
COMBINED_FAULT,0.75,113,S017,98.13,1.87,CRITICAL,vibration,True,True
COMBINED_FAULT,0.75,113,S017,97.05,2.95,CRITICAL,vibration,True,True
COMBINED_FAULT,1.0,113,S017,96.2,3.8,CRITICAL,joint,True,True
COMBINED_FAULT,1.0,113,S017,77.03,22.97,WARNING,joint,True,True
NORMAL,0.0,114,S017,3.84,96.16,NORMAL,temperature,False,False
BELT_SLIP,0.15,114,S017,59.49,40.51,WATCH,rpm,True,False
BELT_SLIP,0.15,114,S017,63.1,36.9,WARNING,rpm,True,True
BELT_SLIP,0.3,114,S017,66.86,33.14,WARNING,rpm,True,True
BELT_SLIP,0.3,114,S017,72.1,27.9,WARNING,rpm,True,True
BELT_SLIP,0.5,114,S017,81.45,18.55,WARNING,vibration,True,True
BELT_SLIP,0.5,114,S017,84.1,15.9,WARNING,joint,True,True
BELT_SLIP,0.75,114,S017,93.71,6.29,CRITICAL,vibration,True,True
BELT_SLIP,0.75,114,S017,94.15,5.85,CRITICAL,vibration,True,True
BELT_SLIP,1.0,114,S017,96.63,3.37,CRITICAL,vibration,True,True
BELT_SLIP,1.0,114,S017,94.63,5.37,CRITICAL,vibration,True,True
HIGH_VIBRATION,0.15,114,S017,64.78,35.22,WARNING,vibration,True,True
HIGH_VIBRATION,0.15,114,S017,64.13,35.87,WARNING,vibration,True,True
HIGH_VIBRATION,0.3,114,S017,90.14,9.86,WARNING,vibration,True,True
HIGH_VIBRATION,0.3,114,S017,90.03,9.97,WARNING,vibration,True,True
HIGH_VIBRATION,0.5,114,S017,95.46,4.54,CRITICAL,vibration,True,True
HIGH_VIBRATION,0.5,114,S017,95.54,4.46,CRITICAL,vibration,True,True
HIGH_VIBRATION,0.75,114,S017,97.35,2.65,CRITICAL,vibration,True,True
HIGH_VIBRATION,0.75,114,S017,97.03,2.97,CRITICAL,vibration,True,True
HIGH_VIBRATION,1.0,114,S017,97.84,2.16,CRITICAL,vibration,True,True
HIGH_VIBRATION,1.0,114,S017,97.36,2.64,CRITICAL,vibration,True,True
OVERHEATING,0.15,114,S017,5.88,94.12,NORMAL,temperature,False,False
OVERHEATING,0.15,114,S017,5.81,94.19,NORMAL,temperature,False,False
OVERHEATING,0.3,114,S017,16.68,83.32,NORMAL,temperature,False,False
OVERHEATING,0.3,114,S017,16.79,83.21,NORMAL,temperature,False,False
OVERHEATING,0.5,114,S017,28.93,71.07,NORMAL,temperature,False,False
OVERHEATING,0.5,114,S017,30.0,70.0,NORMAL,temperature,False,False
OVERHEATING,0.75,114,S017,47.35,52.65,WATCH,temperature,True,False
OVERHEATING,0.75,114,S017,47.09,52.91,WATCH,temperature,True,False
OVERHEATING,1.0,114,S017,62.64,37.36,WARNING,temperature,True,True
OVERHEATING,1.0,114,S017,65.77,34.23,WARNING,temperature,True,True
RPM_INSTABILITY,0.15,114,S017,62.06,37.94,WARNING,rpm,True,True
RPM_INSTABILITY,0.15,114,S017,67.24,32.76,WARNING,rpm,True,True
RPM_INSTABILITY,0.3,114,S017,75.3,24.7,WARNING,rpm,True,True
RPM_INSTABILITY,0.3,114,S017,71.18,28.82,WARNING,rpm,True,True
RPM_INSTABILITY,0.5,114,S017,79.05,20.95,WARNING,rpm,True,True
RPM_INSTABILITY,0.5,114,S017,73.99,26.01,WARNING,rpm,True,True
RPM_INSTABILITY,0.75,114,S017,77.03,22.97,WARNING,rpm,True,True
RPM_INSTABILITY,0.75,114,S017,75.12,24.88,WARNING,rpm,True,True
RPM_INSTABILITY,1.0,114,S017,81.33,18.67,WARNING,rpm,True,True
RPM_INSTABILITY,1.0,114,S017,81.33,18.67,WARNING,rpm,True,True
COMBINED_FAULT,0.15,114,S017,39.66,60.34,WATCH,rpm,True,False
COMBINED_FAULT,0.15,114,S017,37.51,62.49,WATCH,vibration,True,False
COMBINED_FAULT,0.3,114,S017,79.97,20.03,WARNING,vibration,True,True
COMBINED_FAULT,0.3,114,S017,74.23,25.77,WARNING,rpm,True,True
COMBINED_FAULT,0.5,114,S017,94.76,5.24,CRITICAL,vibration,True,True
COMBINED_FAULT,0.5,114,S017,97.47,2.53,CRITICAL,vibration,True,True
COMBINED_FAULT,0.75,114,S017,90.66,9.34,WARNING,joint,True,True
COMBINED_FAULT,0.75,114,S017,95.37,4.63,CRITICAL,vibration,True,True
COMBINED_FAULT,1.0,114,S017,97.75,2.25,CRITICAL,vibration,True,True
COMBINED_FAULT,1.0,114,S017,96.83,3.17,CRITICAL,vibration,True,True
NORMAL,0.0,115,S017,4.11,95.89,NORMAL,rpm,False,False
BELT_SLIP,0.15,115,S017,67.58,32.42,WARNING,rpm,True,True
BELT_SLIP,0.15,115,S017,67.89,32.11,WARNING,rpm,True,True
BELT_SLIP,0.3,115,S017,75.56,24.44,WARNING,rpm,True,True
BELT_SLIP,0.3,115,S017,75.43,24.57,WARNING,rpm,True,True
BELT_SLIP,0.5,115,S017,80.7,19.3,WARNING,vibration,True,True
BELT_SLIP,0.5,115,S017,80.78,19.22,WARNING,vibration,True,True
BELT_SLIP,0.75,115,S017,94.2,5.8,CRITICAL,vibration,True,True
BELT_SLIP,0.75,115,S017,92.92,7.08,CRITICAL,vibration,True,True
BELT_SLIP,1.0,115,S017,96.72,3.28,CRITICAL,vibration,True,True
BELT_SLIP,1.0,115,S017,96.82,3.18,CRITICAL,vibration,True,True
HIGH_VIBRATION,0.15,115,S017,62.21,37.79,WARNING,vibration,True,True
HIGH_VIBRATION,0.15,115,S017,62.72,37.28,WARNING,vibration,True,True
HIGH_VIBRATION,0.3,115,S017,89.54,10.46,WARNING,vibration,True,True
HIGH_VIBRATION,0.3,115,S017,88.47,11.53,WARNING,vibration,True,True
HIGH_VIBRATION,0.5,115,S017,94.76,5.24,CRITICAL,vibration,True,True
HIGH_VIBRATION,0.5,115,S017,94.84,5.16,CRITICAL,vibration,True,True
HIGH_VIBRATION,0.75,115,S017,95.83,4.17,CRITICAL,vibration,True,True
HIGH_VIBRATION,0.75,115,S017,95.95,4.05,CRITICAL,vibration,True,True
HIGH_VIBRATION,1.0,115,S017,97.79,2.21,CRITICAL,vibration,True,True
HIGH_VIBRATION,1.0,115,S017,98.29,1.71,CRITICAL,vibration,True,True
OVERHEATING,0.15,115,S017,4.19,95.81,NORMAL,temperature,False,False
OVERHEATING,0.15,115,S017,4.14,95.86,NORMAL,temperature,False,False
OVERHEATING,0.3,115,S017,10.96,89.04,NORMAL,temperature,False,False
OVERHEATING,0.3,115,S017,10.94,89.06,NORMAL,temperature,False,False
OVERHEATING,0.5,115,S017,16.4,83.6,NORMAL,temperature,False,False
OVERHEATING,0.5,115,S017,15.95,84.05,NORMAL,temperature,False,False
OVERHEATING,0.75,115,S017,26.16,73.84,NORMAL,temperature,False,False
OVERHEATING,0.75,115,S017,27.12,72.88,NORMAL,temperature,False,False
OVERHEATING,1.0,115,S017,46.52,53.48,WATCH,temperature,True,False
OVERHEATING,1.0,115,S017,41.52,58.48,WATCH,temperature,True,False
RPM_INSTABILITY,0.15,115,S017,62.79,37.21,WARNING,rpm,True,True
RPM_INSTABILITY,0.15,115,S017,64.86,35.14,WARNING,rpm,True,True
RPM_INSTABILITY,0.3,115,S017,74.87,25.13,WARNING,rpm,True,True
RPM_INSTABILITY,0.3,115,S017,75.56,24.44,WARNING,rpm,True,True
RPM_INSTABILITY,0.5,115,S017,75.65,24.35,WARNING,rpm,True,True
RPM_INSTABILITY,0.5,115,S017,78.24,21.76,WARNING,rpm,True,True
RPM_INSTABILITY,0.75,115,S017,80.19,19.81,WARNING,rpm,True,True
RPM_INSTABILITY,0.75,115,S017,69.31,30.69,WARNING,rpm,True,True
RPM_INSTABILITY,1.0,115,S017,78.51,21.49,WARNING,rpm,True,True
RPM_INSTABILITY,1.0,115,S017,81.97,18.03,WARNING,vibration,True,True
COMBINED_FAULT,0.15,115,S017,61.58,38.42,WARNING,rpm,True,True
COMBINED_FAULT,0.15,115,S017,65.2,34.8,WARNING,rpm,True,True
COMBINED_FAULT,0.3,115,S017,94.78,5.22,CRITICAL,vibration,True,True
COMBINED_FAULT,0.3,115,S017,94.67,5.33,CRITICAL,vibration,True,True
COMBINED_FAULT,0.5,115,S017,76.1,23.9,WARNING,joint,True,True
COMBINED_FAULT,0.5,115,S017,97.73,2.27,CRITICAL,vibration,True,True
COMBINED_FAULT,0.75,115,S017,98.56,1.44,CRITICAL,vibration,True,True
COMBINED_FAULT,0.75,115,S017,94.59,5.41,CRITICAL,vibration,True,True
COMBINED_FAULT,1.0,115,S017,95.89,4.11,CRITICAL,joint,True,True
COMBINED_FAULT,1.0,115,S017,80.62,19.38,WARNING,rpm,True,True
NORMAL,0.0,116,S017,4.73,95.27,NORMAL,temperature,False,False
BELT_SLIP,0.15,116,S017,59.52,40.48,WATCH,rpm,True,False
BELT_SLIP,0.15,116,S017,73.54,26.46,WARNING,rpm,True,True
BELT_SLIP,0.3,116,S017,75.89,24.11,WARNING,rpm,True,True
BELT_SLIP,0.3,116,S017,75.82,24.18,WARNING,rpm,True,True
BELT_SLIP,0.5,116,S017,90.81,9.19,WARNING,vibration,True,True
BELT_SLIP,0.5,116,S017,90.87,9.13,WARNING,vibration,True,True
BELT_SLIP,0.75,116,S017,95.8,4.2,CRITICAL,vibration,True,True
BELT_SLIP,0.75,116,S017,96.18,3.82,CRITICAL,vibration,True,True
BELT_SLIP,1.0,116,S017,96.79,3.21,CRITICAL,vibration,True,True
BELT_SLIP,1.0,116,S017,97.67,2.33,CRITICAL,vibration,True,True
HIGH_VIBRATION,0.15,116,S017,73.29,26.71,WARNING,vibration,True,True
HIGH_VIBRATION,0.15,116,S017,73.86,26.14,WARNING,vibration,True,True
HIGH_VIBRATION,0.3,116,S017,89.21,10.79,WARNING,vibration,True,True
HIGH_VIBRATION,0.3,116,S017,89.38,10.62,WARNING,vibration,True,True
HIGH_VIBRATION,0.5,116,S017,93.7,6.3,CRITICAL,vibration,True,True
HIGH_VIBRATION,0.5,116,S017,94.47,5.53,CRITICAL,vibration,True,True
HIGH_VIBRATION,0.75,116,S017,95.78,4.22,CRITICAL,vibration,True,True
HIGH_VIBRATION,0.75,116,S017,95.9,4.1,CRITICAL,vibration,True,True
HIGH_VIBRATION,1.0,116,S017,97.26,2.74,CRITICAL,vibration,True,True
HIGH_VIBRATION,1.0,116,S017,97.08,2.92,CRITICAL,vibration,True,True
OVERHEATING,0.15,116,S017,6.44,93.56,NORMAL,temperature,False,False
OVERHEATING,0.15,116,S017,6.48,93.52,NORMAL,temperature,False,False
OVERHEATING,0.3,116,S017,14.87,85.13,NORMAL,temperature,False,False
OVERHEATING,0.3,116,S017,15.11,84.89,NORMAL,temperature,False,False
OVERHEATING,0.5,116,S017,17.07,82.93,NORMAL,temperature,False,False
OVERHEATING,0.5,116,S017,17.05,82.95,NORMAL,temperature,False,False
OVERHEATING,0.75,116,S017,22.44,77.56,NORMAL,temperature,False,False
OVERHEATING,0.75,116,S017,22.91,77.09,NORMAL,temperature,False,False
OVERHEATING,1.0,116,S017,30.52,69.48,NORMAL,temperature,False,False
OVERHEATING,1.0,116,S017,32.62,67.38,NORMAL,temperature,False,False
RPM_INSTABILITY,0.15,116,S017,70.07,29.93,WARNING,rpm,True,True
RPM_INSTABILITY,0.15,116,S017,70.82,29.18,WARNING,rpm,True,True
RPM_INSTABILITY,0.3,116,S017,72.99,27.01,WARNING,rpm,True,True
RPM_INSTABILITY,0.3,116,S017,64.65,35.35,WARNING,rpm,True,True
RPM_INSTABILITY,0.5,116,S017,76.04,23.96,WARNING,rpm,True,True
RPM_INSTABILITY,0.5,116,S017,80.86,19.14,WARNING,rpm,True,True
RPM_INSTABILITY,0.75,116,S017,80.82,19.18,WARNING,rpm,True,True
RPM_INSTABILITY,0.75,116,S017,80.19,19.81,WARNING,joint,True,True
RPM_INSTABILITY,1.0,116,S017,85.5,14.5,WARNING,joint,True,True
RPM_INSTABILITY,1.0,116,S017,88.09,11.91,WARNING,vibration,True,True
COMBINED_FAULT,0.15,116,S017,38.86,61.14,WATCH,rpm,True,False
COMBINED_FAULT,0.15,116,S017,59.93,40.07,WATCH,vibration,True,False
COMBINED_FAULT,0.3,116,S017,75.06,24.94,WARNING,vibration,True,True
COMBINED_FAULT,0.3,116,S017,83.19,16.81,WARNING,vibration,True,True
COMBINED_FAULT,0.5,116,S017,92.84,7.16,CRITICAL,vibration,True,True
COMBINED_FAULT,0.5,116,S017,84.41,15.59,WARNING,joint,True,True
COMBINED_FAULT,0.75,116,S017,96.69,3.31,CRITICAL,vibration,True,True
COMBINED_FAULT,0.75,116,S017,98.52,1.48,CRITICAL,vibration,True,True
COMBINED_FAULT,1.0,116,S017,94.96,5.04,CRITICAL,vibration,True,True
COMBINED_FAULT,1.0,116,S017,95.76,4.24,CRITICAL,vibration,True,True
NORMAL,0.0,117,S017,9.55,90.45,NORMAL,rpm,False,False
BELT_SLIP,0.15,117,S017,49.26,50.74,WATCH,rpm,True,False
BELT_SLIP,0.15,117,S017,48.96,51.04,WATCH,rpm,True,False
BELT_SLIP,0.3,117,S017,77.7,22.3,WARNING,rpm,True,True
BELT_SLIP,0.3,117,S017,75.07,24.93,WARNING,rpm,True,True
BELT_SLIP,0.5,117,S017,90.19,9.81,WARNING,joint,True,True
BELT_SLIP,0.5,117,S017,89.28,10.72,WARNING,vibration,True,True
BELT_SLIP,0.75,117,S017,94.6,5.4,CRITICAL,vibration,True,True
BELT_SLIP,0.75,117,S017,94.44,5.56,CRITICAL,vibration,True,True
BELT_SLIP,1.0,117,S017,96.78,3.22,CRITICAL,joint,True,True
BELT_SLIP,1.0,117,S017,97.33,2.67,CRITICAL,joint,True,True
HIGH_VIBRATION,0.15,117,S017,67.48,32.52,WARNING,vibration,True,True
HIGH_VIBRATION,0.15,117,S017,68.88,31.12,WARNING,vibration,True,True
HIGH_VIBRATION,0.3,117,S017,87.1,12.9,WARNING,vibration,True,True
HIGH_VIBRATION,0.3,117,S017,86.65,13.35,WARNING,vibration,True,True
HIGH_VIBRATION,0.5,117,S017,93.39,6.61,CRITICAL,vibration,True,True
HIGH_VIBRATION,0.5,117,S017,94.16,5.84,CRITICAL,vibration,True,True
HIGH_VIBRATION,0.75,117,S017,96.25,3.75,CRITICAL,vibration,True,True
HIGH_VIBRATION,0.75,117,S017,95.98,4.02,CRITICAL,vibration,True,True
HIGH_VIBRATION,1.0,117,S017,97.09,2.91,CRITICAL,vibration,True,True
HIGH_VIBRATION,1.0,117,S017,97.43,2.57,CRITICAL,vibration,True,True
OVERHEATING,0.15,117,S017,14.62,85.38,NORMAL,temperature,False,False
OVERHEATING,0.15,117,S017,14.82,85.18,NORMAL,temperature,False,False
OVERHEATING,0.3,117,S017,40.1,59.9,WATCH,temperature,True,False
OVERHEATING,0.3,117,S017,40.4,59.6,WATCH,temperature,True,False
OVERHEATING,0.5,117,S017,52.75,47.25,WATCH,temperature,True,False
OVERHEATING,0.5,117,S017,52.51,47.49,WATCH,temperature,True,False
OVERHEATING,0.75,117,S017,65.2,34.8,WARNING,temperature,True,True
OVERHEATING,0.75,117,S017,65.2,34.8,WARNING,temperature,True,True
OVERHEATING,1.0,117,S017,70.44,29.56,WARNING,temperature,True,True
OVERHEATING,1.0,117,S017,70.44,29.56,WARNING,temperature,True,True
RPM_INSTABILITY,0.15,117,S017,70.33,29.67,WARNING,rpm,True,True
RPM_INSTABILITY,0.15,117,S017,73.19,26.81,WARNING,rpm,True,True
RPM_INSTABILITY,0.3,117,S017,65.98,34.02,WARNING,rpm,True,True
RPM_INSTABILITY,0.3,117,S017,72.79,27.21,WARNING,rpm,True,True
RPM_INSTABILITY,0.5,117,S017,78.31,21.69,WARNING,rpm,True,True
RPM_INSTABILITY,0.5,117,S017,76.22,23.78,WARNING,rpm,True,True
RPM_INSTABILITY,0.75,117,S017,76.09,23.91,WARNING,rpm,True,True
RPM_INSTABILITY,0.75,117,S017,80.86,19.14,WARNING,rpm,True,True
RPM_INSTABILITY,1.0,117,S017,80.48,19.52,WARNING,vibration,True,True
RPM_INSTABILITY,1.0,117,S017,80.25,19.75,WARNING,vibration,True,True
COMBINED_FAULT,0.15,117,S017,62.26,37.74,WARNING,rpm,True,True
COMBINED_FAULT,0.15,117,S017,56.56,43.44,WATCH,rpm,True,False
COMBINED_FAULT,0.3,117,S017,79.26,20.74,WARNING,vibration,True,True
COMBINED_FAULT,0.3,117,S017,70.18,29.82,WARNING,joint,True,True
COMBINED_FAULT,0.5,117,S017,90.94,9.06,WARNING,vibration,True,True
COMBINED_FAULT,0.5,117,S017,80.94,19.06,WARNING,rpm,True,True
COMBINED_FAULT,0.75,117,S017,77.99,22.01,WARNING,joint,True,True
COMBINED_FAULT,0.75,117,S017,96.56,3.44,CRITICAL,vibration,True,True
COMBINED_FAULT,1.0,117,S017,98.81,1.19,CRITICAL,vibration,True,True
COMBINED_FAULT,1.0,117,S017,95.19,4.81,CRITICAL,vibration,True,True
NORMAL,0.0,118,S017,5.22,94.78,NORMAL,rpm,False,False
BELT_SLIP,0.15,118,S017,56.81,43.19,WATCH,rpm,True,False
BELT_SLIP,0.15,118,S017,67.91,32.09,WARNING,rpm,True,True
BELT_SLIP,0.3,118,S017,74.12,25.88,WARNING,rpm,True,True
BELT_SLIP,0.3,118,S017,67.96,32.04,WARNING,rpm,True,True
BELT_SLIP,0.5,118,S017,79.55,20.45,WARNING,rpm,True,True
BELT_SLIP,0.5,118,S017,73.95,26.05,WARNING,vibration,True,True
BELT_SLIP,0.75,118,S017,91.03,8.97,WARNING,vibration,True,True
BELT_SLIP,0.75,118,S017,91.99,8.01,CRITICAL,vibration,True,True
BELT_SLIP,1.0,118,S017,94.87,5.13,CRITICAL,vibration,True,True
BELT_SLIP,1.0,118,S017,95.28,4.72,CRITICAL,joint,True,True
HIGH_VIBRATION,0.15,118,S017,51.92,48.08,WATCH,vibration,True,False
HIGH_VIBRATION,0.15,118,S017,49.64,50.36,WATCH,vibration,True,False
HIGH_VIBRATION,0.3,118,S017,85.63,14.37,WARNING,vibration,True,True
HIGH_VIBRATION,0.3,118,S017,84.54,15.46,WARNING,vibration,True,True
HIGH_VIBRATION,0.5,118,S017,95.31,4.69,CRITICAL,vibration,True,True
HIGH_VIBRATION,0.5,118,S017,93.97,6.03,CRITICAL,vibration,True,True
HIGH_VIBRATION,0.75,118,S017,96.07,3.93,CRITICAL,vibration,True,True
HIGH_VIBRATION,0.75,118,S017,96.29,3.71,CRITICAL,vibration,True,True
HIGH_VIBRATION,1.0,118,S017,97.72,2.28,CRITICAL,vibration,True,True
HIGH_VIBRATION,1.0,118,S017,97.65,2.35,CRITICAL,vibration,True,True
OVERHEATING,0.15,118,S017,5.22,94.78,NORMAL,rpm,False,False
OVERHEATING,0.15,118,S017,5.22,94.78,NORMAL,rpm,False,False
OVERHEATING,0.3,118,S017,14.55,85.45,NORMAL,temperature,False,False
OVERHEATING,0.3,118,S017,14.55,85.45,NORMAL,temperature,False,False
OVERHEATING,0.5,118,S017,26.71,73.29,NORMAL,temperature,False,False
OVERHEATING,0.5,118,S017,26.62,73.38,NORMAL,temperature,False,False
OVERHEATING,0.75,118,S017,41.32,58.68,WATCH,temperature,True,False
OVERHEATING,0.75,118,S017,43.86,56.14,WATCH,temperature,True,False
OVERHEATING,1.0,118,S017,53.41,46.59,WATCH,temperature,True,False
OVERHEATING,1.0,118,S017,55.75,44.25,WATCH,temperature,True,False
RPM_INSTABILITY,0.15,118,S017,72.8,27.2,WARNING,rpm,True,True
RPM_INSTABILITY,0.15,118,S017,76.04,23.96,WARNING,rpm,True,True
RPM_INSTABILITY,0.3,118,S017,75.81,24.19,WARNING,rpm,True,True
RPM_INSTABILITY,0.3,118,S017,69.67,30.33,WARNING,rpm,True,True
RPM_INSTABILITY,0.5,118,S017,72.69,27.31,WARNING,rpm,True,True
RPM_INSTABILITY,0.5,118,S017,72.8,27.2,WARNING,rpm,True,True
RPM_INSTABILITY,0.75,118,S017,78.51,21.49,WARNING,rpm,True,True
RPM_INSTABILITY,0.75,118,S017,73.5,26.5,WARNING,rpm,True,True
RPM_INSTABILITY,1.0,118,S017,80.97,19.03,WARNING,rpm,True,True
RPM_INSTABILITY,1.0,118,S017,80.86,19.14,WARNING,rpm,True,True
COMBINED_FAULT,0.15,118,S017,37.88,62.12,WATCH,rpm,True,False
COMBINED_FAULT,0.15,118,S017,59.89,40.11,WATCH,vibration,True,False
COMBINED_FAULT,0.3,118,S017,72.11,27.89,WARNING,rpm,True,True
COMBINED_FAULT,0.3,118,S017,67.24,32.76,WARNING,vibration,True,True
COMBINED_FAULT,0.5,118,S017,97.39,2.61,CRITICAL,vibration,True,True
COMBINED_FAULT,0.5,118,S017,74.98,25.02,WARNING,rpm,True,True
COMBINED_FAULT,0.75,118,S017,96.79,3.21,CRITICAL,vibration,True,True
COMBINED_FAULT,0.75,118,S017,89.04,10.96,WARNING,joint,True,True
COMBINED_FAULT,1.0,118,S017,76.04,23.96,WARNING,rpm,True,True
COMBINED_FAULT,1.0,118,S017,94.16,5.84,CRITICAL,joint,True,True
NORMAL,0.0,119,S017,6.04,93.96,NORMAL,rpm,False,False
BELT_SLIP,0.15,119,S017,69.72,30.28,WARNING,rpm,True,True
BELT_SLIP,0.15,119,S017,66.89,33.11,WARNING,rpm,True,True
BELT_SLIP,0.3,119,S017,74.87,25.13,WARNING,rpm,True,True
BELT_SLIP,0.3,119,S017,77.55,22.45,WARNING,rpm,True,True
BELT_SLIP,0.5,119,S017,89.48,10.52,WARNING,joint,True,True
BELT_SLIP,0.5,119,S017,85.77,14.23,WARNING,joint,True,True
BELT_SLIP,0.75,119,S017,92.29,7.71,CRITICAL,joint,True,True
BELT_SLIP,0.75,119,S017,93.02,6.98,CRITICAL,joint,True,True
BELT_SLIP,1.0,119,S017,96.53,3.47,CRITICAL,joint,True,True
BELT_SLIP,1.0,119,S017,96.55,3.45,CRITICAL,vibration,True,True
HIGH_VIBRATION,0.15,119,S017,65.61,34.39,WARNING,vibration,True,True
HIGH_VIBRATION,0.15,119,S017,63.38,36.62,WARNING,vibration,True,True
HIGH_VIBRATION,0.3,119,S017,90.57,9.43,WARNING,vibration,True,True
HIGH_VIBRATION,0.3,119,S017,90.38,9.62,WARNING,vibration,True,True
HIGH_VIBRATION,0.5,119,S017,96.02,3.98,CRITICAL,vibration,True,True
HIGH_VIBRATION,0.5,119,S017,96.04,3.96,CRITICAL,vibration,True,True
HIGH_VIBRATION,0.75,119,S017,96.9,3.1,CRITICAL,vibration,True,True
HIGH_VIBRATION,0.75,119,S017,97.27,2.73,CRITICAL,vibration,True,True
HIGH_VIBRATION,1.0,119,S017,97.54,2.46,CRITICAL,vibration,True,True
HIGH_VIBRATION,1.0,119,S017,97.82,2.18,CRITICAL,vibration,True,True
OVERHEATING,0.15,119,S017,11.76,88.24,NORMAL,temperature,False,False
OVERHEATING,0.15,119,S017,11.67,88.33,NORMAL,temperature,False,False
OVERHEATING,0.3,119,S017,34.5,65.5,NORMAL,temperature,False,False
OVERHEATING,0.3,119,S017,34.29,65.71,NORMAL,temperature,False,False
OVERHEATING,0.5,119,S017,54.35,45.65,WATCH,temperature,True,False
OVERHEATING,0.5,119,S017,54.0,46.0,WATCH,temperature,True,False
OVERHEATING,0.75,119,S017,67.95,32.05,WARNING,temperature,True,True
OVERHEATING,0.75,119,S017,68.93,31.07,WARNING,temperature,True,True
OVERHEATING,1.0,119,S017,70.58,29.42,WARNING,temperature,True,True
OVERHEATING,1.0,119,S017,70.58,29.42,WARNING,temperature,True,True
RPM_INSTABILITY,0.15,119,S017,66.92,33.08,WARNING,rpm,True,True
RPM_INSTABILITY,0.15,119,S017,73.78,26.22,WARNING,rpm,True,True
RPM_INSTABILITY,0.3,119,S017,75.49,24.51,WARNING,rpm,True,True
RPM_INSTABILITY,0.3,119,S017,80.81,19.19,WARNING,rpm,True,True
RPM_INSTABILITY,0.5,119,S017,78.29,21.71,WARNING,rpm,True,True
RPM_INSTABILITY,0.5,119,S017,65.27,34.73,WARNING,rpm,True,True
RPM_INSTABILITY,0.75,119,S017,78.33,21.67,WARNING,rpm,True,True
RPM_INSTABILITY,0.75,119,S017,73.28,26.72,WARNING,vibration,True,True
RPM_INSTABILITY,1.0,119,S017,83.87,16.13,WARNING,vibration,True,True
RPM_INSTABILITY,1.0,119,S017,81.25,18.75,WARNING,vibration,True,True
COMBINED_FAULT,0.15,119,S017,53.38,46.62,WATCH,vibration,True,False
COMBINED_FAULT,0.15,119,S017,77.29,22.71,WARNING,vibration,True,True
COMBINED_FAULT,0.3,119,S017,64.22,35.78,WARNING,rpm,True,True
COMBINED_FAULT,0.3,119,S017,74.92,25.08,WARNING,joint,True,True
COMBINED_FAULT,0.5,119,S017,87.78,12.22,WARNING,joint,True,True
COMBINED_FAULT,0.5,119,S017,86.97,13.03,WARNING,vibration,True,True
COMBINED_FAULT,0.75,119,S017,96.2,3.8,CRITICAL,vibration,True,True
COMBINED_FAULT,0.75,119,S017,81.38,18.62,WARNING,joint,True,True
COMBINED_FAULT,1.0,119,S017,95.61,4.39,CRITICAL,joint,True,True
COMBINED_FAULT,1.0,119,S017,97.69,2.31,CRITICAL,vibration,True,True
NORMAL,0.0,120,S017,17.5,82.5,NORMAL,rpm,False,False
BELT_SLIP,0.15,120,S017,63.98,36.02,WARNING,vibration,True,True
BELT_SLIP,0.15,120,S017,74.12,25.88,WARNING,rpm,True,True
BELT_SLIP,0.3,120,S017,79.14,20.86,WARNING,vibration,True,True
BELT_SLIP,0.3,120,S017,78.09,21.91,WARNING,vibration,True,True
BELT_SLIP,0.5,120,S017,89.25,10.75,WARNING,vibration,True,True
BELT_SLIP,0.5,120,S017,90.02,9.98,WARNING,vibration,True,True
BELT_SLIP,0.75,120,S017,94.47,5.53,CRITICAL,vibration,True,True
BELT_SLIP,0.75,120,S017,93.03,6.97,CRITICAL,vibration,True,True
BELT_SLIP,1.0,120,S017,95.69,4.31,CRITICAL,vibration,True,True
BELT_SLIP,1.0,120,S017,96.52,3.48,CRITICAL,vibration,True,True
HIGH_VIBRATION,0.15,120,S017,79.85,20.15,WARNING,vibration,True,True
HIGH_VIBRATION,0.15,120,S017,78.7,21.3,WARNING,vibration,True,True
HIGH_VIBRATION,0.3,120,S017,89.34,10.66,WARNING,vibration,True,True
HIGH_VIBRATION,0.3,120,S017,88.1,11.9,WARNING,vibration,True,True
HIGH_VIBRATION,0.5,120,S017,92.63,7.37,CRITICAL,vibration,True,True
HIGH_VIBRATION,0.5,120,S017,92.93,7.07,CRITICAL,vibration,True,True
HIGH_VIBRATION,0.75,120,S017,95.05,4.95,CRITICAL,vibration,True,True
HIGH_VIBRATION,0.75,120,S017,95.75,4.25,CRITICAL,vibration,True,True
HIGH_VIBRATION,1.0,120,S017,96.38,3.62,CRITICAL,vibration,True,True
HIGH_VIBRATION,1.0,120,S017,96.22,3.78,CRITICAL,vibration,True,True
OVERHEATING,0.15,120,S017,17.5,82.5,NORMAL,rpm,False,False
OVERHEATING,0.15,120,S017,17.5,82.5,NORMAL,rpm,False,False
OVERHEATING,0.3,120,S017,17.5,82.5,NORMAL,rpm,False,False
OVERHEATING,0.3,120,S017,17.5,82.5,NORMAL,rpm,False,False
OVERHEATING,0.5,120,S017,17.5,82.5,NORMAL,rpm,False,False
OVERHEATING,0.5,120,S017,17.5,82.5,NORMAL,rpm,False,False
OVERHEATING,0.75,120,S017,21.71,78.29,NORMAL,temperature,False,False
OVERHEATING,0.75,120,S017,21.32,78.68,NORMAL,temperature,False,False
OVERHEATING,1.0,120,S017,31.43,68.57,NORMAL,temperature,False,False
OVERHEATING,1.0,120,S017,28.94,71.06,NORMAL,temperature,False,False
RPM_INSTABILITY,0.15,120,S017,70.04,29.96,WARNING,rpm,True,True
RPM_INSTABILITY,0.15,120,S017,42.9,57.1,WATCH,rpm,True,False
RPM_INSTABILITY,0.3,120,S017,74.66,25.34,WARNING,rpm,True,True
RPM_INSTABILITY,0.3,120,S017,75.58,24.42,WARNING,rpm,True,True
RPM_INSTABILITY,0.5,120,S017,75.81,24.19,WARNING,rpm,True,True
RPM_INSTABILITY,0.5,120,S017,69.98,30.02,WARNING,rpm,True,True
RPM_INSTABILITY,0.75,120,S017,85.51,14.49,WARNING,vibration,True,True
RPM_INSTABILITY,0.75,120,S017,83.19,16.81,WARNING,vibration,True,True
RPM_INSTABILITY,1.0,120,S017,88.41,11.59,WARNING,vibration,True,True
RPM_INSTABILITY,1.0,120,S017,89.1,10.9,WARNING,vibration,True,True
COMBINED_FAULT,0.15,120,S017,76.27,23.73,WARNING,vibration,True,True
COMBINED_FAULT,0.15,120,S017,41.21,58.79,WATCH,rpm,True,False
COMBINED_FAULT,0.3,120,S017,89.18,10.82,WARNING,vibration,True,True
COMBINED_FAULT,0.3,120,S017,68.75,31.25,WARNING,rpm,True,True
COMBINED_FAULT,0.5,120,S017,91.31,8.69,WARNING,vibration,True,True
COMBINED_FAULT,0.5,120,S017,85.03,14.97,WARNING,joint,True,True
COMBINED_FAULT,0.75,120,S017,75.61,24.39,WARNING,joint,True,True
COMBINED_FAULT,0.75,120,S017,96.82,3.18,CRITICAL,vibration,True,True
COMBINED_FAULT,1.0,120,S017,98.45,1.55,CRITICAL,vibration,True,True
COMBINED_FAULT,1.0,120,S017,96.54,3.46,CRITICAL,vibration,True,True
NORMAL,0.0,121,S017,35.6,64.4,WATCH,rpm,True,False
BELT_SLIP,0.15,121,S017,69.82,30.18,WARNING,rpm,True,True
BELT_SLIP,0.15,121,S017,73.18,26.82,WARNING,rpm,True,True
BELT_SLIP,0.3,121,S017,70.28,29.72,WARNING,rpm,True,True
BELT_SLIP,0.3,121,S017,75.56,24.44,WARNING,rpm,True,True
BELT_SLIP,0.5,121,S017,89.01,10.99,WARNING,vibration,True,True
BELT_SLIP,0.5,121,S017,87.55,12.45,WARNING,vibration,True,True
BELT_SLIP,0.75,121,S017,94.72,5.28,CRITICAL,vibration,True,True
BELT_SLIP,0.75,121,S017,93.9,6.1,CRITICAL,vibration,True,True
BELT_SLIP,1.0,121,S017,95.49,4.51,CRITICAL,joint,True,True
BELT_SLIP,1.0,121,S017,95.58,4.42,CRITICAL,joint,True,True
HIGH_VIBRATION,0.15,121,S017,79.87,20.13,WARNING,vibration,True,True
HIGH_VIBRATION,0.15,121,S017,80.4,19.6,WARNING,vibration,True,True
HIGH_VIBRATION,0.3,121,S017,92.94,7.06,CRITICAL,vibration,True,True
HIGH_VIBRATION,0.3,121,S017,93.97,6.03,CRITICAL,vibration,True,True
HIGH_VIBRATION,0.5,121,S017,97.01,2.99,CRITICAL,vibration,True,True
HIGH_VIBRATION,0.5,121,S017,97.01,2.99,CRITICAL,vibration,True,True
HIGH_VIBRATION,0.75,121,S017,97.31,2.69,CRITICAL,vibration,True,True
HIGH_VIBRATION,0.75,121,S017,97.72,2.28,CRITICAL,vibration,True,True
HIGH_VIBRATION,1.0,121,S017,98.4,1.6,CRITICAL,vibration,True,True
HIGH_VIBRATION,1.0,121,S017,97.98,2.02,CRITICAL,vibration,True,True
OVERHEATING,0.15,121,S017,35.6,64.4,WATCH,rpm,True,False
OVERHEATING,0.15,121,S017,35.6,64.4,WATCH,rpm,True,False
OVERHEATING,0.3,121,S017,35.6,64.4,WATCH,rpm,True,False
OVERHEATING,0.3,121,S017,35.6,64.4,WATCH,rpm,True,False
OVERHEATING,0.5,121,S017,40.89,59.11,WATCH,temperature,True,False
OVERHEATING,0.5,121,S017,40.82,59.18,WATCH,temperature,True,False
OVERHEATING,0.75,121,S017,50.39,49.61,WATCH,temperature,True,False
OVERHEATING,0.75,121,S017,51.69,48.31,WATCH,temperature,True,False
OVERHEATING,1.0,121,S017,63.72,36.28,WARNING,temperature,True,True
OVERHEATING,1.0,121,S017,63.72,36.28,WARNING,temperature,True,True
RPM_INSTABILITY,0.15,121,S017,76.64,23.36,WARNING,rpm,True,True
RPM_INSTABILITY,0.15,121,S017,69.74,30.26,WARNING,rpm,True,True
RPM_INSTABILITY,0.3,121,S017,76.69,23.31,WARNING,rpm,True,True
RPM_INSTABILITY,0.3,121,S017,73.0,27.0,WARNING,rpm,True,True
RPM_INSTABILITY,0.5,121,S017,80.34,19.66,WARNING,rpm,True,True
RPM_INSTABILITY,0.5,121,S017,76.69,23.31,WARNING,rpm,True,True
RPM_INSTABILITY,0.75,121,S017,79.58,20.42,WARNING,vibration,True,True
RPM_INSTABILITY,0.75,121,S017,79.82,20.18,WARNING,vibration,True,True
RPM_INSTABILITY,1.0,121,S017,89.99,10.01,WARNING,vibration,True,True
RPM_INSTABILITY,1.0,121,S017,90.54,9.46,WARNING,vibration,True,True
COMBINED_FAULT,0.15,121,S017,68.6,31.4,WARNING,rpm,True,True
COMBINED_FAULT,0.15,121,S017,64.38,35.62,WARNING,vibration,True,True
COMBINED_FAULT,0.3,121,S017,71.13,28.87,WARNING,rpm,True,True
COMBINED_FAULT,0.3,121,S017,87.51,12.49,WARNING,vibration,True,True
COMBINED_FAULT,0.5,121,S017,95.1,4.9,CRITICAL,vibration,True,True
COMBINED_FAULT,0.5,121,S017,74.97,25.03,WARNING,rpm,True,True
COMBINED_FAULT,0.75,121,S017,97.36,2.64,CRITICAL,vibration,True,True
COMBINED_FAULT,0.75,121,S017,98.58,1.42,CRITICAL,vibration,True,True
COMBINED_FAULT,1.0,121,S017,86.13,13.87,WARNING,joint,True,True
COMBINED_FAULT,1.0,121,S017,86.23,13.77,WARNING,joint,True,True
NORMAL,0.0,122,S018,11.42,88.58,NORMAL,rpm,False,False
BELT_SLIP,0.15,122,S018,66.26,33.74,WARNING,rpm,True,True
BELT_SLIP,0.15,122,S018,68.11,31.89,WARNING,rpm,True,True
BELT_SLIP,0.3,122,S018,78.94,21.06,WARNING,rpm,True,True
BELT_SLIP,0.3,122,S018,78.94,21.06,WARNING,rpm,True,True
BELT_SLIP,0.5,122,S018,81.04,18.96,WARNING,vibration,True,True
BELT_SLIP,0.5,122,S018,80.88,19.12,WARNING,vibration,True,True
BELT_SLIP,0.75,122,S018,92.36,7.64,CRITICAL,vibration,True,True
BELT_SLIP,0.75,122,S018,93.22,6.78,CRITICAL,vibration,True,True
BELT_SLIP,1.0,122,S018,96.5,3.5,CRITICAL,vibration,True,True
BELT_SLIP,1.0,122,S018,97.36,2.64,CRITICAL,vibration,True,True
HIGH_VIBRATION,0.15,122,S018,55.17,44.83,WATCH,vibration,True,False
HIGH_VIBRATION,0.15,122,S018,55.78,44.22,WATCH,vibration,True,False
HIGH_VIBRATION,0.3,122,S018,90.2,9.8,WARNING,vibration,True,True
HIGH_VIBRATION,0.3,122,S018,90.65,9.35,WARNING,vibration,True,True
HIGH_VIBRATION,0.5,122,S018,95.2,4.8,CRITICAL,vibration,True,True
HIGH_VIBRATION,0.5,122,S018,95.54,4.46,CRITICAL,vibration,True,True
HIGH_VIBRATION,0.75,122,S018,97.5,2.5,CRITICAL,vibration,True,True
HIGH_VIBRATION,0.75,122,S018,97.21,2.79,CRITICAL,vibration,True,True
HIGH_VIBRATION,1.0,122,S018,98.12,1.88,CRITICAL,vibration,True,True
HIGH_VIBRATION,1.0,122,S018,97.92,2.08,CRITICAL,vibration,True,True
OVERHEATING,0.15,122,S018,11.42,88.58,NORMAL,rpm,False,False
OVERHEATING,0.15,122,S018,11.42,88.58,NORMAL,rpm,False,False
OVERHEATING,0.3,122,S018,24.7,75.3,NORMAL,temperature,False,False
OVERHEATING,0.3,122,S018,24.3,75.7,NORMAL,temperature,False,False
OVERHEATING,0.5,122,S018,33.11,66.89,NORMAL,temperature,False,False
OVERHEATING,0.5,122,S018,32.28,67.72,NORMAL,temperature,False,False
OVERHEATING,0.75,122,S018,43.53,56.47,WATCH,temperature,True,False
OVERHEATING,0.75,122,S018,43.96,56.04,WATCH,temperature,True,False
OVERHEATING,1.0,122,S018,50.49,49.51,WATCH,temperature,True,False
OVERHEATING,1.0,122,S018,50.59,49.41,WATCH,temperature,True,False
RPM_INSTABILITY,0.15,122,S018,67.05,32.95,WARNING,rpm,True,True
RPM_INSTABILITY,0.15,122,S018,75.96,24.04,WARNING,rpm,True,True
RPM_INSTABILITY,0.3,122,S018,73.48,26.52,WARNING,rpm,True,True
RPM_INSTABILITY,0.3,122,S018,66.49,33.51,WARNING,rpm,True,True
RPM_INSTABILITY,0.5,122,S018,74.63,25.37,WARNING,rpm,True,True
RPM_INSTABILITY,0.5,122,S018,76.08,23.92,WARNING,rpm,True,True
RPM_INSTABILITY,0.75,122,S018,80.9,19.1,WARNING,rpm,True,True
RPM_INSTABILITY,0.75,122,S018,72.26,27.74,WARNING,rpm,True,True
RPM_INSTABILITY,1.0,122,S018,78.11,21.89,WARNING,rpm,True,True
RPM_INSTABILITY,1.0,122,S018,80.81,19.19,WARNING,rpm,True,True
COMBINED_FAULT,0.15,122,S018,52.37,47.63,WATCH,rpm,True,False
COMBINED_FAULT,0.15,122,S018,78.94,21.06,WARNING,rpm,True,True
COMBINED_FAULT,0.3,122,S018,67.47,32.53,WARNING,rpm,True,True
COMBINED_FAULT,0.3,122,S018,78.19,21.81,WARNING,rpm,True,True
COMBINED_FAULT,0.5,122,S018,82.95,17.05,WARNING,joint,True,True
COMBINED_FAULT,0.5,122,S018,82.59,17.41,WARNING,vibration,True,True
COMBINED_FAULT,0.75,122,S018,88.96,11.04,WARNING,joint,True,True
COMBINED_FAULT,0.75,122,S018,90.19,9.81,WARNING,joint,True,True
COMBINED_FAULT,1.0,122,S018,99.03,0.97,CRITICAL,vibration,True,True
COMBINED_FAULT,1.0,122,S018,98.02,1.98,CRITICAL,vibration,True,True
NORMAL,0.0,123,S018,6.62,93.38,NORMAL,rpm,False,False
BELT_SLIP,0.15,123,S018,37.32,62.68,WATCH,rpm,True,False
BELT_SLIP,0.15,123,S018,54.62,45.38,WATCH,rpm,True,False
BELT_SLIP,0.3,123,S018,71.07,28.93,WARNING,rpm,True,True
BELT_SLIP,0.3,123,S018,74.31,25.69,WARNING,rpm,True,True
BELT_SLIP,0.5,123,S018,84.29,15.71,WARNING,joint,True,True
BELT_SLIP,0.5,123,S018,84.35,15.65,WARNING,vibration,True,True
BELT_SLIP,0.75,123,S018,92.63,7.37,CRITICAL,vibration,True,True
BELT_SLIP,0.75,123,S018,94.91,5.09,CRITICAL,vibration,True,True
BELT_SLIP,1.0,123,S018,96.94,3.06,CRITICAL,vibration,True,True
BELT_SLIP,1.0,123,S018,97.46,2.54,CRITICAL,vibration,True,True
HIGH_VIBRATION,0.15,123,S018,71.9,28.1,WARNING,vibration,True,True
HIGH_VIBRATION,0.15,123,S018,72.76,27.24,WARNING,vibration,True,True
HIGH_VIBRATION,0.3,123,S018,92.27,7.73,CRITICAL,vibration,True,True
HIGH_VIBRATION,0.3,123,S018,91.98,8.02,CRITICAL,vibration,True,True
HIGH_VIBRATION,0.5,123,S018,95.81,4.19,CRITICAL,vibration,True,True
HIGH_VIBRATION,0.5,123,S018,95.99,4.01,CRITICAL,vibration,True,True
HIGH_VIBRATION,0.75,123,S018,97.19,2.81,CRITICAL,vibration,True,True
HIGH_VIBRATION,0.75,123,S018,97.3,2.7,CRITICAL,vibration,True,True
HIGH_VIBRATION,1.0,123,S018,98.01,1.99,CRITICAL,vibration,True,True
HIGH_VIBRATION,1.0,123,S018,98.23,1.77,CRITICAL,vibration,True,True
OVERHEATING,0.15,123,S018,6.62,93.38,NORMAL,rpm,False,False
OVERHEATING,0.15,123,S018,6.65,93.35,NORMAL,temperature,False,False
OVERHEATING,0.3,123,S018,14.09,85.91,NORMAL,temperature,False,False
OVERHEATING,0.3,123,S018,13.89,86.11,NORMAL,temperature,False,False
OVERHEATING,0.5,123,S018,20.07,79.93,NORMAL,temperature,False,False
OVERHEATING,0.5,123,S018,19.92,80.08,NORMAL,temperature,False,False
OVERHEATING,0.75,123,S018,28.42,71.58,NORMAL,temperature,False,False
OVERHEATING,0.75,123,S018,26.92,73.08,NORMAL,temperature,False,False
OVERHEATING,1.0,123,S018,45.68,54.32,WATCH,temperature,True,False
OVERHEATING,1.0,123,S018,46.85,53.15,WATCH,temperature,True,False
RPM_INSTABILITY,0.15,123,S018,70.21,29.79,WARNING,rpm,True,True
RPM_INSTABILITY,0.15,123,S018,71.0,29.0,WARNING,rpm,True,True
RPM_INSTABILITY,0.3,123,S018,73.84,26.16,WARNING,rpm,True,True
RPM_INSTABILITY,0.3,123,S018,74.61,25.39,WARNING,rpm,True,True
RPM_INSTABILITY,0.5,123,S018,70.13,29.87,WARNING,rpm,True,True
RPM_INSTABILITY,0.5,123,S018,77.39,22.61,WARNING,rpm,True,True
RPM_INSTABILITY,0.75,123,S018,74.88,25.12,WARNING,rpm,True,True
RPM_INSTABILITY,0.75,123,S018,74.91,25.09,WARNING,rpm,True,True
RPM_INSTABILITY,1.0,123,S018,82.38,17.62,WARNING,joint,True,True
RPM_INSTABILITY,1.0,123,S018,79.72,20.28,WARNING,vibration,True,True
COMBINED_FAULT,0.15,123,S018,62.98,37.02,WARNING,rpm,True,True
COMBINED_FAULT,0.15,123,S018,74.85,25.15,WARNING,rpm,True,True
COMBINED_FAULT,0.3,123,S018,90.91,9.09,WARNING,vibration,True,True
COMBINED_FAULT,0.3,123,S018,68.27,31.73,WARNING,rpm,True,True
COMBINED_FAULT,0.5,123,S018,69.77,30.23,WARNING,rpm,True,True
COMBINED_FAULT,0.5,123,S018,95.89,4.11,CRITICAL,vibration,True,True
COMBINED_FAULT,0.75,123,S018,81.0,19.0,WARNING,rpm,True,True
COMBINED_FAULT,0.75,123,S018,97.68,2.32,CRITICAL,vibration,True,True
COMBINED_FAULT,1.0,123,S018,79.58,20.42,WARNING,joint,True,True
COMBINED_FAULT,1.0,123,S018,97.8,2.2,CRITICAL,vibration,True,True
NORMAL,0.0,124,S018,6.43,93.57,NORMAL,vibration,False,False
BELT_SLIP,0.15,124,S018,59.24,40.76,WATCH,vibration,True,False
BELT_SLIP,0.15,124,S018,59.5,40.5,WATCH,vibration,True,False
BELT_SLIP,0.3,124,S018,74.95,25.05,WARNING,vibration,True,True
BELT_SLIP,0.3,124,S018,76.28,23.72,WARNING,joint,True,True
BELT_SLIP,0.5,124,S018,86.73,13.27,WARNING,joint,True,True
BELT_SLIP,0.5,124,S018,83.46,16.54,WARNING,joint,True,True
BELT_SLIP,0.75,124,S018,93.62,6.38,CRITICAL,joint,True,True
BELT_SLIP,0.75,124,S018,94.16,5.84,CRITICAL,joint,True,True
BELT_SLIP,1.0,124,S018,97.54,2.46,CRITICAL,joint,True,True
BELT_SLIP,1.0,124,S018,97.77,2.23,CRITICAL,vibration,True,True
HIGH_VIBRATION,0.15,124,S018,74.41,25.59,WARNING,vibration,True,True
HIGH_VIBRATION,0.15,124,S018,75.6,24.4,WARNING,vibration,True,True
HIGH_VIBRATION,0.3,124,S018,95.05,4.95,CRITICAL,vibration,True,True
HIGH_VIBRATION,0.3,124,S018,94.91,5.09,CRITICAL,vibration,True,True
HIGH_VIBRATION,0.5,124,S018,97.41,2.59,CRITICAL,vibration,True,True
HIGH_VIBRATION,0.5,124,S018,97.24,2.76,CRITICAL,vibration,True,True
HIGH_VIBRATION,0.75,124,S018,98.52,1.48,CRITICAL,vibration,True,True
HIGH_VIBRATION,0.75,124,S018,98.49,1.51,CRITICAL,vibration,True,True
HIGH_VIBRATION,1.0,124,S018,98.61,1.39,CRITICAL,vibration,True,True
HIGH_VIBRATION,1.0,124,S018,98.58,1.42,CRITICAL,vibration,True,True
OVERHEATING,0.15,124,S018,9.3,90.7,NORMAL,temperature,False,False
OVERHEATING,0.15,124,S018,9.3,90.7,NORMAL,temperature,False,False
OVERHEATING,0.3,124,S018,24.16,75.84,NORMAL,temperature,False,False
OVERHEATING,0.3,124,S018,24.27,75.73,NORMAL,temperature,False,False
OVERHEATING,0.5,124,S018,44.2,55.8,WATCH,temperature,True,False
OVERHEATING,0.5,124,S018,42.19,57.81,WATCH,temperature,True,False
OVERHEATING,0.75,124,S018,54.97,45.03,WATCH,temperature,True,False
OVERHEATING,0.75,124,S018,53.88,46.12,WATCH,temperature,True,False
OVERHEATING,1.0,124,S018,66.73,33.27,WARNING,temperature,True,True
OVERHEATING,1.0,124,S018,66.41,33.59,WARNING,temperature,True,True
RPM_INSTABILITY,0.15,124,S018,69.39,30.61,WARNING,rpm,True,True
RPM_INSTABILITY,0.15,124,S018,67.81,32.19,WARNING,rpm,True,True
RPM_INSTABILITY,0.3,124,S018,76.52,23.48,WARNING,rpm,True,True
RPM_INSTABILITY,0.3,124,S018,68.01,31.99,WARNING,rpm,True,True
RPM_INSTABILITY,0.5,124,S018,81.26,18.74,WARNING,rpm,True,True
RPM_INSTABILITY,0.5,124,S018,77.08,22.92,WARNING,rpm,True,True
RPM_INSTABILITY,0.75,124,S018,81.58,18.42,WARNING,vibration,True,True
RPM_INSTABILITY,0.75,124,S018,82.43,17.57,WARNING,vibration,True,True
RPM_INSTABILITY,1.0,124,S018,86.73,13.27,WARNING,vibration,True,True
RPM_INSTABILITY,1.0,124,S018,88.09,11.91,WARNING,vibration,True,True
COMBINED_FAULT,0.15,124,S018,81.8,18.2,WARNING,vibration,True,True
COMBINED_FAULT,0.15,124,S018,66.65,33.35,WARNING,vibration,True,True
COMBINED_FAULT,0.3,124,S018,76.59,23.41,WARNING,rpm,True,True
COMBINED_FAULT,0.3,124,S018,94.85,5.15,CRITICAL,vibration,True,True
COMBINED_FAULT,0.5,124,S018,88.21,11.79,WARNING,joint,True,True
COMBINED_FAULT,0.5,124,S018,87.97,12.03,WARNING,joint,True,True
COMBINED_FAULT,0.75,124,S018,97.67,2.33,CRITICAL,vibration,True,True
COMBINED_FAULT,0.75,124,S018,98.67,1.33,CRITICAL,vibration,True,True
COMBINED_FAULT,1.0,124,S018,98.16,1.84,CRITICAL,vibration,True,True
COMBINED_FAULT,1.0,124,S018,87.33,12.67,WARNING,joint,True,True
NORMAL,0.0,125,S019,11.23,88.77,NORMAL,vibration,False,False
BELT_SLIP,0.15,125,S019,68.02,31.98,WARNING,rpm,True,True
BELT_SLIP,0.15,125,S019,67.57,32.43,WARNING,rpm,True,True
BELT_SLIP,0.3,125,S019,77.28,22.72,WARNING,rpm,True,True
BELT_SLIP,0.3,125,S019,76.53,23.47,WARNING,rpm,True,True
BELT_SLIP,0.5,125,S019,84.67,15.33,WARNING,joint,True,True
BELT_SLIP,0.5,125,S019,88.02,11.98,WARNING,joint,True,True
BELT_SLIP,0.75,125,S019,92.11,7.89,CRITICAL,joint,True,True
BELT_SLIP,0.75,125,S019,93.14,6.86,CRITICAL,joint,True,True
BELT_SLIP,1.0,125,S019,96.79,3.21,CRITICAL,joint,True,True
BELT_SLIP,1.0,125,S019,96.34,3.66,CRITICAL,joint,True,True
HIGH_VIBRATION,0.15,125,S019,62.02,37.98,WARNING,vibration,True,True
HIGH_VIBRATION,0.15,125,S019,63.79,36.21,WARNING,vibration,True,True
HIGH_VIBRATION,0.3,125,S019,91.46,8.54,WARNING,vibration,True,True
HIGH_VIBRATION,0.3,125,S019,91.06,8.94,WARNING,vibration,True,True
HIGH_VIBRATION,0.5,125,S019,95.68,4.32,CRITICAL,vibration,True,True
HIGH_VIBRATION,0.5,125,S019,95.67,4.33,CRITICAL,vibration,True,True
HIGH_VIBRATION,0.75,125,S019,97.58,2.42,CRITICAL,vibration,True,True
HIGH_VIBRATION,0.75,125,S019,97.88,2.12,CRITICAL,vibration,True,True
HIGH_VIBRATION,1.0,125,S019,98.31,1.69,CRITICAL,vibration,True,True
HIGH_VIBRATION,1.0,125,S019,98.14,1.86,CRITICAL,vibration,True,True
OVERHEATING,0.15,125,S019,12.44,87.56,NORMAL,temperature,False,False
OVERHEATING,0.15,125,S019,12.38,87.62,NORMAL,temperature,False,False
OVERHEATING,0.3,125,S019,34.5,65.5,NORMAL,temperature,False,False
OVERHEATING,0.3,125,S019,34.47,65.53,NORMAL,temperature,False,False
OVERHEATING,0.5,125,S019,49.7,50.3,WATCH,temperature,True,False
OVERHEATING,0.5,125,S019,50.28,49.72,WATCH,temperature,True,False
OVERHEATING,0.75,125,S019,61.33,38.67,WARNING,temperature,True,True
OVERHEATING,0.75,125,S019,59.14,40.86,WATCH,temperature,True,False
OVERHEATING,1.0,125,S019,69.72,30.28,WARNING,temperature,True,True
OVERHEATING,1.0,125,S019,69.72,30.28,WARNING,temperature,True,True
RPM_INSTABILITY,0.15,125,S019,72.15,27.85,WARNING,rpm,True,True
RPM_INSTABILITY,0.15,125,S019,72.81,27.19,WARNING,rpm,True,True
RPM_INSTABILITY,0.3,125,S019,73.64,26.36,WARNING,rpm,True,True
RPM_INSTABILITY,0.3,125,S019,65.1,34.9,WARNING,rpm,True,True
RPM_INSTABILITY,0.5,125,S019,75.47,24.53,WARNING,rpm,True,True
RPM_INSTABILITY,0.5,125,S019,71.39,28.61,WARNING,rpm,True,True
RPM_INSTABILITY,0.75,125,S019,78.04,21.96,WARNING,rpm,True,True
RPM_INSTABILITY,0.75,125,S019,74.32,25.68,WARNING,rpm,True,True
RPM_INSTABILITY,1.0,125,S019,78.81,21.19,WARNING,vibration,True,True
RPM_INSTABILITY,1.0,125,S019,80.17,19.83,WARNING,rpm,True,True
COMBINED_FAULT,0.15,125,S019,67.22,32.78,WARNING,vibration,True,True
COMBINED_FAULT,0.15,125,S019,52.28,47.72,WATCH,vibration,True,False
COMBINED_FAULT,0.3,125,S019,72.1,27.9,WARNING,vibration,True,True
COMBINED_FAULT,0.3,125,S019,73.23,26.77,WARNING,joint,True,True
COMBINED_FAULT,0.5,125,S019,75.47,24.53,WARNING,rpm,True,True
COMBINED_FAULT,0.5,125,S019,97.8,2.2,CRITICAL,vibration,True,True
COMBINED_FAULT,0.75,125,S019,93.85,6.15,CRITICAL,joint,True,True
COMBINED_FAULT,0.75,125,S019,93.51,6.49,CRITICAL,vibration,True,True
COMBINED_FAULT,1.0,125,S019,82.68,17.32,WARNING,joint,True,True
COMBINED_FAULT,1.0,125,S019,98.98,1.02,CRITICAL,vibration,True,True
NORMAL,0.0,126,S019,7.83,92.17,NORMAL,vibration,False,False
BELT_SLIP,0.15,126,S019,72.29,27.71,WARNING,rpm,True,True
BELT_SLIP,0.15,126,S019,75.87,24.13,WARNING,rpm,True,True
BELT_SLIP,0.3,126,S019,70.45,29.55,WARNING,rpm,True,True
BELT_SLIP,0.3,126,S019,69.09,30.91,WARNING,rpm,True,True
BELT_SLIP,0.5,126,S019,80.29,19.71,WARNING,joint,True,True
BELT_SLIP,0.5,126,S019,73.49,26.51,WARNING,joint,True,True
BELT_SLIP,0.75,126,S019,90.44,9.56,WARNING,joint,True,True
BELT_SLIP,0.75,126,S019,91.88,8.12,CRITICAL,joint,True,True
BELT_SLIP,1.0,126,S019,95.96,4.04,CRITICAL,joint,True,True
BELT_SLIP,1.0,126,S019,96.21,3.79,CRITICAL,joint,True,True
HIGH_VIBRATION,0.15,126,S019,41.3,58.7,WATCH,vibration,True,False
HIGH_VIBRATION,0.15,126,S019,37.98,62.02,WATCH,vibration,True,False
HIGH_VIBRATION,0.3,126,S019,82.54,17.46,WARNING,vibration,True,True
HIGH_VIBRATION,0.3,126,S019,82.52,17.48,WARNING,vibration,True,True
HIGH_VIBRATION,0.5,126,S019,94.2,5.8,CRITICAL,vibration,True,True
HIGH_VIBRATION,0.5,126,S019,93.9,6.1,CRITICAL,vibration,True,True
HIGH_VIBRATION,0.75,126,S019,97.05,2.95,CRITICAL,vibration,True,True
HIGH_VIBRATION,0.75,126,S019,96.69,3.31,CRITICAL,vibration,True,True
HIGH_VIBRATION,1.0,126,S019,97.92,2.08,CRITICAL,vibration,True,True
HIGH_VIBRATION,1.0,126,S019,97.85,2.15,CRITICAL,vibration,True,True
OVERHEATING,0.15,126,S019,11.77,88.23,NORMAL,temperature,False,False
OVERHEATING,0.15,126,S019,11.65,88.35,NORMAL,temperature,False,False
OVERHEATING,0.3,126,S019,28.23,71.77,NORMAL,temperature,False,False
OVERHEATING,0.3,126,S019,28.6,71.4,NORMAL,temperature,False,False
OVERHEATING,0.5,126,S019,49.16,50.84,WATCH,temperature,True,False
OVERHEATING,0.5,126,S019,48.73,51.27,WATCH,temperature,True,False
OVERHEATING,0.75,126,S019,60.52,39.48,WATCH,temperature,True,False
OVERHEATING,0.75,126,S019,60.09,39.91,WATCH,temperature,True,False
OVERHEATING,1.0,126,S019,73.0,27.0,WARNING,temperature,True,True
OVERHEATING,1.0,126,S019,72.51,27.49,WARNING,temperature,True,True
RPM_INSTABILITY,0.15,126,S019,73.58,26.42,WARNING,rpm,True,True
RPM_INSTABILITY,0.15,126,S019,67.01,32.99,WARNING,rpm,True,True
RPM_INSTABILITY,0.3,126,S019,71.43,28.57,WARNING,rpm,True,True
RPM_INSTABILITY,0.3,126,S019,70.93,29.07,WARNING,rpm,True,True
RPM_INSTABILITY,0.5,126,S019,78.09,21.91,WARNING,rpm,True,True
RPM_INSTABILITY,0.5,126,S019,75.51,24.49,WARNING,rpm,True,True
RPM_INSTABILITY,0.75,126,S019,74.69,25.31,WARNING,rpm,True,True
RPM_INSTABILITY,0.75,126,S019,79.86,20.14,WARNING,rpm,True,True
RPM_INSTABILITY,1.0,126,S019,75.51,24.49,WARNING,rpm,True,True
RPM_INSTABILITY,1.0,126,S019,75.46,24.54,WARNING,rpm,True,True
COMBINED_FAULT,0.15,126,S019,61.5,38.5,WARNING,rpm,True,True
COMBINED_FAULT,0.15,126,S019,50.5,49.5,WATCH,rpm,True,False
COMBINED_FAULT,0.3,126,S019,65.3,34.7,WARNING,vibration,True,True
COMBINED_FAULT,0.3,126,S019,79.93,20.07,WARNING,rpm,True,True
COMBINED_FAULT,0.5,126,S019,87.49,12.51,WARNING,vibration,True,True
COMBINED_FAULT,0.5,126,S019,79.93,20.07,WARNING,rpm,True,True
COMBINED_FAULT,0.75,126,S019,94.56,5.44,CRITICAL,vibration,True,True
COMBINED_FAULT,0.75,126,S019,89.68,10.32,WARNING,joint,True,True
COMBINED_FAULT,1.0,126,S019,98.1,1.9,CRITICAL,vibration,True,True
COMBINED_FAULT,1.0,126,S019,74.16,25.84,WARNING,joint,True,True
NORMAL,0.0,127,S019,6.37,93.63,NORMAL,vibration,False,False
BELT_SLIP,0.15,127,S019,60.32,39.68,WATCH,rpm,True,False
BELT_SLIP,0.15,127,S019,38.54,61.46,WATCH,rpm,True,False
BELT_SLIP,0.3,127,S019,75.62,24.38,WARNING,rpm,True,True
BELT_SLIP,0.3,127,S019,71.27,28.73,WARNING,rpm,True,True
BELT_SLIP,0.5,127,S019,78.94,21.06,WARNING,rpm,True,True
BELT_SLIP,0.5,127,S019,78.94,21.06,WARNING,rpm,True,True
BELT_SLIP,0.75,127,S019,84.6,15.4,WARNING,joint,True,True
BELT_SLIP,0.75,127,S019,85.98,14.02,WARNING,joint,True,True
BELT_SLIP,1.0,127,S019,92.31,7.69,CRITICAL,joint,True,True
BELT_SLIP,1.0,127,S019,91.7,8.3,WARNING,vibration,True,True
HIGH_VIBRATION,0.15,127,S019,28.1,71.9,NORMAL,vibration,False,False
HIGH_VIBRATION,0.15,127,S019,27.39,72.61,NORMAL,vibration,False,False
HIGH_VIBRATION,0.3,127,S019,70.76,29.24,WARNING,vibration,True,True
HIGH_VIBRATION,0.3,127,S019,72.95,27.05,WARNING,vibration,True,True
HIGH_VIBRATION,0.5,127,S019,92.79,7.21,CRITICAL,vibration,True,True
HIGH_VIBRATION,0.5,127,S019,92.49,7.51,CRITICAL,vibration,True,True
HIGH_VIBRATION,0.75,127,S019,96.28,3.72,CRITICAL,vibration,True,True
HIGH_VIBRATION,0.75,127,S019,96.34,3.66,CRITICAL,vibration,True,True
HIGH_VIBRATION,1.0,127,S019,97.64,2.36,CRITICAL,vibration,True,True
HIGH_VIBRATION,1.0,127,S019,97.59,2.41,CRITICAL,vibration,True,True
OVERHEATING,0.15,127,S019,7.44,92.56,NORMAL,temperature,False,False
OVERHEATING,0.15,127,S019,7.16,92.84,NORMAL,temperature,False,False
OVERHEATING,0.3,127,S019,15.18,84.82,NORMAL,temperature,False,False
OVERHEATING,0.3,127,S019,15.21,84.79,NORMAL,temperature,False,False
OVERHEATING,0.5,127,S019,21.65,78.35,NORMAL,temperature,False,False
OVERHEATING,0.5,127,S019,22.1,77.9,NORMAL,temperature,False,False
OVERHEATING,0.75,127,S019,32.68,67.32,NORMAL,temperature,False,False
OVERHEATING,0.75,127,S019,33.63,66.37,NORMAL,temperature,False,False
OVERHEATING,1.0,127,S019,49.16,50.84,WATCH,temperature,True,False
OVERHEATING,1.0,127,S019,51.79,48.21,WATCH,temperature,True,False
RPM_INSTABILITY,0.15,127,S019,75.13,24.87,WARNING,rpm,True,True
RPM_INSTABILITY,0.15,127,S019,72.79,27.21,WARNING,rpm,True,True
RPM_INSTABILITY,0.3,127,S019,72.01,27.99,WARNING,rpm,True,True
RPM_INSTABILITY,0.3,127,S019,79.18,20.82,WARNING,rpm,True,True
RPM_INSTABILITY,0.5,127,S019,69.27,30.73,WARNING,rpm,True,True
RPM_INSTABILITY,0.5,127,S019,64.94,35.06,WARNING,rpm,True,True
RPM_INSTABILITY,0.75,127,S019,71.5,28.5,WARNING,rpm,True,True
RPM_INSTABILITY,0.75,127,S019,72.81,27.19,WARNING,rpm,True,True
RPM_INSTABILITY,1.0,127,S019,75.42,24.58,WARNING,rpm,True,True
RPM_INSTABILITY,1.0,127,S019,77.97,22.03,WARNING,rpm,True,True
COMBINED_FAULT,0.15,127,S019,67.44,32.56,WARNING,rpm,True,True
COMBINED_FAULT,0.15,127,S019,62.87,37.13,WARNING,rpm,True,True
COMBINED_FAULT,0.3,127,S019,76.98,23.02,WARNING,rpm,True,True
COMBINED_FAULT,0.3,127,S019,71.16,28.84,WARNING,rpm,True,True
COMBINED_FAULT,0.5,127,S019,80.77,19.23,WARNING,rpm,True,True
COMBINED_FAULT,0.5,127,S019,72.18,27.82,WARNING,rpm,True,True
COMBINED_FAULT,0.75,127,S019,93.42,6.58,CRITICAL,vibration,True,True
COMBINED_FAULT,0.75,127,S019,98.19,1.81,CRITICAL,vibration,True,True
COMBINED_FAULT,1.0,127,S019,95.61,4.39,CRITICAL,vibration,True,True
COMBINED_FAULT,1.0,127,S019,93.5,6.5,CRITICAL,vibration,True,True
NORMAL,0.0,128,S019,5.44,94.56,NORMAL,rpm,False,False
BELT_SLIP,0.15,128,S019,76.46,23.54,WARNING,rpm,True,True
BELT_SLIP,0.15,128,S019,66.92,33.08,WARNING,rpm,True,True
BELT_SLIP,0.3,128,S019,78.17,21.83,WARNING,rpm,True,True
BELT_SLIP,0.3,128,S019,78.94,21.06,WARNING,rpm,True,True
BELT_SLIP,0.5,128,S019,81.48,18.52,WARNING,vibration,True,True
BELT_SLIP,0.5,128,S019,80.87,19.13,WARNING,vibration,True,True
BELT_SLIP,0.75,128,S019,90.2,9.8,WARNING,joint,True,True
BELT_SLIP,0.75,128,S019,90.55,9.45,WARNING,vibration,True,True
BELT_SLIP,1.0,128,S019,96.04,3.96,CRITICAL,joint,True,True
BELT_SLIP,1.0,128,S019,95.86,4.14,CRITICAL,joint,True,True
HIGH_VIBRATION,0.15,128,S019,46.55,53.45,WATCH,vibration,True,False
HIGH_VIBRATION,0.15,128,S019,48.16,51.84,WATCH,vibration,True,False
HIGH_VIBRATION,0.3,128,S019,78.37,21.63,WARNING,vibration,True,True
HIGH_VIBRATION,0.3,128,S019,81.3,18.7,WARNING,vibration,True,True
HIGH_VIBRATION,0.5,128,S019,91.7,8.3,WARNING,vibration,True,True
HIGH_VIBRATION,0.5,128,S019,92.52,7.48,CRITICAL,vibration,True,True
HIGH_VIBRATION,0.75,128,S019,96.5,3.5,CRITICAL,vibration,True,True
HIGH_VIBRATION,0.75,128,S019,96.12,3.88,CRITICAL,vibration,True,True
HIGH_VIBRATION,1.0,128,S019,98.05,1.95,CRITICAL,vibration,True,True
HIGH_VIBRATION,1.0,128,S019,98.0,2.0,CRITICAL,vibration,True,True
OVERHEATING,0.15,128,S019,7.98,92.02,NORMAL,temperature,False,False
OVERHEATING,0.15,128,S019,7.88,92.12,NORMAL,temperature,False,False
OVERHEATING,0.3,128,S019,20.86,79.14,NORMAL,temperature,False,False
OVERHEATING,0.3,128,S019,20.33,79.67,NORMAL,temperature,False,False
OVERHEATING,0.5,128,S019,32.38,67.62,NORMAL,temperature,False,False
OVERHEATING,0.5,128,S019,32.26,67.74,NORMAL,temperature,False,False
OVERHEATING,0.75,128,S019,49.78,50.22,WATCH,temperature,True,False
OVERHEATING,0.75,128,S019,50.34,49.66,WATCH,temperature,True,False
OVERHEATING,1.0,128,S019,61.94,38.06,WARNING,temperature,True,True
OVERHEATING,1.0,128,S019,60.98,39.02,WARNING,temperature,True,True
RPM_INSTABILITY,0.15,128,S019,70.0,30.0,WARNING,rpm,True,True
RPM_INSTABILITY,0.15,128,S019,72.11,27.89,WARNING,rpm,True,True
RPM_INSTABILITY,0.3,128,S019,63.89,36.11,WARNING,rpm,True,True
RPM_INSTABILITY,0.3,128,S019,75.58,24.42,WARNING,rpm,True,True
RPM_INSTABILITY,0.5,128,S019,75.56,24.44,WARNING,rpm,True,True
RPM_INSTABILITY,0.5,128,S019,73.67,26.33,WARNING,rpm,True,True
RPM_INSTABILITY,0.75,128,S019,73.85,26.15,WARNING,rpm,True,True
RPM_INSTABILITY,0.75,128,S019,73.34,26.66,WARNING,rpm,True,True
RPM_INSTABILITY,1.0,128,S019,75.56,24.44,WARNING,rpm,True,True
RPM_INSTABILITY,1.0,128,S019,77.73,22.27,WARNING,rpm,True,True
COMBINED_FAULT,0.15,128,S019,49.33,50.67,WATCH,rpm,True,False
COMBINED_FAULT,0.15,128,S019,63.98,36.02,WARNING,rpm,True,True
COMBINED_FAULT,0.3,128,S019,78.03,21.97,WARNING,rpm,True,True
COMBINED_FAULT,0.3,128,S019,63.02,36.98,WARNING,vibration,True,True
COMBINED_FAULT,0.5,128,S019,67.0,33.0,WARNING,rpm,True,True
COMBINED_FAULT,0.5,128,S019,84.26,15.74,WARNING,vibration,True,True
COMBINED_FAULT,0.75,128,S019,98.16,1.84,CRITICAL,vibration,True,True
COMBINED_FAULT,0.75,128,S019,92.94,7.06,CRITICAL,vibration,True,True
COMBINED_FAULT,1.0,128,S019,96.13,3.87,CRITICAL,vibration,True,True
COMBINED_FAULT,1.0,128,S019,98.59,1.41,CRITICAL,vibration,True,True
NORMAL,0.0,129,S019,4.67,95.33,NORMAL,rpm,False,False
BELT_SLIP,0.15,129,S019,57.54,42.46,WATCH,rpm,True,False
BELT_SLIP,0.15,129,S019,63.06,36.94,WARNING,rpm,True,True
BELT_SLIP,0.3,129,S019,74.77,25.23,WARNING,rpm,True,True
BELT_SLIP,0.3,129,S019,67.99,32.01,WARNING,rpm,True,True
BELT_SLIP,0.5,129,S019,80.15,19.85,WARNING,joint,True,True
BELT_SLIP,0.5,129,S019,81.0,19.0,WARNING,joint,True,True
BELT_SLIP,0.75,129,S019,89.06,10.94,WARNING,vibration,True,True
BELT_SLIP,0.75,129,S019,90.05,9.95,WARNING,vibration,True,True
BELT_SLIP,1.0,129,S019,95.3,4.7,CRITICAL,joint,True,True
BELT_SLIP,1.0,129,S019,95.06,4.94,CRITICAL,vibration,True,True
HIGH_VIBRATION,0.15,129,S019,52.18,47.82,WATCH,vibration,True,False
HIGH_VIBRATION,0.15,129,S019,51.63,48.37,WATCH,vibration,True,False
HIGH_VIBRATION,0.3,129,S019,85.11,14.89,WARNING,vibration,True,True
HIGH_VIBRATION,0.3,129,S019,85.73,14.27,WARNING,vibration,True,True
HIGH_VIBRATION,0.5,129,S019,93.78,6.22,CRITICAL,vibration,True,True
HIGH_VIBRATION,0.5,129,S019,94.61,5.39,CRITICAL,vibration,True,True
HIGH_VIBRATION,0.75,129,S019,96.28,3.72,CRITICAL,vibration,True,True
HIGH_VIBRATION,0.75,129,S019,96.3,3.7,CRITICAL,vibration,True,True
HIGH_VIBRATION,1.0,129,S019,97.51,2.49,CRITICAL,vibration,True,True
HIGH_VIBRATION,1.0,129,S019,97.86,2.14,CRITICAL,vibration,True,True
OVERHEATING,0.15,129,S019,9.32,90.68,NORMAL,temperature,False,False
OVERHEATING,0.15,129,S019,9.32,90.68,NORMAL,temperature,False,False
OVERHEATING,0.3,129,S019,22.11,77.89,NORMAL,temperature,False,False
OVERHEATING,0.3,129,S019,22.04,77.96,NORMAL,temperature,False,False
OVERHEATING,0.5,129,S019,35.43,64.57,WATCH,temperature,True,False
OVERHEATING,0.5,129,S019,34.91,65.09,WATCH,temperature,True,False
OVERHEATING,0.75,129,S019,49.4,50.6,WATCH,temperature,True,False
OVERHEATING,0.75,129,S019,47.51,52.49,WATCH,temperature,True,False
OVERHEATING,1.0,129,S019,58.5,41.5,WATCH,temperature,True,False
OVERHEATING,1.0,129,S019,58.8,41.2,WATCH,temperature,True,False
RPM_INSTABILITY,0.15,129,S019,60.76,39.24,WARNING,rpm,True,True
RPM_INSTABILITY,0.15,129,S019,64.8,35.2,WARNING,rpm,True,True
RPM_INSTABILITY,0.3,129,S019,70.76,29.24,WARNING,rpm,True,True
RPM_INSTABILITY,0.3,129,S019,70.48,29.52,WARNING,rpm,True,True
RPM_INSTABILITY,0.5,129,S019,80.92,19.08,WARNING,rpm,True,True
RPM_INSTABILITY,0.5,129,S019,80.97,19.03,WARNING,rpm,True,True
RPM_INSTABILITY,0.75,129,S019,80.97,19.03,WARNING,rpm,True,True
RPM_INSTABILITY,0.75,129,S019,75.93,24.07,WARNING,rpm,True,True
RPM_INSTABILITY,1.0,129,S019,78.14,21.86,WARNING,rpm,True,True
RPM_INSTABILITY,1.0,129,S019,77.96,22.04,WARNING,vibration,True,True
COMBINED_FAULT,0.15,129,S019,61.65,38.35,WARNING,rpm,True,True
COMBINED_FAULT,0.15,129,S019,47.74,52.26,WATCH,vibration,True,False
COMBINED_FAULT,0.3,129,S019,68.11,31.89,WARNING,rpm,True,True
COMBINED_FAULT,0.3,129,S019,74.46,25.54,WARNING,rpm,True,True
COMBINED_FAULT,0.5,129,S019,97.11,2.89,CRITICAL,vibration,True,True
COMBINED_FAULT,0.5,129,S019,70.29,29.71,WARNING,rpm,True,True
COMBINED_FAULT,0.75,129,S019,92.59,7.41,CRITICAL,joint,True,True
COMBINED_FAULT,0.75,129,S019,97.04,2.96,CRITICAL,vibration,True,True
COMBINED_FAULT,1.0,129,S019,98.76,1.24,CRITICAL,vibration,True,True
COMBINED_FAULT,1.0,129,S019,94.41,5.59,CRITICAL,joint,True,True
NORMAL,0.0,130,S019,7.26,92.74,NORMAL,vibration,False,False
BELT_SLIP,0.15,130,S019,54.88,45.12,WATCH,vibration,True,False
BELT_SLIP,0.15,130,S019,64.22,35.78,WARNING,rpm,True,True
BELT_SLIP,0.3,130,S019,76.88,23.12,WARNING,vibration,True,True
BELT_SLIP,0.3,130,S019,74.97,25.03,WARNING,vibration,True,True
BELT_SLIP,0.5,130,S019,88.02,11.98,WARNING,vibration,True,True
BELT_SLIP,0.5,130,S019,87.89,12.11,WARNING,vibration,True,True
BELT_SLIP,0.75,130,S019,93.75,6.25,CRITICAL,joint,True,True
BELT_SLIP,0.75,130,S019,93.59,6.41,CRITICAL,vibration,True,True
BELT_SLIP,1.0,130,S019,96.25,3.75,CRITICAL,joint,True,True
BELT_SLIP,1.0,130,S019,97.11,2.89,CRITICAL,joint,True,True
HIGH_VIBRATION,0.15,130,S019,62.22,37.78,WARNING,vibration,True,True
HIGH_VIBRATION,0.15,130,S019,61.89,38.11,WARNING,vibration,True,True
HIGH_VIBRATION,0.3,130,S019,85.29,14.71,WARNING,vibration,True,True
HIGH_VIBRATION,0.3,130,S019,85.78,14.22,WARNING,vibration,True,True
HIGH_VIBRATION,0.5,130,S019,93.94,6.06,CRITICAL,vibration,True,True
HIGH_VIBRATION,0.5,130,S019,95.19,4.81,CRITICAL,vibration,True,True
HIGH_VIBRATION,0.75,130,S019,97.71,2.29,CRITICAL,vibration,True,True
HIGH_VIBRATION,0.75,130,S019,97.38,2.62,CRITICAL,vibration,True,True
HIGH_VIBRATION,1.0,130,S019,98.41,1.59,CRITICAL,vibration,True,True
HIGH_VIBRATION,1.0,130,S019,98.23,1.77,CRITICAL,vibration,True,True
OVERHEATING,0.15,130,S019,15.16,84.84,NORMAL,temperature,False,False
OVERHEATING,0.15,130,S019,15.16,84.84,NORMAL,temperature,False,False
OVERHEATING,0.3,130,S019,34.81,65.19,NORMAL,temperature,False,False
OVERHEATING,0.3,130,S019,34.85,65.15,NORMAL,temperature,False,False
OVERHEATING,0.5,130,S019,59.02,40.98,WATCH,temperature,True,False
OVERHEATING,0.5,130,S019,58.55,41.45,WATCH,temperature,True,False
OVERHEATING,0.75,130,S019,68.92,31.08,WARNING,temperature,True,True
OVERHEATING,0.75,130,S019,68.24,31.76,WARNING,temperature,True,True
OVERHEATING,1.0,130,S019,73.43,26.57,WARNING,temperature,True,True
OVERHEATING,1.0,130,S019,73.43,26.57,WARNING,temperature,True,True
RPM_INSTABILITY,0.15,130,S019,71.11,28.89,WARNING,rpm,True,True
RPM_INSTABILITY,0.15,130,S019,66.58,33.42,WARNING,rpm,True,True
RPM_INSTABILITY,0.3,130,S019,71.62,28.38,WARNING,rpm,True,True
RPM_INSTABILITY,0.3,130,S019,73.23,26.77,WARNING,rpm,True,True
RPM_INSTABILITY,0.5,130,S019,76.69,23.31,WARNING,rpm,True,True
RPM_INSTABILITY,0.5,130,S019,76.79,23.21,WARNING,rpm,True,True
RPM_INSTABILITY,0.75,130,S019,77.23,22.77,WARNING,vibration,True,True
RPM_INSTABILITY,0.75,130,S019,74.55,25.45,WARNING,rpm,True,True
RPM_INSTABILITY,1.0,130,S019,85.51,14.49,WARNING,vibration,True,True
RPM_INSTABILITY,1.0,130,S019,83.28,16.72,WARNING,vibration,True,True
COMBINED_FAULT,0.15,130,S019,68.07,31.93,WARNING,rpm,True,True
COMBINED_FAULT,0.15,130,S019,51.7,48.3,WATCH,vibration,True,False
COMBINED_FAULT,0.3,130,S019,93.07,6.93,CRITICAL,vibration,True,True
COMBINED_FAULT,0.3,130,S019,78.18,21.82,WARNING,vibration,True,True
COMBINED_FAULT,0.5,130,S019,88.78,11.22,WARNING,vibration,True,True
COMBINED_FAULT,0.5,130,S019,72.96,27.04,WARNING,rpm,True,True
COMBINED_FAULT,0.75,130,S019,98.65,1.35,CRITICAL,vibration,True,True
COMBINED_FAULT,0.75,130,S019,98.6,1.4,CRITICAL,vibration,True,True
COMBINED_FAULT,1.0,130,S019,98.09,1.91,CRITICAL,vibration,True,True
COMBINED_FAULT,1.0,130,S019,98.57,1.43,CRITICAL,vibration,True,True
NORMAL,0.0,131,S020,12.78,87.22,NORMAL,rpm,False,False
BELT_SLIP,0.15,131,S020,51.89,48.11,WATCH,rpm,True,False
BELT_SLIP,0.15,131,S020,51.31,48.69,WATCH,rpm,True,False
BELT_SLIP,0.3,131,S020,78.59,21.41,WARNING,rpm,True,True
BELT_SLIP,0.3,131,S020,81.74,18.26,WARNING,rpm,True,True
BELT_SLIP,0.5,131,S020,77.6,22.4,WARNING,joint,True,True
BELT_SLIP,0.5,131,S020,81.81,18.19,WARNING,rpm,True,True
BELT_SLIP,0.75,131,S020,88.84,11.16,WARNING,joint,True,True
BELT_SLIP,0.75,131,S020,88.38,11.62,WARNING,joint,True,True
BELT_SLIP,1.0,131,S020,92.07,7.93,CRITICAL,joint,True,True
BELT_SLIP,1.0,131,S020,94.55,5.45,CRITICAL,joint,True,True
HIGH_VIBRATION,0.15,131,S020,43.12,56.88,WATCH,vibration,True,False
HIGH_VIBRATION,0.15,131,S020,44.15,55.85,WATCH,vibration,True,False
HIGH_VIBRATION,0.3,131,S020,73.42,26.58,WARNING,vibration,True,True
HIGH_VIBRATION,0.3,131,S020,75.04,24.96,WARNING,vibration,True,True
HIGH_VIBRATION,0.5,131,S020,91.07,8.93,WARNING,vibration,True,True
HIGH_VIBRATION,0.5,131,S020,92.76,7.24,CRITICAL,vibration,True,True
HIGH_VIBRATION,0.75,131,S020,96.16,3.84,CRITICAL,vibration,True,True
HIGH_VIBRATION,0.75,131,S020,95.38,4.62,CRITICAL,vibration,True,True
HIGH_VIBRATION,1.0,131,S020,97.01,2.99,CRITICAL,vibration,True,True
HIGH_VIBRATION,1.0,131,S020,98.02,1.98,CRITICAL,vibration,True,True
OVERHEATING,0.15,131,S020,12.78,87.22,NORMAL,rpm,False,False
OVERHEATING,0.15,131,S020,12.78,87.22,NORMAL,rpm,False,False
OVERHEATING,0.3,131,S020,20.93,79.07,NORMAL,temperature,False,False
OVERHEATING,0.3,131,S020,20.51,79.49,NORMAL,temperature,False,False
OVERHEATING,0.5,131,S020,29.85,70.15,NORMAL,temperature,False,False
OVERHEATING,0.5,131,S020,29.88,70.12,NORMAL,temperature,False,False
OVERHEATING,0.75,131,S020,42.73,57.27,WATCH,temperature,True,False
OVERHEATING,0.75,131,S020,43.06,56.94,WATCH,temperature,True,False
OVERHEATING,1.0,131,S020,53.99,46.01,WATCH,temperature,True,False
OVERHEATING,1.0,131,S020,53.34,46.66,WATCH,temperature,True,False
RPM_INSTABILITY,0.15,131,S020,80.02,19.98,WARNING,rpm,True,True
RPM_INSTABILITY,0.15,131,S020,68.33,31.67,WARNING,rpm,True,True
RPM_INSTABILITY,0.3,131,S020,73.81,26.19,WARNING,rpm,True,True
RPM_INSTABILITY,0.3,131,S020,71.82,28.18,WARNING,rpm,True,True
RPM_INSTABILITY,0.5,131,S020,66.39,33.61,WARNING,rpm,True,True
RPM_INSTABILITY,0.5,131,S020,77.94,22.06,WARNING,rpm,True,True
RPM_INSTABILITY,0.75,131,S020,79.98,20.02,WARNING,rpm,True,True
RPM_INSTABILITY,0.75,131,S020,80.1,19.9,WARNING,rpm,True,True
RPM_INSTABILITY,1.0,131,S020,77.25,22.75,WARNING,rpm,True,True
RPM_INSTABILITY,1.0,131,S020,76.11,23.89,WARNING,joint,True,True
COMBINED_FAULT,0.15,131,S020,38.19,61.81,WATCH,vibration,True,False
COMBINED_FAULT,0.15,131,S020,34.7,65.3,NORMAL,vibration,False,False
COMBINED_FAULT,0.3,131,S020,88.21,11.79,WARNING,vibration,True,True
COMBINED_FAULT,0.3,131,S020,73.92,26.08,WARNING,rpm,True,True
COMBINED_FAULT,0.5,131,S020,95.84,4.16,CRITICAL,vibration,True,True
COMBINED_FAULT,0.5,131,S020,82.2,17.8,WARNING,joint,True,True
COMBINED_FAULT,0.75,131,S020,96.3,3.7,CRITICAL,vibration,True,True
COMBINED_FAULT,0.75,131,S020,87.8,12.2,WARNING,joint,True,True
COMBINED_FAULT,1.0,131,S020,80.72,19.28,WARNING,joint,True,True
COMBINED_FAULT,1.0,131,S020,93.37,6.63,CRITICAL,vibration,True,True
NORMAL,0.0,132,S020,11.96,88.04,NORMAL,rpm,False,False
BELT_SLIP,0.15,132,S020,69.83,30.17,WARNING,rpm,True,True
BELT_SLIP,0.15,132,S020,64.81,35.19,WARNING,rpm,True,True
BELT_SLIP,0.3,132,S020,78.61,21.39,WARNING,rpm,True,True
BELT_SLIP,0.3,132,S020,70.48,29.52,WARNING,rpm,True,True
BELT_SLIP,0.5,132,S020,81.81,18.19,WARNING,rpm,True,True
BELT_SLIP,0.5,132,S020,81.01,18.99,WARNING,joint,True,True
BELT_SLIP,0.75,132,S020,94.09,5.91,CRITICAL,vibration,True,True
BELT_SLIP,0.75,132,S020,93.59,6.41,CRITICAL,vibration,True,True
BELT_SLIP,1.0,132,S020,97.27,2.73,CRITICAL,vibration,True,True
BELT_SLIP,1.0,132,S020,97.2,2.8,CRITICAL,vibration,True,True
HIGH_VIBRATION,0.15,132,S020,56.78,43.22,WATCH,vibration,True,False
HIGH_VIBRATION,0.15,132,S020,55.29,44.71,WATCH,vibration,True,False
HIGH_VIBRATION,0.3,132,S020,89.83,10.17,WARNING,vibration,True,True
HIGH_VIBRATION,0.3,132,S020,90.41,9.59,WARNING,vibration,True,True
HIGH_VIBRATION,0.5,132,S020,94.04,5.96,CRITICAL,vibration,True,True
HIGH_VIBRATION,0.5,132,S020,94.23,5.77,CRITICAL,vibration,True,True
HIGH_VIBRATION,0.75,132,S020,96.19,3.81,CRITICAL,vibration,True,True
HIGH_VIBRATION,0.75,132,S020,96.54,3.46,CRITICAL,vibration,True,True
HIGH_VIBRATION,1.0,132,S020,98.2,1.8,CRITICAL,vibration,True,True
HIGH_VIBRATION,1.0,132,S020,97.96,2.04,CRITICAL,vibration,True,True
OVERHEATING,0.15,132,S020,11.96,88.04,NORMAL,rpm,False,False
OVERHEATING,0.15,132,S020,11.96,88.04,NORMAL,rpm,False,False
OVERHEATING,0.3,132,S020,14.85,85.15,NORMAL,temperature,False,False
OVERHEATING,0.3,132,S020,14.82,85.18,NORMAL,temperature,False,False
OVERHEATING,0.5,132,S020,15.67,84.33,NORMAL,temperature,False,False
OVERHEATING,0.5,132,S020,15.27,84.73,NORMAL,temperature,False,False
OVERHEATING,0.75,132,S020,17.0,83.0,NORMAL,temperature,False,False
OVERHEATING,0.75,132,S020,16.5,83.5,NORMAL,temperature,False,False
OVERHEATING,1.0,132,S020,25.65,74.35,NORMAL,temperature,False,False
OVERHEATING,1.0,132,S020,27.81,72.19,NORMAL,temperature,False,False
RPM_INSTABILITY,0.15,132,S020,74.13,25.87,WARNING,rpm,True,True
RPM_INSTABILITY,0.15,132,S020,61.34,38.66,WARNING,rpm,True,True
RPM_INSTABILITY,0.3,132,S020,73.01,26.99,WARNING,rpm,True,True
RPM_INSTABILITY,0.3,132,S020,71.63,28.37,WARNING,rpm,True,True
RPM_INSTABILITY,0.5,132,S020,76.27,23.73,WARNING,rpm,True,True
RPM_INSTABILITY,0.5,132,S020,79.59,20.41,WARNING,rpm,True,True
RPM_INSTABILITY,0.75,132,S020,70.66,29.34,WARNING,rpm,True,True
RPM_INSTABILITY,0.75,132,S020,79.96,20.04,WARNING,rpm,True,True
RPM_INSTABILITY,1.0,132,S020,82.48,17.52,WARNING,joint,True,True
RPM_INSTABILITY,1.0,132,S020,81.0,19.0,WARNING,joint,True,True
COMBINED_FAULT,0.15,132,S020,73.3,26.7,WARNING,rpm,True,True
COMBINED_FAULT,0.15,132,S020,70.95,29.05,WARNING,joint,True,True
COMBINED_FAULT,0.3,132,S020,89.79,10.21,WARNING,joint,True,True
COMBINED_FAULT,0.3,132,S020,76.37,23.63,WARNING,rpm,True,True
COMBINED_FAULT,0.5,132,S020,91.92,8.08,CRITICAL,vibration,True,True
COMBINED_FAULT,0.5,132,S020,94.74,5.26,CRITICAL,joint,True,True
COMBINED_FAULT,0.75,132,S020,76.35,23.65,WARNING,rpm,True,True
COMBINED_FAULT,0.75,132,S020,94.92,5.08,CRITICAL,vibration,True,True
COMBINED_FAULT,1.0,132,S020,77.09,22.91,WARNING,joint,True,True
COMBINED_FAULT,1.0,132,S020,95.72,4.28,CRITICAL,vibration,True,True
NORMAL,0.0,133,S022,7.84,92.16,NORMAL,vibration,False,False
BELT_SLIP,0.15,133,S022,79.96,20.04,WARNING,rpm,True,True
BELT_SLIP,0.15,133,S022,48.87,51.13,WATCH,rpm,True,False
BELT_SLIP,0.3,133,S022,72.95,27.05,WARNING,vibration,True,True
BELT_SLIP,0.3,133,S022,76.68,23.32,WARNING,rpm,True,True
BELT_SLIP,0.5,133,S022,82.66,17.34,WARNING,joint,True,True
BELT_SLIP,0.5,133,S022,78.96,21.04,WARNING,joint,True,True
BELT_SLIP,0.75,133,S022,89.95,10.05,WARNING,joint,True,True
BELT_SLIP,0.75,133,S022,90.8,9.2,WARNING,joint,True,True
BELT_SLIP,1.0,133,S022,94.0,6.0,CRITICAL,joint,True,True
BELT_SLIP,1.0,133,S022,95.3,4.7,CRITICAL,joint,True,True
HIGH_VIBRATION,0.15,133,S022,57.18,42.82,WATCH,vibration,True,False
HIGH_VIBRATION,0.15,133,S022,57.07,42.93,WATCH,vibration,True,False
HIGH_VIBRATION,0.3,133,S022,84.17,15.83,WARNING,vibration,True,True
HIGH_VIBRATION,0.3,133,S022,83.94,16.06,WARNING,vibration,True,True
HIGH_VIBRATION,0.5,133,S022,94.79,5.21,CRITICAL,vibration,True,True
HIGH_VIBRATION,0.5,133,S022,94.53,5.47,CRITICAL,vibration,True,True
HIGH_VIBRATION,0.75,133,S022,96.87,3.13,CRITICAL,vibration,True,True
HIGH_VIBRATION,0.75,133,S022,97.18,2.82,CRITICAL,vibration,True,True
HIGH_VIBRATION,1.0,133,S022,97.72,2.28,CRITICAL,vibration,True,True
HIGH_VIBRATION,1.0,133,S022,97.63,2.37,CRITICAL,vibration,True,True
OVERHEATING,0.15,133,S022,13.78,86.22,NORMAL,temperature,False,False
OVERHEATING,0.15,133,S022,13.64,86.36,NORMAL,temperature,False,False
OVERHEATING,0.3,133,S022,16.08,83.92,NORMAL,temperature,False,False
OVERHEATING,0.3,133,S022,16.15,83.85,NORMAL,temperature,False,False
OVERHEATING,0.5,133,S022,20.61,79.39,NORMAL,temperature,False,False
OVERHEATING,0.5,133,S022,21.07,78.93,NORMAL,temperature,False,False
OVERHEATING,0.75,133,S022,37.35,62.65,WATCH,temperature,True,False
OVERHEATING,0.75,133,S022,40.78,59.22,WATCH,temperature,True,False
OVERHEATING,1.0,133,S022,58.06,41.94,WATCH,temperature,True,False
OVERHEATING,1.0,133,S022,57.92,42.08,WATCH,temperature,True,False
RPM_INSTABILITY,0.15,133,S022,69.15,30.85,WARNING,rpm,True,True
RPM_INSTABILITY,0.15,133,S022,64.19,35.81,WARNING,rpm,True,True
RPM_INSTABILITY,0.3,133,S022,76.35,23.65,WARNING,rpm,True,True
RPM_INSTABILITY,0.3,133,S022,76.35,23.65,WARNING,rpm,True,True
RPM_INSTABILITY,0.5,133,S022,79.96,20.04,WARNING,rpm,True,True
RPM_INSTABILITY,0.5,133,S022,76.35,23.65,WARNING,rpm,True,True
RPM_INSTABILITY,0.75,133,S022,77.93,22.07,WARNING,rpm,True,True
RPM_INSTABILITY,0.75,133,S022,79.96,20.04,WARNING,rpm,True,True
RPM_INSTABILITY,1.0,133,S022,78.88,21.12,WARNING,vibration,True,True
RPM_INSTABILITY,1.0,133,S022,79.57,20.43,WARNING,joint,True,True
COMBINED_FAULT,0.15,133,S022,64.6,35.4,WARNING,joint,True,True
COMBINED_FAULT,0.15,133,S022,67.41,32.59,WARNING,vibration,True,True
COMBINED_FAULT,0.3,133,S022,79.17,20.83,WARNING,rpm,True,True
COMBINED_FAULT,0.3,133,S022,90.93,9.07,WARNING,vibration,True,True
COMBINED_FAULT,0.5,133,S022,88.36,11.64,WARNING,vibration,True,True
COMBINED_FAULT,0.5,133,S022,77.63,22.37,WARNING,joint,True,True
COMBINED_FAULT,0.75,133,S022,97.11,2.89,CRITICAL,vibration,True,True
COMBINED_FAULT,0.75,133,S022,90.31,9.69,WARNING,vibration,True,True
COMBINED_FAULT,1.0,133,S022,98.14,1.86,CRITICAL,vibration,True,True
COMBINED_FAULT,1.0,133,S022,98.54,1.46,CRITICAL,vibration,True,True
NORMAL,0.0,134,S022,4.86,95.14,NORMAL,temperature,False,False
BELT_SLIP,0.15,134,S022,62.69,37.31,WARNING,rpm,True,True
BELT_SLIP,0.15,134,S022,72.27,27.73,WARNING,rpm,True,True
BELT_SLIP,0.3,134,S022,82.12,17.88,WARNING,joint,True,True
BELT_SLIP,0.3,134,S022,79.82,20.18,WARNING,joint,True,True
BELT_SLIP,0.5,134,S022,90.89,9.11,WARNING,joint,True,True
BELT_SLIP,0.5,134,S022,89.55,10.45,WARNING,joint,True,True
BELT_SLIP,0.75,134,S022,96.1,3.9,CRITICAL,joint,True,True
BELT_SLIP,0.75,134,S022,95.6,4.4,CRITICAL,joint,True,True
BELT_SLIP,1.0,134,S022,96.82,3.18,CRITICAL,joint,True,True
BELT_SLIP,1.0,134,S022,97.12,2.88,CRITICAL,joint,True,True
HIGH_VIBRATION,0.15,134,S022,76.04,23.96,WARNING,vibration,True,True
HIGH_VIBRATION,0.15,134,S022,75.79,24.21,WARNING,vibration,True,True
HIGH_VIBRATION,0.3,134,S022,90.63,9.37,WARNING,vibration,True,True
HIGH_VIBRATION,0.3,134,S022,89.79,10.21,WARNING,vibration,True,True
HIGH_VIBRATION,0.5,134,S022,94.97,5.03,CRITICAL,vibration,True,True
HIGH_VIBRATION,0.5,134,S022,95.2,4.8,CRITICAL,vibration,True,True
HIGH_VIBRATION,0.75,134,S022,96.9,3.1,CRITICAL,vibration,True,True
HIGH_VIBRATION,0.75,134,S022,96.76,3.24,CRITICAL,vibration,True,True
HIGH_VIBRATION,1.0,134,S022,97.75,2.25,CRITICAL,vibration,True,True
HIGH_VIBRATION,1.0,134,S022,97.69,2.31,CRITICAL,vibration,True,True
OVERHEATING,0.15,134,S022,15.33,84.67,NORMAL,temperature,False,False
OVERHEATING,0.15,134,S022,15.39,84.61,NORMAL,temperature,False,False
OVERHEATING,0.3,134,S022,23.46,76.54,NORMAL,temperature,False,False
OVERHEATING,0.3,134,S022,23.07,76.93,NORMAL,temperature,False,False
OVERHEATING,0.5,134,S022,33.08,66.92,NORMAL,temperature,False,False
OVERHEATING,0.5,134,S022,33.79,66.21,NORMAL,temperature,False,False
OVERHEATING,0.75,134,S022,50.85,49.15,WATCH,temperature,True,False
OVERHEATING,0.75,134,S022,49.69,50.31,WATCH,temperature,True,False
OVERHEATING,1.0,134,S022,66.78,33.22,WARNING,temperature,True,True
OVERHEATING,1.0,134,S022,65.66,34.34,WARNING,temperature,True,True
RPM_INSTABILITY,0.15,134,S022,43.76,56.24,WATCH,rpm,True,False
RPM_INSTABILITY,0.15,134,S022,69.63,30.37,WARNING,rpm,True,True
RPM_INSTABILITY,0.3,134,S022,72.76,27.24,WARNING,rpm,True,True
RPM_INSTABILITY,0.3,134,S022,76.35,23.65,WARNING,rpm,True,True
RPM_INSTABILITY,0.5,134,S022,79.94,20.06,WARNING,rpm,True,True
RPM_INSTABILITY,0.5,134,S022,67.67,32.33,WARNING,rpm,True,True
RPM_INSTABILITY,0.75,134,S022,85.6,14.4,WARNING,joint,True,True
RPM_INSTABILITY,0.75,134,S022,81.53,18.47,WARNING,joint,True,True
RPM_INSTABILITY,1.0,134,S022,90.76,9.24,WARNING,vibration,True,True
RPM_INSTABILITY,1.0,134,S022,87.16,12.84,WARNING,vibration,True,True
COMBINED_FAULT,0.15,134,S022,62.24,37.76,WARNING,vibration,True,True
COMBINED_FAULT,0.15,134,S022,81.69,18.31,WARNING,vibration,True,True
COMBINED_FAULT,0.3,134,S022,84.05,15.95,WARNING,vibration,True,True
COMBINED_FAULT,0.3,134,S022,91.36,8.64,WARNING,vibration,True,True
COMBINED_FAULT,0.5,134,S022,92.34,7.66,CRITICAL,vibration,True,True
COMBINED_FAULT,0.5,134,S022,90.19,9.81,WARNING,joint,True,True
COMBINED_FAULT,0.75,134,S022,95.55,4.45,CRITICAL,vibration,True,True
COMBINED_FAULT,0.75,134,S022,95.37,4.63,CRITICAL,joint,True,True
COMBINED_FAULT,1.0,134,S022,96.83,3.17,CRITICAL,vibration,True,True
COMBINED_FAULT,1.0,134,S022,90.43,9.57,WARNING,joint,True,True
NORMAL,0.0,135,S022,6.41,93.59,NORMAL,rpm,False,False
BELT_SLIP,0.15,135,S022,61.4,38.6,WARNING,rpm,True,True
BELT_SLIP,0.15,135,S022,60.39,39.61,WATCH,rpm,True,False
BELT_SLIP,0.3,135,S022,75.73,24.27,WARNING,joint,True,True
BELT_SLIP,0.3,135,S022,78.94,21.06,WARNING,rpm,True,True
BELT_SLIP,0.5,135,S022,84.73,15.27,WARNING,joint,True,True
BELT_SLIP,0.5,135,S022,84.92,15.08,WARNING,joint,True,True
BELT_SLIP,0.75,135,S022,94.22,5.78,CRITICAL,joint,True,True
BELT_SLIP,0.75,135,S022,93.21,6.79,CRITICAL,joint,True,True
BELT_SLIP,1.0,135,S022,96.18,3.82,CRITICAL,vibration,True,True
BELT_SLIP,1.0,135,S022,95.51,4.49,CRITICAL,vibration,True,True
HIGH_VIBRATION,0.15,135,S022,72.41,27.59,WARNING,vibration,True,True
HIGH_VIBRATION,0.15,135,S022,72.41,27.59,WARNING,vibration,True,True
HIGH_VIBRATION,0.3,135,S022,88.47,11.53,WARNING,vibration,True,True
HIGH_VIBRATION,0.3,135,S022,89.18,10.82,WARNING,vibration,True,True
HIGH_VIBRATION,0.5,135,S022,95.52,4.48,CRITICAL,vibration,True,True
HIGH_VIBRATION,0.5,135,S022,94.8,5.2,CRITICAL,vibration,True,True
HIGH_VIBRATION,0.75,135,S022,97.33,2.67,CRITICAL,vibration,True,True
HIGH_VIBRATION,0.75,135,S022,97.08,2.92,CRITICAL,vibration,True,True
HIGH_VIBRATION,1.0,135,S022,97.63,2.37,CRITICAL,vibration,True,True
HIGH_VIBRATION,1.0,135,S022,97.66,2.34,CRITICAL,vibration,True,True
OVERHEATING,0.15,135,S022,13.64,86.36,NORMAL,temperature,False,False
OVERHEATING,0.15,135,S022,13.81,86.19,NORMAL,temperature,False,False
OVERHEATING,0.3,135,S022,16.85,83.15,NORMAL,temperature,False,False
OVERHEATING,0.3,135,S022,17.01,82.99,NORMAL,temperature,False,False
OVERHEATING,0.5,135,S022,20.71,79.29,NORMAL,temperature,False,False
OVERHEATING,0.5,135,S022,20.87,79.13,NORMAL,temperature,False,False
OVERHEATING,0.75,135,S022,34.87,65.13,NORMAL,temperature,False,False
OVERHEATING,0.75,135,S022,35.33,64.67,WATCH,temperature,True,False
OVERHEATING,1.0,135,S022,56.15,43.85,WATCH,temperature,True,False
OVERHEATING,1.0,135,S022,52.04,47.96,WATCH,temperature,True,False
RPM_INSTABILITY,0.15,135,S022,67.22,32.78,WARNING,rpm,True,True
RPM_INSTABILITY,0.15,135,S022,70.44,29.56,WARNING,rpm,True,True
RPM_INSTABILITY,0.3,135,S022,75.84,24.16,WARNING,rpm,True,True
RPM_INSTABILITY,0.3,135,S022,75.84,24.16,WARNING,rpm,True,True
RPM_INSTABILITY,0.5,135,S022,75.78,24.22,WARNING,rpm,True,True
RPM_INSTABILITY,0.5,135,S022,73.59,26.41,WARNING,rpm,True,True
RPM_INSTABILITY,0.75,135,S022,80.42,19.58,WARNING,joint,True,True
RPM_INSTABILITY,0.75,135,S022,83.13,16.87,WARNING,joint,True,True
RPM_INSTABILITY,1.0,135,S022,81.97,18.03,WARNING,vibration,True,True
RPM_INSTABILITY,1.0,135,S022,85.27,14.73,WARNING,vibration,True,True
COMBINED_FAULT,0.15,135,S022,55.1,44.9,WATCH,vibration,True,False
COMBINED_FAULT,0.15,135,S022,70.6,29.4,WARNING,joint,True,True
COMBINED_FAULT,0.3,135,S022,79.03,20.97,WARNING,joint,True,True
COMBINED_FAULT,0.3,135,S022,78.98,21.02,WARNING,vibration,True,True
COMBINED_FAULT,0.5,135,S022,79.98,20.02,WARNING,rpm,True,True
COMBINED_FAULT,0.5,135,S022,96.63,3.37,CRITICAL,vibration,True,True
COMBINED_FAULT,0.75,135,S022,97.63,2.37,CRITICAL,vibration,True,True
COMBINED_FAULT,0.75,135,S022,78.12,21.88,WARNING,joint,True,True
COMBINED_FAULT,1.0,135,S022,85.58,14.42,WARNING,joint,True,True
COMBINED_FAULT,1.0,135,S022,98.04,1.96,CRITICAL,vibration,True,True
NORMAL,0.0,136,S022,10.9,89.1,NORMAL,rpm,False,False
BELT_SLIP,0.15,136,S022,60.96,39.04,WARNING,rpm,True,True
BELT_SLIP,0.15,136,S022,73.47,26.53,WARNING,rpm,True,True
BELT_SLIP,0.3,136,S022,78.58,21.42,WARNING,rpm,True,True
BELT_SLIP,0.3,136,S022,68.75,31.25,WARNING,vibration,True,True
BELT_SLIP,0.5,136,S022,87.41,12.59,WARNING,joint,True,True
BELT_SLIP,0.5,136,S022,86.19,13.81,WARNING,joint,True,True
BELT_SLIP,0.75,136,S022,94.06,5.94,CRITICAL,joint,True,True
BELT_SLIP,0.75,136,S022,92.83,7.17,CRITICAL,joint,True,True
BELT_SLIP,1.0,136,S022,96.08,3.92,CRITICAL,joint,True,True
BELT_SLIP,1.0,136,S022,96.66,3.34,CRITICAL,joint,True,True
HIGH_VIBRATION,0.15,136,S022,60.53,39.47,WATCH,vibration,True,False
HIGH_VIBRATION,0.15,136,S022,58.93,41.07,WATCH,vibration,True,False
HIGH_VIBRATION,0.3,136,S022,83.96,16.04,WARNING,vibration,True,True
HIGH_VIBRATION,0.3,136,S022,83.44,16.56,WARNING,vibration,True,True
HIGH_VIBRATION,0.5,136,S022,92.15,7.85,CRITICAL,vibration,True,True
HIGH_VIBRATION,0.5,136,S022,92.1,7.9,CRITICAL,vibration,True,True
HIGH_VIBRATION,0.75,136,S022,96.57,3.43,CRITICAL,vibration,True,True
HIGH_VIBRATION,0.75,136,S022,96.59,3.41,CRITICAL,vibration,True,True
HIGH_VIBRATION,1.0,136,S022,97.27,2.73,CRITICAL,vibration,True,True
HIGH_VIBRATION,1.0,136,S022,97.71,2.29,CRITICAL,vibration,True,True
OVERHEATING,0.15,136,S022,16.46,83.54,NORMAL,temperature,False,False
OVERHEATING,0.15,136,S022,16.35,83.65,NORMAL,temperature,False,False
OVERHEATING,0.3,136,S022,31.98,68.02,NORMAL,temperature,False,False
OVERHEATING,0.3,136,S022,30.0,70.0,NORMAL,temperature,False,False
OVERHEATING,0.5,136,S022,47.01,52.99,WATCH,temperature,True,False
OVERHEATING,0.5,136,S022,47.71,52.29,WATCH,temperature,True,False
OVERHEATING,0.75,136,S022,62.37,37.63,WARNING,temperature,True,True
OVERHEATING,0.75,136,S022,62.66,37.34,WARNING,temperature,True,True
OVERHEATING,1.0,136,S022,67.78,32.22,WARNING,temperature,True,True
OVERHEATING,1.0,136,S022,67.78,32.22,WARNING,temperature,True,True
RPM_INSTABILITY,0.15,136,S022,81.05,18.95,WARNING,rpm,True,True
RPM_INSTABILITY,0.15,136,S022,71.95,28.05,WARNING,rpm,True,True
RPM_INSTABILITY,0.3,136,S022,75.54,24.46,WARNING,rpm,True,True
RPM_INSTABILITY,0.3,136,S022,65.51,34.49,WARNING,rpm,True,True
RPM_INSTABILITY,0.5,136,S022,77.26,22.74,WARNING,rpm,True,True
RPM_INSTABILITY,0.5,136,S022,73.43,26.57,WARNING,rpm,True,True
RPM_INSTABILITY,0.75,136,S022,80.94,19.06,WARNING,rpm,True,True
RPM_INSTABILITY,0.75,136,S022,78.69,21.31,WARNING,rpm,True,True
RPM_INSTABILITY,1.0,136,S022,80.81,19.19,WARNING,rpm,True,True
RPM_INSTABILITY,1.0,136,S022,77.34,22.66,WARNING,rpm,True,True
COMBINED_FAULT,0.15,136,S022,45.08,54.92,WATCH,vibration,True,False
COMBINED_FAULT,0.15,136,S022,71.04,28.96,WARNING,rpm,True,True
COMBINED_FAULT,0.3,136,S022,92.17,7.83,CRITICAL,vibration,True,True
COMBINED_FAULT,0.3,136,S022,80.69,19.31,WARNING,joint,True,True
COMBINED_FAULT,0.5,136,S022,87.71,12.29,WARNING,joint,True,True
COMBINED_FAULT,0.5,136,S022,86.42,13.58,WARNING,joint,True,True
COMBINED_FAULT,0.75,136,S022,78.54,21.46,WARNING,joint,True,True
COMBINED_FAULT,0.75,136,S022,96.93,3.07,CRITICAL,vibration,True,True
COMBINED_FAULT,1.0,136,S022,97.7,2.3,CRITICAL,vibration,True,True
COMBINED_FAULT,1.0,136,S022,98.24,1.76,CRITICAL,vibration,True,True
NORMAL,0.0,137,S022,8.31,91.69,NORMAL,rpm,False,False
BELT_SLIP,0.15,137,S022,71.3,28.7,WARNING,rpm,True,True
BELT_SLIP,0.15,137,S022,68.54,31.46,WARNING,rpm,True,True
BELT_SLIP,0.3,137,S022,78.94,21.06,WARNING,rpm,True,True
BELT_SLIP,0.3,137,S022,80.77,19.23,WARNING,rpm,True,True
BELT_SLIP,0.5,137,S022,86.84,13.16,WARNING,joint,True,True
BELT_SLIP,0.5,137,S022,87.25,12.75,WARNING,joint,True,True
BELT_SLIP,0.75,137,S022,94.89,5.11,CRITICAL,joint,True,True
BELT_SLIP,0.75,137,S022,95.74,4.26,CRITICAL,joint,True,True
BELT_SLIP,1.0,137,S022,97.08,2.92,CRITICAL,joint,True,True
BELT_SLIP,1.0,137,S022,96.84,3.16,CRITICAL,joint,True,True
HIGH_VIBRATION,0.15,137,S022,61.99,38.01,WARNING,vibration,True,True
HIGH_VIBRATION,0.15,137,S022,62.11,37.89,WARNING,vibration,True,True
HIGH_VIBRATION,0.3,137,S022,87.56,12.44,WARNING,vibration,True,True
HIGH_VIBRATION,0.3,137,S022,88.51,11.49,WARNING,vibration,True,True
HIGH_VIBRATION,0.5,137,S022,94.63,5.37,CRITICAL,vibration,True,True
HIGH_VIBRATION,0.5,137,S022,93.67,6.33,CRITICAL,vibration,True,True
HIGH_VIBRATION,0.75,137,S022,97.2,2.8,CRITICAL,vibration,True,True
HIGH_VIBRATION,0.75,137,S022,97.1,2.9,CRITICAL,vibration,True,True
HIGH_VIBRATION,1.0,137,S022,98.14,1.86,CRITICAL,vibration,True,True
HIGH_VIBRATION,1.0,137,S022,97.7,2.3,CRITICAL,vibration,True,True
OVERHEATING,0.15,137,S022,19.41,80.59,NORMAL,temperature,False,False
OVERHEATING,0.15,137,S022,19.66,80.34,NORMAL,temperature,False,False
OVERHEATING,0.3,137,S022,33.76,66.24,NORMAL,temperature,False,False
OVERHEATING,0.3,137,S022,33.71,66.29,NORMAL,temperature,False,False
OVERHEATING,0.5,137,S022,51.73,48.27,WATCH,temperature,True,False
OVERHEATING,0.5,137,S022,49.67,50.33,WATCH,temperature,True,False
OVERHEATING,0.75,137,S022,67.63,32.37,WARNING,temperature,True,True
OVERHEATING,0.75,137,S022,67.63,32.37,WARNING,temperature,True,True
OVERHEATING,1.0,137,S022,68.67,31.33,WARNING,temperature,True,True
OVERHEATING,1.0,137,S022,68.67,31.33,WARNING,temperature,True,True
RPM_INSTABILITY,0.15,137,S022,71.21,28.79,WARNING,rpm,True,True
RPM_INSTABILITY,0.15,137,S022,74.21,25.79,WARNING,rpm,True,True
RPM_INSTABILITY,0.3,137,S022,75.84,24.16,WARNING,rpm,True,True
RPM_INSTABILITY,0.3,137,S022,74.07,25.93,WARNING,rpm,True,True
RPM_INSTABILITY,0.5,137,S022,75.91,24.09,WARNING,rpm,True,True
RPM_INSTABILITY,0.5,137,S022,70.38,29.62,WARNING,rpm,True,True
RPM_INSTABILITY,0.75,137,S022,79.98,20.02,WARNING,rpm,True,True
RPM_INSTABILITY,0.75,137,S022,77.76,22.24,WARNING,rpm,True,True
RPM_INSTABILITY,1.0,137,S022,77.06,22.94,WARNING,joint,True,True
RPM_INSTABILITY,1.0,137,S022,80.03,19.97,WARNING,rpm,True,True
COMBINED_FAULT,0.15,137,S022,56.6,43.4,WATCH,rpm,True,False
COMBINED_FAULT,0.15,137,S022,74.77,25.23,WARNING,rpm,True,True
COMBINED_FAULT,0.3,137,S022,86.46,13.54,WARNING,vibration,True,True
COMBINED_FAULT,0.3,137,S022,78.94,21.06,WARNING,rpm,True,True
COMBINED_FAULT,0.5,137,S022,73.55,26.45,WARNING,rpm,True,True
COMBINED_FAULT,0.5,137,S022,90.08,9.92,WARNING,vibration,True,True
COMBINED_FAULT,0.75,137,S022,97.48,2.52,CRITICAL,vibration,True,True
COMBINED_FAULT,0.75,137,S022,94.2,5.8,CRITICAL,vibration,True,True
COMBINED_FAULT,1.0,137,S022,97.0,3.0,CRITICAL,joint,True,True
COMBINED_FAULT,1.0,137,S022,97.03,2.97,CRITICAL,vibration,True,True
NORMAL,0.0,138,S023,24.68,75.32,NORMAL,vibration,False,False
BELT_SLIP,0.15,138,S023,81.59,18.41,WARNING,joint,True,True
BELT_SLIP,0.15,138,S023,84.2,15.8,WARNING,joint,True,True
BELT_SLIP,0.3,138,S023,90.48,9.52,WARNING,joint,True,True
BELT_SLIP,0.3,138,S023,91.35,8.65,WARNING,joint,True,True
BELT_SLIP,0.5,138,S023,95.53,4.47,CRITICAL,joint,True,True
BELT_SLIP,0.5,138,S023,94.98,5.02,CRITICAL,joint,True,True
BELT_SLIP,0.75,138,S023,97.4,2.6,CRITICAL,joint,True,True
BELT_SLIP,0.75,138,S023,96.69,3.31,CRITICAL,joint,True,True
BELT_SLIP,1.0,138,S023,98.45,1.55,CRITICAL,joint,True,True
BELT_SLIP,1.0,138,S023,98.41,1.59,CRITICAL,joint,True,True
HIGH_VIBRATION,0.15,138,S023,82.61,17.39,WARNING,vibration,True,True
HIGH_VIBRATION,0.15,138,S023,83.43,16.57,WARNING,vibration,True,True
HIGH_VIBRATION,0.3,138,S023,96.02,3.98,CRITICAL,vibration,True,True
HIGH_VIBRATION,0.3,138,S023,95.81,4.19,CRITICAL,vibration,True,True
HIGH_VIBRATION,0.5,138,S023,98.32,1.68,CRITICAL,vibration,True,True
HIGH_VIBRATION,0.5,138,S023,98.24,1.76,CRITICAL,vibration,True,True
HIGH_VIBRATION,0.75,138,S023,98.89,1.11,CRITICAL,vibration,True,True
HIGH_VIBRATION,0.75,138,S023,98.96,1.04,CRITICAL,vibration,True,True
HIGH_VIBRATION,1.0,138,S023,98.95,1.05,CRITICAL,vibration,True,True
HIGH_VIBRATION,1.0,138,S023,99.0,1.0,CRITICAL,vibration,True,True
OVERHEATING,0.15,138,S023,32.94,67.06,NORMAL,joint,False,False
OVERHEATING,0.15,138,S023,32.94,67.06,NORMAL,joint,False,False
OVERHEATING,0.3,138,S023,36.84,63.16,WATCH,joint,True,False
OVERHEATING,0.3,138,S023,36.69,63.31,WATCH,joint,True,False
OVERHEATING,0.5,138,S023,50.09,49.91,WATCH,temperature,True,False
OVERHEATING,0.5,138,S023,48.77,51.23,WATCH,temperature,True,False
OVERHEATING,0.75,138,S023,65.1,34.9,WARNING,temperature,True,True
OVERHEATING,0.75,138,S023,64.16,35.84,WARNING,temperature,True,True
OVERHEATING,1.0,138,S023,73.41,26.59,WARNING,temperature,True,True
OVERHEATING,1.0,138,S023,73.41,26.59,WARNING,temperature,True,True
RPM_INSTABILITY,0.15,138,S023,79.94,20.06,WARNING,rpm,True,True
RPM_INSTABILITY,0.15,138,S023,51.38,48.62,WATCH,joint,True,False
RPM_INSTABILITY,0.3,138,S023,79.94,20.06,WARNING,rpm,True,True
RPM_INSTABILITY,0.3,138,S023,80.37,19.63,WARNING,joint,True,True
RPM_INSTABILITY,0.5,138,S023,82.88,17.12,WARNING,joint,True,True
RPM_INSTABILITY,0.5,138,S023,85.55,14.45,WARNING,joint,True,True
RPM_INSTABILITY,0.75,138,S023,90.48,9.52,WARNING,joint,True,True
RPM_INSTABILITY,0.75,138,S023,91.03,8.97,WARNING,joint,True,True
RPM_INSTABILITY,1.0,138,S023,92.58,7.42,CRITICAL,joint,True,True
RPM_INSTABILITY,1.0,138,S023,91.83,8.17,CRITICAL,joint,True,True
COMBINED_FAULT,0.15,138,S023,74.02,25.98,WARNING,vibration,True,True
COMBINED_FAULT,0.15,138,S023,74.51,25.49,WARNING,vibration,True,True
COMBINED_FAULT,0.3,138,S023,94.1,5.9,CRITICAL,joint,True,True
COMBINED_FAULT,0.3,138,S023,97.64,2.36,CRITICAL,vibration,True,True
COMBINED_FAULT,0.5,138,S023,95.33,4.67,CRITICAL,joint,True,True
COMBINED_FAULT,0.5,138,S023,95.0,5.0,CRITICAL,joint,True,True
COMBINED_FAULT,0.75,138,S023,97.21,2.79,CRITICAL,joint,True,True
COMBINED_FAULT,0.75,138,S023,91.65,8.35,WARNING,joint,True,True
COMBINED_FAULT,1.0,138,S023,98.2,1.8,CRITICAL,joint,True,True
COMBINED_FAULT,1.0,138,S023,95.92,4.08,CRITICAL,joint,True,True
NORMAL,0.0,139,S026,10.3,89.7,NORMAL,temperature,False,False
BELT_SLIP,0.15,139,S026,44.3,55.7,WATCH,rpm,True,False
BELT_SLIP,0.15,139,S026,48.25,51.75,WATCH,rpm,True,False
BELT_SLIP,0.3,139,S026,79.56,20.44,WARNING,rpm,True,True
BELT_SLIP,0.3,139,S026,70.29,29.71,WARNING,rpm,True,True
BELT_SLIP,0.5,139,S026,89.59,10.41,WARNING,joint,True,True
BELT_SLIP,0.5,139,S026,90.54,9.46,WARNING,joint,True,True
BELT_SLIP,0.75,139,S026,95.3,4.7,CRITICAL,joint,True,True
BELT_SLIP,0.75,139,S026,95.63,4.37,CRITICAL,joint,True,True
BELT_SLIP,1.0,139,S026,97.99,2.01,CRITICAL,vibration,True,True
BELT_SLIP,1.0,139,S026,98.27,1.73,CRITICAL,vibration,True,True
HIGH_VIBRATION,0.15,139,S026,69.3,30.7,WARNING,vibration,True,True
HIGH_VIBRATION,0.15,139,S026,70.1,29.9,WARNING,vibration,True,True
HIGH_VIBRATION,0.3,139,S026,90.97,9.03,WARNING,vibration,True,True
HIGH_VIBRATION,0.3,139,S026,91.57,8.43,WARNING,vibration,True,True
HIGH_VIBRATION,0.5,139,S026,95.34,4.66,CRITICAL,vibration,True,True
HIGH_VIBRATION,0.5,139,S026,95.74,4.26,CRITICAL,vibration,True,True
HIGH_VIBRATION,0.75,139,S026,97.3,2.7,CRITICAL,vibration,True,True
HIGH_VIBRATION,0.75,139,S026,97.37,2.63,CRITICAL,vibration,True,True
HIGH_VIBRATION,1.0,139,S026,97.4,2.6,CRITICAL,vibration,True,True
HIGH_VIBRATION,1.0,139,S026,97.61,2.39,CRITICAL,vibration,True,True
OVERHEATING,0.15,139,S026,21.45,78.55,NORMAL,temperature,False,False
OVERHEATING,0.15,139,S026,21.46,78.54,NORMAL,temperature,False,False
OVERHEATING,0.3,139,S026,21.91,78.09,NORMAL,temperature,False,False
OVERHEATING,0.3,139,S026,22.7,77.3,NORMAL,temperature,False,False
OVERHEATING,0.5,139,S026,28.56,71.44,NORMAL,temperature,False,False
OVERHEATING,0.5,139,S026,27.83,72.17,NORMAL,temperature,False,False
OVERHEATING,0.75,139,S026,42.4,57.6,WATCH,temperature,True,False
OVERHEATING,0.75,139,S026,42.76,57.24,WATCH,temperature,True,False
OVERHEATING,1.0,139,S026,61.64,38.36,WARNING,temperature,True,True
OVERHEATING,1.0,139,S026,61.79,38.21,WARNING,temperature,True,True
RPM_INSTABILITY,0.15,139,S026,66.87,33.13,WARNING,rpm,True,True
RPM_INSTABILITY,0.15,139,S026,66.66,33.34,WARNING,rpm,True,True
RPM_INSTABILITY,0.3,139,S026,71.64,28.36,WARNING,rpm,True,True
RPM_INSTABILITY,0.3,139,S026,70.74,29.26,WARNING,rpm,True,True
RPM_INSTABILITY,0.5,139,S026,79.83,20.17,WARNING,rpm,True,True
RPM_INSTABILITY,0.5,139,S026,75.69,24.31,WARNING,rpm,True,True
RPM_INSTABILITY,0.75,139,S026,79.89,20.11,WARNING,rpm,True,True
RPM_INSTABILITY,0.75,139,S026,68.38,31.62,WARNING,joint,True,True
RPM_INSTABILITY,1.0,139,S026,88.91,11.09,WARNING,joint,True,True
RPM_INSTABILITY,1.0,139,S026,81.8,18.2,WARNING,joint,True,True
COMBINED_FAULT,0.15,139,S026,64.93,35.07,WARNING,joint,True,True
COMBINED_FAULT,0.15,139,S026,64.62,35.38,WARNING,joint,True,True
COMBINED_FAULT,0.3,139,S026,91.81,8.19,CRITICAL,joint,True,True
COMBINED_FAULT,0.3,139,S026,89.41,10.59,WARNING,vibration,True,True
COMBINED_FAULT,0.5,139,S026,96.34,3.66,CRITICAL,vibration,True,True
COMBINED_FAULT,0.5,139,S026,77.17,22.83,WARNING,joint,True,True
COMBINED_FAULT,0.75,139,S026,98.81,1.19,CRITICAL,vibration,True,True
COMBINED_FAULT,0.75,139,S026,98.84,1.16,CRITICAL,vibration,True,True
COMBINED_FAULT,1.0,139,S026,97.0,3.0,CRITICAL,vibration,True,True
COMBINED_FAULT,1.0,139,S026,99.0,1.0,CRITICAL,vibration,True,True
NORMAL,0.0,140,S026,9.99,90.01,NORMAL,temperature,False,False
BELT_SLIP,0.15,140,S026,56.7,43.3,WATCH,rpm,True,False
BELT_SLIP,0.15,140,S026,78.01,21.99,WARNING,rpm,True,True
BELT_SLIP,0.3,140,S026,77.37,22.63,WARNING,rpm,True,True
BELT_SLIP,0.3,140,S026,81.81,18.19,WARNING,rpm,True,True
BELT_SLIP,0.5,140,S026,87.6,12.4,WARNING,joint,True,True
BELT_SLIP,0.5,140,S026,84.99,15.01,WARNING,joint,True,True
BELT_SLIP,0.75,140,S026,93.73,6.27,CRITICAL,joint,True,True
BELT_SLIP,0.75,140,S026,94.97,5.03,CRITICAL,joint,True,True
BELT_SLIP,1.0,140,S026,96.81,3.19,CRITICAL,joint,True,True
BELT_SLIP,1.0,140,S026,95.9,4.1,CRITICAL,joint,True,True
HIGH_VIBRATION,0.15,140,S026,55.18,44.82,WATCH,vibration,True,False
HIGH_VIBRATION,0.15,140,S026,58.94,41.06,WATCH,vibration,True,False
HIGH_VIBRATION,0.3,140,S026,88.11,11.89,WARNING,vibration,True,True
HIGH_VIBRATION,0.3,140,S026,88.32,11.68,WARNING,vibration,True,True
HIGH_VIBRATION,0.5,140,S026,95.45,4.55,CRITICAL,vibration,True,True
HIGH_VIBRATION,0.5,140,S026,95.04,4.96,CRITICAL,vibration,True,True
HIGH_VIBRATION,0.75,140,S026,96.65,3.35,CRITICAL,vibration,True,True
HIGH_VIBRATION,0.75,140,S026,97.42,2.58,CRITICAL,vibration,True,True
HIGH_VIBRATION,1.0,140,S026,98.09,1.91,CRITICAL,vibration,True,True
HIGH_VIBRATION,1.0,140,S026,98.05,1.95,CRITICAL,vibration,True,True
OVERHEATING,0.15,140,S026,21.8,78.2,NORMAL,temperature,False,False
OVERHEATING,0.15,140,S026,21.68,78.32,NORMAL,temperature,False,False
OVERHEATING,0.3,140,S026,31.01,68.99,NORMAL,temperature,False,False
OVERHEATING,0.3,140,S026,30.63,69.37,NORMAL,temperature,False,False
OVERHEATING,0.5,140,S026,47.38,52.62,WATCH,temperature,True,False
OVERHEATING,0.5,140,S026,49.21,50.79,WATCH,temperature,True,False
OVERHEATING,0.75,140,S026,65.36,34.64,WARNING,temperature,True,True
OVERHEATING,0.75,140,S026,65.16,34.84,WARNING,temperature,True,True
OVERHEATING,1.0,140,S026,67.55,32.45,WARNING,temperature,True,True
OVERHEATING,1.0,140,S026,66.48,33.52,WARNING,temperature,True,True
RPM_INSTABILITY,0.15,140,S026,75.12,24.88,WARNING,rpm,True,True
RPM_INSTABILITY,0.15,140,S026,77.04,22.96,WARNING,rpm,True,True
RPM_INSTABILITY,0.3,140,S026,65.76,34.24,WARNING,rpm,True,True
RPM_INSTABILITY,0.3,140,S026,70.19,29.81,WARNING,rpm,True,True
RPM_INSTABILITY,0.5,140,S026,79.77,20.23,WARNING,rpm,True,True
RPM_INSTABILITY,0.5,140,S026,79.71,20.29,WARNING,rpm,True,True
RPM_INSTABILITY,0.75,140,S026,70.1,29.9,WARNING,rpm,True,True
RPM_INSTABILITY,0.75,140,S026,79.86,20.14,WARNING,rpm,True,True
RPM_INSTABILITY,1.0,140,S026,77.56,22.44,WARNING,vibration,True,True
RPM_INSTABILITY,1.0,140,S026,79.03,20.97,WARNING,joint,True,True
COMBINED_FAULT,0.15,140,S026,65.3,34.7,WARNING,rpm,True,True
COMBINED_FAULT,0.15,140,S026,65.11,34.89,WARNING,rpm,True,True
COMBINED_FAULT,0.3,140,S026,81.81,18.19,WARNING,rpm,True,True
COMBINED_FAULT,0.3,140,S026,84.6,15.4,WARNING,joint,True,True
COMBINED_FAULT,0.5,140,S026,94.95,5.05,CRITICAL,vibration,True,True
COMBINED_FAULT,0.5,140,S026,94.84,5.16,CRITICAL,vibration,True,True
COMBINED_FAULT,0.75,140,S026,92.69,7.31,CRITICAL,joint,True,True
COMBINED_FAULT,0.75,140,S026,82.2,17.8,WARNING,joint,True,True
COMBINED_FAULT,1.0,140,S026,94.81,5.19,CRITICAL,joint,True,True
COMBINED_FAULT,1.0,140,S026,96.49,3.51,CRITICAL,vibration,True,True
NORMAL,0.0,141,S026,6.64,93.36,NORMAL,temperature,False,False
BELT_SLIP,0.15,141,S026,76.38,23.62,WARNING,rpm,True,True
BELT_SLIP,0.15,141,S026,74.94,25.06,WARNING,rpm,True,True
BELT_SLIP,0.3,141,S026,75.16,24.84,WARNING,rpm,True,True
BELT_SLIP,0.3,141,S026,77.92,22.08,WARNING,rpm,True,True
BELT_SLIP,0.5,141,S026,88.92,11.08,WARNING,joint,True,True
BELT_SLIP,0.5,141,S026,88.0,12.0,WARNING,joint,True,True
BELT_SLIP,0.75,141,S026,94.03,5.97,CRITICAL,joint,True,True
BELT_SLIP,0.75,141,S026,94.98,5.02,CRITICAL,joint,True,True
BELT_SLIP,1.0,141,S026,97.74,2.26,CRITICAL,joint,True,True
BELT_SLIP,1.0,141,S026,97.73,2.27,CRITICAL,joint,True,True
HIGH_VIBRATION,0.15,141,S026,53.38,46.62,WATCH,vibration,True,False
HIGH_VIBRATION,0.15,141,S026,53.35,46.65,WATCH,vibration,True,False
HIGH_VIBRATION,0.3,141,S026,87.01,12.99,WARNING,vibration,True,True
HIGH_VIBRATION,0.3,141,S026,86.09,13.91,WARNING,vibration,True,True
HIGH_VIBRATION,0.5,141,S026,94.0,6.0,CRITICAL,vibration,True,True
HIGH_VIBRATION,0.5,141,S026,93.68,6.32,CRITICAL,vibration,True,True
HIGH_VIBRATION,0.75,141,S026,96.59,3.41,CRITICAL,vibration,True,True
HIGH_VIBRATION,0.75,141,S026,97.28,2.72,CRITICAL,vibration,True,True
HIGH_VIBRATION,1.0,141,S026,98.08,1.92,CRITICAL,vibration,True,True
HIGH_VIBRATION,1.0,141,S026,98.02,1.98,CRITICAL,vibration,True,True
OVERHEATING,0.15,141,S026,24.54,75.46,NORMAL,temperature,False,False
OVERHEATING,0.15,141,S026,25.12,74.88,NORMAL,temperature,False,False
OVERHEATING,0.3,141,S026,41.4,58.6,WATCH,temperature,True,False
OVERHEATING,0.3,141,S026,42.99,57.01,WATCH,temperature,True,False
OVERHEATING,0.5,141,S026,53.09,46.91,WATCH,temperature,True,False
OVERHEATING,0.5,141,S026,55.12,44.88,WATCH,temperature,True,False
OVERHEATING,0.75,141,S026,67.68,32.32,WARNING,temperature,True,True
OVERHEATING,0.75,141,S026,67.14,32.86,WARNING,temperature,True,True
OVERHEATING,1.0,141,S026,68.8,31.2,WARNING,temperature,True,True
OVERHEATING,1.0,141,S026,68.8,31.2,WARNING,temperature,True,True
RPM_INSTABILITY,0.15,141,S026,62.87,37.13,WARNING,rpm,True,True
RPM_INSTABILITY,0.15,141,S026,33.98,66.02,NORMAL,rpm,False,False
RPM_INSTABILITY,0.3,141,S026,79.72,20.28,WARNING,rpm,True,True
RPM_INSTABILITY,0.3,141,S026,72.8,27.2,WARNING,rpm,True,True
RPM_INSTABILITY,0.5,141,S026,79.62,20.38,WARNING,rpm,True,True
RPM_INSTABILITY,0.5,141,S026,75.61,24.39,WARNING,rpm,True,True
RPM_INSTABILITY,0.75,141,S026,75.89,24.11,WARNING,rpm,True,True
RPM_INSTABILITY,0.75,141,S026,75.89,24.11,WARNING,rpm,True,True
RPM_INSTABILITY,1.0,141,S026,75.77,24.23,WARNING,rpm,True,True
RPM_INSTABILITY,1.0,141,S026,76.53,23.47,WARNING,joint,True,True
COMBINED_FAULT,0.15,141,S026,59.33,40.67,WATCH,rpm,True,False
COMBINED_FAULT,0.15,141,S026,53.59,46.41,WATCH,joint,True,False
COMBINED_FAULT,0.3,141,S026,93.21,6.79,CRITICAL,vibration,True,True
COMBINED_FAULT,0.3,141,S026,75.77,24.23,WARNING,rpm,True,True
COMBINED_FAULT,0.5,141,S026,95.7,4.3,CRITICAL,vibration,True,True
COMBINED_FAULT,0.5,141,S026,93.24,6.76,CRITICAL,vibration,True,True
COMBINED_FAULT,0.75,141,S026,84.68,15.32,WARNING,joint,True,True
COMBINED_FAULT,0.75,141,S026,97.22,2.78,CRITICAL,vibration,True,True
COMBINED_FAULT,1.0,141,S026,86.28,13.72,WARNING,joint,True,True
COMBINED_FAULT,1.0,141,S026,95.96,4.04,CRITICAL,vibration,True,True
NORMAL,0.0,142,S026,5.09,94.91,NORMAL,temperature,False,False
BELT_SLIP,0.15,142,S026,53.96,46.04,WATCH,rpm,True,False
BELT_SLIP,0.15,142,S026,58.88,41.12,WATCH,rpm,True,False
BELT_SLIP,0.3,142,S026,70.38,29.62,WARNING,rpm,True,True
BELT_SLIP,0.3,142,S026,78.94,21.06,WARNING,rpm,True,True
BELT_SLIP,0.5,142,S026,82.01,17.99,WARNING,joint,True,True
BELT_SLIP,0.5,142,S026,82.01,17.99,WARNING,joint,True,True
BELT_SLIP,0.75,142,S026,91.47,8.53,WARNING,joint,True,True
BELT_SLIP,0.75,142,S026,88.91,11.09,WARNING,joint,True,True
BELT_SLIP,1.0,142,S026,93.31,6.69,CRITICAL,joint,True,True
BELT_SLIP,1.0,142,S026,93.93,6.07,CRITICAL,joint,True,True
HIGH_VIBRATION,0.15,142,S026,50.44,49.56,WATCH,vibration,True,False
HIGH_VIBRATION,0.15,142,S026,50.19,49.81,WATCH,vibration,True,False
HIGH_VIBRATION,0.3,142,S026,81.04,18.96,WARNING,vibration,True,True
HIGH_VIBRATION,0.3,142,S026,80.82,19.18,WARNING,vibration,True,True
HIGH_VIBRATION,0.5,142,S026,94.24,5.76,CRITICAL,vibration,True,True
HIGH_VIBRATION,0.5,142,S026,93.56,6.44,CRITICAL,vibration,True,True
HIGH_VIBRATION,0.75,142,S026,95.64,4.36,CRITICAL,vibration,True,True
HIGH_VIBRATION,0.75,142,S026,96.09,3.91,CRITICAL,vibration,True,True
HIGH_VIBRATION,1.0,142,S026,97.02,2.98,CRITICAL,vibration,True,True
HIGH_VIBRATION,1.0,142,S026,97.44,2.56,CRITICAL,vibration,True,True
OVERHEATING,0.15,142,S026,15.27,84.73,NORMAL,temperature,False,False
OVERHEATING,0.15,142,S026,15.28,84.72,NORMAL,temperature,False,False
OVERHEATING,0.3,142,S026,18.9,81.1,NORMAL,temperature,False,False
OVERHEATING,0.3,142,S026,19.38,80.62,NORMAL,temperature,False,False
OVERHEATING,0.5,142,S026,23.99,76.01,NORMAL,temperature,False,False
OVERHEATING,0.5,142,S026,23.55,76.45,NORMAL,temperature,False,False
OVERHEATING,0.75,142,S026,33.77,66.23,NORMAL,temperature,False,False
OVERHEATING,0.75,142,S026,34.86,65.14,NORMAL,temperature,False,False
OVERHEATING,1.0,142,S026,41.13,58.87,WATCH,temperature,True,False
OVERHEATING,1.0,142,S026,40.21,59.79,WATCH,temperature,True,False
RPM_INSTABILITY,0.15,142,S026,61.08,38.92,WARNING,rpm,True,True
RPM_INSTABILITY,0.15,142,S026,73.74,26.26,WARNING,rpm,True,True
RPM_INSTABILITY,0.3,142,S026,79.86,20.14,WARNING,rpm,True,True
RPM_INSTABILITY,0.3,142,S026,78.63,21.37,WARNING,rpm,True,True
RPM_INSTABILITY,0.5,142,S026,80.0,20.0,WARNING,rpm,True,True
RPM_INSTABILITY,0.5,142,S026,80.0,20.0,WARNING,rpm,True,True
RPM_INSTABILITY,0.75,142,S026,75.83,24.17,WARNING,rpm,True,True
RPM_INSTABILITY,0.75,142,S026,79.86,20.14,WARNING,rpm,True,True
RPM_INSTABILITY,1.0,142,S026,73.54,26.46,WARNING,joint,True,True
RPM_INSTABILITY,1.0,142,S026,77.44,22.56,WARNING,joint,True,True
COMBINED_FAULT,0.15,142,S026,50.31,49.69,WATCH,rpm,True,False
COMBINED_FAULT,0.15,142,S026,60.67,39.33,WARNING,rpm,True,True
COMBINED_FAULT,0.3,142,S026,73.36,26.64,WARNING,rpm,True,True
COMBINED_FAULT,0.3,142,S026,78.94,21.06,WARNING,rpm,True,True
COMBINED_FAULT,0.5,142,S026,96.84,3.16,CRITICAL,vibration,True,True
COMBINED_FAULT,0.5,142,S026,86.28,13.72,WARNING,vibration,True,True
COMBINED_FAULT,0.75,142,S026,98.08,1.92,CRITICAL,vibration,True,True
COMBINED_FAULT,0.75,142,S026,96.99,3.01,CRITICAL,vibration,True,True
COMBINED_FAULT,1.0,142,S026,77.81,22.19,WARNING,joint,True,True
COMBINED_FAULT,1.0,142,S026,95.96,4.04,CRITICAL,vibration,True,True
NORMAL,0.0,143,S026,13.03,86.97,NORMAL,vibration,False,False
BELT_SLIP,0.15,143,S026,53.54,46.46,WATCH,vibration,True,False
BELT_SLIP,0.15,143,S026,75.82,24.18,WARNING,rpm,True,True
BELT_SLIP,0.3,143,S026,82.24,17.76,WARNING,joint,True,True
BELT_SLIP,0.3,143,S026,82.12,17.88,WARNING,joint,True,True
BELT_SLIP,0.5,143,S026,92.07,7.93,CRITICAL,joint,True,True
BELT_SLIP,0.5,143,S026,88.71,11.29,WARNING,joint,True,True
BELT_SLIP,0.75,143,S026,93.45,6.55,CRITICAL,joint,True,True
BELT_SLIP,0.75,143,S026,93.1,6.9,CRITICAL,joint,True,True
BELT_SLIP,1.0,143,S026,94.71,5.29,CRITICAL,joint,True,True
BELT_SLIP,1.0,143,S026,95.96,4.04,CRITICAL,joint,True,True
HIGH_VIBRATION,0.15,143,S026,42.1,57.9,WATCH,vibration,True,False
HIGH_VIBRATION,0.15,143,S026,44.94,55.06,WATCH,vibration,True,False
HIGH_VIBRATION,0.3,143,S026,67.33,32.67,WARNING,vibration,True,True
HIGH_VIBRATION,0.3,143,S026,68.02,31.98,WARNING,vibration,True,True
HIGH_VIBRATION,0.5,143,S026,87.5,12.5,WARNING,vibration,True,True
HIGH_VIBRATION,0.5,143,S026,86.67,13.33,WARNING,vibration,True,True
HIGH_VIBRATION,0.75,143,S026,96.35,3.65,CRITICAL,vibration,True,True
HIGH_VIBRATION,0.75,143,S026,96.76,3.24,CRITICAL,vibration,True,True
HIGH_VIBRATION,1.0,143,S026,98.03,1.97,CRITICAL,vibration,True,True
HIGH_VIBRATION,1.0,143,S026,97.83,2.17,CRITICAL,vibration,True,True
OVERHEATING,0.15,143,S026,15.99,84.01,NORMAL,temperature,False,False
OVERHEATING,0.15,143,S026,16.31,83.69,NORMAL,temperature,False,False
OVERHEATING,0.3,143,S026,25.28,74.72,NORMAL,temperature,False,False
OVERHEATING,0.3,143,S026,25.65,74.35,NORMAL,temperature,False,False
OVERHEATING,0.5,143,S026,40.16,59.84,WATCH,temperature,True,False
OVERHEATING,0.5,143,S026,39.12,60.88,WATCH,temperature,True,False
OVERHEATING,0.75,143,S026,50.03,49.97,WATCH,temperature,True,False
OVERHEATING,0.75,143,S026,49.67,50.33,WATCH,temperature,True,False
OVERHEATING,1.0,143,S026,66.87,33.13,WARNING,temperature,True,True
OVERHEATING,1.0,143,S026,66.73,33.27,WARNING,temperature,True,True
RPM_INSTABILITY,0.15,143,S026,64.05,35.95,WARNING,rpm,True,True
RPM_INSTABILITY,0.15,143,S026,61.19,38.81,WARNING,rpm,True,True
RPM_INSTABILITY,0.3,143,S026,79.98,20.02,WARNING,rpm,True,True
RPM_INSTABILITY,0.3,143,S026,75.84,24.16,WARNING,rpm,True,True
RPM_INSTABILITY,0.5,143,S026,79.98,20.02,WARNING,rpm,True,True
RPM_INSTABILITY,0.5,143,S026,72.29,27.71,WARNING,rpm,True,True
RPM_INSTABILITY,0.75,143,S026,79.98,20.02,WARNING,rpm,True,True
RPM_INSTABILITY,0.75,143,S026,79.96,20.04,WARNING,rpm,True,True
RPM_INSTABILITY,1.0,143,S026,76.3,23.7,WARNING,joint,True,True
RPM_INSTABILITY,1.0,143,S026,81.1,18.9,WARNING,joint,True,True
COMBINED_FAULT,0.15,143,S026,21.85,78.15,NORMAL,vibration,False,False
COMBINED_FAULT,0.15,143,S026,74.04,25.96,WARNING,rpm,True,True
COMBINED_FAULT,0.3,143,S026,64.64,35.36,WARNING,rpm,True,True
COMBINED_FAULT,0.3,143,S026,66.57,33.43,WARNING,joint,True,True
COMBINED_FAULT,0.5,143,S026,72.33,27.67,WARNING,vibration,True,True
COMBINED_FAULT,0.5,143,S026,71.31,28.69,WARNING,vibration,True,True
COMBINED_FAULT,0.75,143,S026,98.43,1.57,CRITICAL,vibration,True,True
COMBINED_FAULT,0.75,143,S026,94.95,5.05,CRITICAL,joint,True,True
COMBINED_FAULT,1.0,143,S026,95.93,4.07,CRITICAL,vibration,True,True
COMBINED_FAULT,1.0,143,S026,86.45,13.55,WARNING,joint,True,True
NORMAL,0.0,144,S026,8.63,91.37,NORMAL,temperature,False,False
BELT_SLIP,0.15,144,S026,73.75,26.25,WARNING,rpm,True,True
BELT_SLIP,0.15,144,S026,73.21,26.79,WARNING,rpm,True,True
BELT_SLIP,0.3,144,S026,79.55,20.45,WARNING,rpm,True,True
BELT_SLIP,0.3,144,S026,78.94,21.06,WARNING,rpm,True,True
BELT_SLIP,0.5,144,S026,78.88,21.12,WARNING,joint,True,True
BELT_SLIP,0.5,144,S026,82.94,17.06,WARNING,joint,True,True
BELT_SLIP,0.75,144,S026,90.98,9.02,WARNING,joint,True,True
BELT_SLIP,0.75,144,S026,90.55,9.45,WARNING,joint,True,True
BELT_SLIP,1.0,144,S026,89.83,10.17,WARNING,joint,True,True
BELT_SLIP,1.0,144,S026,91.83,8.17,CRITICAL,joint,True,True
HIGH_VIBRATION,0.15,144,S026,38.46,61.54,WATCH,vibration,True,False
HIGH_VIBRATION,0.15,144,S026,37.97,62.03,WATCH,vibration,True,False
HIGH_VIBRATION,0.3,144,S026,74.26,25.74,WARNING,vibration,True,True
HIGH_VIBRATION,0.3,144,S026,74.25,25.75,WARNING,vibration,True,True
HIGH_VIBRATION,0.5,144,S026,91.27,8.73,WARNING,vibration,True,True
HIGH_VIBRATION,0.5,144,S026,91.08,8.92,WARNING,vibration,True,True
HIGH_VIBRATION,0.75,144,S026,96.35,3.65,CRITICAL,vibration,True,True
HIGH_VIBRATION,0.75,144,S026,96.12,3.88,CRITICAL,vibration,True,True
HIGH_VIBRATION,1.0,144,S026,97.94,2.06,CRITICAL,vibration,True,True
HIGH_VIBRATION,1.0,144,S026,97.9,2.1,CRITICAL,vibration,True,True
OVERHEATING,0.15,144,S026,19.73,80.27,NORMAL,temperature,False,False
OVERHEATING,0.15,144,S026,19.92,80.08,NORMAL,temperature,False,False
OVERHEATING,0.3,144,S026,23.17,76.83,NORMAL,temperature,False,False
OVERHEATING,0.3,144,S026,23.39,76.61,NORMAL,temperature,False,False
OVERHEATING,0.5,144,S026,25.11,74.89,NORMAL,temperature,False,False
OVERHEATING,0.5,144,S026,24.85,75.15,NORMAL,temperature,False,False
OVERHEATING,0.75,144,S026,30.11,69.89,NORMAL,temperature,False,False
OVERHEATING,0.75,144,S026,33.54,66.46,NORMAL,temperature,False,False
OVERHEATING,1.0,144,S026,44.99,55.01,WATCH,temperature,True,False
OVERHEATING,1.0,144,S026,44.03,55.97,WATCH,temperature,True,False
RPM_INSTABILITY,0.15,144,S026,73.42,26.58,WARNING,rpm,True,True
RPM_INSTABILITY,0.15,144,S026,71.79,28.21,WARNING,rpm,True,True
RPM_INSTABILITY,0.3,144,S026,75.55,24.45,WARNING,rpm,True,True
RPM_INSTABILITY,0.3,144,S026,80.22,19.78,WARNING,rpm,True,True
RPM_INSTABILITY,0.5,144,S026,72.42,27.58,WARNING,rpm,True,True
RPM_INSTABILITY,0.5,144,S026,69.64,30.36,WARNING,rpm,True,True
RPM_INSTABILITY,0.75,144,S026,80.19,19.81,WARNING,rpm,True,True
RPM_INSTABILITY,0.75,144,S026,80.22,19.78,WARNING,rpm,True,True
RPM_INSTABILITY,1.0,144,S026,79.17,20.83,WARNING,rpm,True,True
RPM_INSTABILITY,1.0,144,S026,81.86,18.14,WARNING,joint,True,True
COMBINED_FAULT,0.15,144,S026,28.17,71.83,NORMAL,vibration,False,False
COMBINED_FAULT,0.15,144,S026,59.27,40.73,WATCH,joint,True,False
COMBINED_FAULT,0.3,144,S026,90.04,9.96,WARNING,vibration,True,True
COMBINED_FAULT,0.3,144,S026,74.12,25.88,WARNING,rpm,True,True
COMBINED_FAULT,0.5,144,S026,92.12,7.88,CRITICAL,joint,True,True
COMBINED_FAULT,0.5,144,S026,78.46,21.54,WARNING,vibration,True,True
COMBINED_FAULT,0.75,144,S026,87.85,12.15,WARNING,joint,True,True
COMBINED_FAULT,0.75,144,S026,86.84,13.16,WARNING,joint,True,True
COMBINED_FAULT,1.0,144,S026,94.89,5.11,CRITICAL,joint,True,True
COMBINED_FAULT,1.0,144,S026,95.66,4.34,CRITICAL,vibration,True,True
NORMAL,0.0,145,S026,8.81,91.19,NORMAL,temperature,False,False
BELT_SLIP,0.15,145,S026,70.01,29.99,WARNING,rpm,True,True
BELT_SLIP,0.15,145,S026,70.36,29.64,WARNING,rpm,True,True
BELT_SLIP,0.3,145,S026,76.98,23.02,WARNING,rpm,True,True
BELT_SLIP,0.3,145,S026,78.94,21.06,WARNING,rpm,True,True
BELT_SLIP,0.5,145,S026,83.32,16.68,WARNING,joint,True,True
BELT_SLIP,0.5,145,S026,82.72,17.28,WARNING,joint,True,True
BELT_SLIP,0.75,145,S026,89.02,10.98,WARNING,joint,True,True
BELT_SLIP,0.75,145,S026,92.52,7.48,CRITICAL,joint,True,True
BELT_SLIP,1.0,145,S026,96.06,3.94,CRITICAL,joint,True,True
BELT_SLIP,1.0,145,S026,96.35,3.65,CRITICAL,vibration,True,True
HIGH_VIBRATION,0.15,145,S026,40.08,59.92,WATCH,vibration,True,False
HIGH_VIBRATION,0.15,145,S026,42.75,57.25,WATCH,vibration,True,False
HIGH_VIBRATION,0.3,145,S026,76.69,23.31,WARNING,vibration,True,True
HIGH_VIBRATION,0.3,145,S026,76.93,23.07,WARNING,vibration,True,True
HIGH_VIBRATION,0.5,145,S026,92.44,7.56,CRITICAL,vibration,True,True
HIGH_VIBRATION,0.5,145,S026,92.59,7.41,CRITICAL,vibration,True,True
HIGH_VIBRATION,0.75,145,S026,97.0,3.0,CRITICAL,vibration,True,True
HIGH_VIBRATION,0.75,145,S026,97.17,2.83,CRITICAL,vibration,True,True
HIGH_VIBRATION,1.0,145,S026,97.99,2.01,CRITICAL,vibration,True,True
HIGH_VIBRATION,1.0,145,S026,98.07,1.93,CRITICAL,vibration,True,True
OVERHEATING,0.15,145,S026,21.0,79.0,NORMAL,temperature,False,False
OVERHEATING,0.15,145,S026,21.02,78.98,NORMAL,temperature,False,False
OVERHEATING,0.3,145,S026,25.51,74.49,NORMAL,temperature,False,False
OVERHEATING,0.3,145,S026,25.69,74.31,NORMAL,temperature,False,False
OVERHEATING,0.5,145,S026,28.27,71.73,NORMAL,temperature,False,False
OVERHEATING,0.5,145,S026,28.54,71.46,NORMAL,temperature,False,False
OVERHEATING,0.75,145,S026,38.79,61.21,WATCH,temperature,True,False
OVERHEATING,0.75,145,S026,39.67,60.33,WATCH,temperature,True,False
OVERHEATING,1.0,145,S026,55.35,44.65,WATCH,temperature,True,False
OVERHEATING,1.0,145,S026,53.5,46.5,WATCH,temperature,True,False
RPM_INSTABILITY,0.15,145,S026,76.5,23.5,WARNING,rpm,True,True
RPM_INSTABILITY,0.15,145,S026,62.75,37.25,WARNING,rpm,True,True
RPM_INSTABILITY,0.3,145,S026,64.33,35.67,WARNING,rpm,True,True
RPM_INSTABILITY,0.3,145,S026,68.72,31.28,WARNING,rpm,True,True
RPM_INSTABILITY,0.5,145,S026,75.69,24.31,WARNING,rpm,True,True
RPM_INSTABILITY,0.5,145,S026,79.89,20.11,WARNING,rpm,True,True
RPM_INSTABILITY,0.75,145,S026,73.71,26.29,WARNING,rpm,True,True
RPM_INSTABILITY,0.75,145,S026,79.73,20.27,WARNING,rpm,True,True
RPM_INSTABILITY,1.0,145,S026,79.54,20.46,WARNING,rpm,True,True
RPM_INSTABILITY,1.0,145,S026,80.61,19.39,WARNING,vibration,True,True
COMBINED_FAULT,0.15,145,S026,35.6,64.4,WATCH,vibration,True,False
COMBINED_FAULT,0.15,145,S026,65.31,34.69,WARNING,rpm,True,True
COMBINED_FAULT,0.3,145,S026,80.55,19.45,WARNING,rpm,True,True
COMBINED_FAULT,0.3,145,S026,82.43,17.57,WARNING,joint,True,True
COMBINED_FAULT,0.5,145,S026,81.17,18.83,WARNING,vibration,True,True
COMBINED_FAULT,0.5,145,S026,81.93,18.07,WARNING,joint,True,True
COMBINED_FAULT,0.75,145,S026,98.53,1.47,CRITICAL,vibration,True,True
COMBINED_FAULT,0.75,145,S026,98.47,1.53,CRITICAL,vibration,True,True
COMBINED_FAULT,1.0,145,S026,96.79,3.21,CRITICAL,vibration,True,True
COMBINED_FAULT,1.0,145,S026,97.34,2.66,CRITICAL,vibration,True,True
NORMAL,0.0,146,S026,14.3,85.7,NORMAL,vibration,False,False
BELT_SLIP,0.15,146,S026,73.8,26.2,WARNING,rpm,True,True
BELT_SLIP,0.15,146,S026,73.62,26.38,WARNING,rpm,True,True
BELT_SLIP,0.3,146,S026,74.06,25.94,WARNING,rpm,True,True
BELT_SLIP,0.3,146,S026,75.33,24.67,WARNING,rpm,True,True
BELT_SLIP,0.5,146,S026,84.62,15.38,WARNING,joint,True,True
BELT_SLIP,0.5,146,S026,85.48,14.52,WARNING,joint,True,True
BELT_SLIP,0.75,146,S026,89.7,10.3,WARNING,joint,True,True
BELT_SLIP,0.75,146,S026,89.57,10.43,WARNING,joint,True,True
BELT_SLIP,1.0,146,S026,95.37,4.63,CRITICAL,vibration,True,True
BELT_SLIP,1.0,146,S026,94.85,5.15,CRITICAL,vibration,True,True
HIGH_VIBRATION,0.15,146,S026,45.32,54.68,WATCH,vibration,True,False
HIGH_VIBRATION,0.15,146,S026,44.65,55.35,WATCH,vibration,True,False
HIGH_VIBRATION,0.3,146,S026,74.81,25.19,WARNING,vibration,True,True
HIGH_VIBRATION,0.3,146,S026,71.52,28.48,WARNING,vibration,True,True
HIGH_VIBRATION,0.5,146,S026,93.46,6.54,CRITICAL,vibration,True,True
HIGH_VIBRATION,0.5,146,S026,93.58,6.42,CRITICAL,vibration,True,True
HIGH_VIBRATION,0.75,146,S026,97.01,2.99,CRITICAL,vibration,True,True
HIGH_VIBRATION,0.75,146,S026,96.82,3.18,CRITICAL,vibration,True,True
HIGH_VIBRATION,1.0,146,S026,98.17,1.83,CRITICAL,vibration,True,True
HIGH_VIBRATION,1.0,146,S026,98.17,1.83,CRITICAL,vibration,True,True
OVERHEATING,0.15,146,S026,20.88,79.12,NORMAL,temperature,False,False
OVERHEATING,0.15,146,S026,20.84,79.16,NORMAL,temperature,False,False
OVERHEATING,0.3,146,S026,22.84,77.16,NORMAL,temperature,False,False
OVERHEATING,0.3,146,S026,23.08,76.92,NORMAL,temperature,False,False
OVERHEATING,0.5,146,S026,25.73,74.27,NORMAL,temperature,False,False
OVERHEATING,0.5,146,S026,26.22,73.78,NORMAL,temperature,False,False
OVERHEATING,0.75,146,S026,35.53,64.47,WATCH,temperature,True,False
OVERHEATING,0.75,146,S026,38.8,61.2,WATCH,temperature,True,False
OVERHEATING,1.0,146,S026,56.72,43.28,WATCH,temperature,True,False
OVERHEATING,1.0,146,S026,54.65,45.35,WATCH,temperature,True,False
RPM_INSTABILITY,0.15,146,S026,75.55,24.45,WARNING,rpm,True,True
RPM_INSTABILITY,0.15,146,S026,75.55,24.45,WARNING,rpm,True,True
RPM_INSTABILITY,0.3,146,S026,75.58,24.42,WARNING,rpm,True,True
RPM_INSTABILITY,0.3,146,S026,69.68,30.32,WARNING,rpm,True,True
RPM_INSTABILITY,0.5,146,S026,75.55,24.45,WARNING,rpm,True,True
RPM_INSTABILITY,0.5,146,S026,75.55,24.45,WARNING,rpm,True,True
RPM_INSTABILITY,0.75,146,S026,80.17,19.83,WARNING,rpm,True,True
RPM_INSTABILITY,0.75,146,S026,76.38,23.62,WARNING,rpm,True,True
RPM_INSTABILITY,1.0,146,S026,75.55,24.45,WARNING,rpm,True,True
RPM_INSTABILITY,1.0,146,S026,73.88,26.12,WARNING,joint,True,True
COMBINED_FAULT,0.15,146,S026,61.19,38.81,WARNING,joint,True,True
COMBINED_FAULT,0.15,146,S026,78.94,21.06,WARNING,rpm,True,True
COMBINED_FAULT,0.3,146,S026,77.26,22.74,WARNING,joint,True,True
COMBINED_FAULT,0.3,146,S026,63.45,36.55,WARNING,rpm,True,True
COMBINED_FAULT,0.5,146,S026,97.12,2.88,CRITICAL,vibration,True,True
COMBINED_FAULT,0.5,146,S026,80.17,19.83,WARNING,rpm,True,True
COMBINED_FAULT,0.75,146,S026,75.58,24.42,WARNING,rpm,True,True
COMBINED_FAULT,0.75,146,S026,93.62,6.38,CRITICAL,vibration,True,True
COMBINED_FAULT,1.0,146,S026,77.26,22.74,WARNING,joint,True,True
COMBINED_FAULT,1.0,146,S026,98.6,1.4,CRITICAL,vibration,True,True
NORMAL,0.0,147,S026,15.92,84.08,NORMAL,vibration,False,False
BELT_SLIP,0.15,147,S026,67.28,32.72,WARNING,rpm,True,True
BELT_SLIP,0.15,147,S026,54.84,45.16,WATCH,rpm,True,False
BELT_SLIP,0.3,147,S026,78.25,21.75,WARNING,joint,True,True
BELT_SLIP,0.3,147,S026,81.81,18.19,WARNING,rpm,True,True
BELT_SLIP,0.5,147,S026,85.88,14.12,WARNING,joint,True,True
BELT_SLIP,0.5,147,S026,84.37,15.63,WARNING,joint,True,True
BELT_SLIP,0.75,147,S026,91.87,8.13,CRITICAL,joint,True,True
BELT_SLIP,0.75,147,S026,90.73,9.27,WARNING,joint,True,True
BELT_SLIP,1.0,147,S026,95.06,4.94,CRITICAL,joint,True,True
BELT_SLIP,1.0,147,S026,95.14,4.86,CRITICAL,joint,True,True
HIGH_VIBRATION,0.15,147,S026,42.24,57.76,WATCH,vibration,True,False
HIGH_VIBRATION,0.15,147,S026,43.02,56.98,WATCH,vibration,True,False
HIGH_VIBRATION,0.3,147,S026,76.65,23.35,WARNING,vibration,True,True
HIGH_VIBRATION,0.3,147,S026,77.08,22.92,WARNING,vibration,True,True
HIGH_VIBRATION,0.5,147,S026,93.27,6.73,CRITICAL,vibration,True,True
HIGH_VIBRATION,0.5,147,S026,93.53,6.47,CRITICAL,vibration,True,True
HIGH_VIBRATION,0.75,147,S026,96.75,3.25,CRITICAL,vibration,True,True
HIGH_VIBRATION,0.75,147,S026,97.27,2.73,CRITICAL,vibration,True,True
HIGH_VIBRATION,1.0,147,S026,98.02,1.98,CRITICAL,vibration,True,True
HIGH_VIBRATION,1.0,147,S026,98.16,1.84,CRITICAL,vibration,True,True
OVERHEATING,0.15,147,S026,24.96,75.04,NORMAL,temperature,False,False
OVERHEATING,0.15,147,S026,25.14,74.86,NORMAL,temperature,False,False
OVERHEATING,0.3,147,S026,36.56,63.44,WATCH,temperature,True,False
OVERHEATING,0.3,147,S026,36.61,63.39,WATCH,temperature,True,False
OVERHEATING,0.5,147,S026,54.75,45.25,WATCH,temperature,True,False
OVERHEATING,0.5,147,S026,54.31,45.69,WATCH,temperature,True,False
OVERHEATING,0.75,147,S026,69.69,30.31,WARNING,temperature,True,True
OVERHEATING,0.75,147,S026,68.36,31.64,WARNING,temperature,True,True
OVERHEATING,1.0,147,S026,74.5,25.5,WARNING,temperature,True,True
OVERHEATING,1.0,147,S026,73.91,26.09,WARNING,temperature,True,True
RPM_INSTABILITY,0.15,147,S026,72.83,27.17,WARNING,rpm,True,True
RPM_INSTABILITY,0.15,147,S026,63.44,36.56,WARNING,rpm,True,True
RPM_INSTABILITY,0.3,147,S026,63.7,36.3,WARNING,rpm,True,True
RPM_INSTABILITY,0.3,147,S026,77.59,22.41,WARNING,rpm,True,True
RPM_INSTABILITY,0.5,147,S026,79.93,20.07,WARNING,rpm,True,True
RPM_INSTABILITY,0.5,147,S026,79.91,20.09,WARNING,rpm,True,True
RPM_INSTABILITY,0.75,147,S026,74.47,25.53,WARNING,rpm,True,True
RPM_INSTABILITY,0.75,147,S026,71.92,28.08,WARNING,rpm,True,True
RPM_INSTABILITY,1.0,147,S026,79.93,20.07,WARNING,rpm,True,True
RPM_INSTABILITY,1.0,147,S026,75.46,24.54,WARNING,rpm,True,True
COMBINED_FAULT,0.15,147,S026,63.43,36.57,WARNING,rpm,True,True
COMBINED_FAULT,0.15,147,S026,36.83,63.17,WATCH,vibration,True,False
COMBINED_FAULT,0.3,147,S026,89.11,10.89,WARNING,joint,True,True
COMBINED_FAULT,0.3,147,S026,80.64,19.36,WARNING,joint,True,True
COMBINED_FAULT,0.5,147,S026,82.62,17.38,WARNING,vibration,True,True
COMBINED_FAULT,0.5,147,S026,86.33,13.67,WARNING,joint,True,True
COMBINED_FAULT,0.75,147,S026,80.43,19.57,WARNING,joint,True,True
COMBINED_FAULT,0.75,147,S026,98.45,1.55,CRITICAL,vibration,True,True
COMBINED_FAULT,1.0,147,S026,98.87,1.13,CRITICAL,vibration,True,True
COMBINED_FAULT,1.0,147,S026,96.46,3.54,CRITICAL,vibration,True,True
NORMAL,0.0,148,S027,4.44,95.56,NORMAL,temperature,False,False
BELT_SLIP,0.15,148,S027,60.94,39.06,WARNING,rpm,True,True
BELT_SLIP,0.15,148,S027,61.37,38.63,WARNING,rpm,True,True
BELT_SLIP,0.3,148,S027,73.73,26.27,WARNING,rpm,True,True
BELT_SLIP,0.3,148,S027,77.05,22.95,WARNING,rpm,True,True
BELT_SLIP,0.5,148,S027,81.81,18.19,WARNING,rpm,True,True
BELT_SLIP,0.5,148,S027,75.62,24.38,WARNING,rpm,True,True
BELT_SLIP,0.75,148,S027,91.27,8.73,WARNING,joint,True,True
BELT_SLIP,0.75,148,S027,93.17,6.83,CRITICAL,joint,True,True
BELT_SLIP,1.0,148,S027,96.05,3.95,CRITICAL,joint,True,True
BELT_SLIP,1.0,148,S027,96.62,3.38,CRITICAL,joint,True,True
HIGH_VIBRATION,0.15,148,S027,29.98,70.02,NORMAL,vibration,False,False
HIGH_VIBRATION,0.15,148,S027,29.02,70.98,NORMAL,vibration,False,False
HIGH_VIBRATION,0.3,148,S027,84.87,15.13,WARNING,vibration,True,True
HIGH_VIBRATION,0.3,148,S027,85.74,14.26,WARNING,vibration,True,True
HIGH_VIBRATION,0.5,148,S027,93.26,6.74,CRITICAL,vibration,True,True
HIGH_VIBRATION,0.5,148,S027,93.81,6.19,CRITICAL,vibration,True,True
HIGH_VIBRATION,0.75,148,S027,97.58,2.42,CRITICAL,vibration,True,True
HIGH_VIBRATION,0.75,148,S027,97.87,2.13,CRITICAL,vibration,True,True
HIGH_VIBRATION,1.0,148,S027,98.47,1.53,CRITICAL,vibration,True,True
HIGH_VIBRATION,1.0,148,S027,98.53,1.47,CRITICAL,vibration,True,True
OVERHEATING,0.15,148,S027,15.17,84.83,NORMAL,temperature,False,False
OVERHEATING,0.15,148,S027,14.93,85.07,NORMAL,temperature,False,False
OVERHEATING,0.3,148,S027,23.85,76.15,NORMAL,temperature,False,False
OVERHEATING,0.3,148,S027,23.9,76.1,NORMAL,temperature,False,False
OVERHEATING,0.5,148,S027,35.65,64.35,WATCH,temperature,True,False
OVERHEATING,0.5,148,S027,35.24,64.76,WATCH,temperature,True,False
OVERHEATING,0.75,148,S027,53.87,46.13,WATCH,temperature,True,False
OVERHEATING,0.75,148,S027,50.62,49.38,WATCH,temperature,True,False
OVERHEATING,1.0,148,S027,68.22,31.78,WARNING,temperature,True,True
OVERHEATING,1.0,148,S027,69.91,30.09,WARNING,temperature,True,True
RPM_INSTABILITY,0.15,148,S027,76.8,23.2,WARNING,rpm,True,True
RPM_INSTABILITY,0.15,148,S027,71.44,28.56,WARNING,rpm,True,True
RPM_INSTABILITY,0.3,148,S027,75.51,24.49,WARNING,rpm,True,True
RPM_INSTABILITY,0.3,148,S027,77.53,22.47,WARNING,rpm,True,True
RPM_INSTABILITY,0.5,148,S027,75.51,24.49,WARNING,rpm,True,True
RPM_INSTABILITY,0.5,148,S027,75.51,24.49,WARNING,rpm,True,True
RPM_INSTABILITY,0.75,148,S027,73.83,26.17,WARNING,rpm,True,True
RPM_INSTABILITY,0.75,148,S027,79.82,20.18,WARNING,rpm,True,True
RPM_INSTABILITY,1.0,148,S027,81.46,18.54,WARNING,joint,True,True
RPM_INSTABILITY,1.0,148,S027,79.82,20.18,WARNING,rpm,True,True
COMBINED_FAULT,0.15,148,S027,17.46,82.54,NORMAL,vibration,False,False
COMBINED_FAULT,0.15,148,S027,68.97,31.03,WARNING,rpm,True,True
COMBINED_FAULT,0.3,148,S027,74.46,25.54,WARNING,rpm,True,True
COMBINED_FAULT,0.3,148,S027,76.02,23.98,WARNING,joint,True,True
COMBINED_FAULT,0.5,148,S027,88.76,11.24,WARNING,vibration,True,True
COMBINED_FAULT,0.5,148,S027,78.94,21.06,WARNING,rpm,True,True
COMBINED_FAULT,0.75,148,S027,90.62,9.38,WARNING,joint,True,True
COMBINED_FAULT,0.75,148,S027,90.27,9.73,WARNING,joint,True,True
COMBINED_FAULT,1.0,148,S027,99.0,1.0,CRITICAL,vibration,True,True
COMBINED_FAULT,1.0,148,S027,97.44,2.56,CRITICAL,vibration,True,True
NORMAL,0.0,149,S030,7.93,92.07,NORMAL,temperature,False,False
BELT_SLIP,0.15,149,S030,49.44,50.56,WATCH,rpm,True,False
BELT_SLIP,0.15,149,S030,66.0,34.0,WARNING,rpm,True,True
BELT_SLIP,0.3,149,S030,77.42,22.58,WARNING,rpm,True,True
BELT_SLIP,0.3,149,S030,77.95,22.05,WARNING,joint,True,True
BELT_SLIP,0.5,149,S030,88.89,11.11,WARNING,joint,True,True
BELT_SLIP,0.5,149,S030,87.9,12.1,WARNING,joint,True,True
BELT_SLIP,0.75,149,S030,94.98,5.02,CRITICAL,joint,True,True
BELT_SLIP,0.75,149,S030,96.24,3.76,CRITICAL,joint,True,True
BELT_SLIP,1.0,149,S030,97.59,2.41,CRITICAL,joint,True,True
BELT_SLIP,1.0,149,S030,97.54,2.46,CRITICAL,joint,True,True
HIGH_VIBRATION,0.15,149,S030,42.73,57.27,WATCH,vibration,True,False
HIGH_VIBRATION,0.15,149,S030,42.07,57.93,WATCH,vibration,True,False
HIGH_VIBRATION,0.3,149,S030,89.21,10.79,WARNING,vibration,True,True
HIGH_VIBRATION,0.3,149,S030,87.51,12.49,WARNING,vibration,True,True
HIGH_VIBRATION,0.5,149,S030,95.99,4.01,CRITICAL,vibration,True,True
HIGH_VIBRATION,0.5,149,S030,95.61,4.39,CRITICAL,vibration,True,True
HIGH_VIBRATION,0.75,149,S030,97.35,2.65,CRITICAL,vibration,True,True
HIGH_VIBRATION,0.75,149,S030,97.93,2.07,CRITICAL,vibration,True,True
HIGH_VIBRATION,1.0,149,S030,98.33,1.67,CRITICAL,vibration,True,True
HIGH_VIBRATION,1.0,149,S030,97.92,2.08,CRITICAL,vibration,True,True
OVERHEATING,0.15,149,S030,32.74,67.26,NORMAL,temperature,False,False
OVERHEATING,0.15,149,S030,32.88,67.12,NORMAL,temperature,False,False
OVERHEATING,0.3,149,S030,46.62,53.38,WATCH,temperature,True,False
OVERHEATING,0.3,149,S030,46.13,53.87,WATCH,temperature,True,False
OVERHEATING,0.5,149,S030,60.4,39.6,WATCH,temperature,True,False
OVERHEATING,0.5,149,S030,62.52,37.48,WARNING,temperature,True,True
OVERHEATING,0.75,149,S030,68.6,31.4,WARNING,temperature,True,True
OVERHEATING,0.75,149,S030,68.6,31.4,WARNING,temperature,True,True
OVERHEATING,1.0,149,S030,69.27,30.73,WARNING,temperature,True,True
OVERHEATING,1.0,149,S030,69.27,30.73,WARNING,temperature,True,True
RPM_INSTABILITY,0.15,149,S030,73.44,26.56,WARNING,rpm,True,True
RPM_INSTABILITY,0.15,149,S030,72.57,27.43,WARNING,rpm,True,True
RPM_INSTABILITY,0.3,149,S030,80.02,19.98,WARNING,rpm,True,True
RPM_INSTABILITY,0.3,149,S030,71.44,28.56,WARNING,rpm,True,True
RPM_INSTABILITY,0.5,149,S030,75.37,24.63,WARNING,rpm,True,True
RPM_INSTABILITY,0.5,149,S030,62.72,37.28,WARNING,rpm,True,True
RPM_INSTABILITY,0.75,149,S030,75.46,24.54,WARNING,rpm,True,True
RPM_INSTABILITY,0.75,149,S030,65.86,34.14,WARNING,rpm,True,True
RPM_INSTABILITY,1.0,149,S030,81.96,18.04,WARNING,joint,True,True
RPM_INSTABILITY,1.0,149,S030,80.02,19.98,WARNING,rpm,True,True
COMBINED_FAULT,0.15,149,S030,39.43,60.57,WATCH,rpm,True,False
COMBINED_FAULT,0.15,149,S030,55.0,45.0,WATCH,rpm,True,False
COMBINED_FAULT,0.3,149,S030,93.49,6.51,CRITICAL,vibration,True,True
COMBINED_FAULT,0.3,149,S030,82.17,17.83,WARNING,vibration,True,True
COMBINED_FAULT,0.5,149,S030,98.25,1.75,CRITICAL,vibration,True,True
COMBINED_FAULT,0.5,149,S030,98.34,1.66,CRITICAL,vibration,True,True
COMBINED_FAULT,0.75,149,S030,93.35,6.65,CRITICAL,joint,True,True
COMBINED_FAULT,0.75,149,S030,96.32,3.68,CRITICAL,vibration,True,True
COMBINED_FAULT,1.0,149,S030,99.03,0.97,CRITICAL,vibration,True,True
COMBINED_FAULT,1.0,149,S030,96.18,3.82,CRITICAL,joint,True,True
NORMAL,0.0,150,S030,19.33,80.67,NORMAL,temperature,False,False
BELT_SLIP,0.15,150,S030,75.91,24.09,WARNING,rpm,True,True
BELT_SLIP,0.15,150,S030,67.51,32.49,WARNING,rpm,True,True
BELT_SLIP,0.3,150,S030,81.3,18.7,WARNING,joint,True,True
BELT_SLIP,0.3,150,S030,79.42,20.58,WARNING,joint,True,True
BELT_SLIP,0.5,150,S030,92.57,7.43,CRITICAL,joint,True,True
BELT_SLIP,0.5,150,S030,93.18,6.82,CRITICAL,joint,True,True
BELT_SLIP,0.75,150,S030,96.62,3.38,CRITICAL,joint,True,True
BELT_SLIP,0.75,150,S030,96.17,3.83,CRITICAL,joint,True,True
BELT_SLIP,1.0,150,S030,97.47,2.53,CRITICAL,joint,True,True
BELT_SLIP,1.0,150,S030,97.66,2.34,CRITICAL,joint,True,True
HIGH_VIBRATION,0.15,150,S030,38.98,61.02,WATCH,joint,True,False
HIGH_VIBRATION,0.15,150,S030,38.65,61.35,WATCH,joint,True,False
HIGH_VIBRATION,0.3,150,S030,79.6,20.4,WARNING,vibration,True,True
HIGH_VIBRATION,0.3,150,S030,81.34,18.66,WARNING,vibration,True,True
HIGH_VIBRATION,0.5,150,S030,93.77,6.23,CRITICAL,vibration,True,True
HIGH_VIBRATION,0.5,150,S030,93.54,6.46,CRITICAL,vibration,True,True
HIGH_VIBRATION,0.75,150,S030,96.49,3.51,CRITICAL,vibration,True,True
HIGH_VIBRATION,0.75,150,S030,96.27,3.73,CRITICAL,vibration,True,True
HIGH_VIBRATION,1.0,150,S030,97.83,2.17,CRITICAL,vibration,True,True
HIGH_VIBRATION,1.0,150,S030,97.8,2.2,CRITICAL,vibration,True,True
OVERHEATING,0.15,150,S030,52.78,47.22,WATCH,temperature,True,False
OVERHEATING,0.15,150,S030,53.59,46.41,WATCH,temperature,True,False
OVERHEATING,0.3,150,S030,66.31,33.69,WARNING,temperature,True,True
OVERHEATING,0.3,150,S030,66.31,33.69,WARNING,temperature,True,True
OVERHEATING,0.5,150,S030,68.55,31.45,WARNING,temperature,True,True
OVERHEATING,0.5,150,S030,68.55,31.45,WARNING,temperature,True,True
OVERHEATING,0.75,150,S030,68.66,31.34,WARNING,temperature,True,True
OVERHEATING,0.75,150,S030,68.66,31.34,WARNING,temperature,True,True
OVERHEATING,1.0,150,S030,68.66,31.34,WARNING,temperature,True,True
OVERHEATING,1.0,150,S030,68.66,31.34,WARNING,temperature,True,True
RPM_INSTABILITY,0.15,150,S030,68.64,31.36,WARNING,rpm,True,True
RPM_INSTABILITY,0.15,150,S030,66.32,33.68,WARNING,rpm,True,True
RPM_INSTABILITY,0.3,150,S030,79.85,20.15,WARNING,rpm,True,True
RPM_INSTABILITY,0.3,150,S030,72.96,27.04,WARNING,rpm,True,True
RPM_INSTABILITY,0.5,150,S030,75.74,24.26,WARNING,rpm,True,True
RPM_INSTABILITY,0.5,150,S030,79.54,20.46,WARNING,rpm,True,True
RPM_INSTABILITY,0.75,150,S030,75.79,24.21,WARNING,rpm,True,True
RPM_INSTABILITY,0.75,150,S030,79.73,20.27,WARNING,rpm,True,True
RPM_INSTABILITY,1.0,150,S030,76.87,23.13,WARNING,joint,True,True
RPM_INSTABILITY,1.0,150,S030,79.68,20.32,WARNING,rpm,True,True
COMBINED_FAULT,0.15,150,S030,79.42,20.58,WARNING,rpm,True,True
COMBINED_FAULT,0.15,150,S030,55.38,44.62,WATCH,temperature,True,False
COMBINED_FAULT,0.3,150,S030,76.23,23.77,WARNING,joint,True,True
COMBINED_FAULT,0.3,150,S030,71.15,28.85,WARNING,joint,True,True
COMBINED_FAULT,0.5,150,S030,89.95,10.05,WARNING,joint,True,True
COMBINED_FAULT,0.5,150,S030,87.69,12.31,WARNING,joint,True,True
COMBINED_FAULT,0.75,150,S030,98.68,1.32,CRITICAL,joint,True,True
COMBINED_FAULT,0.75,150,S030,94.19,5.81,CRITICAL,vibration,True,True
COMBINED_FAULT,1.0,150,S030,98.98,1.02,CRITICAL,vibration,True,True
COMBINED_FAULT,1.0,150,S030,85.41,14.59,WARNING,joint,True,True
NORMAL,0.0,151,S030,45.43,54.57,WATCH,temperature,True,False
BELT_SLIP,0.15,151,S030,70.38,29.62,WARNING,rpm,True,True
BELT_SLIP,0.15,151,S030,60.77,39.23,WARNING,rpm,True,True
BELT_SLIP,0.3,151,S030,83.59,16.41,WARNING,joint,True,True
BELT_SLIP,0.3,151,S030,77.7,22.3,WARNING,joint,True,True
BELT_SLIP,0.5,151,S030,91.43,8.57,WARNING,joint,True,True
BELT_SLIP,0.5,151,S030,89.38,10.62,WARNING,joint,True,True
BELT_SLIP,0.75,151,S030,96.21,3.79,CRITICAL,joint,True,True
BELT_SLIP,0.75,151,S030,96.45,3.55,CRITICAL,joint,True,True
BELT_SLIP,1.0,151,S030,97.66,2.34,CRITICAL,joint,True,True
BELT_SLIP,1.0,151,S030,97.8,2.2,CRITICAL,joint,True,True
HIGH_VIBRATION,0.15,151,S030,45.43,54.57,WATCH,temperature,True,False
HIGH_VIBRATION,0.15,151,S030,45.43,54.57,WATCH,temperature,True,False
HIGH_VIBRATION,0.3,151,S030,81.21,18.79,WARNING,vibration,True,True
HIGH_VIBRATION,0.3,151,S030,82.6,17.4,WARNING,vibration,True,True
HIGH_VIBRATION,0.5,151,S030,93.2,6.8,CRITICAL,vibration,True,True
HIGH_VIBRATION,0.5,151,S030,92.64,7.36,CRITICAL,vibration,True,True
HIGH_VIBRATION,0.75,151,S030,95.9,4.1,CRITICAL,vibration,True,True
HIGH_VIBRATION,0.75,151,S030,95.49,4.51,CRITICAL,vibration,True,True
HIGH_VIBRATION,1.0,151,S030,97.31,2.69,CRITICAL,vibration,True,True
HIGH_VIBRATION,1.0,151,S030,97.38,2.62,CRITICAL,vibration,True,True
OVERHEATING,0.15,151,S030,71.71,28.29,WARNING,temperature,True,True
OVERHEATING,0.15,151,S030,71.35,28.65,WARNING,temperature,True,True
OVERHEATING,0.3,151,S030,73.5,26.5,WARNING,temperature,True,True
OVERHEATING,0.3,151,S030,73.5,26.5,WARNING,temperature,True,True
OVERHEATING,0.5,151,S030,74.65,25.35,WARNING,temperature,True,True
OVERHEATING,0.5,151,S030,74.56,25.44,WARNING,temperature,True,True
OVERHEATING,0.75,151,S030,75.7,24.3,WARNING,temperature,True,True
OVERHEATING,0.75,151,S030,75.49,24.51,WARNING,temperature,True,True
OVERHEATING,1.0,151,S030,76.72,23.28,WARNING,temperature,True,True
OVERHEATING,1.0,151,S030,76.72,23.28,WARNING,temperature,True,True
RPM_INSTABILITY,0.15,151,S030,79.66,20.34,WARNING,rpm,True,True
RPM_INSTABILITY,0.15,151,S030,61.56,38.44,WARNING,rpm,True,True
RPM_INSTABILITY,0.3,151,S030,65.11,34.89,WARNING,rpm,True,True
RPM_INSTABILITY,0.3,151,S030,71.31,28.69,WARNING,rpm,True,True
RPM_INSTABILITY,0.5,151,S030,71.79,28.21,WARNING,rpm,True,True
RPM_INSTABILITY,0.5,151,S030,77.59,22.41,WARNING,rpm,True,True
RPM_INSTABILITY,0.75,151,S030,75.4,24.6,WARNING,rpm,True,True
RPM_INSTABILITY,0.75,151,S030,72.85,27.15,WARNING,rpm,True,True
RPM_INSTABILITY,1.0,151,S030,81.35,18.65,WARNING,joint,True,True
RPM_INSTABILITY,1.0,151,S030,81.61,18.39,WARNING,joint,True,True
COMBINED_FAULT,0.15,151,S030,78.94,21.06,WARNING,rpm,True,True
COMBINED_FAULT,0.15,151,S030,71.69,28.31,WARNING,temperature,True,True
COMBINED_FAULT,0.3,151,S030,74.83,25.17,WARNING,joint,True,True
COMBINED_FAULT,0.3,151,S030,95.65,4.35,CRITICAL,joint,True,True
COMBINED_FAULT,0.5,151,S030,90.02,9.98,WARNING,joint,True,True
COMBINED_FAULT,0.5,151,S030,91.09,8.91,WARNING,joint,True,True
COMBINED_FAULT,0.75,151,S030,97.25,2.75,CRITICAL,joint,True,True
COMBINED_FAULT,0.75,151,S030,97.0,3.0,CRITICAL,joint,True,True
COMBINED_FAULT,1.0,151,S030,86.09,13.91,WARNING,joint,True,True
COMBINED_FAULT,1.0,151,S030,98.27,1.73,CRITICAL,joint,True,True
NORMAL,0.0,152,S030,28.24,71.76,NORMAL,temperature,False,False
BELT_SLIP,0.15,152,S030,71.55,28.45,WARNING,rpm,True,True
BELT_SLIP,0.15,152,S030,67.05,32.95,WARNING,rpm,True,True
BELT_SLIP,0.3,152,S030,74.92,25.08,WARNING,rpm,True,True
BELT_SLIP,0.3,152,S030,71.28,28.72,WARNING,joint,True,True
BELT_SLIP,0.5,152,S030,82.55,17.45,WARNING,joint,True,True
BELT_SLIP,0.5,152,S030,81.46,18.54,WARNING,joint,True,True
BELT_SLIP,0.75,152,S030,89.61,10.39,WARNING,joint,True,True
BELT_SLIP,0.75,152,S030,87.35,12.65,WARNING,joint,True,True
BELT_SLIP,1.0,152,S030,94.65,5.35,CRITICAL,joint,True,True
BELT_SLIP,1.0,152,S030,91.34,8.66,WARNING,joint,True,True
HIGH_VIBRATION,0.15,152,S030,28.24,71.76,NORMAL,temperature,False,False
HIGH_VIBRATION,0.15,152,S030,28.24,71.76,NORMAL,temperature,False,False
HIGH_VIBRATION,0.3,152,S030,57.79,42.21,WATCH,vibration,True,False
HIGH_VIBRATION,0.3,152,S030,57.17,42.83,WATCH,vibration,True,False
HIGH_VIBRATION,0.5,152,S030,91.99,8.01,CRITICAL,vibration,True,True
HIGH_VIBRATION,0.5,152,S030,90.74,9.26,WARNING,vibration,True,True
HIGH_VIBRATION,0.75,152,S030,96.11,3.89,CRITICAL,vibration,True,True
HIGH_VIBRATION,0.75,152,S030,95.9,4.1,CRITICAL,vibration,True,True
HIGH_VIBRATION,1.0,152,S030,97.55,2.45,CRITICAL,vibration,True,True
HIGH_VIBRATION,1.0,152,S030,97.57,2.43,CRITICAL,vibration,True,True
OVERHEATING,0.15,152,S030,52.92,47.08,WATCH,temperature,True,False
OVERHEATING,0.15,152,S030,52.62,47.38,WATCH,temperature,True,False
OVERHEATING,0.3,152,S030,57.76,42.24,WATCH,temperature,True,False
OVERHEATING,0.3,152,S030,57.84,42.16,WATCH,temperature,True,False
OVERHEATING,0.5,152,S030,65.18,34.82,WARNING,temperature,True,True
OVERHEATING,0.5,152,S030,65.5,34.5,WARNING,temperature,True,True
OVERHEATING,0.75,152,S030,74.83,25.17,WARNING,temperature,True,True
OVERHEATING,0.75,152,S030,75.6,24.4,WARNING,temperature,True,True
OVERHEATING,1.0,152,S030,79.66,20.34,WARNING,temperature,True,True
OVERHEATING,1.0,152,S030,79.66,20.34,WARNING,temperature,True,True
RPM_INSTABILITY,0.15,152,S030,68.06,31.94,WARNING,rpm,True,True
RPM_INSTABILITY,0.15,152,S030,72.89,27.11,WARNING,rpm,True,True
RPM_INSTABILITY,0.3,152,S030,69.88,30.12,WARNING,rpm,True,True
RPM_INSTABILITY,0.3,152,S030,79.73,20.27,WARNING,rpm,True,True
RPM_INSTABILITY,0.5,152,S030,75.71,24.29,WARNING,rpm,True,True
RPM_INSTABILITY,0.5,152,S030,75.71,24.29,WARNING,rpm,True,True
RPM_INSTABILITY,0.75,152,S030,75.71,24.29,WARNING,rpm,True,True
RPM_INSTABILITY,0.75,152,S030,75.66,24.34,WARNING,rpm,True,True
RPM_INSTABILITY,1.0,152,S030,78.96,21.04,WARNING,rpm,True,True
RPM_INSTABILITY,1.0,152,S030,73.33,26.67,WARNING,rpm,True,True
COMBINED_FAULT,0.15,152,S030,77.07,22.93,WARNING,rpm,True,True
COMBINED_FAULT,0.15,152,S030,52.08,47.92,WATCH,temperature,True,False
COMBINED_FAULT,0.3,152,S030,66.75,33.25,WARNING,rpm,True,True
COMBINED_FAULT,0.3,152,S030,71.13,28.87,WARNING,rpm,True,True
COMBINED_FAULT,0.5,152,S030,81.68,18.32,WARNING,joint,True,True
COMBINED_FAULT,0.5,152,S030,96.41,3.59,CRITICAL,joint,True,True
COMBINED_FAULT,0.75,152,S030,97.0,3.0,CRITICAL,vibration,True,True
COMBINED_FAULT,0.75,152,S030,75.71,24.29,WARNING,rpm,True,True
COMBINED_FAULT,1.0,152,S030,95.56,4.44,CRITICAL,joint,True,True
COMBINED_FAULT,1.0,152,S030,96.03,3.97,CRITICAL,joint,True,True
NORMAL,0.0,153,S030,50.66,49.34,WATCH,temperature,True,False
BELT_SLIP,0.15,153,S030,55.07,44.93,WATCH,temperature,True,False
BELT_SLIP,0.15,153,S030,60.54,39.46,WATCH,rpm,True,False
BELT_SLIP,0.3,153,S030,78.38,21.62,WARNING,joint,True,True
BELT_SLIP,0.3,153,S030,81.81,18.19,WARNING,rpm,True,True
BELT_SLIP,0.5,153,S030,84.31,15.69,WARNING,joint,True,True
BELT_SLIP,0.5,153,S030,87.61,12.39,WARNING,joint,True,True
BELT_SLIP,0.75,153,S030,91.12,8.88,WARNING,joint,True,True
BELT_SLIP,0.75,153,S030,90.98,9.02,WARNING,joint,True,True
BELT_SLIP,1.0,153,S030,91.34,8.66,WARNING,joint,True,True
BELT_SLIP,1.0,153,S030,92.3,7.7,CRITICAL,joint,True,True
HIGH_VIBRATION,0.15,153,S030,50.66,49.34,WATCH,temperature,True,False
HIGH_VIBRATION,0.15,153,S030,50.66,49.34,WATCH,temperature,True,False
HIGH_VIBRATION,0.3,153,S030,62.01,37.99,WARNING,joint,True,True
HIGH_VIBRATION,0.3,153,S030,64.62,35.38,WARNING,joint,True,True
HIGH_VIBRATION,0.5,153,S030,89.75,10.25,WARNING,vibration,True,True
HIGH_VIBRATION,0.5,153,S030,89.57,10.43,WARNING,vibration,True,True
HIGH_VIBRATION,0.75,153,S030,94.23,5.77,CRITICAL,vibration,True,True
HIGH_VIBRATION,0.75,153,S030,94.53,5.47,CRITICAL,vibration,True,True
HIGH_VIBRATION,1.0,153,S030,97.25,2.75,CRITICAL,vibration,True,True
HIGH_VIBRATION,1.0,153,S030,97.22,2.78,CRITICAL,vibration,True,True
OVERHEATING,0.15,153,S030,64.99,35.01,WARNING,temperature,True,True
OVERHEATING,0.15,153,S030,65.59,34.41,WARNING,temperature,True,True
OVERHEATING,0.3,153,S030,59.11,40.89,WATCH,temperature,True,False
OVERHEATING,0.3,153,S030,59.14,40.86,WATCH,temperature,True,False
OVERHEATING,0.5,153,S030,49.86,50.14,WATCH,temperature,True,False
OVERHEATING,0.5,153,S030,49.95,50.05,WATCH,temperature,True,False
OVERHEATING,0.75,153,S030,41.88,58.12,WATCH,temperature,True,False
OVERHEATING,0.75,153,S030,42.04,57.96,WATCH,temperature,True,False
OVERHEATING,1.0,153,S030,44.83,55.17,WATCH,temperature,True,False
OVERHEATING,1.0,153,S030,45.13,54.87,WATCH,temperature,True,False
RPM_INSTABILITY,0.15,153,S030,79.74,20.26,WARNING,rpm,True,True
RPM_INSTABILITY,0.15,153,S030,73.73,26.27,WARNING,rpm,True,True
RPM_INSTABILITY,0.3,153,S030,77.56,22.44,WARNING,rpm,True,True
RPM_INSTABILITY,0.3,153,S030,74.72,25.28,WARNING,rpm,True,True
RPM_INSTABILITY,0.5,153,S030,76.11,23.89,WARNING,rpm,True,True
RPM_INSTABILITY,0.5,153,S030,79.98,20.02,WARNING,rpm,True,True
RPM_INSTABILITY,0.75,153,S030,75.81,24.19,WARNING,rpm,True,True
RPM_INSTABILITY,0.75,153,S030,79.74,20.26,WARNING,rpm,True,True
RPM_INSTABILITY,1.0,153,S030,81.53,18.47,WARNING,joint,True,True
RPM_INSTABILITY,1.0,153,S030,77.75,22.25,WARNING,rpm,True,True
COMBINED_FAULT,0.15,153,S030,66.53,33.47,WARNING,temperature,True,True
COMBINED_FAULT,0.15,153,S030,78.73,21.27,WARNING,rpm,True,True
COMBINED_FAULT,0.3,153,S030,64.26,35.74,WARNING,temperature,True,True
COMBINED_FAULT,0.3,153,S030,70.59,29.41,WARNING,rpm,True,True
COMBINED_FAULT,0.5,153,S030,78.65,21.35,WARNING,joint,True,True
COMBINED_FAULT,0.5,153,S030,96.48,3.52,CRITICAL,joint,True,True
COMBINED_FAULT,0.75,153,S030,96.35,3.65,CRITICAL,joint,True,True
COMBINED_FAULT,0.75,153,S030,71.07,28.93,WARNING,rpm,True,True
COMBINED_FAULT,1.0,153,S030,93.2,6.8,CRITICAL,joint,True,True
COMBINED_FAULT,1.0,153,S030,98.59,1.41,CRITICAL,vibration,True,True
NORMAL,0.0,154,S030,8.53,91.47,NORMAL,temperature,False,False
BELT_SLIP,0.15,154,S030,64.67,35.33,WARNING,rpm,True,True
BELT_SLIP,0.15,154,S030,76.84,23.16,WARNING,rpm,True,True
BELT_SLIP,0.3,154,S030,71.28,28.72,WARNING,rpm,True,True
BELT_SLIP,0.3,154,S030,78.94,21.06,WARNING,rpm,True,True
BELT_SLIP,0.5,154,S030,83.47,16.53,WARNING,joint,True,True
BELT_SLIP,0.5,154,S030,81.88,18.12,WARNING,joint,True,True
BELT_SLIP,0.75,154,S030,88.67,11.33,WARNING,joint,True,True
BELT_SLIP,0.75,154,S030,88.86,11.14,WARNING,joint,True,True
BELT_SLIP,1.0,154,S030,90.35,9.65,WARNING,joint,True,True
BELT_SLIP,1.0,154,S030,92.5,7.5,CRITICAL,joint,True,True
HIGH_VIBRATION,0.15,154,S030,47.59,52.41,WATCH,vibration,True,False
HIGH_VIBRATION,0.15,154,S030,46.61,53.39,WATCH,vibration,True,False
HIGH_VIBRATION,0.3,154,S030,78.37,21.63,WARNING,vibration,True,True
HIGH_VIBRATION,0.3,154,S030,75.36,24.64,WARNING,vibration,True,True
HIGH_VIBRATION,0.5,154,S030,92.98,7.02,CRITICAL,vibration,True,True
HIGH_VIBRATION,0.5,154,S030,94.89,5.11,CRITICAL,vibration,True,True
HIGH_VIBRATION,0.75,154,S030,96.71,3.29,CRITICAL,vibration,True,True
HIGH_VIBRATION,0.75,154,S030,96.15,3.85,CRITICAL,vibration,True,True
HIGH_VIBRATION,1.0,154,S030,97.59,2.41,CRITICAL,vibration,True,True
HIGH_VIBRATION,1.0,154,S030,97.57,2.43,CRITICAL,vibration,True,True
OVERHEATING,0.15,154,S030,20.93,79.07,NORMAL,temperature,False,False
OVERHEATING,0.15,154,S030,21.05,78.95,NORMAL,temperature,False,False
OVERHEATING,0.3,154,S030,18.81,81.19,NORMAL,temperature,False,False
OVERHEATING,0.3,154,S030,18.81,81.19,NORMAL,temperature,False,False
OVERHEATING,0.5,154,S030,18.17,81.83,NORMAL,temperature,False,False
OVERHEATING,0.5,154,S030,17.98,82.02,NORMAL,temperature,False,False
OVERHEATING,0.75,154,S030,22.49,77.51,NORMAL,temperature,False,False
OVERHEATING,0.75,154,S030,22.87,77.13,NORMAL,temperature,False,False
OVERHEATING,1.0,154,S030,33.59,66.41,NORMAL,temperature,False,False
OVERHEATING,1.0,154,S030,34.33,65.67,NORMAL,temperature,False,False
RPM_INSTABILITY,0.15,154,S030,63.43,36.57,WARNING,rpm,True,True
RPM_INSTABILITY,0.15,154,S030,65.52,34.48,WARNING,rpm,True,True
RPM_INSTABILITY,0.3,154,S030,75.91,24.09,WARNING,rpm,True,True
RPM_INSTABILITY,0.3,154,S030,77.65,22.35,WARNING,rpm,True,True
RPM_INSTABILITY,0.5,154,S030,79.98,20.02,WARNING,rpm,True,True
RPM_INSTABILITY,0.5,154,S030,68.59,31.41,WARNING,rpm,True,True
RPM_INSTABILITY,0.75,154,S030,75.91,24.09,WARNING,rpm,True,True
RPM_INSTABILITY,0.75,154,S030,75.91,24.09,WARNING,rpm,True,True
RPM_INSTABILITY,1.0,154,S030,75.84,24.16,WARNING,rpm,True,True
RPM_INSTABILITY,1.0,154,S030,75.91,24.09,WARNING,rpm,True,True
COMBINED_FAULT,0.15,154,S030,66.24,33.76,WARNING,rpm,True,True
COMBINED_FAULT,0.15,154,S030,45.24,54.76,WATCH,vibration,True,False
COMBINED_FAULT,0.3,154,S030,71.97,28.03,WARNING,rpm,True,True
COMBINED_FAULT,0.3,154,S030,72.77,27.23,WARNING,rpm,True,True
COMBINED_FAULT,0.5,154,S030,83.73,16.27,WARNING,joint,True,True
COMBINED_FAULT,0.5,154,S030,83.71,16.29,WARNING,vibration,True,True
COMBINED_FAULT,0.75,154,S030,96.76,3.24,CRITICAL,vibration,True,True
COMBINED_FAULT,0.75,154,S030,72.69,27.31,WARNING,rpm,True,True
COMBINED_FAULT,1.0,154,S030,93.08,6.92,CRITICAL,vibration,True,True
COMBINED_FAULT,1.0,154,S030,92.77,7.23,CRITICAL,vibration,True,True
NORMAL,0.0,155,S030,10.27,89.73,NORMAL,vibration,False,False
BELT_SLIP,0.15,155,S030,68.56,31.44,WARNING,rpm,True,True
BELT_SLIP,0.15,155,S030,48.35,51.65,WATCH,rpm,True,False
BELT_SLIP,0.3,155,S030,78.94,21.06,WARNING,rpm,True,True
BELT_SLIP,0.3,155,S030,73.71,26.29,WARNING,rpm,True,True
BELT_SLIP,0.5,155,S030,87.77,12.23,WARNING,joint,True,True
BELT_SLIP,0.5,155,S030,85.44,14.56,WARNING,joint,True,True
BELT_SLIP,0.75,155,S030,89.0,11.0,WARNING,joint,True,True
BELT_SLIP,0.75,155,S030,91.03,8.97,WARNING,joint,True,True
BELT_SLIP,1.0,155,S030,91.35,8.65,WARNING,joint,True,True
BELT_SLIP,1.0,155,S030,91.63,8.37,WARNING,joint,True,True
HIGH_VIBRATION,0.15,155,S030,43.52,56.48,WATCH,vibration,True,False
HIGH_VIBRATION,0.15,155,S030,41.4,58.6,WATCH,vibration,True,False
HIGH_VIBRATION,0.3,155,S030,67.16,32.84,WARNING,vibration,True,True
HIGH_VIBRATION,0.3,155,S030,68.76,31.24,WARNING,vibration,True,True
HIGH_VIBRATION,0.5,155,S030,91.71,8.29,CRITICAL,vibration,True,True
HIGH_VIBRATION,0.5,155,S030,90.79,9.21,WARNING,vibration,True,True
HIGH_VIBRATION,0.75,155,S030,97.27,2.73,CRITICAL,vibration,True,True
HIGH_VIBRATION,0.75,155,S030,97.2,2.8,CRITICAL,vibration,True,True
HIGH_VIBRATION,1.0,155,S030,98.13,1.87,CRITICAL,vibration,True,True
HIGH_VIBRATION,1.0,155,S030,97.98,2.02,CRITICAL,vibration,True,True
OVERHEATING,0.15,155,S030,19.45,80.55,NORMAL,temperature,False,False
OVERHEATING,0.15,155,S030,19.7,80.3,NORMAL,temperature,False,False
OVERHEATING,0.3,155,S030,23.09,76.91,NORMAL,temperature,False,False
OVERHEATING,0.3,155,S030,23.24,76.76,NORMAL,temperature,False,False
OVERHEATING,0.5,155,S030,32.14,67.86,NORMAL,temperature,False,False
OVERHEATING,0.5,155,S030,31.19,68.81,NORMAL,temperature,False,False
OVERHEATING,0.75,155,S030,49.53,50.47,WATCH,temperature,True,False
OVERHEATING,0.75,155,S030,49.9,50.1,WATCH,temperature,True,False
OVERHEATING,1.0,155,S030,61.4,38.6,WARNING,temperature,True,True
OVERHEATING,1.0,155,S030,61.39,38.61,WARNING,temperature,True,True
RPM_INSTABILITY,0.15,155,S030,71.33,28.67,WARNING,rpm,True,True
RPM_INSTABILITY,0.15,155,S030,62.42,37.58,WARNING,rpm,True,True
RPM_INSTABILITY,0.3,155,S030,75.48,24.52,WARNING,rpm,True,True
RPM_INSTABILITY,0.3,155,S030,72.52,27.48,WARNING,rpm,True,True
RPM_INSTABILITY,0.5,155,S030,74.28,25.72,WARNING,rpm,True,True
RPM_INSTABILITY,0.5,155,S030,75.66,24.34,WARNING,rpm,True,True
RPM_INSTABILITY,0.75,155,S030,66.8,33.2,WARNING,rpm,True,True
RPM_INSTABILITY,0.75,155,S030,79.77,20.23,WARNING,rpm,True,True
RPM_INSTABILITY,1.0,155,S030,74.32,25.68,WARNING,joint,True,True
RPM_INSTABILITY,1.0,155,S030,76.34,23.66,WARNING,rpm,True,True
COMBINED_FAULT,0.15,155,S030,35.44,64.56,WATCH,vibration,True,False
COMBINED_FAULT,0.15,155,S030,69.4,30.6,WARNING,rpm,True,True
COMBINED_FAULT,0.3,155,S030,69.46,30.54,WARNING,rpm,True,True
COMBINED_FAULT,0.3,155,S030,54.67,45.33,WATCH,vibration,True,False
COMBINED_FAULT,0.5,155,S030,76.54,23.46,WARNING,vibration,True,True
COMBINED_FAULT,0.5,155,S030,84.81,15.19,WARNING,joint,True,True
COMBINED_FAULT,0.75,155,S030,87.9,12.1,WARNING,joint,True,True
COMBINED_FAULT,0.75,155,S030,94.1,5.9,CRITICAL,vibration,True,True
COMBINED_FAULT,1.0,155,S030,94.38,5.62,CRITICAL,joint,True,True
COMBINED_FAULT,1.0,155,S030,85.72,14.28,WARNING,joint,True,True
NORMAL,0.0,156,S030,6.64,93.36,NORMAL,temperature,False,False
BELT_SLIP,0.15,156,S030,59.08,40.92,WATCH,rpm,True,False
BELT_SLIP,0.15,156,S030,68.55,31.45,WARNING,rpm,True,True
BELT_SLIP,0.3,156,S030,76.16,23.84,WARNING,rpm,True,True
BELT_SLIP,0.3,156,S030,78.94,21.06,WARNING,rpm,True,True
BELT_SLIP,0.5,156,S030,87.9,12.1,WARNING,joint,True,True
BELT_SLIP,0.5,156,S030,88.42,11.58,WARNING,joint,True,True
BELT_SLIP,0.75,156,S030,93.14,6.86,CRITICAL,joint,True,True
BELT_SLIP,0.75,156,S030,93.52,6.48,CRITICAL,joint,True,True
BELT_SLIP,1.0,156,S030,95.99,4.01,CRITICAL,joint,True,True
BELT_SLIP,1.0,156,S030,97.31,2.69,CRITICAL,vibration,True,True
HIGH_VIBRATION,0.15,156,S030,56.65,43.35,WATCH,vibration,True,False
HIGH_VIBRATION,0.15,156,S030,53.68,46.32,WATCH,vibration,True,False
HIGH_VIBRATION,0.3,156,S030,88.52,11.48,WARNING,vibration,True,True
HIGH_VIBRATION,0.3,156,S030,87.7,12.3,WARNING,vibration,True,True
HIGH_VIBRATION,0.5,156,S030,94.12,5.88,CRITICAL,vibration,True,True
HIGH_VIBRATION,0.5,156,S030,93.91,6.09,CRITICAL,vibration,True,True
HIGH_VIBRATION,0.75,156,S030,96.66,3.34,CRITICAL,vibration,True,True
HIGH_VIBRATION,0.75,156,S030,96.84,3.16,CRITICAL,vibration,True,True
HIGH_VIBRATION,1.0,156,S030,97.82,2.18,CRITICAL,vibration,True,True
HIGH_VIBRATION,1.0,156,S030,98.22,1.78,CRITICAL,vibration,True,True
OVERHEATING,0.15,156,S030,20.65,79.35,NORMAL,temperature,False,False
OVERHEATING,0.15,156,S030,20.52,79.48,NORMAL,temperature,False,False
OVERHEATING,0.3,156,S030,24.82,75.18,NORMAL,temperature,False,False
OVERHEATING,0.3,156,S030,24.42,75.58,NORMAL,temperature,False,False
OVERHEATING,0.5,156,S030,37.28,62.72,WATCH,temperature,True,False
OVERHEATING,0.5,156,S030,36.9,63.1,WATCH,temperature,True,False
OVERHEATING,0.75,156,S030,55.5,44.5,WATCH,temperature,True,False
OVERHEATING,0.75,156,S030,55.76,44.24,WATCH,temperature,True,False
OVERHEATING,1.0,156,S030,68.62,31.38,WARNING,temperature,True,True
OVERHEATING,1.0,156,S030,69.08,30.92,WARNING,temperature,True,True
RPM_INSTABILITY,0.15,156,S030,68.23,31.77,WARNING,rpm,True,True
RPM_INSTABILITY,0.15,156,S030,62.29,37.71,WARNING,rpm,True,True
RPM_INSTABILITY,0.3,156,S030,75.79,24.21,WARNING,rpm,True,True
RPM_INSTABILITY,0.3,156,S030,75.96,24.04,WARNING,rpm,True,True
RPM_INSTABILITY,0.5,156,S030,75.57,24.43,WARNING,rpm,True,True
RPM_INSTABILITY,0.5,156,S030,75.96,24.04,WARNING,rpm,True,True
RPM_INSTABILITY,0.75,156,S030,75.68,24.32,WARNING,rpm,True,True
RPM_INSTABILITY,0.75,156,S030,75.83,24.17,WARNING,rpm,True,True
RPM_INSTABILITY,1.0,156,S030,79.85,20.15,WARNING,rpm,True,True
RPM_INSTABILITY,1.0,156,S030,82.1,17.9,WARNING,joint,True,True
COMBINED_FAULT,0.15,156,S030,69.9,30.1,WARNING,rpm,True,True
COMBINED_FAULT,0.15,156,S030,59.07,40.93,WATCH,joint,True,False
COMBINED_FAULT,0.3,156,S030,94.71,5.29,CRITICAL,vibration,True,True
COMBINED_FAULT,0.3,156,S030,73.49,26.51,WARNING,vibration,True,True
COMBINED_FAULT,0.5,156,S030,92.72,7.28,CRITICAL,vibration,True,True
COMBINED_FAULT,0.5,156,S030,89.17,10.83,WARNING,joint,True,True
COMBINED_FAULT,0.75,156,S030,75.96,24.04,WARNING,rpm,True,True
COMBINED_FAULT,0.75,156,S030,74.12,25.88,WARNING,rpm,True,True
COMBINED_FAULT,1.0,156,S030,97.29,2.71,CRITICAL,vibration,True,True
COMBINED_FAULT,1.0,156,S030,94.1,5.9,CRITICAL,joint,True,True
NORMAL,0.0,157,S030,15.62,84.38,NORMAL,rpm,False,False
BELT_SLIP,0.15,157,S030,56.31,43.69,WATCH,rpm,True,False
BELT_SLIP,0.15,157,S030,72.83,27.17,WARNING,rpm,True,True
BELT_SLIP,0.3,157,S030,81.81,18.19,WARNING,rpm,True,True
BELT_SLIP,0.3,157,S030,81.81,18.19,WARNING,rpm,True,True
BELT_SLIP,0.5,157,S030,82.8,17.2,WARNING,joint,True,True
BELT_SLIP,0.5,157,S030,85.17,14.83,WARNING,joint,True,True
BELT_SLIP,0.75,157,S030,93.11,6.89,CRITICAL,joint,True,True
BELT_SLIP,0.75,157,S030,93.46,6.54,CRITICAL,joint,True,True
BELT_SLIP,1.0,157,S030,96.18,3.82,CRITICAL,vibration,True,True
BELT_SLIP,1.0,157,S030,96.38,3.62,CRITICAL,vibration,True,True
HIGH_VIBRATION,0.15,157,S030,48.81,51.19,WATCH,vibration,True,False
HIGH_VIBRATION,0.15,157,S030,48.54,51.46,WATCH,vibration,True,False
HIGH_VIBRATION,0.3,157,S030,88.39,11.61,WARNING,vibration,True,True
HIGH_VIBRATION,0.3,157,S030,88.55,11.45,WARNING,vibration,True,True
HIGH_VIBRATION,0.5,157,S030,94.03,5.97,CRITICAL,vibration,True,True
HIGH_VIBRATION,0.5,157,S030,94.03,5.97,CRITICAL,vibration,True,True
HIGH_VIBRATION,0.75,157,S030,97.03,2.97,CRITICAL,vibration,True,True
HIGH_VIBRATION,0.75,157,S030,97.08,2.92,CRITICAL,vibration,True,True
HIGH_VIBRATION,1.0,157,S030,97.75,2.25,CRITICAL,vibration,True,True
HIGH_VIBRATION,1.0,157,S030,97.77,2.23,CRITICAL,vibration,True,True
OVERHEATING,0.15,157,S030,28.91,71.09,NORMAL,temperature,False,False
OVERHEATING,0.15,157,S030,29.03,70.97,NORMAL,temperature,False,False
OVERHEATING,0.3,157,S030,23.14,76.86,NORMAL,temperature,False,False
OVERHEATING,0.3,157,S030,23.32,76.68,NORMAL,temperature,False,False
OVERHEATING,0.5,157,S030,23.68,76.32,NORMAL,temperature,False,False
OVERHEATING,0.5,157,S030,23.86,76.14,NORMAL,temperature,False,False
OVERHEATING,0.75,157,S030,34.49,65.51,NORMAL,temperature,False,False
OVERHEATING,0.75,157,S030,34.75,65.25,NORMAL,temperature,False,False
OVERHEATING,1.0,157,S030,52.34,47.66,WATCH,temperature,True,False
OVERHEATING,1.0,157,S030,55.08,44.92,WATCH,temperature,True,False
RPM_INSTABILITY,0.15,157,S030,75.62,24.38,WARNING,rpm,True,True
RPM_INSTABILITY,0.15,157,S030,72.51,27.49,WARNING,rpm,True,True
RPM_INSTABILITY,0.3,157,S030,71.11,28.89,WARNING,rpm,True,True
RPM_INSTABILITY,0.3,157,S030,75.79,24.21,WARNING,rpm,True,True
RPM_INSTABILITY,0.5,157,S030,80.17,19.83,WARNING,rpm,True,True
RPM_INSTABILITY,0.5,157,S030,80.22,19.78,WARNING,rpm,True,True
RPM_INSTABILITY,0.75,157,S030,80.22,19.78,WARNING,rpm,True,True
RPM_INSTABILITY,0.75,157,S030,75.61,24.39,WARNING,rpm,True,True
RPM_INSTABILITY,1.0,157,S030,77.17,22.83,WARNING,joint,True,True
RPM_INSTABILITY,1.0,157,S030,80.02,19.98,WARNING,rpm,True,True
COMBINED_FAULT,0.15,157,S030,71.6,28.4,WARNING,rpm,True,True
COMBINED_FAULT,0.15,157,S030,50.48,49.52,WATCH,rpm,True,False
COMBINED_FAULT,0.3,157,S030,88.11,11.89,WARNING,joint,True,True
COMBINED_FAULT,0.3,157,S030,71.34,28.66,WARNING,rpm,True,True
COMBINED_FAULT,0.5,157,S030,86.26,13.74,WARNING,joint,True,True
COMBINED_FAULT,0.5,157,S030,82.8,17.2,WARNING,joint,True,True
COMBINED_FAULT,0.75,157,S030,97.16,2.84,CRITICAL,vibration,True,True
COMBINED_FAULT,0.75,157,S030,98.85,1.15,CRITICAL,vibration,True,True
COMBINED_FAULT,1.0,157,S030,97.39,2.61,CRITICAL,vibration,True,True
COMBINED_FAULT,1.0,157,S030,75.47,24.53,WARNING,rpm,True,True
NORMAL,0.0,158,S030,24.23,75.77,NORMAL,rpm,False,False
BELT_SLIP,0.15,158,S030,73.46,26.54,WARNING,rpm,True,True
BELT_SLIP,0.15,158,S030,66.99,33.01,WARNING,rpm,True,True
BELT_SLIP,0.3,158,S030,76.97,23.03,WARNING,rpm,True,True
BELT_SLIP,0.3,158,S030,78.61,21.39,WARNING,rpm,True,True
BELT_SLIP,0.5,158,S030,82.06,17.94,WARNING,joint,True,True
BELT_SLIP,0.5,158,S030,84.03,15.97,WARNING,joint,True,True
BELT_SLIP,0.75,158,S030,95.49,4.51,CRITICAL,joint,True,True
BELT_SLIP,0.75,158,S030,94.31,5.69,CRITICAL,joint,True,True
BELT_SLIP,1.0,158,S030,96.87,3.13,CRITICAL,vibration,True,True
BELT_SLIP,1.0,158,S030,97.64,2.36,CRITICAL,vibration,True,True
HIGH_VIBRATION,0.15,158,S030,58.65,41.35,WATCH,vibration,True,False
HIGH_VIBRATION,0.15,158,S030,59.49,40.51,WATCH,vibration,True,False
HIGH_VIBRATION,0.3,158,S030,89.79,10.21,WARNING,vibration,True,True
HIGH_VIBRATION,0.3,158,S030,88.68,11.32,WARNING,vibration,True,True
HIGH_VIBRATION,0.5,158,S030,93.52,6.48,CRITICAL,vibration,True,True
HIGH_VIBRATION,0.5,158,S030,93.72,6.28,CRITICAL,vibration,True,True
HIGH_VIBRATION,0.75,158,S030,96.3,3.7,CRITICAL,vibration,True,True
HIGH_VIBRATION,0.75,158,S030,96.08,3.92,CRITICAL,vibration,True,True
HIGH_VIBRATION,1.0,158,S030,97.98,2.02,CRITICAL,vibration,True,True
HIGH_VIBRATION,1.0,158,S030,97.78,2.22,CRITICAL,vibration,True,True
OVERHEATING,0.15,158,S030,24.23,75.77,NORMAL,rpm,False,False
OVERHEATING,0.15,158,S030,24.23,75.77,NORMAL,rpm,False,False
OVERHEATING,0.3,158,S030,24.23,75.77,NORMAL,rpm,False,False
OVERHEATING,0.3,158,S030,24.23,75.77,NORMAL,rpm,False,False
OVERHEATING,0.5,158,S030,24.23,75.77,NORMAL,rpm,False,False
OVERHEATING,0.5,158,S030,24.23,75.77,NORMAL,rpm,False,False
OVERHEATING,0.75,158,S030,42.6,57.4,WATCH,temperature,True,False
OVERHEATING,0.75,158,S030,43.89,56.11,WATCH,temperature,True,False
OVERHEATING,1.0,158,S030,60.05,39.95,WATCH,temperature,True,False
OVERHEATING,1.0,158,S030,63.6,36.4,WARNING,temperature,True,True
RPM_INSTABILITY,0.15,158,S030,75.51,24.49,WARNING,rpm,True,True
RPM_INSTABILITY,0.15,158,S030,58.75,41.25,WATCH,rpm,True,False
RPM_INSTABILITY,0.3,158,S030,75.89,24.11,WARNING,rpm,True,True
RPM_INSTABILITY,0.3,158,S030,75.66,24.34,WARNING,rpm,True,True
RPM_INSTABILITY,0.5,158,S030,79.81,20.19,WARNING,rpm,True,True
RPM_INSTABILITY,0.5,158,S030,75.66,24.34,WARNING,rpm,True,True
RPM_INSTABILITY,0.75,158,S030,75.77,24.23,WARNING,rpm,True,True
RPM_INSTABILITY,0.75,158,S030,77.48,22.52,WARNING,rpm,True,True
RPM_INSTABILITY,1.0,158,S030,76.7,23.3,WARNING,joint,True,True
RPM_INSTABILITY,1.0,158,S030,82.5,17.5,WARNING,joint,True,True
COMBINED_FAULT,0.15,158,S030,51.08,48.92,WATCH,joint,True,False
COMBINED_FAULT,0.15,158,S030,64.26,35.74,WARNING,rpm,True,True
COMBINED_FAULT,0.3,158,S030,76.11,23.89,WARNING,rpm,True,True
COMBINED_FAULT,0.3,158,S030,76.84,23.16,WARNING,vibration,True,True
COMBINED_FAULT,0.5,158,S030,85.37,14.63,WARNING,joint,True,True
COMBINED_FAULT,0.5,158,S030,86.29,13.71,WARNING,joint,True,True
COMBINED_FAULT,0.75,158,S030,93.85,6.15,CRITICAL,joint,True,True
COMBINED_FAULT,0.75,158,S030,79.81,20.19,WARNING,rpm,True,True
COMBINED_FAULT,1.0,158,S030,98.79,1.21,CRITICAL,vibration,True,True
COMBINED_FAULT,1.0,158,S030,99.07,0.93,CRITICAL,vibration,True,True
NORMAL,0.0,159,S034,43.79,56.21,WATCH,rpm,True,False
BELT_SLIP,0.15,159,S034,76.6,23.4,WARNING,rpm,True,True
BELT_SLIP,0.15,159,S034,75.96,24.04,WARNING,joint,True,True
BELT_SLIP,0.3,159,S034,87.51,12.49,WARNING,joint,True,True
BELT_SLIP,0.3,159,S034,87.38,12.62,WARNING,joint,True,True
BELT_SLIP,0.5,159,S034,93.09,6.91,CRITICAL,joint,True,True
BELT_SLIP,0.5,159,S034,91.17,8.83,WARNING,joint,True,True
BELT_SLIP,0.75,159,S034,94.16,5.84,CRITICAL,joint,True,True
BELT_SLIP,0.75,159,S034,95.18,4.82,CRITICAL,joint,True,True
BELT_SLIP,1.0,159,S034,95.98,4.02,CRITICAL,joint,True,True
BELT_SLIP,1.0,159,S034,96.49,3.51,CRITICAL,joint,True,True
HIGH_VIBRATION,0.15,159,S034,70.26,29.74,WARNING,vibration,True,True
HIGH_VIBRATION,0.15,159,S034,70.0,30.0,WARNING,vibration,True,True
HIGH_VIBRATION,0.3,159,S034,85.52,14.48,WARNING,vibration,True,True
HIGH_VIBRATION,0.3,159,S034,85.79,14.21,WARNING,vibration,True,True
HIGH_VIBRATION,0.5,159,S034,95.82,4.18,CRITICAL,vibration,True,True
HIGH_VIBRATION,0.5,159,S034,96.34,3.66,CRITICAL,vibration,True,True
HIGH_VIBRATION,0.75,159,S034,97.97,2.03,CRITICAL,vibration,True,True
HIGH_VIBRATION,0.75,159,S034,98.25,1.75,CRITICAL,vibration,True,True
HIGH_VIBRATION,1.0,159,S034,98.86,1.14,CRITICAL,vibration,True,True
HIGH_VIBRATION,1.0,159,S034,98.31,1.69,CRITICAL,vibration,True,True
OVERHEATING,0.15,159,S034,43.79,56.21,WATCH,rpm,True,False
OVERHEATING,0.15,159,S034,43.79,56.21,WATCH,rpm,True,False
OVERHEATING,0.3,159,S034,43.79,56.21,WATCH,rpm,True,False
OVERHEATING,0.3,159,S034,43.79,56.21,WATCH,rpm,True,False
OVERHEATING,0.5,159,S034,57.01,42.99,WATCH,temperature,True,False
OVERHEATING,0.5,159,S034,55.62,44.38,WATCH,temperature,True,False
OVERHEATING,0.75,159,S034,64.34,35.66,WARNING,temperature,True,True
OVERHEATING,0.75,159,S034,63.74,36.26,WARNING,temperature,True,True
OVERHEATING,1.0,159,S034,65.48,34.52,WARNING,temperature,True,True
OVERHEATING,1.0,159,S034,65.85,34.15,WARNING,temperature,True,True
RPM_INSTABILITY,0.15,159,S034,68.34,31.66,WARNING,rpm,True,True
RPM_INSTABILITY,0.15,159,S034,74.25,25.75,WARNING,rpm,True,True
RPM_INSTABILITY,0.3,159,S034,75.55,24.45,WARNING,rpm,True,True
RPM_INSTABILITY,0.3,159,S034,76.79,23.21,WARNING,rpm,True,True
RPM_INSTABILITY,0.5,159,S034,76.37,23.63,WARNING,joint,True,True
RPM_INSTABILITY,0.5,159,S034,82.44,17.56,WARNING,joint,True,True
RPM_INSTABILITY,0.75,159,S034,79.39,20.61,WARNING,joint,True,True
RPM_INSTABILITY,0.75,159,S034,82.57,17.43,WARNING,joint,True,True
RPM_INSTABILITY,1.0,159,S034,86.56,13.44,WARNING,vibration,True,True
RPM_INSTABILITY,1.0,159,S034,82.15,17.85,WARNING,vibration,True,True
COMBINED_FAULT,0.15,159,S034,78.94,21.06,WARNING,rpm,True,True
COMBINED_FAULT,0.15,159,S034,57.4,42.6,WATCH,rpm,True,False
COMBINED_FAULT,0.3,159,S034,88.41,11.59,WARNING,joint,True,True
COMBINED_FAULT,0.3,159,S034,89.4,10.6,WARNING,vibration,True,True
COMBINED_FAULT,0.5,159,S034,90.84,9.16,WARNING,joint,True,True
COMBINED_FAULT,0.5,159,S034,81.37,18.63,WARNING,joint,True,True
COMBINED_FAULT,0.75,159,S034,90.19,9.81,WARNING,joint,True,True
COMBINED_FAULT,0.75,159,S034,97.77,2.23,CRITICAL,vibration,True,True
COMBINED_FAULT,1.0,159,S034,89.89,10.11,WARNING,joint,True,True
COMBINED_FAULT,1.0,159,S034,97.39,2.61,CRITICAL,vibration,True,True
NORMAL,0.0,160,S038,8.34,91.66,NORMAL,rpm,False,False
BELT_SLIP,0.15,160,S038,65.5,34.5,WARNING,rpm,True,True
BELT_SLIP,0.15,160,S038,66.25,33.75,WARNING,rpm,True,True
BELT_SLIP,0.3,160,S038,75.55,24.45,WARNING,rpm,True,True
BELT_SLIP,0.3,160,S038,70.32,29.68,WARNING,rpm,True,True
BELT_SLIP,0.5,160,S038,73.18,26.82,WARNING,joint,True,True
BELT_SLIP,0.5,160,S038,75.44,24.56,WARNING,rpm,True,True
BELT_SLIP,0.75,160,S038,87.71,12.29,WARNING,joint,True,True
BELT_SLIP,0.75,160,S038,87.95,12.05,WARNING,joint,True,True
BELT_SLIP,1.0,160,S038,95.52,4.48,CRITICAL,vibration,True,True
BELT_SLIP,1.0,160,S038,94.96,5.04,CRITICAL,joint,True,True
HIGH_VIBRATION,0.15,160,S038,24.83,75.17,NORMAL,vibration,False,False
HIGH_VIBRATION,0.15,160,S038,24.38,75.62,NORMAL,vibration,False,False
HIGH_VIBRATION,0.3,160,S038,77.1,22.9,WARNING,vibration,True,True
HIGH_VIBRATION,0.3,160,S038,77.27,22.73,WARNING,vibration,True,True
HIGH_VIBRATION,0.5,160,S038,95.46,4.54,CRITICAL,vibration,True,True
HIGH_VIBRATION,0.5,160,S038,95.66,4.34,CRITICAL,vibration,True,True
HIGH_VIBRATION,0.75,160,S038,97.94,2.06,CRITICAL,vibration,True,True
HIGH_VIBRATION,0.75,160,S038,97.92,2.08,CRITICAL,vibration,True,True
HIGH_VIBRATION,1.0,160,S038,98.31,1.69,CRITICAL,vibration,True,True
HIGH_VIBRATION,1.0,160,S038,98.26,1.74,CRITICAL,vibration,True,True
OVERHEATING,0.15,160,S038,12.88,87.12,NORMAL,temperature,False,False
OVERHEATING,0.15,160,S038,12.7,87.3,NORMAL,temperature,False,False
OVERHEATING,0.3,160,S038,16.25,83.75,NORMAL,temperature,False,False
OVERHEATING,0.3,160,S038,15.63,84.37,NORMAL,temperature,False,False
OVERHEATING,0.5,160,S038,28.96,71.04,NORMAL,temperature,False,False
OVERHEATING,0.5,160,S038,28.75,71.25,NORMAL,temperature,False,False
OVERHEATING,0.75,160,S038,52.43,47.57,WATCH,temperature,True,False
OVERHEATING,0.75,160,S038,55.81,44.19,WATCH,temperature,True,False
OVERHEATING,1.0,160,S038,64.22,35.78,WARNING,temperature,True,True
OVERHEATING,1.0,160,S038,64.22,35.78,WARNING,temperature,True,True
RPM_INSTABILITY,0.15,160,S038,73.57,26.43,WARNING,rpm,True,True
RPM_INSTABILITY,0.15,160,S038,67.2,32.8,WARNING,rpm,True,True
RPM_INSTABILITY,0.3,160,S038,72.82,27.18,WARNING,rpm,True,True
RPM_INSTABILITY,0.3,160,S038,78.24,21.76,WARNING,rpm,True,True
RPM_INSTABILITY,0.5,160,S038,81.67,18.33,WARNING,rpm,True,True
RPM_INSTABILITY,0.5,160,S038,77.31,22.69,WARNING,rpm,True,True
RPM_INSTABILITY,0.75,160,S038,81.89,18.11,WARNING,rpm,True,True
RPM_INSTABILITY,0.75,160,S038,82.07,17.93,WARNING,rpm,True,True
RPM_INSTABILITY,1.0,160,S038,76.8,23.2,WARNING,rpm,True,True
RPM_INSTABILITY,1.0,160,S038,78.24,21.76,WARNING,rpm,True,True
COMBINED_FAULT,0.15,160,S038,57.86,42.14,WATCH,rpm,True,False
COMBINED_FAULT,0.15,160,S038,18.82,81.18,NORMAL,vibration,False,False
COMBINED_FAULT,0.3,160,S038,75.82,24.18,WARNING,rpm,True,True
COMBINED_FAULT,0.3,160,S038,71.16,28.84,WARNING,rpm,True,True
COMBINED_FAULT,0.5,160,S038,85.66,14.34,WARNING,vibration,True,True
COMBINED_FAULT,0.5,160,S038,85.74,14.26,WARNING,vibration,True,True
COMBINED_FAULT,0.75,160,S038,88.79,11.21,WARNING,joint,True,True
COMBINED_FAULT,0.75,160,S038,95.94,4.06,CRITICAL,vibration,True,True
COMBINED_FAULT,1.0,160,S038,98.98,1.02,CRITICAL,vibration,True,True
COMBINED_FAULT,1.0,160,S038,95.42,4.58,CRITICAL,joint,True,True
NORMAL,0.0,161,S038,9.45,90.55,NORMAL,rpm,False,False
BELT_SLIP,0.15,161,S038,61.41,38.59,WARNING,rpm,True,True
BELT_SLIP,0.15,161,S038,70.34,29.66,WARNING,rpm,True,True
BELT_SLIP,0.3,161,S038,77.68,22.32,WARNING,rpm,True,True
BELT_SLIP,0.3,161,S038,81.81,18.19,WARNING,rpm,True,True
BELT_SLIP,0.5,161,S038,89.26,10.74,WARNING,joint,True,True
BELT_SLIP,0.5,161,S038,87.86,12.14,WARNING,joint,True,True
BELT_SLIP,0.75,161,S038,94.92,5.08,CRITICAL,joint,True,True
BELT_SLIP,0.75,161,S038,95.21,4.79,CRITICAL,joint,True,True
BELT_SLIP,1.0,161,S038,96.81,3.19,CRITICAL,joint,True,True
BELT_SLIP,1.0,161,S038,97.09,2.91,CRITICAL,joint,True,True
HIGH_VIBRATION,0.15,161,S038,66.13,33.87,WARNING,vibration,True,True
HIGH_VIBRATION,0.15,161,S038,65.55,34.45,WARNING,vibration,True,True
HIGH_VIBRATION,0.3,161,S038,92.7,7.3,CRITICAL,vibration,True,True
HIGH_VIBRATION,0.3,161,S038,92.83,7.17,CRITICAL,vibration,True,True
HIGH_VIBRATION,0.5,161,S038,96.48,3.52,CRITICAL,vibration,True,True
HIGH_VIBRATION,0.5,161,S038,96.49,3.51,CRITICAL,vibration,True,True
HIGH_VIBRATION,0.75,161,S038,97.45,2.55,CRITICAL,vibration,True,True
HIGH_VIBRATION,0.75,161,S038,97.32,2.68,CRITICAL,vibration,True,True
HIGH_VIBRATION,1.0,161,S038,97.63,2.37,CRITICAL,vibration,True,True
HIGH_VIBRATION,1.0,161,S038,98.01,1.99,CRITICAL,vibration,True,True
OVERHEATING,0.15,161,S038,15.72,84.28,NORMAL,temperature,False,False
OVERHEATING,0.15,161,S038,15.6,84.4,NORMAL,temperature,False,False
OVERHEATING,0.3,161,S038,22.48,77.52,NORMAL,temperature,False,False
OVERHEATING,0.3,161,S038,22.24,77.76,NORMAL,temperature,False,False
OVERHEATING,0.5,161,S038,38.53,61.47,WATCH,temperature,True,False
OVERHEATING,0.5,161,S038,37.07,62.93,WATCH,temperature,True,False
OVERHEATING,0.75,161,S038,54.2,45.8,WATCH,temperature,True,False
OVERHEATING,0.75,161,S038,54.02,45.98,WATCH,temperature,True,False
OVERHEATING,1.0,161,S038,64.97,35.03,WARNING,temperature,True,True
OVERHEATING,1.0,161,S038,64.63,35.37,WARNING,temperature,True,True
RPM_INSTABILITY,0.15,161,S038,75.61,24.39,WARNING,rpm,True,True
RPM_INSTABILITY,0.15,161,S038,63.14,36.86,WARNING,rpm,True,True
RPM_INSTABILITY,0.3,161,S038,75.61,24.39,WARNING,rpm,True,True
RPM_INSTABILITY,0.3,161,S038,75.61,24.39,WARNING,rpm,True,True
RPM_INSTABILITY,0.5,161,S038,79.72,20.28,WARNING,rpm,True,True
RPM_INSTABILITY,0.5,161,S038,74.41,25.59,WARNING,rpm,True,True
RPM_INSTABILITY,0.75,161,S038,81.6,18.4,WARNING,joint,True,True
RPM_INSTABILITY,0.75,161,S038,66.55,33.45,WARNING,vibration,True,True
RPM_INSTABILITY,1.0,161,S038,82.08,17.92,WARNING,vibration,True,True
RPM_INSTABILITY,1.0,161,S038,85.11,14.89,WARNING,vibration,True,True
COMBINED_FAULT,0.15,161,S038,46.4,53.6,WATCH,vibration,True,False
COMBINED_FAULT,0.15,161,S038,74.02,25.98,WARNING,rpm,True,True
COMBINED_FAULT,0.3,161,S038,85.57,14.43,WARNING,vibration,True,True
COMBINED_FAULT,0.3,161,S038,92.33,7.67,CRITICAL,vibration,True,True
COMBINED_FAULT,0.5,161,S038,75.77,24.23,WARNING,rpm,True,True
COMBINED_FAULT,0.5,161,S038,87.53,12.47,WARNING,vibration,True,True
COMBINED_FAULT,0.75,161,S038,96.31,3.69,CRITICAL,vibration,True,True
COMBINED_FAULT,0.75,161,S038,94.16,5.84,CRITICAL,joint,True,True
COMBINED_FAULT,1.0,161,S038,97.69,2.31,CRITICAL,vibration,True,True
COMBINED_FAULT,1.0,161,S038,97.44,2.56,CRITICAL,vibration,True,True
NORMAL,0.0,162,S043,17.12,82.88,NORMAL,temperature,False,False
BELT_SLIP,0.15,162,S043,64.59,35.41,WARNING,rpm,True,True
BELT_SLIP,0.15,162,S043,78.34,21.66,WARNING,rpm,True,True
BELT_SLIP,0.3,162,S043,74.88,25.12,WARNING,rpm,True,True
BELT_SLIP,0.3,162,S043,79.7,20.3,WARNING,rpm,True,True
BELT_SLIP,0.5,162,S043,78.94,21.06,WARNING,joint,True,True
BELT_SLIP,0.5,162,S043,80.83,19.17,WARNING,joint,True,True
BELT_SLIP,0.75,162,S043,94.33,5.67,CRITICAL,vibration,True,True
BELT_SLIP,0.75,162,S043,93.28,6.72,CRITICAL,vibration,True,True
BELT_SLIP,1.0,162,S043,97.39,2.61,CRITICAL,vibration,True,True
BELT_SLIP,1.0,162,S043,96.85,3.15,CRITICAL,vibration,True,True
HIGH_VIBRATION,0.15,162,S043,53.84,46.16,WATCH,vibration,True,False
HIGH_VIBRATION,0.15,162,S043,55.87,44.13,WATCH,vibration,True,False
HIGH_VIBRATION,0.3,162,S043,92.69,7.31,CRITICAL,vibration,True,True
HIGH_VIBRATION,0.3,162,S043,92.18,7.82,CRITICAL,vibration,True,True
HIGH_VIBRATION,0.5,162,S043,96.29,3.71,CRITICAL,vibration,True,True
HIGH_VIBRATION,0.5,162,S043,96.58,3.42,CRITICAL,vibration,True,True
HIGH_VIBRATION,0.75,162,S043,97.38,2.62,CRITICAL,vibration,True,True
HIGH_VIBRATION,0.75,162,S043,97.06,2.94,CRITICAL,vibration,True,True
HIGH_VIBRATION,1.0,162,S043,98.14,1.86,CRITICAL,vibration,True,True
HIGH_VIBRATION,1.0,162,S043,98.28,1.72,CRITICAL,vibration,True,True
OVERHEATING,0.15,162,S043,32.26,67.74,NORMAL,temperature,False,False
OVERHEATING,0.15,162,S043,32.19,67.81,NORMAL,temperature,False,False
OVERHEATING,0.3,162,S043,22.98,77.02,NORMAL,temperature,False,False
OVERHEATING,0.3,162,S043,23.29,76.71,NORMAL,temperature,False,False
OVERHEATING,0.5,162,S043,18.23,81.77,NORMAL,temperature,False,False
OVERHEATING,0.5,162,S043,18.59,81.41,NORMAL,temperature,False,False
OVERHEATING,0.75,162,S043,17.94,82.06,NORMAL,temperature,False,False
OVERHEATING,0.75,162,S043,18.29,81.71,NORMAL,temperature,False,False
OVERHEATING,1.0,162,S043,25.77,74.23,NORMAL,temperature,False,False
OVERHEATING,1.0,162,S043,25.06,74.94,NORMAL,temperature,False,False
RPM_INSTABILITY,0.15,162,S043,57.45,42.55,WATCH,rpm,True,False
RPM_INSTABILITY,0.15,162,S043,72.54,27.46,WARNING,rpm,True,True
RPM_INSTABILITY,0.3,162,S043,80.02,19.98,WARNING,rpm,True,True
RPM_INSTABILITY,0.3,162,S043,75.37,24.63,WARNING,rpm,True,True
RPM_INSTABILITY,0.5,162,S043,80.02,19.98,WARNING,rpm,True,True
RPM_INSTABILITY,0.5,162,S043,76.17,23.83,WARNING,rpm,True,True
RPM_INSTABILITY,0.75,162,S043,77.94,22.06,WARNING,rpm,True,True
RPM_INSTABILITY,0.75,162,S043,75.67,24.33,WARNING,rpm,True,True
RPM_INSTABILITY,1.0,162,S043,77.14,22.86,WARNING,joint,True,True
RPM_INSTABILITY,1.0,162,S043,85.19,14.81,WARNING,joint,True,True
COMBINED_FAULT,0.15,162,S043,62.2,37.8,WARNING,vibration,True,True
COMBINED_FAULT,0.15,162,S043,32.88,67.12,NORMAL,vibration,False,False
COMBINED_FAULT,0.3,162,S043,75.31,24.69,WARNING,vibration,True,True
COMBINED_FAULT,0.3,162,S043,78.15,21.85,WARNING,rpm,True,True
COMBINED_FAULT,0.5,162,S043,73.74,26.26,WARNING,rpm,True,True
COMBINED_FAULT,0.5,162,S043,98.28,1.72,CRITICAL,vibration,True,True
COMBINED_FAULT,0.75,162,S043,96.55,3.45,CRITICAL,vibration,True,True
COMBINED_FAULT,0.75,162,S043,96.57,3.43,CRITICAL,vibration,True,True
COMBINED_FAULT,1.0,162,S043,97.16,2.84,CRITICAL,vibration,True,True
COMBINED_FAULT,1.0,162,S043,97.07,2.93,CRITICAL,vibration,True,True
NORMAL,0.0,163,S043,8.83,91.17,NORMAL,temperature,False,False
BELT_SLIP,0.15,163,S043,70.48,29.52,WARNING,rpm,True,True
BELT_SLIP,0.15,163,S043,63.74,36.26,WARNING,rpm,True,True
BELT_SLIP,0.3,163,S043,71.95,28.05,WARNING,joint,True,True
BELT_SLIP,0.3,163,S043,70.72,29.28,WARNING,joint,True,True
BELT_SLIP,0.5,163,S043,88.0,12.0,WARNING,joint,True,True
BELT_SLIP,0.5,163,S043,88.66,11.34,WARNING,joint,True,True
BELT_SLIP,0.75,163,S043,96.24,3.76,CRITICAL,joint,True,True
BELT_SLIP,0.75,163,S043,95.59,4.41,CRITICAL,joint,True,True
BELT_SLIP,1.0,163,S043,97.89,2.11,CRITICAL,joint,True,True
BELT_SLIP,1.0,163,S043,97.66,2.34,CRITICAL,joint,True,True
HIGH_VIBRATION,0.15,163,S043,62.26,37.74,WARNING,vibration,True,True
HIGH_VIBRATION,0.15,163,S043,60.96,39.04,WARNING,vibration,True,True
HIGH_VIBRATION,0.3,163,S043,92.4,7.6,CRITICAL,vibration,True,True
HIGH_VIBRATION,0.3,163,S043,92.02,7.98,CRITICAL,vibration,True,True
HIGH_VIBRATION,0.5,163,S043,96.53,3.47,CRITICAL,vibration,True,True
HIGH_VIBRATION,0.5,163,S043,96.75,3.25,CRITICAL,vibration,True,True
HIGH_VIBRATION,0.75,163,S043,97.92,2.08,CRITICAL,vibration,True,True
HIGH_VIBRATION,0.75,163,S043,97.79,2.21,CRITICAL,vibration,True,True
HIGH_VIBRATION,1.0,163,S043,98.39,1.61,CRITICAL,vibration,True,True
HIGH_VIBRATION,1.0,163,S043,98.59,1.41,CRITICAL,vibration,True,True
OVERHEATING,0.15,163,S043,30.99,69.01,NORMAL,temperature,False,False
OVERHEATING,0.15,163,S043,31.19,68.81,NORMAL,temperature,False,False
OVERHEATING,0.3,163,S043,39.34,60.66,WATCH,temperature,True,False
OVERHEATING,0.3,163,S043,39.64,60.36,WATCH,temperature,True,False
OVERHEATING,0.5,163,S043,54.22,45.78,WATCH,temperature,True,False
OVERHEATING,0.5,163,S043,54.51,45.49,WATCH,temperature,True,False
OVERHEATING,0.75,163,S043,69.75,30.25,WARNING,temperature,True,True
OVERHEATING,0.75,163,S043,68.98,31.02,WARNING,temperature,True,True
OVERHEATING,1.0,163,S043,75.76,24.24,WARNING,temperature,True,True
OVERHEATING,1.0,163,S043,75.39,24.61,WARNING,temperature,True,True
RPM_INSTABILITY,0.15,163,S043,77.83,22.17,WARNING,rpm,True,True
RPM_INSTABILITY,0.15,163,S043,71.46,28.54,WARNING,rpm,True,True
RPM_INSTABILITY,0.3,163,S043,75.91,24.09,WARNING,rpm,True,True
RPM_INSTABILITY,0.3,163,S043,79.93,20.07,WARNING,rpm,True,True
RPM_INSTABILITY,0.5,163,S043,79.93,20.07,WARNING,rpm,True,True
RPM_INSTABILITY,0.5,163,S043,72.59,27.41,WARNING,rpm,True,True
RPM_INSTABILITY,0.75,163,S043,79.41,20.59,WARNING,rpm,True,True
RPM_INSTABILITY,0.75,163,S043,75.74,24.26,WARNING,rpm,True,True
RPM_INSTABILITY,1.0,163,S043,85.15,14.85,WARNING,joint,True,True
RPM_INSTABILITY,1.0,163,S043,84.14,15.86,WARNING,joint,True,True
COMBINED_FAULT,0.15,163,S043,77.78,22.22,WARNING,joint,True,True
COMBINED_FAULT,0.15,163,S043,62.17,37.83,WARNING,rpm,True,True
COMBINED_FAULT,0.3,163,S043,80.96,19.04,WARNING,vibration,True,True
COMBINED_FAULT,0.3,163,S043,69.65,30.35,WARNING,joint,True,True
COMBINED_FAULT,0.5,163,S043,96.84,3.16,CRITICAL,vibration,True,True
COMBINED_FAULT,0.5,163,S043,75.74,24.26,WARNING,rpm,True,True
COMBINED_FAULT,0.75,163,S043,96.9,3.1,CRITICAL,vibration,True,True
COMBINED_FAULT,0.75,163,S043,93.03,6.97,CRITICAL,joint,True,True
COMBINED_FAULT,1.0,163,S043,97.72,2.28,CRITICAL,vibration,True,True
COMBINED_FAULT,1.0,163,S043,98.05,1.95,CRITICAL,vibration,True,True
NORMAL,0.0,164,S045,5.91,94.09,NORMAL,temperature,False,False
BELT_SLIP,0.15,164,S045,74.09,25.91,WARNING,rpm,True,True
BELT_SLIP,0.15,164,S045,61.88,38.12,WARNING,rpm,True,True
BELT_SLIP,0.3,164,S045,81.81,18.19,WARNING,rpm,True,True
BELT_SLIP,0.3,164,S045,78.94,21.06,WARNING,rpm,True,True
BELT_SLIP,0.5,164,S045,81.89,18.11,WARNING,joint,True,True
BELT_SLIP,0.5,164,S045,79.38,20.62,WARNING,joint,True,True
BELT_SLIP,0.75,164,S045,92.49,7.51,CRITICAL,joint,True,True
BELT_SLIP,0.75,164,S045,87.57,12.43,WARNING,joint,True,True
BELT_SLIP,1.0,164,S045,95.73,4.27,CRITICAL,vibration,True,True
BELT_SLIP,1.0,164,S045,96.35,3.65,CRITICAL,vibration,True,True
HIGH_VIBRATION,0.15,164,S045,36.68,63.32,WATCH,vibration,True,False
HIGH_VIBRATION,0.15,164,S045,35.57,64.43,WATCH,vibration,True,False
HIGH_VIBRATION,0.3,164,S045,88.88,11.12,WARNING,vibration,True,True
HIGH_VIBRATION,0.3,164,S045,89.9,10.1,WARNING,vibration,True,True
HIGH_VIBRATION,0.5,164,S045,94.47,5.53,CRITICAL,vibration,True,True
HIGH_VIBRATION,0.5,164,S045,94.95,5.05,CRITICAL,vibration,True,True
HIGH_VIBRATION,0.75,164,S045,96.93,3.07,CRITICAL,vibration,True,True
HIGH_VIBRATION,0.75,164,S045,97.4,2.6,CRITICAL,vibration,True,True
HIGH_VIBRATION,1.0,164,S045,98.22,1.78,CRITICAL,vibration,True,True
HIGH_VIBRATION,1.0,164,S045,98.09,1.91,CRITICAL,vibration,True,True
OVERHEATING,0.15,164,S045,19.44,80.56,NORMAL,temperature,False,False
OVERHEATING,0.15,164,S045,19.59,80.41,NORMAL,temperature,False,False
OVERHEATING,0.3,164,S045,20.02,79.98,NORMAL,temperature,False,False
OVERHEATING,0.3,164,S045,19.99,80.01,NORMAL,temperature,False,False
OVERHEATING,0.5,164,S045,23.75,76.25,NORMAL,temperature,False,False
OVERHEATING,0.5,164,S045,23.93,76.07,NORMAL,temperature,False,False
OVERHEATING,0.75,164,S045,39.62,60.38,WATCH,temperature,True,False
OVERHEATING,0.75,164,S045,39.72,60.28,WATCH,temperature,True,False
OVERHEATING,1.0,164,S045,56.62,43.38,WATCH,temperature,True,False
OVERHEATING,1.0,164,S045,63.65,36.35,WARNING,temperature,True,True
RPM_INSTABILITY,0.15,164,S045,70.58,29.42,WARNING,rpm,True,True
RPM_INSTABILITY,0.15,164,S045,77.47,22.53,WARNING,rpm,True,True
RPM_INSTABILITY,0.3,164,S045,81.28,18.72,WARNING,rpm,True,True
RPM_INSTABILITY,0.3,164,S045,81.53,18.47,WARNING,rpm,True,True
RPM_INSTABILITY,0.5,164,S045,81.51,18.49,WARNING,rpm,True,True
RPM_INSTABILITY,0.5,164,S045,77.58,22.42,WARNING,rpm,True,True
RPM_INSTABILITY,0.75,164,S045,81.28,18.72,WARNING,rpm,True,True
RPM_INSTABILITY,0.75,164,S045,79.27,20.73,WARNING,rpm,True,True
RPM_INSTABILITY,1.0,164,S045,81.28,18.72,WARNING,rpm,True,True
RPM_INSTABILITY,1.0,164,S045,77.18,22.82,WARNING,rpm,True,True
COMBINED_FAULT,0.15,164,S045,57.3,42.7,WATCH,rpm,True,False
COMBINED_FAULT,0.15,164,S045,76.22,23.78,WARNING,rpm,True,True
COMBINED_FAULT,0.3,164,S045,76.18,23.82,WARNING,rpm,True,True
COMBINED_FAULT,0.3,164,S045,78.17,21.83,WARNING,rpm,True,True
COMBINED_FAULT,0.5,164,S045,76.18,23.82,WARNING,joint,True,True
COMBINED_FAULT,0.5,164,S045,76.59,23.41,WARNING,rpm,True,True
COMBINED_FAULT,0.75,164,S045,88.1,11.9,WARNING,joint,True,True
COMBINED_FAULT,0.75,164,S045,85.82,14.18,WARNING,joint,True,True
COMBINED_FAULT,1.0,164,S045,93.97,6.03,CRITICAL,joint,True,True
COMBINED_FAULT,1.0,164,S045,97.38,2.62,CRITICAL,vibration,True,True
NORMAL,0.0,165,S045,6.23,93.77,NORMAL,rpm,False,False
BELT_SLIP,0.15,165,S045,81.81,18.19,WARNING,rpm,True,True
BELT_SLIP,0.15,165,S045,59.33,40.67,WATCH,rpm,True,False
BELT_SLIP,0.3,165,S045,80.55,19.45,WARNING,rpm,True,True
BELT_SLIP,0.3,165,S045,81.81,18.19,WARNING,rpm,True,True
BELT_SLIP,0.5,165,S045,69.88,30.12,WARNING,joint,True,True
BELT_SLIP,0.5,165,S045,69.33,30.67,WARNING,joint,True,True
BELT_SLIP,0.75,165,S045,87.55,12.45,WARNING,joint,True,True
BELT_SLIP,0.75,165,S045,87.66,12.34,WARNING,joint,True,True
BELT_SLIP,1.0,165,S045,93.62,6.38,CRITICAL,joint,True,True
BELT_SLIP,1.0,165,S045,93.05,6.95,CRITICAL,joint,True,True
HIGH_VIBRATION,0.15,165,S045,19.14,80.86,NORMAL,vibration,False,False
HIGH_VIBRATION,0.15,165,S045,19.33,80.67,NORMAL,vibration,False,False
HIGH_VIBRATION,0.3,165,S045,71.77,28.23,WARNING,vibration,True,True
HIGH_VIBRATION,0.3,165,S045,72.0,28.0,WARNING,vibration,True,True
HIGH_VIBRATION,0.5,165,S045,93.31,6.69,CRITICAL,vibration,True,True
HIGH_VIBRATION,0.5,165,S045,93.43,6.57,CRITICAL,vibration,True,True
HIGH_VIBRATION,0.75,165,S045,96.84,3.16,CRITICAL,vibration,True,True
HIGH_VIBRATION,0.75,165,S045,97.39,2.61,CRITICAL,vibration,True,True
HIGH_VIBRATION,1.0,165,S045,97.99,2.01,CRITICAL,vibration,True,True
HIGH_VIBRATION,1.0,165,S045,97.68,2.32,CRITICAL,vibration,True,True
OVERHEATING,0.15,165,S045,17.58,82.42,NORMAL,temperature,False,False
OVERHEATING,0.15,165,S045,17.58,82.42,NORMAL,temperature,False,False
OVERHEATING,0.3,165,S045,24.68,75.32,NORMAL,temperature,False,False
OVERHEATING,0.3,165,S045,24.51,75.49,NORMAL,temperature,False,False
OVERHEATING,0.5,165,S045,38.67,61.33,WATCH,temperature,True,False
OVERHEATING,0.5,165,S045,38.87,61.13,WATCH,temperature,True,False
OVERHEATING,0.75,165,S045,56.83,43.17,WATCH,temperature,True,False
OVERHEATING,0.75,165,S045,52.5,47.5,WATCH,temperature,True,False
OVERHEATING,1.0,165,S045,67.4,32.6,WARNING,temperature,True,True
OVERHEATING,1.0,165,S045,67.26,32.74,WARNING,temperature,True,True
RPM_INSTABILITY,0.15,165,S045,74.92,25.08,WARNING,rpm,True,True
RPM_INSTABILITY,0.15,165,S045,65.89,34.11,WARNING,rpm,True,True
RPM_INSTABILITY,0.3,165,S045,70.24,29.76,WARNING,rpm,True,True
RPM_INSTABILITY,0.3,165,S045,78.3,21.7,WARNING,rpm,True,True
RPM_INSTABILITY,0.5,165,S045,81.16,18.84,WARNING,rpm,True,True
RPM_INSTABILITY,0.5,165,S045,77.46,22.54,WARNING,rpm,True,True
RPM_INSTABILITY,0.75,165,S045,78.99,21.01,WARNING,rpm,True,True
RPM_INSTABILITY,0.75,165,S045,77.36,22.64,WARNING,rpm,True,True
RPM_INSTABILITY,1.0,165,S045,77.46,22.54,WARNING,rpm,True,True
RPM_INSTABILITY,1.0,165,S045,78.74,21.26,WARNING,rpm,True,True
COMBINED_FAULT,0.15,165,S045,69.05,30.95,WARNING,rpm,True,True
COMBINED_FAULT,0.15,165,S045,15.38,84.62,NORMAL,joint,False,False
COMBINED_FAULT,0.3,165,S045,74.04,25.96,WARNING,rpm,True,True
COMBINED_FAULT,0.3,165,S045,72.81,27.19,WARNING,rpm,True,True
COMBINED_FAULT,0.5,165,S045,93.81,6.19,CRITICAL,vibration,True,True
COMBINED_FAULT,0.5,165,S045,96.31,3.69,CRITICAL,vibration,True,True
COMBINED_FAULT,0.75,165,S045,97.87,2.13,CRITICAL,vibration,True,True
COMBINED_FAULT,0.75,165,S045,98.0,2.0,CRITICAL,joint,True,True
COMBINED_FAULT,1.0,165,S045,98.67,1.33,CRITICAL,vibration,True,True
COMBINED_FAULT,1.0,165,S045,95.63,4.37,CRITICAL,joint,True,True
NORMAL,0.0,166,S045,6.37,93.63,NORMAL,rpm,False,False
BELT_SLIP,0.15,166,S045,66.41,33.59,WARNING,rpm,True,True
BELT_SLIP,0.15,166,S045,40.08,59.92,WATCH,rpm,True,False
BELT_SLIP,0.3,166,S045,78.94,21.06,WARNING,rpm,True,True
BELT_SLIP,0.3,166,S045,75.44,24.56,WARNING,rpm,True,True
BELT_SLIP,0.5,166,S045,81.81,18.19,WARNING,rpm,True,True
BELT_SLIP,0.5,166,S045,76.98,23.02,WARNING,rpm,True,True
BELT_SLIP,0.75,166,S045,84.51,15.49,WARNING,joint,True,True
BELT_SLIP,0.75,166,S045,89.13,10.87,WARNING,joint,True,True
BELT_SLIP,1.0,166,S045,92.97,7.03,CRITICAL,joint,True,True
BELT_SLIP,1.0,166,S045,94.23,5.77,CRITICAL,joint,True,True
HIGH_VIBRATION,0.15,166,S045,29.15,70.85,NORMAL,vibration,False,False
HIGH_VIBRATION,0.15,166,S045,28.32,71.68,NORMAL,vibration,False,False
HIGH_VIBRATION,0.3,166,S045,76.78,23.22,WARNING,vibration,True,True
HIGH_VIBRATION,0.3,166,S045,79.43,20.57,WARNING,vibration,True,True
HIGH_VIBRATION,0.5,166,S045,94.79,5.21,CRITICAL,vibration,True,True
HIGH_VIBRATION,0.5,166,S045,94.49,5.51,CRITICAL,vibration,True,True
HIGH_VIBRATION,0.75,166,S045,97.2,2.8,CRITICAL,vibration,True,True
HIGH_VIBRATION,0.75,166,S045,97.28,2.72,CRITICAL,vibration,True,True
HIGH_VIBRATION,1.0,166,S045,97.86,2.14,CRITICAL,vibration,True,True
HIGH_VIBRATION,1.0,166,S045,97.51,2.49,CRITICAL,vibration,True,True
OVERHEATING,0.15,166,S045,14.21,85.79,NORMAL,temperature,False,False
OVERHEATING,0.15,166,S045,13.69,86.31,NORMAL,temperature,False,False
OVERHEATING,0.3,166,S045,17.56,82.44,NORMAL,temperature,False,False
OVERHEATING,0.3,166,S045,17.65,82.35,NORMAL,temperature,False,False
OVERHEATING,0.5,166,S045,25.81,74.19,NORMAL,temperature,False,False
OVERHEATING,0.5,166,S045,25.09,74.91,NORMAL,temperature,False,False
OVERHEATING,0.75,166,S045,40.83,59.17,WATCH,temperature,True,False
OVERHEATING,0.75,166,S045,41.86,58.14,WATCH,temperature,True,False
OVERHEATING,1.0,166,S045,52.84,47.16,WATCH,temperature,True,False
OVERHEATING,1.0,166,S045,57.28,42.72,WATCH,temperature,True,False
RPM_INSTABILITY,0.15,166,S045,77.26,22.74,WARNING,rpm,True,True
RPM_INSTABILITY,0.15,166,S045,67.75,32.25,WARNING,rpm,True,True
RPM_INSTABILITY,0.3,166,S045,74.32,25.68,WARNING,rpm,True,True
RPM_INSTABILITY,0.3,166,S045,71.93,28.07,WARNING,rpm,True,True
RPM_INSTABILITY,0.5,166,S045,83.11,16.89,WARNING,rpm,True,True
RPM_INSTABILITY,0.5,166,S045,82.79,17.21,WARNING,rpm,True,True
RPM_INSTABILITY,0.75,166,S045,79.37,20.63,WARNING,rpm,True,True
RPM_INSTABILITY,0.75,166,S045,77.64,22.36,WARNING,rpm,True,True
RPM_INSTABILITY,1.0,166,S045,79.37,20.63,WARNING,rpm,True,True
RPM_INSTABILITY,1.0,166,S045,76.26,23.74,WARNING,rpm,True,True
COMBINED_FAULT,0.15,166,S045,46.2,53.8,WATCH,rpm,True,False
COMBINED_FAULT,0.15,166,S045,63.54,36.46,WARNING,rpm,True,True
COMBINED_FAULT,0.3,166,S045,85.64,14.36,WARNING,vibration,True,True
COMBINED_FAULT,0.3,166,S045,47.58,52.42,WATCH,joint,True,False
COMBINED_FAULT,0.5,166,S045,78.28,21.72,WARNING,rpm,True,True
COMBINED_FAULT,0.5,166,S045,84.74,15.26,WARNING,vibration,True,True
COMBINED_FAULT,0.75,166,S045,83.31,16.69,WARNING,joint,True,True
COMBINED_FAULT,0.75,166,S045,95.05,4.95,CRITICAL,vibration,True,True
COMBINED_FAULT,1.0,166,S045,90.96,9.04,WARNING,joint,True,True
COMBINED_FAULT,1.0,166,S045,96.76,3.24,CRITICAL,vibration,True,True
NORMAL,0.0,167,S045,19.96,80.04,NORMAL,rpm,False,False
BELT_SLIP,0.15,167,S045,43.46,56.54,WATCH,rpm,True,False
BELT_SLIP,0.15,167,S045,59.99,40.01,WATCH,rpm,True,False
BELT_SLIP,0.3,167,S045,79.18,20.82,WARNING,rpm,True,True
BELT_SLIP,0.3,167,S045,65.82,34.18,WARNING,rpm,True,True
BELT_SLIP,0.5,167,S045,78.94,21.06,WARNING,rpm,True,True
BELT_SLIP,0.5,167,S045,74.47,25.53,WARNING,rpm,True,True
BELT_SLIP,0.75,167,S045,90.85,9.15,WARNING,joint,True,True
BELT_SLIP,0.75,167,S045,89.13,10.87,WARNING,joint,True,True
BELT_SLIP,1.0,167,S045,93.92,6.08,CRITICAL,joint,True,True
BELT_SLIP,1.0,167,S045,95.57,4.43,CRITICAL,joint,True,True
HIGH_VIBRATION,0.15,167,S045,27.21,72.79,NORMAL,vibration,False,False
HIGH_VIBRATION,0.15,167,S045,27.43,72.57,NORMAL,vibration,False,False
HIGH_VIBRATION,0.3,167,S045,79.04,20.96,WARNING,vibration,True,True
HIGH_VIBRATION,0.3,167,S045,79.28,20.72,WARNING,vibration,True,True
HIGH_VIBRATION,0.5,167,S045,94.43,5.57,CRITICAL,vibration,True,True
HIGH_VIBRATION,0.5,167,S045,95.24,4.76,CRITICAL,vibration,True,True
HIGH_VIBRATION,0.75,167,S045,97.48,2.52,CRITICAL,vibration,True,True
HIGH_VIBRATION,0.75,167,S045,97.49,2.51,CRITICAL,vibration,True,True
HIGH_VIBRATION,1.0,167,S045,97.43,2.57,CRITICAL,vibration,True,True
HIGH_VIBRATION,1.0,167,S045,97.4,2.6,CRITICAL,vibration,True,True
OVERHEATING,0.15,167,S045,19.96,80.04,NORMAL,rpm,False,False
OVERHEATING,0.15,167,S045,20.26,79.74,NORMAL,temperature,False,False
OVERHEATING,0.3,167,S045,28.42,71.58,NORMAL,temperature,False,False
OVERHEATING,0.3,167,S045,28.55,71.45,NORMAL,temperature,False,False
OVERHEATING,0.5,167,S045,47.74,52.26,WATCH,temperature,True,False
OVERHEATING,0.5,167,S045,46.25,53.75,WATCH,temperature,True,False
OVERHEATING,0.75,167,S045,64.51,35.49,WARNING,temperature,True,True
OVERHEATING,0.75,167,S045,65.48,34.52,WARNING,temperature,True,True
OVERHEATING,1.0,167,S045,66.55,33.45,WARNING,temperature,True,True
OVERHEATING,1.0,167,S045,66.55,33.45,WARNING,temperature,True,True
RPM_INSTABILITY,0.15,167,S045,66.63,33.37,WARNING,rpm,True,True
RPM_INSTABILITY,0.15,167,S045,79.37,20.63,WARNING,rpm,True,True
RPM_INSTABILITY,0.3,167,S045,77.79,22.21,WARNING,rpm,True,True
RPM_INSTABILITY,0.3,167,S045,80.62,19.38,WARNING,rpm,True,True
RPM_INSTABILITY,0.5,167,S045,75.43,24.57,WARNING,rpm,True,True
RPM_INSTABILITY,0.5,167,S045,82.81,17.19,WARNING,rpm,True,True
RPM_INSTABILITY,0.75,167,S045,79.37,20.63,WARNING,rpm,True,True
RPM_INSTABILITY,0.75,167,S045,75.33,24.67,WARNING,rpm,True,True
RPM_INSTABILITY,1.0,167,S045,75.62,24.38,WARNING,rpm,True,True
RPM_INSTABILITY,1.0,167,S045,79.37,20.63,WARNING,rpm,True,True
COMBINED_FAULT,0.15,167,S045,58.88,41.12,WATCH,rpm,True,False
COMBINED_FAULT,0.15,167,S045,22.38,77.62,NORMAL,joint,False,False
COMBINED_FAULT,0.3,167,S045,75.12,24.88,WARNING,rpm,True,True
COMBINED_FAULT,0.3,167,S045,88.49,11.51,WARNING,vibration,True,True
COMBINED_FAULT,0.5,167,S045,95.06,4.94,CRITICAL,vibration,True,True
COMBINED_FAULT,0.5,167,S045,75.76,24.24,WARNING,rpm,True,True
COMBINED_FAULT,0.75,167,S045,95.21,4.79,CRITICAL,vibration,True,True
COMBINED_FAULT,0.75,167,S045,98.29,1.71,CRITICAL,vibration,True,True
COMBINED_FAULT,1.0,167,S045,97.79,2.21,CRITICAL,vibration,True,True
COMBINED_FAULT,1.0,167,S045,80.76,19.24,WARNING,rpm,True,True
NORMAL,0.0,168,S045,13.48,86.52,NORMAL,rpm,False,False
BELT_SLIP,0.15,168,S045,60.08,39.92,WATCH,rpm,True,False
BELT_SLIP,0.15,168,S045,65.79,34.21,WARNING,rpm,True,True
BELT_SLIP,0.3,168,S045,73.69,26.31,WARNING,joint,True,True
BELT_SLIP,0.3,168,S045,81.81,18.19,WARNING,rpm,True,True
BELT_SLIP,0.5,168,S045,85.36,14.64,WARNING,joint,True,True
BELT_SLIP,0.5,168,S045,85.82,14.18,WARNING,joint,True,True
BELT_SLIP,0.75,168,S045,87.83,12.17,WARNING,joint,True,True
BELT_SLIP,0.75,168,S045,92.5,7.5,CRITICAL,joint,True,True
BELT_SLIP,1.0,168,S045,94.28,5.72,CRITICAL,joint,True,True
BELT_SLIP,1.0,168,S045,94.36,5.64,CRITICAL,joint,True,True
HIGH_VIBRATION,0.15,168,S045,51.48,48.52,WATCH,vibration,True,False
HIGH_VIBRATION,0.15,168,S045,51.61,48.39,WATCH,vibration,True,False
HIGH_VIBRATION,0.3,168,S045,86.71,13.29,WARNING,vibration,True,True
HIGH_VIBRATION,0.3,168,S045,86.38,13.62,WARNING,vibration,True,True
HIGH_VIBRATION,0.5,168,S045,96.02,3.98,CRITICAL,vibration,True,True
HIGH_VIBRATION,0.5,168,S045,96.12,3.88,CRITICAL,vibration,True,True
HIGH_VIBRATION,0.75,168,S045,97.83,2.17,CRITICAL,vibration,True,True
HIGH_VIBRATION,0.75,168,S045,97.25,2.75,CRITICAL,vibration,True,True
HIGH_VIBRATION,1.0,168,S045,98.19,1.81,CRITICAL,vibration,True,True
HIGH_VIBRATION,1.0,168,S045,97.75,2.25,CRITICAL,vibration,True,True
OVERHEATING,0.15,168,S045,30.06,69.94,NORMAL,temperature,False,False
OVERHEATING,0.15,168,S045,29.88,70.12,NORMAL,temperature,False,False
OVERHEATING,0.3,168,S045,26.82,73.18,NORMAL,temperature,False,False
OVERHEATING,0.3,168,S045,26.97,73.03,NORMAL,temperature,False,False
OVERHEATING,0.5,168,S045,27.95,72.05,NORMAL,temperature,False,False
OVERHEATING,0.5,168,S045,28.82,71.18,NORMAL,temperature,False,False
OVERHEATING,0.75,168,S045,35.08,64.92,WATCH,temperature,True,False
OVERHEATING,0.75,168,S045,35.07,64.93,WATCH,temperature,True,False
OVERHEATING,1.0,168,S045,48.46,51.54,WATCH,temperature,True,False
OVERHEATING,1.0,168,S045,51.83,48.17,WATCH,temperature,True,False
RPM_INSTABILITY,0.15,168,S045,77.37,22.63,WARNING,rpm,True,True
RPM_INSTABILITY,0.15,168,S045,64.25,35.75,WARNING,rpm,True,True
RPM_INSTABILITY,0.3,168,S045,78.76,21.24,WARNING,rpm,True,True
RPM_INSTABILITY,0.3,168,S045,79.08,20.92,WARNING,rpm,True,True
RPM_INSTABILITY,0.5,168,S045,82.72,17.28,WARNING,rpm,True,True
RPM_INSTABILITY,0.5,168,S045,77.75,22.25,WARNING,rpm,True,True
RPM_INSTABILITY,0.75,168,S045,79.15,20.85,WARNING,rpm,True,True
RPM_INSTABILITY,0.75,168,S045,79.3,20.7,WARNING,rpm,True,True
RPM_INSTABILITY,1.0,168,S045,83.52,16.48,WARNING,joint,True,True
RPM_INSTABILITY,1.0,168,S045,84.86,15.14,WARNING,joint,True,True
COMBINED_FAULT,0.15,168,S045,81.81,18.19,WARNING,rpm,True,True
COMBINED_FAULT,0.15,168,S045,48.64,51.36,WATCH,joint,True,False
COMBINED_FAULT,0.3,168,S045,69.61,30.39,WARNING,joint,True,True
COMBINED_FAULT,0.3,168,S045,89.2,10.8,WARNING,joint,True,True
COMBINED_FAULT,0.5,168,S045,90.92,9.08,WARNING,vibration,True,True
COMBINED_FAULT,0.5,168,S045,75.2,24.8,WARNING,rpm,True,True
COMBINED_FAULT,0.75,168,S045,96.29,3.71,CRITICAL,vibration,True,True
COMBINED_FAULT,0.75,168,S045,95.75,4.25,CRITICAL,vibration,True,True
COMBINED_FAULT,1.0,168,S045,93.3,6.7,CRITICAL,joint,True,True
COMBINED_FAULT,1.0,168,S045,96.42,3.58,CRITICAL,joint,True,True
NORMAL,0.0,169,S045,8.04,91.96,NORMAL,temperature,False,False
BELT_SLIP,0.15,169,S045,74.93,25.07,WARNING,rpm,True,True
BELT_SLIP,0.15,169,S045,48.17,51.83,WATCH,rpm,True,False
BELT_SLIP,0.3,169,S045,80.39,19.61,WARNING,joint,True,True
BELT_SLIP,0.3,169,S045,79.23,20.77,WARNING,joint,True,True
BELT_SLIP,0.5,169,S045,89.94,10.06,WARNING,joint,True,True
BELT_SLIP,0.5,169,S045,86.38,13.62,WARNING,joint,True,True
BELT_SLIP,0.75,169,S045,95.11,4.89,CRITICAL,joint,True,True
BELT_SLIP,0.75,169,S045,93.76,6.24,CRITICAL,joint,True,True
BELT_SLIP,1.0,169,S045,96.97,3.03,CRITICAL,joint,True,True
BELT_SLIP,1.0,169,S045,97.12,2.88,CRITICAL,joint,True,True
HIGH_VIBRATION,0.15,169,S045,61.05,38.95,WARNING,vibration,True,True
HIGH_VIBRATION,0.15,169,S045,57.72,42.28,WATCH,vibration,True,False
HIGH_VIBRATION,0.3,169,S045,89.25,10.75,WARNING,vibration,True,True
HIGH_VIBRATION,0.3,169,S045,88.98,11.02,WARNING,vibration,True,True
HIGH_VIBRATION,0.5,169,S045,95.95,4.05,CRITICAL,vibration,True,True
HIGH_VIBRATION,0.5,169,S045,96.04,3.96,CRITICAL,vibration,True,True
HIGH_VIBRATION,0.75,169,S045,97.41,2.59,CRITICAL,vibration,True,True
HIGH_VIBRATION,0.75,169,S045,97.41,2.59,CRITICAL,vibration,True,True
HIGH_VIBRATION,1.0,169,S045,97.77,2.23,CRITICAL,vibration,True,True
HIGH_VIBRATION,1.0,169,S045,97.61,2.39,CRITICAL,vibration,True,True
OVERHEATING,0.15,169,S045,26.19,73.81,NORMAL,temperature,False,False
OVERHEATING,0.15,169,S045,26.05,73.95,NORMAL,temperature,False,False
OVERHEATING,0.3,169,S045,29.09,70.91,NORMAL,temperature,False,False
OVERHEATING,0.3,169,S045,29.02,70.98,NORMAL,temperature,False,False
OVERHEATING,0.5,169,S045,46.0,54.0,WATCH,temperature,True,False
OVERHEATING,0.5,169,S045,46.41,53.59,WATCH,temperature,True,False
OVERHEATING,0.75,169,S045,69.81,30.19,WARNING,temperature,True,True
OVERHEATING,0.75,169,S045,69.71,30.29,WARNING,temperature,True,True
OVERHEATING,1.0,169,S045,74.97,25.03,WARNING,temperature,True,True
OVERHEATING,1.0,169,S045,75.27,24.73,WARNING,temperature,True,True
RPM_INSTABILITY,0.15,169,S045,58.98,41.02,WATCH,rpm,True,False
RPM_INSTABILITY,0.15,169,S045,76.5,23.5,WARNING,rpm,True,True
RPM_INSTABILITY,0.3,169,S045,76.38,23.62,WARNING,rpm,True,True
RPM_INSTABILITY,0.3,169,S045,71.61,28.39,WARNING,rpm,True,True
RPM_INSTABILITY,0.5,169,S045,71.77,28.23,WARNING,rpm,True,True
RPM_INSTABILITY,0.5,169,S045,79.94,20.06,WARNING,rpm,True,True
RPM_INSTABILITY,0.75,169,S045,81.01,18.99,WARNING,joint,True,True
RPM_INSTABILITY,0.75,169,S045,77.29,22.71,WARNING,joint,True,True
RPM_INSTABILITY,1.0,169,S045,84.44,15.56,WARNING,joint,True,True
RPM_INSTABILITY,1.0,169,S045,84.57,15.43,WARNING,joint,True,True
COMBINED_FAULT,0.15,169,S045,66.43,33.57,WARNING,rpm,True,True
COMBINED_FAULT,0.15,169,S045,61.52,38.48,WARNING,rpm,True,True
COMBINED_FAULT,0.3,169,S045,70.47,29.53,WARNING,joint,True,True
COMBINED_FAULT,0.3,169,S045,74.83,25.17,WARNING,joint,True,True
COMBINED_FAULT,0.5,169,S045,97.15,2.85,CRITICAL,vibration,True,True
COMBINED_FAULT,0.5,169,S045,96.18,3.82,CRITICAL,vibration,True,True
COMBINED_FAULT,0.75,169,S045,84.12,15.88,WARNING,joint,True,True
COMBINED_FAULT,0.75,169,S045,95.01,4.99,CRITICAL,joint,True,True
COMBINED_FAULT,1.0,169,S045,97.45,2.55,CRITICAL,vibration,True,True
COMBINED_FAULT,1.0,169,S045,98.87,1.13,CRITICAL,vibration,True,True
NORMAL,0.0,170,S045,15.82,84.18,NORMAL,temperature,False,False
BELT_SLIP,0.15,170,S045,74.16,25.84,WARNING,rpm,True,True
BELT_SLIP,0.15,170,S045,67.82,32.18,WARNING,rpm,True,True
BELT_SLIP,0.3,170,S045,81.04,18.96,WARNING,joint,True,True
BELT_SLIP,0.3,170,S045,82.53,17.47,WARNING,joint,True,True
BELT_SLIP,0.5,170,S045,87.01,12.99,WARNING,joint,True,True
BELT_SLIP,0.5,170,S045,89.59,10.41,WARNING,joint,True,True
BELT_SLIP,0.75,170,S045,93.16,6.84,CRITICAL,joint,True,True
BELT_SLIP,0.75,170,S045,92.21,7.79,CRITICAL,joint,True,True
BELT_SLIP,1.0,170,S045,94.79,5.21,CRITICAL,joint,True,True
BELT_SLIP,1.0,170,S045,95.29,4.71,CRITICAL,joint,True,True
HIGH_VIBRATION,0.15,170,S045,57.54,42.46,WATCH,vibration,True,False
HIGH_VIBRATION,0.15,170,S045,55.7,44.3,WATCH,vibration,True,False
HIGH_VIBRATION,0.3,170,S045,86.75,13.25,WARNING,vibration,True,True
HIGH_VIBRATION,0.3,170,S045,86.74,13.26,WARNING,vibration,True,True
HIGH_VIBRATION,0.5,170,S045,95.9,4.1,CRITICAL,vibration,True,True
HIGH_VIBRATION,0.5,170,S045,95.84,4.16,CRITICAL,vibration,True,True
HIGH_VIBRATION,0.75,170,S045,97.51,2.49,CRITICAL,vibration,True,True
HIGH_VIBRATION,0.75,170,S045,97.85,2.15,CRITICAL,vibration,True,True
HIGH_VIBRATION,1.0,170,S045,98.16,1.84,CRITICAL,vibration,True,True
HIGH_VIBRATION,1.0,170,S045,98.04,1.96,CRITICAL,vibration,True,True
OVERHEATING,0.15,170,S045,32.01,67.99,NORMAL,temperature,False,False
OVERHEATING,0.15,170,S045,31.85,68.15,NORMAL,temperature,False,False
OVERHEATING,0.3,170,S045,28.06,71.94,NORMAL,temperature,False,False
OVERHEATING,0.3,170,S045,28.09,71.91,NORMAL,temperature,False,False
OVERHEATING,0.5,170,S045,28.97,71.03,NORMAL,temperature,False,False
OVERHEATING,0.5,170,S045,28.94,71.06,NORMAL,temperature,False,False
OVERHEATING,0.75,170,S045,42.96,57.04,WATCH,temperature,True,False
OVERHEATING,0.75,170,S045,43.63,56.37,WATCH,temperature,True,False
OVERHEATING,1.0,170,S045,59.46,40.54,WATCH,temperature,True,False
OVERHEATING,1.0,170,S045,55.41,44.59,WATCH,temperature,True,False
RPM_INSTABILITY,0.15,170,S045,71.24,28.76,WARNING,rpm,True,True
RPM_INSTABILITY,0.15,170,S045,68.47,31.53,WARNING,rpm,True,True
RPM_INSTABILITY,0.3,170,S045,75.59,24.41,WARNING,rpm,True,True
RPM_INSTABILITY,0.3,170,S045,78.19,21.81,WARNING,rpm,True,True
RPM_INSTABILITY,0.5,170,S045,73.21,26.79,WARNING,joint,True,True
RPM_INSTABILITY,0.5,170,S045,76.87,23.13,WARNING,rpm,True,True
RPM_INSTABILITY,0.75,170,S045,80.95,19.05,WARNING,joint,True,True
RPM_INSTABILITY,0.75,170,S045,80.31,19.69,WARNING,rpm,True,True
RPM_INSTABILITY,1.0,170,S045,75.19,24.81,WARNING,joint,True,True
RPM_INSTABILITY,1.0,170,S045,84.79,15.21,WARNING,joint,True,True
COMBINED_FAULT,0.15,170,S045,79.76,20.24,WARNING,joint,True,True
COMBINED_FAULT,0.15,170,S045,66.45,33.55,WARNING,rpm,True,True
COMBINED_FAULT,0.3,170,S045,80.45,19.55,WARNING,rpm,True,True
COMBINED_FAULT,0.3,170,S045,69.66,30.34,WARNING,vibration,True,True
COMBINED_FAULT,0.5,170,S045,84.46,15.54,WARNING,joint,True,True
COMBINED_FAULT,0.5,170,S045,91.8,8.2,CRITICAL,vibration,True,True
COMBINED_FAULT,0.75,170,S045,90.99,9.01,WARNING,joint,True,True
COMBINED_FAULT,0.75,170,S045,89.57,10.43,WARNING,joint,True,True
COMBINED_FAULT,1.0,170,S045,81.52,18.48,WARNING,joint,True,True
COMBINED_FAULT,1.0,170,S045,97.4,2.6,CRITICAL,vibration,True,True
NORMAL,0.0,171,S045,5.73,94.27,NORMAL,vibration,False,False
BELT_SLIP,0.15,171,S045,63.59,36.41,WARNING,rpm,True,True
BELT_SLIP,0.15,171,S045,55.17,44.83,WATCH,rpm,True,False
BELT_SLIP,0.3,171,S045,81.71,18.29,WARNING,joint,True,True
BELT_SLIP,0.3,171,S045,75.26,24.74,WARNING,joint,True,True
BELT_SLIP,0.5,171,S045,88.71,11.29,WARNING,joint,True,True
BELT_SLIP,0.5,171,S045,88.72,11.28,WARNING,joint,True,True
BELT_SLIP,0.75,171,S045,91.9,8.1,CRITICAL,joint,True,True
BELT_SLIP,0.75,171,S045,93.87,6.13,CRITICAL,joint,True,True
BELT_SLIP,1.0,171,S045,95.08,4.92,CRITICAL,joint,True,True
BELT_SLIP,1.0,171,S045,95.3,4.7,CRITICAL,joint,True,True
HIGH_VIBRATION,0.15,171,S045,52.36,47.64,WATCH,vibration,True,False
HIGH_VIBRATION,0.15,171,S045,49.78,50.22,WATCH,vibration,True,False
HIGH_VIBRATION,0.3,171,S045,80.79,19.21,WARNING,vibration,True,True
HIGH_VIBRATION,0.3,171,S045,81.35,18.65,WARNING,vibration,True,True
HIGH_VIBRATION,0.5,171,S045,95.53,4.47,CRITICAL,vibration,True,True
HIGH_VIBRATION,0.5,171,S045,95.09,4.91,CRITICAL,vibration,True,True
HIGH_VIBRATION,0.75,171,S045,97.37,2.63,CRITICAL,vibration,True,True
HIGH_VIBRATION,0.75,171,S045,97.26,2.74,CRITICAL,vibration,True,True
HIGH_VIBRATION,1.0,171,S045,97.88,2.12,CRITICAL,vibration,True,True
HIGH_VIBRATION,1.0,171,S045,98.2,1.8,CRITICAL,vibration,True,True
OVERHEATING,0.15,171,S045,21.19,78.81,NORMAL,temperature,False,False
OVERHEATING,0.15,171,S045,21.53,78.47,NORMAL,temperature,False,False
OVERHEATING,0.3,171,S045,29.32,70.68,NORMAL,temperature,False,False
OVERHEATING,0.3,171,S045,30.74,69.26,NORMAL,temperature,False,False
OVERHEATING,0.5,171,S045,49.61,50.39,WATCH,temperature,True,False
OVERHEATING,0.5,171,S045,48.42,51.58,WATCH,temperature,True,False
OVERHEATING,0.75,171,S045,69.42,30.58,WARNING,temperature,True,True
OVERHEATING,0.75,171,S045,68.75,31.25,WARNING,temperature,True,True
OVERHEATING,1.0,171,S045,71.68,28.32,WARNING,temperature,True,True
OVERHEATING,1.0,171,S045,72.02,27.98,WARNING,temperature,True,True
RPM_INSTABILITY,0.15,171,S045,67.01,32.99,WARNING,rpm,True,True
RPM_INSTABILITY,0.15,171,S045,61.47,38.53,WARNING,rpm,True,True
RPM_INSTABILITY,0.3,171,S045,71.04,28.96,WARNING,rpm,True,True
RPM_INSTABILITY,0.3,171,S045,76.84,23.16,WARNING,rpm,True,True
RPM_INSTABILITY,0.5,171,S045,77.58,22.42,WARNING,rpm,True,True
RPM_INSTABILITY,0.5,171,S045,66.9,33.1,WARNING,rpm,True,True
RPM_INSTABILITY,0.75,171,S045,77.58,22.42,WARNING,rpm,True,True
RPM_INSTABILITY,0.75,171,S045,78.9,21.1,WARNING,rpm,True,True
RPM_INSTABILITY,1.0,171,S045,75.73,24.27,WARNING,rpm,True,True
RPM_INSTABILITY,1.0,171,S045,79.35,20.65,WARNING,joint,True,True
COMBINED_FAULT,0.15,171,S045,42.7,57.3,WATCH,vibration,True,False
COMBINED_FAULT,0.15,171,S045,42.61,57.39,WATCH,vibration,True,False
COMBINED_FAULT,0.3,171,S045,63.33,36.67,WARNING,vibration,True,True
COMBINED_FAULT,0.3,171,S045,73.61,26.39,WARNING,rpm,True,True
COMBINED_FAULT,0.5,171,S045,97.18,2.82,CRITICAL,vibration,True,True
COMBINED_FAULT,0.5,171,S045,86.75,13.25,WARNING,joint,True,True
COMBINED_FAULT,0.75,171,S045,95.97,4.03,CRITICAL,vibration,True,True
COMBINED_FAULT,0.75,171,S045,95.82,4.18,CRITICAL,vibration,True,True
COMBINED_FAULT,1.0,171,S045,98.9,1.1,CRITICAL,vibration,True,True
COMBINED_FAULT,1.0,171,S045,95.56,4.44,CRITICAL,joint,True,True
NORMAL,0.0,172,S045,7.82,92.18,NORMAL,temperature,False,False
BELT_SLIP,0.15,172,S045,81.11,18.89,WARNING,rpm,True,True
BELT_SLIP,0.15,172,S045,81.45,18.55,WARNING,rpm,True,True
BELT_SLIP,0.3,172,S045,81.14,18.86,WARNING,joint,True,True
BELT_SLIP,0.3,172,S045,81.2,18.8,WARNING,joint,True,True
BELT_SLIP,0.5,172,S045,92.35,7.65,CRITICAL,joint,True,True
BELT_SLIP,0.5,172,S045,90.91,9.09,WARNING,joint,True,True
BELT_SLIP,0.75,172,S045,96.41,3.59,CRITICAL,joint,True,True
BELT_SLIP,0.75,172,S045,96.49,3.51,CRITICAL,joint,True,True
BELT_SLIP,1.0,172,S045,98.08,1.92,CRITICAL,joint,True,True
BELT_SLIP,1.0,172,S045,97.99,2.01,CRITICAL,joint,True,True
HIGH_VIBRATION,0.15,172,S045,60.6,39.4,WATCH,vibration,True,False
HIGH_VIBRATION,0.15,172,S045,63.31,36.69,WARNING,vibration,True,True
HIGH_VIBRATION,0.3,172,S045,90.33,9.67,WARNING,vibration,True,True
HIGH_VIBRATION,0.3,172,S045,90.0,10.0,WARNING,vibration,True,True
HIGH_VIBRATION,0.5,172,S045,95.49,4.51,CRITICAL,vibration,True,True
HIGH_VIBRATION,0.5,172,S045,95.25,4.75,CRITICAL,vibration,True,True
HIGH_VIBRATION,0.75,172,S045,97.26,2.74,CRITICAL,vibration,True,True
HIGH_VIBRATION,0.75,172,S045,97.37,2.63,CRITICAL,vibration,True,True
HIGH_VIBRATION,1.0,172,S045,97.89,2.11,CRITICAL,vibration,True,True
HIGH_VIBRATION,1.0,172,S045,97.87,2.13,CRITICAL,vibration,True,True
OVERHEATING,0.15,172,S045,34.38,65.62,NORMAL,temperature,False,False
OVERHEATING,0.15,172,S045,34.49,65.51,NORMAL,temperature,False,False
OVERHEATING,0.3,172,S045,47.85,52.15,WATCH,temperature,True,False
OVERHEATING,0.3,172,S045,50.74,49.26,WATCH,temperature,True,False
OVERHEATING,0.5,172,S045,61.59,38.41,WARNING,temperature,True,True
OVERHEATING,0.5,172,S045,61.55,38.45,WARNING,temperature,True,True
OVERHEATING,0.75,172,S045,68.85,31.15,WARNING,temperature,True,True
OVERHEATING,0.75,172,S045,68.37,31.63,WARNING,temperature,True,True
OVERHEATING,1.0,172,S045,68.99,31.01,WARNING,temperature,True,True
OVERHEATING,1.0,172,S045,68.99,31.01,WARNING,temperature,True,True
RPM_INSTABILITY,0.15,172,S045,66.35,33.65,WARNING,rpm,True,True
RPM_INSTABILITY,0.15,172,S045,67.68,32.32,WARNING,rpm,True,True
RPM_INSTABILITY,0.3,172,S045,71.02,28.98,WARNING,rpm,True,True
RPM_INSTABILITY,0.3,172,S045,79.09,20.91,WARNING,rpm,True,True
RPM_INSTABILITY,0.5,172,S045,66.12,33.88,WARNING,rpm,True,True
RPM_INSTABILITY,0.5,172,S045,75.72,24.28,WARNING,rpm,True,True
RPM_INSTABILITY,0.75,172,S045,77.15,22.85,WARNING,joint,True,True
RPM_INSTABILITY,0.75,172,S045,72.73,27.27,WARNING,joint,True,True
RPM_INSTABILITY,1.0,172,S045,84.08,15.92,WARNING,joint,True,True
RPM_INSTABILITY,1.0,172,S045,84.07,15.93,WARNING,joint,True,True
COMBINED_FAULT,0.15,172,S045,78.97,21.03,WARNING,joint,True,True
COMBINED_FAULT,0.15,172,S045,71.09,28.91,WARNING,rpm,True,True
COMBINED_FAULT,0.3,172,S045,83.14,16.86,WARNING,joint,True,True
COMBINED_FAULT,0.3,172,S045,96.16,3.84,CRITICAL,joint,True,True
COMBINED_FAULT,0.5,172,S045,90.16,9.84,WARNING,joint,True,True
COMBINED_FAULT,0.5,172,S045,90.62,9.38,WARNING,vibration,True,True
COMBINED_FAULT,0.75,172,S045,80.03,19.97,WARNING,joint,True,True
COMBINED_FAULT,0.75,172,S045,96.37,3.63,CRITICAL,joint,True,True
COMBINED_FAULT,1.0,172,S045,96.52,3.48,CRITICAL,joint,True,True
COMBINED_FAULT,1.0,172,S045,96.82,3.18,CRITICAL,joint,True,True
NORMAL,0.0,173,S045,10.27,89.73,NORMAL,vibration,False,False
BELT_SLIP,0.15,173,S045,65.29,34.71,WARNING,joint,True,True
BELT_SLIP,0.15,173,S045,77.75,22.25,WARNING,rpm,True,True
BELT_SLIP,0.3,173,S045,89.06,10.94,WARNING,joint,True,True
BELT_SLIP,0.3,173,S045,89.61,10.39,WARNING,joint,True,True
BELT_SLIP,0.5,173,S045,95.12,4.88,CRITICAL,joint,True,True
BELT_SLIP,0.5,173,S045,95.53,4.47,CRITICAL,joint,True,True
BELT_SLIP,0.75,173,S045,97.54,2.46,CRITICAL,joint,True,True
BELT_SLIP,0.75,173,S045,97.2,2.8,CRITICAL,joint,True,True
BELT_SLIP,1.0,173,S045,98.48,1.52,CRITICAL,joint,True,True
BELT_SLIP,1.0,173,S045,98.46,1.54,CRITICAL,joint,True,True
HIGH_VIBRATION,0.15,173,S045,73.69,26.31,WARNING,vibration,True,True
HIGH_VIBRATION,0.15,173,S045,76.37,23.63,WARNING,vibration,True,True
HIGH_VIBRATION,0.3,173,S045,94.02,5.98,CRITICAL,vibration,True,True
HIGH_VIBRATION,0.3,173,S045,93.84,6.16,CRITICAL,vibration,True,True
HIGH_VIBRATION,0.5,173,S045,95.53,4.47,CRITICAL,vibration,True,True
HIGH_VIBRATION,0.5,173,S045,95.48,4.52,CRITICAL,vibration,True,True
HIGH_VIBRATION,0.75,173,S045,98.22,1.78,CRITICAL,vibration,True,True
HIGH_VIBRATION,0.75,173,S045,97.49,2.51,CRITICAL,vibration,True,True
HIGH_VIBRATION,1.0,173,S045,98.24,1.76,CRITICAL,vibration,True,True
HIGH_VIBRATION,1.0,173,S045,98.08,1.92,CRITICAL,vibration,True,True
OVERHEATING,0.15,173,S045,33.49,66.51,NORMAL,temperature,False,False
OVERHEATING,0.15,173,S045,33.39,66.61,NORMAL,temperature,False,False
OVERHEATING,0.3,173,S045,46.69,53.31,WATCH,temperature,True,False
OVERHEATING,0.3,173,S045,46.91,53.09,WATCH,temperature,True,False
OVERHEATING,0.5,173,S045,60.86,39.14,WARNING,temperature,True,True
OVERHEATING,0.5,173,S045,60.6,39.4,WATCH,temperature,True,False
OVERHEATING,0.75,173,S045,69.5,30.5,WARNING,temperature,True,True
OVERHEATING,0.75,173,S045,69.5,30.5,WARNING,temperature,True,True
OVERHEATING,1.0,173,S045,71.39,28.61,WARNING,temperature,True,True
OVERHEATING,1.0,173,S045,71.39,28.61,WARNING,temperature,True,True
RPM_INSTABILITY,0.15,173,S045,71.12,28.88,WARNING,rpm,True,True
RPM_INSTABILITY,0.15,173,S045,76.95,23.05,WARNING,rpm,True,True
RPM_INSTABILITY,0.3,173,S045,74.39,25.61,WARNING,rpm,True,True
RPM_INSTABILITY,0.3,173,S045,70.75,29.25,WARNING,rpm,True,True
RPM_INSTABILITY,0.5,173,S045,77.91,22.09,WARNING,rpm,True,True
RPM_INSTABILITY,0.5,173,S045,78.06,21.94,WARNING,rpm,True,True
RPM_INSTABILITY,0.75,173,S045,81.28,18.72,WARNING,rpm,True,True
RPM_INSTABILITY,0.75,173,S045,81.53,18.47,WARNING,rpm,True,True
RPM_INSTABILITY,1.0,173,S045,87.77,12.23,WARNING,joint,True,True
RPM_INSTABILITY,1.0,173,S045,82.89,17.11,WARNING,joint,True,True
COMBINED_FAULT,0.15,173,S045,67.81,32.19,WARNING,rpm,True,True
COMBINED_FAULT,0.15,173,S045,61.98,38.02,WARNING,vibration,True,True
COMBINED_FAULT,0.3,173,S045,74.17,25.83,WARNING,rpm,True,True
COMBINED_FAULT,0.3,173,S045,69.79,30.21,WARNING,rpm,True,True
COMBINED_FAULT,0.5,173,S045,98.36,1.64,CRITICAL,vibration,True,True
COMBINED_FAULT,0.5,173,S045,94.57,5.43,CRITICAL,joint,True,True
COMBINED_FAULT,0.75,173,S045,96.28,3.72,CRITICAL,joint,True,True
COMBINED_FAULT,0.75,173,S045,95.85,4.15,CRITICAL,joint,True,True
COMBINED_FAULT,1.0,173,S045,98.47,1.53,CRITICAL,vibration,True,True
COMBINED_FAULT,1.0,173,S045,93.7,6.3,CRITICAL,joint,True,True
NORMAL,0.0,174,S045,11.4,88.6,NORMAL,vibration,False,False
BELT_SLIP,0.15,174,S045,60.65,39.35,WARNING,joint,True,True
BELT_SLIP,0.15,174,S045,73.6,26.4,WARNING,rpm,True,True
BELT_SLIP,0.3,174,S045,88.68,11.32,WARNING,joint,True,True
BELT_SLIP,0.3,174,S045,87.59,12.41,WARNING,joint,True,True
BELT_SLIP,0.5,174,S045,94.09,5.91,CRITICAL,joint,True,True
BELT_SLIP,0.5,174,S045,92.17,7.83,CRITICAL,joint,True,True
BELT_SLIP,0.75,174,S045,96.03,3.97,CRITICAL,joint,True,True
BELT_SLIP,0.75,174,S045,96.7,3.3,CRITICAL,vibration,True,True
BELT_SLIP,1.0,174,S045,97.8,2.2,CRITICAL,vibration,True,True
BELT_SLIP,1.0,174,S045,98.34,1.66,CRITICAL,vibration,True,True
HIGH_VIBRATION,0.15,174,S045,79.42,20.58,WARNING,vibration,True,True
HIGH_VIBRATION,0.15,174,S045,79.06,20.94,WARNING,vibration,True,True
HIGH_VIBRATION,0.3,174,S045,94.07,5.93,CRITICAL,vibration,True,True
HIGH_VIBRATION,0.3,174,S045,94.91,5.09,CRITICAL,vibration,True,True
HIGH_VIBRATION,0.5,174,S045,95.68,4.32,CRITICAL,vibration,True,True
HIGH_VIBRATION,0.5,174,S045,96.72,3.28,CRITICAL,vibration,True,True
HIGH_VIBRATION,0.75,174,S045,97.66,2.34,CRITICAL,vibration,True,True
HIGH_VIBRATION,0.75,174,S045,98.12,1.88,CRITICAL,vibration,True,True
HIGH_VIBRATION,1.0,174,S045,98.54,1.46,CRITICAL,vibration,True,True
HIGH_VIBRATION,1.0,174,S045,98.21,1.79,CRITICAL,vibration,True,True
OVERHEATING,0.15,174,S045,17.55,82.45,NORMAL,temperature,False,False
OVERHEATING,0.15,174,S045,17.53,82.47,NORMAL,temperature,False,False
OVERHEATING,0.3,174,S045,18.86,81.14,NORMAL,temperature,False,False
OVERHEATING,0.3,174,S045,18.77,81.23,NORMAL,temperature,False,False
OVERHEATING,0.5,174,S045,26.85,73.15,NORMAL,temperature,False,False
OVERHEATING,0.5,174,S045,27.19,72.81,NORMAL,temperature,False,False
OVERHEATING,0.75,174,S045,42.27,57.73,WATCH,temperature,True,False
OVERHEATING,0.75,174,S045,44.27,55.73,WATCH,temperature,True,False
OVERHEATING,1.0,174,S045,62.32,37.68,WARNING,temperature,True,True
OVERHEATING,1.0,174,S045,59.74,40.26,WATCH,temperature,True,False
RPM_INSTABILITY,0.15,174,S045,63.5,36.5,WARNING,rpm,True,True
RPM_INSTABILITY,0.15,174,S045,71.77,28.23,WARNING,rpm,True,True
RPM_INSTABILITY,0.3,174,S045,81.05,18.95,WARNING,rpm,True,True
RPM_INSTABILITY,0.3,174,S045,72.95,27.05,WARNING,rpm,True,True
RPM_INSTABILITY,0.5,174,S045,80.96,19.04,WARNING,rpm,True,True
RPM_INSTABILITY,0.5,174,S045,74.39,25.61,WARNING,joint,True,True
RPM_INSTABILITY,0.75,174,S045,77.73,22.27,WARNING,joint,True,True
RPM_INSTABILITY,0.75,174,S045,84.28,15.72,WARNING,joint,True,True
RPM_INSTABILITY,1.0,174,S045,87.52,12.48,WARNING,joint,True,True
RPM_INSTABILITY,1.0,174,S045,90.99,9.01,WARNING,vibration,True,True
COMBINED_FAULT,0.15,174,S045,78.47,21.53,WARNING,joint,True,True
COMBINED_FAULT,0.15,174,S045,82.69,17.31,WARNING,joint,True,True
COMBINED_FAULT,0.3,174,S045,89.83,10.17,WARNING,vibration,True,True
COMBINED_FAULT,0.3,174,S045,84.68,15.32,WARNING,joint,True,True
COMBINED_FAULT,0.5,174,S045,80.33,19.67,WARNING,joint,True,True
COMBINED_FAULT,0.5,174,S045,92.38,7.62,CRITICAL,joint,True,True
COMBINED_FAULT,0.75,174,S045,97.34,2.66,CRITICAL,vibration,True,True
COMBINED_FAULT,0.75,174,S045,99.15,0.85,CRITICAL,vibration,True,True
COMBINED_FAULT,1.0,174,S045,90.42,9.58,WARNING,joint,True,True
COMBINED_FAULT,1.0,174,S045,99.29,0.71,CRITICAL,vibration,True,True
NORMAL,0.0,175,S045,17.46,82.54,NORMAL,vibration,False,False
BELT_SLIP,0.15,175,S045,67.15,32.85,WARNING,joint,True,True
BELT_SLIP,0.15,175,S045,76.96,23.04,WARNING,rpm,True,True
BELT_SLIP,0.3,175,S045,90.8,9.2,WARNING,joint,True,True
BELT_SLIP,0.3,175,S045,89.96,10.04,WARNING,joint,True,True
BELT_SLIP,0.5,175,S045,95.24,4.76,CRITICAL,joint,True,True
BELT_SLIP,0.5,175,S045,95.79,4.21,CRITICAL,joint,True,True
BELT_SLIP,0.75,175,S045,96.22,3.78,CRITICAL,vibration,True,True
BELT_SLIP,0.75,175,S045,95.71,4.29,CRITICAL,vibration,True,True
BELT_SLIP,1.0,175,S045,98.31,1.69,CRITICAL,vibration,True,True
BELT_SLIP,1.0,175,S045,98.58,1.42,CRITICAL,vibration,True,True
HIGH_VIBRATION,0.15,175,S045,88.84,11.16,WARNING,vibration,True,True
HIGH_VIBRATION,0.15,175,S045,87.45,12.55,WARNING,vibration,True,True
HIGH_VIBRATION,0.3,175,S045,94.18,5.82,CRITICAL,vibration,True,True
HIGH_VIBRATION,0.3,175,S045,94.98,5.02,CRITICAL,vibration,True,True
HIGH_VIBRATION,0.5,175,S045,96.84,3.16,CRITICAL,vibration,True,True
HIGH_VIBRATION,0.5,175,S045,96.87,3.13,CRITICAL,vibration,True,True
HIGH_VIBRATION,0.75,175,S045,97.39,2.61,CRITICAL,vibration,True,True
HIGH_VIBRATION,0.75,175,S045,98.14,1.86,CRITICAL,vibration,True,True
HIGH_VIBRATION,1.0,175,S045,98.37,1.63,CRITICAL,vibration,True,True
HIGH_VIBRATION,1.0,175,S045,97.69,2.31,CRITICAL,vibration,True,True
OVERHEATING,0.15,175,S045,20.49,79.51,NORMAL,joint,False,False
OVERHEATING,0.15,175,S045,20.45,79.55,NORMAL,joint,False,False
OVERHEATING,0.3,175,S045,20.44,79.56,NORMAL,joint,False,False
OVERHEATING,0.3,175,S045,20.31,79.69,NORMAL,joint,False,False
OVERHEATING,0.5,175,S045,23.84,76.16,NORMAL,temperature,False,False
OVERHEATING,0.5,175,S045,24.15,75.85,NORMAL,temperature,False,False
OVERHEATING,0.75,175,S045,35.76,64.24,WATCH,temperature,True,False
OVERHEATING,0.75,175,S045,38.36,61.64,WATCH,temperature,True,False
OVERHEATING,1.0,175,S045,49.42,50.58,WATCH,temperature,True,False
OVERHEATING,1.0,175,S045,49.16,50.84,WATCH,temperature,True,False
RPM_INSTABILITY,0.15,175,S045,75.88,24.12,WARNING,rpm,True,True
RPM_INSTABILITY,0.15,175,S045,74.42,25.58,WARNING,rpm,True,True
RPM_INSTABILITY,0.3,175,S045,76.98,23.02,WARNING,rpm,True,True
RPM_INSTABILITY,0.3,175,S045,74.99,25.01,WARNING,joint,True,True
RPM_INSTABILITY,0.5,175,S045,81.03,18.97,WARNING,joint,True,True
RPM_INSTABILITY,0.5,175,S045,82.75,17.25,WARNING,joint,True,True
RPM_INSTABILITY,0.75,175,S045,83.48,16.52,WARNING,joint,True,True
RPM_INSTABILITY,0.75,175,S045,89.67,10.33,WARNING,joint,True,True
RPM_INSTABILITY,1.0,175,S045,88.39,11.61,WARNING,joint,True,True
RPM_INSTABILITY,1.0,175,S045,89.93,10.07,WARNING,vibration,True,True
COMBINED_FAULT,0.15,175,S045,88.08,11.92,WARNING,joint,True,True
COMBINED_FAULT,0.15,175,S045,51.84,48.16,WATCH,rpm,True,False
COMBINED_FAULT,0.3,175,S045,96.71,3.29,CRITICAL,vibration,True,True
COMBINED_FAULT,0.3,175,S045,77.36,22.64,WARNING,rpm,True,True
COMBINED_FAULT,0.5,175,S045,94.74,5.26,CRITICAL,vibration,True,True
COMBINED_FAULT,0.5,175,S045,96.36,3.64,CRITICAL,vibration,True,True
COMBINED_FAULT,0.75,175,S045,84.24,15.76,WARNING,joint,True,True
COMBINED_FAULT,0.75,175,S045,96.54,3.46,CRITICAL,vibration,True,True
COMBINED_FAULT,1.0,175,S045,99.25,0.75,CRITICAL,vibration,True,True
COMBINED_FAULT,1.0,175,S045,97.48,2.52,CRITICAL,vibration,True,True
NORMAL,0.0,176,S045,9.09,90.91,NORMAL,vibration,False,False
BELT_SLIP,0.15,176,S045,74.58,25.42,WARNING,rpm,True,True
BELT_SLIP,0.15,176,S045,56.05,43.95,WATCH,rpm,True,False
BELT_SLIP,0.3,176,S045,82.24,17.76,WARNING,joint,True,True
BELT_SLIP,0.3,176,S045,82.39,17.61,WARNING,joint,True,True
BELT_SLIP,0.5,176,S045,91.07,8.93,WARNING,joint,True,True
BELT_SLIP,0.5,176,S045,88.71,11.29,WARNING,joint,True,True
BELT_SLIP,0.75,176,S045,95.59,4.41,CRITICAL,joint,True,True
BELT_SLIP,0.75,176,S045,95.41,4.59,CRITICAL,joint,True,True
BELT_SLIP,1.0,176,S045,95.42,4.58,CRITICAL,joint,True,True
BELT_SLIP,1.0,176,S045,96.94,3.06,CRITICAL,joint,True,True
HIGH_VIBRATION,0.15,176,S045,65.76,34.24,WARNING,vibration,True,True
HIGH_VIBRATION,0.15,176,S045,66.4,33.6,WARNING,vibration,True,True
HIGH_VIBRATION,0.3,176,S045,93.34,6.66,CRITICAL,vibration,True,True
HIGH_VIBRATION,0.3,176,S045,93.18,6.82,CRITICAL,vibration,True,True
HIGH_VIBRATION,0.5,176,S045,96.98,3.02,CRITICAL,vibration,True,True
HIGH_VIBRATION,0.5,176,S045,96.58,3.42,CRITICAL,vibration,True,True
HIGH_VIBRATION,0.75,176,S045,98.1,1.9,CRITICAL,vibration,True,True
HIGH_VIBRATION,0.75,176,S045,98.07,1.93,CRITICAL,vibration,True,True
HIGH_VIBRATION,1.0,176,S045,98.26,1.74,CRITICAL,vibration,True,True
HIGH_VIBRATION,1.0,176,S045,98.65,1.35,CRITICAL,vibration,True,True
OVERHEATING,0.15,176,S045,21.25,78.75,NORMAL,temperature,False,False
OVERHEATING,0.15,176,S045,20.94,79.06,NORMAL,temperature,False,False
OVERHEATING,0.3,176,S045,24.22,75.78,NORMAL,temperature,False,False
OVERHEATING,0.3,176,S045,24.09,75.91,NORMAL,temperature,False,False
OVERHEATING,0.5,176,S045,28.68,71.32,NORMAL,temperature,False,False
OVERHEATING,0.5,176,S045,29.02,70.98,NORMAL,temperature,False,False
OVERHEATING,0.75,176,S045,41.74,58.26,WATCH,temperature,True,False
OVERHEATING,0.75,176,S045,42.66,57.34,WATCH,temperature,True,False
OVERHEATING,1.0,176,S045,57.95,42.05,WATCH,temperature,True,False
OVERHEATING,1.0,176,S045,52.05,47.95,WATCH,temperature,True,False
RPM_INSTABILITY,0.15,176,S045,74.91,25.09,WARNING,rpm,True,True
RPM_INSTABILITY,0.15,176,S045,76.77,23.23,WARNING,rpm,True,True
RPM_INSTABILITY,0.3,176,S045,79.01,20.99,WARNING,rpm,True,True
RPM_INSTABILITY,0.3,176,S045,79.01,20.99,WARNING,rpm,True,True
RPM_INSTABILITY,0.5,176,S045,78.98,21.02,WARNING,rpm,True,True
RPM_INSTABILITY,0.5,176,S045,78.47,21.53,WARNING,rpm,True,True
RPM_INSTABILITY,0.75,176,S045,84.04,15.96,WARNING,joint,True,True
RPM_INSTABILITY,0.75,176,S045,82.47,17.53,WARNING,rpm,True,True
RPM_INSTABILITY,1.0,176,S045,85.24,14.76,WARNING,joint,True,True
RPM_INSTABILITY,1.0,176,S045,82.84,17.16,WARNING,joint,True,True
COMBINED_FAULT,0.15,176,S045,40.32,59.68,WATCH,rpm,True,False
COMBINED_FAULT,0.15,176,S045,78.94,21.06,WARNING,rpm,True,True
COMBINED_FAULT,0.3,176,S045,82.06,17.94,WARNING,joint,True,True
COMBINED_FAULT,0.3,176,S045,79.7,20.3,WARNING,joint,True,True
COMBINED_FAULT,0.5,176,S045,82.51,17.49,WARNING,rpm,True,True
COMBINED_FAULT,0.5,176,S045,88.74,11.26,WARNING,joint,True,True
COMBINED_FAULT,0.75,176,S045,97.5,2.5,CRITICAL,vibration,True,True
COMBINED_FAULT,0.75,176,S045,97.87,2.13,CRITICAL,vibration,True,True
COMBINED_FAULT,1.0,176,S045,95.92,4.08,CRITICAL,joint,True,True
COMBINED_FAULT,1.0,176,S045,98.99,1.01,CRITICAL,vibration,True,True
NORMAL,0.0,177,S049,14.11,85.89,NORMAL,rpm,False,False
BELT_SLIP,0.15,177,S049,58.16,41.84,WATCH,joint,True,False
BELT_SLIP,0.15,177,S049,79.94,20.06,WARNING,rpm,True,True
BELT_SLIP,0.3,177,S049,83.99,16.01,WARNING,vibration,True,True
BELT_SLIP,0.3,177,S049,84.6,15.4,WARNING,joint,True,True
BELT_SLIP,0.5,177,S049,90.24,9.76,WARNING,vibration,True,True
BELT_SLIP,0.5,177,S049,90.86,9.14,WARNING,joint,True,True
BELT_SLIP,0.75,177,S049,94.54,5.46,CRITICAL,vibration,True,True
BELT_SLIP,0.75,177,S049,94.94,5.06,CRITICAL,vibration,True,True
BELT_SLIP,1.0,177,S049,96.55,3.45,CRITICAL,vibration,True,True
BELT_SLIP,1.0,177,S049,97.74,2.26,CRITICAL,vibration,True,True
HIGH_VIBRATION,0.15,177,S049,74.39,25.61,WARNING,vibration,True,True
HIGH_VIBRATION,0.15,177,S049,74.73,25.27,WARNING,vibration,True,True
HIGH_VIBRATION,0.3,177,S049,89.52,10.48,WARNING,vibration,True,True
HIGH_VIBRATION,0.3,177,S049,89.64,10.36,WARNING,vibration,True,True
HIGH_VIBRATION,0.5,177,S049,95.58,4.42,CRITICAL,vibration,True,True
HIGH_VIBRATION,0.5,177,S049,95.0,5.0,CRITICAL,vibration,True,True
HIGH_VIBRATION,0.75,177,S049,96.89,3.11,CRITICAL,vibration,True,True
HIGH_VIBRATION,0.75,177,S049,96.85,3.15,CRITICAL,vibration,True,True
HIGH_VIBRATION,1.0,177,S049,98.32,1.68,CRITICAL,vibration,True,True
HIGH_VIBRATION,1.0,177,S049,98.26,1.74,CRITICAL,vibration,True,True
OVERHEATING,0.15,177,S049,14.11,85.89,NORMAL,rpm,False,False
OVERHEATING,0.15,177,S049,14.11,85.89,NORMAL,rpm,False,False
OVERHEATING,0.3,177,S049,14.14,85.86,NORMAL,temperature,False,False
OVERHEATING,0.3,177,S049,14.46,85.54,NORMAL,temperature,False,False
OVERHEATING,0.5,177,S049,19.76,80.24,NORMAL,temperature,False,False
OVERHEATING,0.5,177,S049,19.48,80.52,NORMAL,temperature,False,False
OVERHEATING,0.75,177,S049,36.81,63.19,WATCH,temperature,True,False
OVERHEATING,0.75,177,S049,38.67,61.33,WATCH,temperature,True,False
OVERHEATING,1.0,177,S049,57.87,42.13,WATCH,temperature,True,False
OVERHEATING,1.0,177,S049,58.39,41.61,WATCH,temperature,True,False
RPM_INSTABILITY,0.15,177,S049,64.96,35.04,WARNING,rpm,True,True
RPM_INSTABILITY,0.15,177,S049,79.98,20.02,WARNING,rpm,True,True
RPM_INSTABILITY,0.3,177,S049,71.61,28.39,WARNING,rpm,True,True
RPM_INSTABILITY,0.3,177,S049,65.13,34.87,WARNING,rpm,True,True
RPM_INSTABILITY,0.5,177,S049,79.11,20.89,WARNING,rpm,True,True
RPM_INSTABILITY,0.5,177,S049,79.98,20.02,WARNING,rpm,True,True
RPM_INSTABILITY,0.75,177,S049,79.52,20.48,WARNING,joint,True,True
RPM_INSTABILITY,0.75,177,S049,79.98,20.02,WARNING,rpm,True,True
RPM_INSTABILITY,1.0,177,S049,87.58,12.42,WARNING,vibration,True,True
RPM_INSTABILITY,1.0,177,S049,87.21,12.79,WARNING,vibration,True,True
COMBINED_FAULT,0.15,177,S049,69.54,30.46,WARNING,vibration,True,True
COMBINED_FAULT,0.15,177,S049,81.04,18.96,WARNING,vibration,True,True
COMBINED_FAULT,0.3,177,S049,95.39,4.61,CRITICAL,vibration,True,True
COMBINED_FAULT,0.3,177,S049,82.55,17.45,WARNING,vibration,True,True
COMBINED_FAULT,0.5,177,S049,91.42,8.58,WARNING,vibration,True,True
COMBINED_FAULT,0.5,177,S049,95.66,4.34,CRITICAL,vibration,True,True
COMBINED_FAULT,0.75,177,S049,94.3,5.7,CRITICAL,joint,True,True
COMBINED_FAULT,0.75,177,S049,81.57,18.43,WARNING,joint,True,True
COMBINED_FAULT,1.0,177,S049,86.76,13.24,WARNING,joint,True,True
COMBINED_FAULT,1.0,177,S049,98.22,1.78,CRITICAL,vibration,True,True
NORMAL,0.0,178,S049,7.94,92.06,NORMAL,rpm,False,False
BELT_SLIP,0.15,178,S049,71.29,28.71,WARNING,rpm,True,True
BELT_SLIP,0.15,178,S049,73.54,26.46,WARNING,rpm,True,True
BELT_SLIP,0.3,178,S049,86.81,13.19,WARNING,joint,True,True
BELT_SLIP,0.3,178,S049,87.02,12.98,WARNING,joint,True,True
BELT_SLIP,0.5,178,S049,92.75,7.25,CRITICAL,joint,True,True
BELT_SLIP,0.5,178,S049,92.81,7.19,CRITICAL,vibration,True,True
BELT_SLIP,0.75,178,S049,95.77,4.23,CRITICAL,vibration,True,True
BELT_SLIP,0.75,178,S049,96.67,3.33,CRITICAL,vibration,True,True
BELT_SLIP,1.0,178,S049,96.78,3.22,CRITICAL,vibration,True,True
BELT_SLIP,1.0,178,S049,97.95,2.05,CRITICAL,vibration,True,True
HIGH_VIBRATION,0.15,178,S049,83.17,16.83,WARNING,vibration,True,True
HIGH_VIBRATION,0.15,178,S049,83.8,16.2,WARNING,vibration,True,True
HIGH_VIBRATION,0.3,178,S049,91.82,8.18,CRITICAL,vibration,True,True
HIGH_VIBRATION,0.3,178,S049,91.87,8.13,CRITICAL,vibration,True,True
HIGH_VIBRATION,0.5,178,S049,95.15,4.85,CRITICAL,vibration,True,True
HIGH_VIBRATION,0.5,178,S049,95.38,4.62,CRITICAL,vibration,True,True
HIGH_VIBRATION,0.75,178,S049,96.42,3.58,CRITICAL,vibration,True,True
HIGH_VIBRATION,0.75,178,S049,96.4,3.6,CRITICAL,vibration,True,True
HIGH_VIBRATION,1.0,178,S049,98.11,1.89,CRITICAL,vibration,True,True
HIGH_VIBRATION,1.0,178,S049,97.86,2.14,CRITICAL,vibration,True,True
OVERHEATING,0.15,178,S049,22.42,77.58,NORMAL,temperature,False,False
OVERHEATING,0.15,178,S049,21.9,78.1,NORMAL,temperature,False,False
OVERHEATING,0.3,178,S049,21.27,78.73,NORMAL,temperature,False,False
OVERHEATING,0.3,178,S049,21.67,78.33,NORMAL,temperature,False,False
OVERHEATING,0.5,178,S049,20.37,79.63,NORMAL,temperature,False,False
OVERHEATING,0.5,178,S049,20.35,79.65,NORMAL,temperature,False,False
OVERHEATING,0.75,178,S049,29.27,70.73,NORMAL,temperature,False,False
OVERHEATING,0.75,178,S049,29.17,70.83,NORMAL,temperature,False,False
OVERHEATING,1.0,178,S049,39.57,60.43,WATCH,temperature,True,False
OVERHEATING,1.0,178,S049,40.07,59.93,WATCH,temperature,True,False
RPM_INSTABILITY,0.15,178,S049,63.34,36.66,WARNING,rpm,True,True
RPM_INSTABILITY,0.15,178,S049,71.3,28.7,WARNING,rpm,True,True
RPM_INSTABILITY,0.3,178,S049,76.3,23.7,WARNING,rpm,True,True
RPM_INSTABILITY,0.3,178,S049,76.3,23.7,WARNING,rpm,True,True
RPM_INSTABILITY,0.5,178,S049,79.88,20.12,WARNING,joint,True,True
RPM_INSTABILITY,0.5,178,S049,76.27,23.73,WARNING,rpm,True,True
RPM_INSTABILITY,0.75,178,S049,85.19,14.81,WARNING,joint,True,True
RPM_INSTABILITY,0.75,178,S049,87.07,12.93,WARNING,joint,True,True
RPM_INSTABILITY,1.0,178,S049,92.7,7.3,CRITICAL,joint,True,True
RPM_INSTABILITY,1.0,178,S049,89.53,10.47,WARNING,joint,True,True
COMBINED_FAULT,0.15,178,S049,71.07,28.93,WARNING,rpm,True,True
COMBINED_FAULT,0.15,178,S049,85.07,14.93,WARNING,joint,True,True
COMBINED_FAULT,0.3,178,S049,91.36,8.64,WARNING,vibration,True,True
COMBINED_FAULT,0.3,178,S049,96.19,3.81,CRITICAL,vibration,True,True
COMBINED_FAULT,0.5,178,S049,93.21,6.79,CRITICAL,vibration,True,True
COMBINED_FAULT,0.5,178,S049,93.34,6.66,CRITICAL,vibration,True,True
COMBINED_FAULT,0.75,178,S049,98.22,1.78,CRITICAL,vibration,True,True
COMBINED_FAULT,0.75,178,S049,96.31,3.69,CRITICAL,vibration,True,True
COMBINED_FAULT,1.0,178,S049,98.98,1.02,CRITICAL,vibration,True,True
COMBINED_FAULT,1.0,178,S049,88.93,11.07,WARNING,joint,True,True
NORMAL,0.0,179,S051,7.22,92.78,NORMAL,temperature,False,False
BELT_SLIP,0.15,179,S051,70.06,29.94,WARNING,rpm,True,True
BELT_SLIP,0.15,179,S051,64.45,35.55,WARNING,rpm,True,True
BELT_SLIP,0.3,179,S051,81.81,18.19,WARNING,rpm,True,True
BELT_SLIP,0.3,179,S051,77.39,22.61,WARNING,joint,True,True
BELT_SLIP,0.5,179,S051,90.61,9.39,WARNING,joint,True,True
BELT_SLIP,0.5,179,S051,90.39,9.61,WARNING,joint,True,True
BELT_SLIP,0.75,179,S051,95.2,4.8,CRITICAL,joint,True,True
BELT_SLIP,0.75,179,S051,95.53,4.47,CRITICAL,joint,True,True
BELT_SLIP,1.0,179,S051,97.0,3.0,CRITICAL,joint,True,True
BELT_SLIP,1.0,179,S051,97.61,2.39,CRITICAL,joint,True,True
HIGH_VIBRATION,0.15,179,S051,68.18,31.82,WARNING,vibration,True,True
HIGH_VIBRATION,0.15,179,S051,68.46,31.54,WARNING,vibration,True,True
HIGH_VIBRATION,0.3,179,S051,89.51,10.49,WARNING,vibration,True,True
HIGH_VIBRATION,0.3,179,S051,89.6,10.4,WARNING,vibration,True,True
HIGH_VIBRATION,0.5,179,S051,95.78,4.22,CRITICAL,vibration,True,True
HIGH_VIBRATION,0.5,179,S051,95.65,4.35,CRITICAL,vibration,True,True
HIGH_VIBRATION,0.75,179,S051,97.16,2.84,CRITICAL,vibration,True,True
HIGH_VIBRATION,0.75,179,S051,97.12,2.88,CRITICAL,vibration,True,True
HIGH_VIBRATION,1.0,179,S051,97.97,2.03,CRITICAL,vibration,True,True
HIGH_VIBRATION,1.0,179,S051,98.0,2.0,CRITICAL,vibration,True,True
OVERHEATING,0.15,179,S051,27.56,72.44,NORMAL,temperature,False,False
OVERHEATING,0.15,179,S051,28.52,71.48,NORMAL,temperature,False,False
OVERHEATING,0.3,179,S051,43.86,56.14,WATCH,temperature,True,False
OVERHEATING,0.3,179,S051,41.11,58.89,WATCH,temperature,True,False
OVERHEATING,0.5,179,S051,63.3,36.7,WARNING,temperature,True,True
OVERHEATING,0.5,179,S051,62.7,37.3,WARNING,temperature,True,True
OVERHEATING,0.75,179,S051,69.68,30.32,WARNING,temperature,True,True
OVERHEATING,0.75,179,S051,70.0,30.0,WARNING,temperature,True,True
OVERHEATING,1.0,179,S051,70.1,29.9,WARNING,temperature,True,True
OVERHEATING,1.0,179,S051,70.1,29.9,WARNING,temperature,True,True
RPM_INSTABILITY,0.15,179,S051,50.29,49.71,WATCH,rpm,True,False
RPM_INSTABILITY,0.15,179,S051,61.81,38.19,WARNING,rpm,True,True
RPM_INSTABILITY,0.3,179,S051,72.88,27.12,WARNING,rpm,True,True
RPM_INSTABILITY,0.3,179,S051,79.72,20.28,WARNING,rpm,True,True
RPM_INSTABILITY,0.5,179,S051,71.52,28.48,WARNING,rpm,True,True
RPM_INSTABILITY,0.5,179,S051,75.48,24.52,WARNING,rpm,True,True
RPM_INSTABILITY,0.75,179,S051,80.03,19.97,WARNING,rpm,True,True
RPM_INSTABILITY,0.75,179,S051,80.03,19.97,WARNING,rpm,True,True
RPM_INSTABILITY,1.0,179,S051,84.82,15.18,WARNING,vibration,True,True
RPM_INSTABILITY,1.0,179,S051,86.67,13.33,WARNING,vibration,True,True
COMBINED_FAULT,0.15,179,S051,50.89,49.11,WATCH,vibration,True,False
COMBINED_FAULT,0.15,179,S051,71.94,28.06,WARNING,rpm,True,True
COMBINED_FAULT,0.3,179,S051,87.41,12.59,WARNING,vibration,True,True
COMBINED_FAULT,0.3,179,S051,87.36,12.64,WARNING,vibration,True,True
COMBINED_FAULT,0.5,179,S051,95.59,4.41,CRITICAL,vibration,True,True
COMBINED_FAULT,0.5,179,S051,87.89,12.11,WARNING,joint,True,True
COMBINED_FAULT,0.75,179,S051,97.26,2.74,CRITICAL,vibration,True,True
COMBINED_FAULT,0.75,179,S051,98.27,1.73,CRITICAL,vibration,True,True
COMBINED_FAULT,1.0,179,S051,95.68,4.32,CRITICAL,joint,True,True
COMBINED_FAULT,1.0,179,S051,96.38,3.62,CRITICAL,joint,True,True
NORMAL,0.0,180,S051,4.72,95.28,NORMAL,rpm,False,False
BELT_SLIP,0.15,180,S051,64.0,36.0,WARNING,rpm,True,True
BELT_SLIP,0.15,180,S051,66.37,33.63,WARNING,rpm,True,True
BELT_SLIP,0.3,180,S051,79.56,20.44,WARNING,rpm,True,True
BELT_SLIP,0.3,180,S051,78.24,21.76,WARNING,rpm,True,True
BELT_SLIP,0.5,180,S051,87.87,12.13,WARNING,joint,True,True
BELT_SLIP,0.5,180,S051,86.21,13.79,WARNING,joint,True,True
BELT_SLIP,0.75,180,S051,94.61,5.39,CRITICAL,joint,True,True
BELT_SLIP,0.75,180,S051,94.36,5.64,CRITICAL,joint,True,True
BELT_SLIP,1.0,180,S051,97.13,2.87,CRITICAL,joint,True,True
BELT_SLIP,1.0,180,S051,97.76,2.24,CRITICAL,joint,True,True
HIGH_VIBRATION,0.15,180,S051,63.08,36.92,WARNING,vibration,True,True
HIGH_VIBRATION,0.15,180,S051,63.4,36.6,WARNING,vibration,True,True
HIGH_VIBRATION,0.3,180,S051,90.16,9.84,WARNING,vibration,True,True
HIGH_VIBRATION,0.3,180,S051,89.79,10.21,WARNING,vibration,True,True
HIGH_VIBRATION,0.5,180,S051,94.61,5.39,CRITICAL,vibration,True,True
HIGH_VIBRATION,0.5,180,S051,94.8,5.2,CRITICAL,vibration,True,True
HIGH_VIBRATION,0.75,180,S051,96.45,3.55,CRITICAL,vibration,True,True
HIGH_VIBRATION,0.75,180,S051,96.51,3.49,CRITICAL,vibration,True,True
HIGH_VIBRATION,1.0,180,S051,97.87,2.13,CRITICAL,vibration,True,True
HIGH_VIBRATION,1.0,180,S051,97.63,2.37,CRITICAL,vibration,True,True
OVERHEATING,0.15,180,S051,18.96,81.04,NORMAL,temperature,False,False
OVERHEATING,0.15,180,S051,18.94,81.06,NORMAL,temperature,False,False
OVERHEATING,0.3,180,S051,25.88,74.12,NORMAL,temperature,False,False
OVERHEATING,0.3,180,S051,26.53,73.47,NORMAL,temperature,False,False
OVERHEATING,0.5,180,S051,39.3,60.7,WATCH,temperature,True,False
OVERHEATING,0.5,180,S051,39.43,60.57,WATCH,temperature,True,False
OVERHEATING,0.75,180,S051,52.64,47.36,WATCH,temperature,True,False
OVERHEATING,0.75,180,S051,52.21,47.79,WATCH,temperature,True,False
OVERHEATING,1.0,180,S051,62.27,37.73,WARNING,temperature,True,True
OVERHEATING,1.0,180,S051,62.27,37.73,WARNING,temperature,True,True
RPM_INSTABILITY,0.15,180,S051,68.57,31.43,WARNING,rpm,True,True
RPM_INSTABILITY,0.15,180,S051,71.81,28.19,WARNING,rpm,True,True
RPM_INSTABILITY,0.3,180,S051,75.56,24.44,WARNING,rpm,True,True
RPM_INSTABILITY,0.3,180,S051,73.14,26.86,WARNING,rpm,True,True
RPM_INSTABILITY,0.5,180,S051,80.02,19.98,WARNING,rpm,True,True
RPM_INSTABILITY,0.5,180,S051,73.79,26.21,WARNING,rpm,True,True
RPM_INSTABILITY,0.75,180,S051,68.5,31.5,WARNING,rpm,True,True
RPM_INSTABILITY,0.75,180,S051,80.05,19.95,WARNING,rpm,True,True
RPM_INSTABILITY,1.0,180,S051,83.42,16.58,WARNING,vibration,True,True
RPM_INSTABILITY,1.0,180,S051,86.05,13.95,WARNING,vibration,True,True
COMBINED_FAULT,0.15,180,S051,46.27,53.73,WATCH,rpm,True,False
COMBINED_FAULT,0.15,180,S051,67.06,32.94,WARNING,rpm,True,True
COMBINED_FAULT,0.3,180,S051,69.0,31.0,WARNING,rpm,True,True
COMBINED_FAULT,0.3,180,S051,64.16,35.84,WARNING,joint,True,True
COMBINED_FAULT,0.5,180,S051,96.14,3.86,CRITICAL,vibration,True,True
COMBINED_FAULT,0.5,180,S051,89.38,10.62,WARNING,joint,True,True
COMBINED_FAULT,0.75,180,S051,94.08,5.92,CRITICAL,vibration,True,True
COMBINED_FAULT,0.75,180,S051,96.75,3.25,CRITICAL,vibration,True,True
COMBINED_FAULT,1.0,180,S051,98.55,1.45,CRITICAL,vibration,True,True
COMBINED_FAULT,1.0,180,S051,96.66,3.34,CRITICAL,vibration,True,True
NORMAL,0.0,181,S051,4.07,95.93,NORMAL,temperature,False,False
BELT_SLIP,0.15,181,S051,47.63,52.37,WATCH,vibration,True,False
BELT_SLIP,0.15,181,S051,62.01,37.99,WARNING,rpm,True,True
BELT_SLIP,0.3,181,S051,77.66,22.34,WARNING,rpm,True,True
BELT_SLIP,0.3,181,S051,75.48,24.52,WARNING,joint,True,True
BELT_SLIP,0.5,181,S051,87.35,12.65,WARNING,joint,True,True
BELT_SLIP,0.5,181,S051,87.1,12.9,WARNING,joint,True,True
BELT_SLIP,0.75,181,S051,94.33,5.67,CRITICAL,joint,True,True
BELT_SLIP,0.75,181,S051,94.17,5.83,CRITICAL,joint,True,True
BELT_SLIP,1.0,181,S051,96.79,3.21,CRITICAL,joint,True,True
BELT_SLIP,1.0,181,S051,96.54,3.46,CRITICAL,joint,True,True
HIGH_VIBRATION,0.15,181,S051,58.36,41.64,WATCH,vibration,True,False
HIGH_VIBRATION,0.15,181,S051,59.45,40.55,WATCH,vibration,True,False
HIGH_VIBRATION,0.3,181,S051,90.13,9.87,WARNING,vibration,True,True
HIGH_VIBRATION,0.3,181,S051,90.26,9.74,WARNING,vibration,True,True
HIGH_VIBRATION,0.5,181,S051,96.65,3.35,CRITICAL,vibration,True,True
HIGH_VIBRATION,0.5,181,S051,96.69,3.31,CRITICAL,vibration,True,True
HIGH_VIBRATION,0.75,181,S051,97.53,2.47,CRITICAL,vibration,True,True
HIGH_VIBRATION,0.75,181,S051,97.96,2.04,CRITICAL,vibration,True,True
HIGH_VIBRATION,1.0,181,S051,97.83,2.17,CRITICAL,vibration,True,True
HIGH_VIBRATION,1.0,181,S051,98.02,1.98,CRITICAL,vibration,True,True
OVERHEATING,0.15,181,S051,18.33,81.67,NORMAL,temperature,False,False
OVERHEATING,0.15,181,S051,18.24,81.76,NORMAL,temperature,False,False
OVERHEATING,0.3,181,S051,23.51,76.49,NORMAL,temperature,False,False
OVERHEATING,0.3,181,S051,22.98,77.02,NORMAL,temperature,False,False
OVERHEATING,0.5,181,S051,37.94,62.06,WATCH,temperature,True,False
OVERHEATING,0.5,181,S051,36.59,63.41,WATCH,temperature,True,False
OVERHEATING,0.75,181,S051,58.93,41.07,WATCH,temperature,True,False
OVERHEATING,0.75,181,S051,57.96,42.04,WATCH,temperature,True,False
OVERHEATING,1.0,181,S051,60.13,39.87,WATCH,temperature,True,False
OVERHEATING,1.0,181,S051,59.83,40.17,WATCH,temperature,True,False
RPM_INSTABILITY,0.15,181,S051,70.67,29.33,WARNING,rpm,True,True
RPM_INSTABILITY,0.15,181,S051,61.02,38.98,WARNING,rpm,True,True
RPM_INSTABILITY,0.3,181,S051,75.45,24.55,WARNING,rpm,True,True
RPM_INSTABILITY,0.3,181,S051,80.02,19.98,WARNING,rpm,True,True
RPM_INSTABILITY,0.5,181,S051,79.21,20.79,WARNING,rpm,True,True
RPM_INSTABILITY,0.5,181,S051,79.98,20.02,WARNING,rpm,True,True
RPM_INSTABILITY,0.75,181,S051,75.38,24.62,WARNING,rpm,True,True
RPM_INSTABILITY,0.75,181,S051,74.61,25.39,WARNING,rpm,True,True
RPM_INSTABILITY,1.0,181,S051,83.56,16.44,WARNING,vibration,True,True
RPM_INSTABILITY,1.0,181,S051,87.35,12.65,WARNING,vibration,True,True
COMBINED_FAULT,0.15,181,S051,77.51,22.49,WARNING,vibration,True,True
COMBINED_FAULT,0.15,181,S051,72.58,27.42,WARNING,rpm,True,True
COMBINED_FAULT,0.3,181,S051,69.75,30.25,WARNING,rpm,True,True
COMBINED_FAULT,0.3,181,S051,80.45,19.55,WARNING,joint,True,True
COMBINED_FAULT,0.5,181,S051,97.94,2.06,CRITICAL,vibration,True,True
COMBINED_FAULT,0.5,181,S051,92.99,7.01,CRITICAL,vibration,True,True
COMBINED_FAULT,0.75,181,S051,98.46,1.54,CRITICAL,vibration,True,True
COMBINED_FAULT,0.75,181,S051,98.5,1.5,CRITICAL,vibration,True,True
COMBINED_FAULT,1.0,181,S051,99.0,1.0,CRITICAL,vibration,True,True
COMBINED_FAULT,1.0,181,S051,97.15,2.85,CRITICAL,vibration,True,True
NORMAL,0.0,182,S053,12.03,87.97,NORMAL,temperature,False,False
BELT_SLIP,0.15,182,S053,73.92,26.08,WARNING,joint,True,True
BELT_SLIP,0.15,182,S053,73.51,26.49,WARNING,joint,True,True
BELT_SLIP,0.3,182,S053,92.78,7.22,CRITICAL,joint,True,True
BELT_SLIP,0.3,182,S053,91.01,8.99,WARNING,joint,True,True
BELT_SLIP,0.5,182,S053,96.93,3.07,CRITICAL,joint,True,True
BELT_SLIP,0.5,182,S053,97.02,2.98,CRITICAL,joint,True,True
BELT_SLIP,0.75,182,S053,98.27,1.73,CRITICAL,joint,True,True
BELT_SLIP,0.75,182,S053,98.31,1.69,CRITICAL,joint,True,True
BELT_SLIP,1.0,182,S053,98.57,1.43,CRITICAL,joint,True,True
BELT_SLIP,1.0,182,S053,98.39,1.61,CRITICAL,joint,True,True
HIGH_VIBRATION,0.15,182,S053,85.5,14.5,WARNING,vibration,True,True
HIGH_VIBRATION,0.15,182,S053,85.87,14.13,WARNING,vibration,True,True
HIGH_VIBRATION,0.3,182,S053,94.82,5.18,CRITICAL,vibration,True,True
HIGH_VIBRATION,0.3,182,S053,94.19,5.81,CRITICAL,vibration,True,True
HIGH_VIBRATION,0.5,182,S053,96.64,3.36,CRITICAL,vibration,True,True
HIGH_VIBRATION,0.5,182,S053,97.12,2.88,CRITICAL,vibration,True,True
HIGH_VIBRATION,0.75,182,S053,97.92,2.08,CRITICAL,vibration,True,True
HIGH_VIBRATION,0.75,182,S053,98.07,1.93,CRITICAL,vibration,True,True
HIGH_VIBRATION,1.0,182,S053,98.49,1.51,CRITICAL,vibration,True,True
HIGH_VIBRATION,1.0,182,S053,98.26,1.74,CRITICAL,vibration,True,True
OVERHEATING,0.15,182,S053,48.55,51.45,WATCH,temperature,True,False
OVERHEATING,0.15,182,S053,49.41,50.59,WATCH,temperature,True,False
OVERHEATING,0.3,182,S053,62.32,37.68,WARNING,temperature,True,True
OVERHEATING,0.3,182,S053,62.32,37.68,WARNING,temperature,True,True
OVERHEATING,0.5,182,S053,64.69,35.31,WARNING,temperature,True,True
OVERHEATING,0.5,182,S053,64.69,35.31,WARNING,temperature,True,True
OVERHEATING,0.75,182,S053,66.84,33.16,WARNING,temperature,True,True
OVERHEATING,0.75,182,S053,67.24,32.76,WARNING,temperature,True,True
OVERHEATING,1.0,182,S053,67.74,32.26,WARNING,temperature,True,True
OVERHEATING,1.0,182,S053,67.74,32.26,WARNING,temperature,True,True
RPM_INSTABILITY,0.15,182,S053,71.37,28.63,WARNING,rpm,True,True
RPM_INSTABILITY,0.15,182,S053,67.97,32.03,WARNING,rpm,True,True
RPM_INSTABILITY,0.3,182,S053,73.68,26.32,WARNING,rpm,True,True
RPM_INSTABILITY,0.3,182,S053,75.17,24.83,WARNING,rpm,True,True
RPM_INSTABILITY,0.5,182,S053,81.3,18.7,WARNING,joint,True,True
RPM_INSTABILITY,0.5,182,S053,77.69,22.31,WARNING,joint,True,True
RPM_INSTABILITY,0.75,182,S053,89.27,10.73,WARNING,joint,True,True
RPM_INSTABILITY,0.75,182,S053,90.84,9.16,WARNING,joint,True,True
RPM_INSTABILITY,1.0,182,S053,95.35,4.65,CRITICAL,joint,True,True
RPM_INSTABILITY,1.0,182,S053,93.94,6.06,CRITICAL,joint,True,True
COMBINED_FAULT,0.15,182,S053,89.62,10.38,WARNING,vibration,True,True
COMBINED_FAULT,0.15,182,S053,59.11,40.89,WATCH,joint,True,False
COMBINED_FAULT,0.3,182,S053,91.64,8.36,WARNING,joint,True,True
COMBINED_FAULT,0.3,182,S053,75.54,24.46,WARNING,rpm,True,True
COMBINED_FAULT,0.5,182,S053,96.0,4.0,CRITICAL,joint,True,True
COMBINED_FAULT,0.5,182,S053,98.1,1.9,CRITICAL,joint,True,True
COMBINED_FAULT,0.75,182,S053,91.65,8.35,WARNING,joint,True,True
COMBINED_FAULT,0.75,182,S053,98.12,1.88,CRITICAL,vibration,True,True
COMBINED_FAULT,1.0,182,S053,99.1,0.9,CRITICAL,joint,True,True
COMBINED_FAULT,1.0,182,S053,98.67,1.33,CRITICAL,joint,True,True
NORMAL,0.0,183,S053,8.82,91.18,NORMAL,temperature,False,False
BELT_SLIP,0.15,183,S053,78.94,21.06,WARNING,rpm,True,True
BELT_SLIP,0.15,183,S053,71.56,28.44,WARNING,rpm,True,True
BELT_SLIP,0.3,183,S053,84.82,15.18,WARNING,joint,True,True
BELT_SLIP,0.3,183,S053,83.59,16.41,WARNING,joint,True,True
BELT_SLIP,0.5,183,S053,94.02,5.98,CRITICAL,joint,True,True
BELT_SLIP,0.5,183,S053,92.35,7.65,CRITICAL,joint,True,True
BELT_SLIP,0.75,183,S053,96.63,3.37,CRITICAL,joint,True,True
BELT_SLIP,0.75,183,S053,96.25,3.75,CRITICAL,joint,True,True
BELT_SLIP,1.0,183,S053,98.29,1.71,CRITICAL,joint,True,True
BELT_SLIP,1.0,183,S053,97.57,2.43,CRITICAL,vibration,True,True
HIGH_VIBRATION,0.15,183,S053,71.03,28.97,WARNING,vibration,True,True
HIGH_VIBRATION,0.15,183,S053,69.65,30.35,WARNING,vibration,True,True
HIGH_VIBRATION,0.3,183,S053,93.09,6.91,CRITICAL,vibration,True,True
HIGH_VIBRATION,0.3,183,S053,92.46,7.54,CRITICAL,vibration,True,True
HIGH_VIBRATION,0.5,183,S053,96.05,3.95,CRITICAL,vibration,True,True
HIGH_VIBRATION,0.5,183,S053,95.82,4.18,CRITICAL,vibration,True,True
HIGH_VIBRATION,0.75,183,S053,97.54,2.46,CRITICAL,vibration,True,True
HIGH_VIBRATION,0.75,183,S053,97.48,2.52,CRITICAL,vibration,True,True
HIGH_VIBRATION,1.0,183,S053,98.81,1.19,CRITICAL,vibration,True,True
HIGH_VIBRATION,1.0,183,S053,98.02,1.98,CRITICAL,vibration,True,True
OVERHEATING,0.15,183,S053,27.77,72.23,NORMAL,temperature,False,False
OVERHEATING,0.15,183,S053,27.36,72.64,NORMAL,temperature,False,False
OVERHEATING,0.3,183,S053,38.09,61.91,WATCH,temperature,True,False
OVERHEATING,0.3,183,S053,36.82,63.18,WATCH,temperature,True,False
OVERHEATING,0.5,183,S053,52.28,47.72,WATCH,temperature,True,False
OVERHEATING,0.5,183,S053,51.06,48.94,WATCH,temperature,True,False
OVERHEATING,0.75,183,S053,66.29,33.71,WARNING,temperature,True,True
OVERHEATING,0.75,183,S053,66.29,33.71,WARNING,temperature,True,True
OVERHEATING,1.0,183,S053,66.54,33.46,WARNING,temperature,True,True
OVERHEATING,1.0,183,S053,66.54,33.46,WARNING,temperature,True,True
RPM_INSTABILITY,0.15,183,S053,50.39,49.61,WATCH,rpm,True,False
RPM_INSTABILITY,0.15,183,S053,68.05,31.95,WARNING,rpm,True,True
RPM_INSTABILITY,0.3,183,S053,76.46,23.54,WARNING,rpm,True,True
RPM_INSTABILITY,0.3,183,S053,67.47,32.53,WARNING,rpm,True,True
RPM_INSTABILITY,0.5,183,S053,76.69,23.31,WARNING,rpm,True,True
RPM_INSTABILITY,0.5,183,S053,70.07,29.93,WARNING,rpm,True,True
RPM_INSTABILITY,0.75,183,S053,78.57,21.43,WARNING,joint,True,True
RPM_INSTABILITY,0.75,183,S053,79.0,21.0,WARNING,rpm,True,True
RPM_INSTABILITY,1.0,183,S053,90.55,9.45,WARNING,joint,True,True
RPM_INSTABILITY,1.0,183,S053,87.79,12.21,WARNING,joint,True,True
COMBINED_FAULT,0.15,183,S053,35.08,64.92,WATCH,rpm,True,False
COMBINED_FAULT,0.15,183,S053,78.94,21.06,WARNING,rpm,True,True
COMBINED_FAULT,0.3,183,S053,83.83,16.17,WARNING,joint,True,True
COMBINED_FAULT,0.3,183,S053,78.94,21.06,WARNING,rpm,True,True
COMBINED_FAULT,0.5,183,S053,92.55,7.45,CRITICAL,joint,True,True
COMBINED_FAULT,0.5,183,S053,96.37,3.63,CRITICAL,vibration,True,True
COMBINED_FAULT,0.75,183,S053,98.47,1.53,CRITICAL,vibration,True,True
COMBINED_FAULT,0.75,183,S053,95.67,4.33,CRITICAL,joint,True,True
COMBINED_FAULT,1.0,183,S053,96.98,3.02,CRITICAL,vibration,True,True
COMBINED_FAULT,1.0,183,S053,98.53,1.47,CRITICAL,vibration,True,True
NORMAL,0.0,184,S053,9.99,90.01,NORMAL,joint,False,False
BELT_SLIP,0.15,184,S053,68.16,31.84,WARNING,rpm,True,True
BELT_SLIP,0.15,184,S053,36.96,63.04,WATCH,rpm,True,False
BELT_SLIP,0.3,184,S053,82.15,17.85,WARNING,joint,True,True
BELT_SLIP,0.3,184,S053,85.47,14.53,WARNING,joint,True,True
BELT_SLIP,0.5,184,S053,93.6,6.4,CRITICAL,joint,True,True
BELT_SLIP,0.5,184,S053,91.78,8.22,CRITICAL,joint,True,True
BELT_SLIP,0.75,184,S053,95.68,4.32,CRITICAL,joint,True,True
BELT_SLIP,0.75,184,S053,95.67,4.33,CRITICAL,vibration,True,True
BELT_SLIP,1.0,184,S053,98.41,1.59,CRITICAL,vibration,True,True
BELT_SLIP,1.0,184,S053,98.57,1.43,CRITICAL,vibration,True,True
HIGH_VIBRATION,0.15,184,S053,74.2,25.8,WARNING,vibration,True,True
HIGH_VIBRATION,0.15,184,S053,74.47,25.53,WARNING,vibration,True,True
HIGH_VIBRATION,0.3,184,S053,94.47,5.53,CRITICAL,vibration,True,True
HIGH_VIBRATION,0.3,184,S053,94.47,5.53,CRITICAL,vibration,True,True
HIGH_VIBRATION,0.5,184,S053,96.63,3.37,CRITICAL,vibration,True,True
HIGH_VIBRATION,0.5,184,S053,96.56,3.44,CRITICAL,vibration,True,True
HIGH_VIBRATION,0.75,184,S053,97.55,2.45,CRITICAL,vibration,True,True
HIGH_VIBRATION,0.75,184,S053,97.78,2.22,CRITICAL,vibration,True,True
HIGH_VIBRATION,1.0,184,S053,98.77,1.23,CRITICAL,vibration,True,True
HIGH_VIBRATION,1.0,184,S053,98.6,1.4,CRITICAL,vibration,True,True
OVERHEATING,0.15,184,S053,15.62,84.38,NORMAL,temperature,False,False
OVERHEATING,0.15,184,S053,15.82,84.18,NORMAL,temperature,False,False
OVERHEATING,0.3,184,S053,15.52,84.48,NORMAL,temperature,False,False
OVERHEATING,0.3,184,S053,15.62,84.38,NORMAL,temperature,False,False
OVERHEATING,0.5,184,S053,25.29,74.71,NORMAL,temperature,False,False
OVERHEATING,0.5,184,S053,25.69,74.31,NORMAL,temperature,False,False
OVERHEATING,0.75,184,S053,53.56,46.44,WATCH,temperature,True,False
OVERHEATING,0.75,184,S053,55.74,44.26,WATCH,temperature,True,False
OVERHEATING,1.0,184,S053,66.16,33.84,WARNING,temperature,True,True
OVERHEATING,1.0,184,S053,66.2,33.8,WARNING,temperature,True,True
RPM_INSTABILITY,0.15,184,S053,61.2,38.8,WARNING,rpm,True,True
RPM_INSTABILITY,0.15,184,S053,47.2,52.8,WATCH,rpm,True,False
RPM_INSTABILITY,0.3,184,S053,76.32,23.68,WARNING,rpm,True,True
RPM_INSTABILITY,0.3,184,S053,81.27,18.73,WARNING,rpm,True,True
RPM_INSTABILITY,0.5,184,S053,80.49,19.51,WARNING,rpm,True,True
RPM_INSTABILITY,0.5,184,S053,75.35,24.65,WARNING,rpm,True,True
RPM_INSTABILITY,0.75,184,S053,86.09,13.91,WARNING,joint,True,True
RPM_INSTABILITY,0.75,184,S053,82.0,18.0,WARNING,joint,True,True
RPM_INSTABILITY,1.0,184,S053,92.65,7.35,CRITICAL,joint,True,True
RPM_INSTABILITY,1.0,184,S053,90.33,9.67,WARNING,joint,True,True
COMBINED_FAULT,0.15,184,S053,76.12,23.88,WARNING,joint,True,True
COMBINED_FAULT,0.15,184,S053,48.64,51.36,WATCH,rpm,True,False
COMBINED_FAULT,0.3,184,S053,97.01,2.99,CRITICAL,vibration,True,True
COMBINED_FAULT,0.3,184,S053,96.93,3.07,CRITICAL,vibration,True,True
COMBINED_FAULT,0.5,184,S053,92.67,7.33,CRITICAL,joint,True,True
COMBINED_FAULT,0.5,184,S053,94.76,5.24,CRITICAL,vibration,True,True
COMBINED_FAULT,0.75,184,S053,96.03,3.97,CRITICAL,joint,True,True
COMBINED_FAULT,0.75,184,S053,98.39,1.61,CRITICAL,vibration,True,True
COMBINED_FAULT,1.0,184,S053,99.23,0.77,CRITICAL,vibration,True,True
COMBINED_FAULT,1.0,184,S053,91.14,8.86,WARNING,joint,True,True
NORMAL,0.0,185,S053,33.82,66.18,NORMAL,vibration,False,False
BELT_SLIP,0.15,185,S053,75.72,24.28,WARNING,vibration,True,True
BELT_SLIP,0.15,185,S053,77.01,22.99,WARNING,vibration,True,True
BELT_SLIP,0.3,185,S053,90.29,9.71,WARNING,joint,True,True
BELT_SLIP,0.3,185,S053,90.88,9.12,WARNING,joint,True,True
BELT_SLIP,0.5,185,S053,94.0,6.0,CRITICAL,joint,True,True
BELT_SLIP,0.5,185,S053,94.07,5.93,CRITICAL,joint,True,True
BELT_SLIP,0.75,185,S053,96.97,3.03,CRITICAL,joint,True,True
BELT_SLIP,0.75,185,S053,96.77,3.23,CRITICAL,joint,True,True
BELT_SLIP,1.0,185,S053,98.38,1.62,CRITICAL,vibration,True,True
BELT_SLIP,1.0,185,S053,97.85,2.15,CRITICAL,joint,True,True
HIGH_VIBRATION,0.15,185,S053,75.43,24.57,WARNING,vibration,True,True
HIGH_VIBRATION,0.15,185,S053,74.86,25.14,WARNING,vibration,True,True
HIGH_VIBRATION,0.3,185,S053,94.52,5.48,CRITICAL,vibration,True,True
HIGH_VIBRATION,0.3,185,S053,94.47,5.53,CRITICAL,vibration,True,True
HIGH_VIBRATION,0.5,185,S053,96.16,3.84,CRITICAL,vibration,True,True
HIGH_VIBRATION,0.5,185,S053,95.91,4.09,CRITICAL,vibration,True,True
HIGH_VIBRATION,0.75,185,S053,98.4,1.6,CRITICAL,vibration,True,True
HIGH_VIBRATION,0.75,185,S053,98.48,1.52,CRITICAL,vibration,True,True
HIGH_VIBRATION,1.0,185,S053,98.86,1.14,CRITICAL,vibration,True,True
HIGH_VIBRATION,1.0,185,S053,98.93,1.07,CRITICAL,vibration,True,True
OVERHEATING,0.15,185,S053,33.82,66.18,NORMAL,vibration,False,False
OVERHEATING,0.15,185,S053,33.82,66.18,NORMAL,vibration,False,False
OVERHEATING,0.3,185,S053,33.82,66.18,NORMAL,vibration,False,False
OVERHEATING,0.3,185,S053,33.82,66.18,NORMAL,vibration,False,False
OVERHEATING,0.5,185,S053,35.11,64.89,WATCH,joint,True,False
OVERHEATING,0.5,185,S053,34.93,65.07,WATCH,joint,True,False
OVERHEATING,0.75,185,S053,52.49,47.51,WATCH,temperature,True,False
OVERHEATING,0.75,185,S053,52.6,47.4,WATCH,temperature,True,False
OVERHEATING,1.0,185,S053,58.62,41.38,WATCH,temperature,True,False
OVERHEATING,1.0,185,S053,58.96,41.04,WATCH,temperature,True,False
RPM_INSTABILITY,0.15,185,S053,65.16,34.84,WARNING,rpm,True,True
RPM_INSTABILITY,0.15,185,S053,59.41,40.59,WATCH,rpm,True,False
RPM_INSTABILITY,0.3,185,S053,81.46,18.54,WARNING,rpm,True,True
RPM_INSTABILITY,0.3,185,S053,73.02,26.98,WARNING,rpm,True,True
RPM_INSTABILITY,0.5,185,S053,79.05,20.95,WARNING,joint,True,True
RPM_INSTABILITY,0.5,185,S053,82.12,17.88,WARNING,joint,True,True
RPM_INSTABILITY,0.75,185,S053,87.22,12.78,WARNING,joint,True,True
RPM_INSTABILITY,0.75,185,S053,87.13,12.87,WARNING,joint,True,True
RPM_INSTABILITY,1.0,185,S053,93.02,6.98,CRITICAL,joint,True,True
RPM_INSTABILITY,1.0,185,S053,92.51,7.49,CRITICAL,joint,True,True
COMBINED_FAULT,0.15,185,S053,84.91,15.09,WARNING,vibration,True,True
COMBINED_FAULT,0.15,185,S053,70.16,29.84,WARNING,vibration,True,True
COMBINED_FAULT,0.3,185,S053,77.72,22.28,WARNING,rpm,True,True
COMBINED_FAULT,0.3,185,S053,87.07,12.93,WARNING,joint,True,True
COMBINED_FAULT,0.5,185,S053,94.98,5.02,CRITICAL,vibration,True,True
COMBINED_FAULT,0.5,185,S053,94.99,5.01,CRITICAL,vibration,True,True
COMBINED_FAULT,0.75,185,S053,87.4,12.6,WARNING,joint,True,True
COMBINED_FAULT,0.75,185,S053,99.21,0.79,CRITICAL,vibration,True,True
COMBINED_FAULT,1.0,185,S053,97.79,2.21,CRITICAL,joint,True,True
COMBINED_FAULT,1.0,185,S053,98.26,1.74,CRITICAL,vibration,True,True
NORMAL,0.0,186,S054,99.33,0.67,CRITICAL,vibration,True,True
BELT_SLIP,0.15,186,S054,99.53,0.47,CRITICAL,vibration,True,True
BELT_SLIP,0.15,186,S054,99.54,0.46,CRITICAL,vibration,True,True
BELT_SLIP,0.3,186,S054,99.69,0.31,CRITICAL,vibration,True,True
BELT_SLIP,0.3,186,S054,99.67,0.33,CRITICAL,vibration,True,True
BELT_SLIP,0.5,186,S054,99.74,0.26,CRITICAL,vibration,True,True
BELT_SLIP,0.5,186,S054,99.73,0.27,CRITICAL,vibration,True,True
BELT_SLIP,0.75,186,S054,99.76,0.24,CRITICAL,vibration,True,True
BELT_SLIP,0.75,186,S054,99.77,0.23,CRITICAL,vibration,True,True
BELT_SLIP,1.0,186,S054,99.79,0.21,CRITICAL,vibration,True,True
BELT_SLIP,1.0,186,S054,99.8,0.2,CRITICAL,vibration,True,True
HIGH_VIBRATION,0.15,186,S054,99.7,0.3,CRITICAL,vibration,True,True
HIGH_VIBRATION,0.15,186,S054,99.7,0.3,CRITICAL,vibration,True,True
HIGH_VIBRATION,0.3,186,S054,99.79,0.21,CRITICAL,vibration,True,True
HIGH_VIBRATION,0.3,186,S054,99.79,0.21,CRITICAL,vibration,True,True
HIGH_VIBRATION,0.5,186,S054,99.82,0.18,CRITICAL,vibration,True,True
HIGH_VIBRATION,0.5,186,S054,99.81,0.19,CRITICAL,vibration,True,True
HIGH_VIBRATION,0.75,186,S054,99.82,0.18,CRITICAL,vibration,True,True
HIGH_VIBRATION,0.75,186,S054,99.81,0.19,CRITICAL,vibration,True,True
HIGH_VIBRATION,1.0,186,S054,99.85,0.15,CRITICAL,vibration,True,True
HIGH_VIBRATION,1.0,186,S054,99.84,0.16,CRITICAL,vibration,True,True
OVERHEATING,0.15,186,S054,99.33,0.67,CRITICAL,vibration,True,True
OVERHEATING,0.15,186,S054,99.33,0.67,CRITICAL,vibration,True,True
OVERHEATING,0.3,186,S054,99.33,0.67,CRITICAL,vibration,True,True
OVERHEATING,0.3,186,S054,99.33,0.67,CRITICAL,vibration,True,True
OVERHEATING,0.5,186,S054,99.33,0.67,CRITICAL,vibration,True,True
OVERHEATING,0.5,186,S054,99.33,0.67,CRITICAL,vibration,True,True
OVERHEATING,0.75,186,S054,99.33,0.67,CRITICAL,vibration,True,True
OVERHEATING,0.75,186,S054,99.33,0.67,CRITICAL,vibration,True,True
OVERHEATING,1.0,186,S054,99.33,0.67,CRITICAL,vibration,True,True
OVERHEATING,1.0,186,S054,99.33,0.67,CRITICAL,vibration,True,True
RPM_INSTABILITY,0.15,186,S054,99.42,0.58,CRITICAL,vibration,True,True
RPM_INSTABILITY,0.15,186,S054,99.42,0.58,CRITICAL,vibration,True,True
RPM_INSTABILITY,0.3,186,S054,99.53,0.47,CRITICAL,vibration,True,True
RPM_INSTABILITY,0.3,186,S054,99.51,0.49,CRITICAL,vibration,True,True
RPM_INSTABILITY,0.5,186,S054,99.63,0.37,CRITICAL,vibration,True,True
RPM_INSTABILITY,0.5,186,S054,99.63,0.37,CRITICAL,vibration,True,True
RPM_INSTABILITY,0.75,186,S054,99.68,0.32,CRITICAL,vibration,True,True
RPM_INSTABILITY,0.75,186,S054,99.69,0.31,CRITICAL,vibration,True,True
RPM_INSTABILITY,1.0,186,S054,99.7,0.3,CRITICAL,vibration,True,True
RPM_INSTABILITY,1.0,186,S054,99.74,0.26,CRITICAL,vibration,True,True
COMBINED_FAULT,0.15,186,S054,99.54,0.46,CRITICAL,vibration,True,True
COMBINED_FAULT,0.15,186,S054,99.69,0.31,CRITICAL,vibration,True,True
COMBINED_FAULT,0.3,186,S054,99.81,0.19,CRITICAL,vibration,True,True
COMBINED_FAULT,0.3,186,S054,99.62,0.38,CRITICAL,vibration,True,True
COMBINED_FAULT,0.5,186,S054,99.84,0.16,CRITICAL,vibration,True,True
COMBINED_FAULT,0.5,186,S054,99.71,0.29,CRITICAL,vibration,True,True
COMBINED_FAULT,0.75,186,S054,99.64,0.36,CRITICAL,vibration,True,True
COMBINED_FAULT,0.75,186,S054,99.83,0.17,CRITICAL,vibration,True,True
COMBINED_FAULT,1.0,186,S054,99.85,0.15,CRITICAL,vibration,True,True
COMBINED_FAULT,1.0,186,S054,99.85,0.15,CRITICAL,vibration,True,True
NORMAL,0.0,187,S057,8.12,91.88,NORMAL,rpm,False,False
BELT_SLIP,0.15,187,S057,65.9,34.1,WARNING,joint,True,True
BELT_SLIP,0.15,187,S057,58.67,41.33,WATCH,vibration,True,False
BELT_SLIP,0.3,187,S057,88.3,11.7,WARNING,joint,True,True
BELT_SLIP,0.3,187,S057,87.13,12.87,WARNING,joint,True,True
BELT_SLIP,0.5,187,S057,93.26,6.74,CRITICAL,joint,True,True
BELT_SLIP,0.5,187,S057,93.75,6.25,CRITICAL,joint,True,True
BELT_SLIP,0.75,187,S057,96.38,3.62,CRITICAL,joint,True,True
BELT_SLIP,0.75,187,S057,96.37,3.63,CRITICAL,joint,True,True
BELT_SLIP,1.0,187,S057,97.92,2.08,CRITICAL,joint,True,True
BELT_SLIP,1.0,187,S057,98.02,1.98,CRITICAL,joint,True,True
HIGH_VIBRATION,0.15,187,S057,65.07,34.93,WARNING,vibration,True,True
HIGH_VIBRATION,0.15,187,S057,65.01,34.99,WARNING,vibration,True,True
HIGH_VIBRATION,0.3,187,S057,92.48,7.52,CRITICAL,vibration,True,True
HIGH_VIBRATION,0.3,187,S057,92.86,7.14,CRITICAL,vibration,True,True
HIGH_VIBRATION,0.5,187,S057,97.19,2.81,CRITICAL,vibration,True,True
HIGH_VIBRATION,0.5,187,S057,97.06,2.94,CRITICAL,vibration,True,True
HIGH_VIBRATION,0.75,187,S057,98.08,1.92,CRITICAL,vibration,True,True
HIGH_VIBRATION,0.75,187,S057,97.92,2.08,CRITICAL,vibration,True,True
HIGH_VIBRATION,1.0,187,S057,98.52,1.48,CRITICAL,vibration,True,True
HIGH_VIBRATION,1.0,187,S057,98.48,1.52,CRITICAL,vibration,True,True
OVERHEATING,0.15,187,S057,36.32,63.68,WATCH,temperature,True,False
OVERHEATING,0.15,187,S057,36.29,63.71,WATCH,temperature,True,False
OVERHEATING,0.3,187,S057,51.04,48.96,WATCH,temperature,True,False
OVERHEATING,0.3,187,S057,51.55,48.45,WATCH,temperature,True,False
OVERHEATING,0.5,187,S057,64.82,35.18,WARNING,temperature,True,True
OVERHEATING,0.5,187,S057,65.11,34.89,WARNING,temperature,True,True
OVERHEATING,0.75,187,S057,69.21,30.79,WARNING,temperature,True,True
OVERHEATING,0.75,187,S057,69.21,30.79,WARNING,temperature,True,True
OVERHEATING,1.0,187,S057,69.21,30.79,WARNING,temperature,True,True
OVERHEATING,1.0,187,S057,69.21,30.79,WARNING,temperature,True,True
RPM_INSTABILITY,0.15,187,S057,70.89,29.11,WARNING,rpm,True,True
RPM_INSTABILITY,0.15,187,S057,55.88,44.12,WATCH,rpm,True,False
RPM_INSTABILITY,0.3,187,S057,80.17,19.83,WARNING,rpm,True,True
RPM_INSTABILITY,0.3,187,S057,72.49,27.51,WARNING,rpm,True,True
RPM_INSTABILITY,0.5,187,S057,72.08,27.92,WARNING,joint,True,True
RPM_INSTABILITY,0.5,187,S057,79.21,20.79,WARNING,rpm,True,True
RPM_INSTABILITY,0.75,187,S057,78.55,21.45,WARNING,joint,True,True
RPM_INSTABILITY,0.75,187,S057,80.44,19.56,WARNING,joint,True,True
RPM_INSTABILITY,1.0,187,S057,89.34,10.66,WARNING,vibration,True,True
RPM_INSTABILITY,1.0,187,S057,85.27,14.73,WARNING,joint,True,True
COMBINED_FAULT,0.15,187,S057,53.14,46.86,WATCH,rpm,True,False
COMBINED_FAULT,0.15,187,S057,59.23,40.77,WATCH,rpm,True,False
COMBINED_FAULT,0.3,187,S057,88.02,11.98,WARNING,joint,True,True
COMBINED_FAULT,0.3,187,S057,64.93,35.07,WARNING,rpm,True,True
COMBINED_FAULT,0.5,187,S057,91.57,8.43,WARNING,joint,True,True
COMBINED_FAULT,0.5,187,S057,94.58,5.42,CRITICAL,vibration,True,True
COMBINED_FAULT,0.75,187,S057,85.39,14.61,WARNING,joint,True,True
COMBINED_FAULT,0.75,187,S057,97.2,2.8,CRITICAL,vibration,True,True
COMBINED_FAULT,1.0,187,S057,98.59,1.41,CRITICAL,joint,True,True
COMBINED_FAULT,1.0,187,S057,92.67,7.33,CRITICAL,joint,True,True
NORMAL,0.0,188,S058,5.56,94.44,NORMAL,temperature,False,False
BELT_SLIP,0.15,188,S058,53.54,46.46,WATCH,rpm,True,False
BELT_SLIP,0.15,188,S058,72.37,27.63,WARNING,rpm,True,True
BELT_SLIP,0.3,188,S058,85.91,14.09,WARNING,joint,True,True
BELT_SLIP,0.3,188,S058,81.71,18.29,WARNING,joint,True,True
BELT_SLIP,0.5,188,S058,92.38,7.62,CRITICAL,joint,True,True
BELT_SLIP,0.5,188,S058,92.18,7.82,CRITICAL,joint,True,True
BELT_SLIP,0.75,188,S058,97.1,2.9,CRITICAL,joint,True,True
BELT_SLIP,0.75,188,S058,95.94,4.06,CRITICAL,joint,True,True
BELT_SLIP,1.0,188,S058,97.85,2.15,CRITICAL,vibration,True,True
BELT_SLIP,1.0,188,S058,98.3,1.7,CRITICAL,joint,True,True
HIGH_VIBRATION,0.15,188,S058,75.6,24.4,WARNING,vibration,True,True
HIGH_VIBRATION,0.15,188,S058,75.07,24.93,WARNING,vibration,True,True
HIGH_VIBRATION,0.3,188,S058,94.01,5.99,CRITICAL,vibration,True,True
HIGH_VIBRATION,0.3,188,S058,94.08,5.92,CRITICAL,vibration,True,True
HIGH_VIBRATION,0.5,188,S058,96.51,3.49,CRITICAL,vibration,True,True
HIGH_VIBRATION,0.5,188,S058,96.65,3.35,CRITICAL,vibration,True,True
HIGH_VIBRATION,0.75,188,S058,97.52,2.48,CRITICAL,vibration,True,True
HIGH_VIBRATION,0.75,188,S058,97.99,2.01,CRITICAL,vibration,True,True
HIGH_VIBRATION,1.0,188,S058,97.96,2.04,CRITICAL,vibration,True,True
HIGH_VIBRATION,1.0,188,S058,98.21,1.79,CRITICAL,vibration,True,True
OVERHEATING,0.15,188,S058,21.58,78.42,NORMAL,temperature,False,False
OVERHEATING,0.15,188,S058,21.54,78.46,NORMAL,temperature,False,False
OVERHEATING,0.3,188,S058,30.33,69.67,NORMAL,temperature,False,False
OVERHEATING,0.3,188,S058,28.85,71.15,NORMAL,temperature,False,False
OVERHEATING,0.5,188,S058,50.14,49.86,WATCH,temperature,True,False
OVERHEATING,0.5,188,S058,48.99,51.01,WATCH,temperature,True,False
OVERHEATING,0.75,188,S058,59.55,40.45,WATCH,temperature,True,False
OVERHEATING,0.75,188,S058,59.51,40.49,WATCH,temperature,True,False
OVERHEATING,1.0,188,S058,63.44,36.56,WARNING,temperature,True,True
OVERHEATING,1.0,188,S058,63.44,36.56,WARNING,temperature,True,True
RPM_INSTABILITY,0.15,188,S058,63.02,36.98,WARNING,rpm,True,True
RPM_INSTABILITY,0.15,188,S058,69.88,30.12,WARNING,rpm,True,True
RPM_INSTABILITY,0.3,188,S058,74.12,25.88,WARNING,rpm,True,True
RPM_INSTABILITY,0.3,188,S058,79.91,20.09,WARNING,rpm,True,True
RPM_INSTABILITY,0.5,188,S058,75.51,24.49,WARNING,rpm,True,True
RPM_INSTABILITY,0.5,188,S058,80.03,19.97,WARNING,rpm,True,True
RPM_INSTABILITY,0.75,188,S058,82.61,17.39,WARNING,joint,True,True
RPM_INSTABILITY,0.75,188,S058,80.79,19.21,WARNING,joint,True,True
RPM_INSTABILITY,1.0,188,S058,82.77,17.23,WARNING,joint,True,True
RPM_INSTABILITY,1.0,188,S058,87.64,12.36,WARNING,vibration,True,True
COMBINED_FAULT,0.15,188,S058,68.86,31.14,WARNING,vibration,True,True
COMBINED_FAULT,0.15,188,S058,41.73,58.27,WATCH,rpm,True,False
COMBINED_FAULT,0.3,188,S058,96.77,3.23,CRITICAL,joint,True,True
COMBINED_FAULT,0.3,188,S058,86.41,13.59,WARNING,vibration,True,True
COMBINED_FAULT,0.5,188,S058,91.24,8.76,WARNING,joint,True,True
COMBINED_FAULT,0.5,188,S058,90.38,9.62,WARNING,joint,True,True
COMBINED_FAULT,0.75,188,S058,95.07,4.93,CRITICAL,joint,True,True
COMBINED_FAULT,0.75,188,S058,94.72,5.28,CRITICAL,joint,True,True
COMBINED_FAULT,1.0,188,S058,99.01,0.99,CRITICAL,joint,True,True
COMBINED_FAULT,1.0,188,S058,98.55,1.45,CRITICAL,vibration,True,True
NORMAL,0.0,189,S058,4.84,95.16,NORMAL,temperature,False,False
BELT_SLIP,0.15,189,S058,56.58,43.42,WATCH,joint,True,False
BELT_SLIP,0.15,189,S058,59.33,40.67,WATCH,joint,True,False
BELT_SLIP,0.3,189,S058,86.37,13.63,WARNING,joint,True,True
BELT_SLIP,0.3,189,S058,84.69,15.31,WARNING,joint,True,True
BELT_SLIP,0.5,189,S058,94.78,5.22,CRITICAL,joint,True,True
BELT_SLIP,0.5,189,S058,94.61,5.39,CRITICAL,joint,True,True
BELT_SLIP,0.75,189,S058,97.81,2.19,CRITICAL,joint,True,True
BELT_SLIP,0.75,189,S058,97.56,2.44,CRITICAL,vibration,True,True
BELT_SLIP,1.0,189,S058,98.82,1.18,CRITICAL,joint,True,True
BELT_SLIP,1.0,189,S058,98.54,1.46,CRITICAL,joint,True,True
HIGH_VIBRATION,0.15,189,S058,87.6,12.4,WARNING,vibration,True,True
HIGH_VIBRATION,0.15,189,S058,87.71,12.29,WARNING,vibration,True,True
HIGH_VIBRATION,0.3,189,S058,95.23,4.77,CRITICAL,vibration,True,True
HIGH_VIBRATION,0.3,189,S058,95.71,4.29,CRITICAL,vibration,True,True
HIGH_VIBRATION,0.5,189,S058,97.47,2.53,CRITICAL,vibration,True,True
HIGH_VIBRATION,0.5,189,S058,97.27,2.73,CRITICAL,vibration,True,True
HIGH_VIBRATION,0.75,189,S058,98.12,1.88,CRITICAL,vibration,True,True
HIGH_VIBRATION,0.75,189,S058,98.19,1.81,CRITICAL,vibration,True,True
HIGH_VIBRATION,1.0,189,S058,98.49,1.51,CRITICAL,vibration,True,True
HIGH_VIBRATION,1.0,189,S058,98.63,1.37,CRITICAL,vibration,True,True
OVERHEATING,0.15,189,S058,21.09,78.91,NORMAL,temperature,False,False
OVERHEATING,0.15,189,S058,21.35,78.65,NORMAL,temperature,False,False
OVERHEATING,0.3,189,S058,35.13,64.87,WATCH,temperature,True,False
OVERHEATING,0.3,189,S058,33.72,66.28,NORMAL,temperature,False,False
OVERHEATING,0.5,189,S058,58.13,41.87,WATCH,temperature,True,False
OVERHEATING,0.5,189,S058,57.39,42.61,WATCH,temperature,True,False
OVERHEATING,0.75,189,S058,65.36,34.64,WARNING,temperature,True,True
OVERHEATING,0.75,189,S058,65.36,34.64,WARNING,temperature,True,True
OVERHEATING,1.0,189,S058,66.41,33.59,WARNING,temperature,True,True
OVERHEATING,1.0,189,S058,66.41,33.59,WARNING,temperature,True,True
RPM_INSTABILITY,0.15,189,S058,71.92,28.08,WARNING,rpm,True,True
RPM_INSTABILITY,0.15,189,S058,75.71,24.29,WARNING,rpm,True,True
RPM_INSTABILITY,0.3,189,S058,71.61,28.39,WARNING,rpm,True,True
RPM_INSTABILITY,0.3,189,S058,75.71,24.29,WARNING,rpm,True,True
RPM_INSTABILITY,0.5,189,S058,75.74,24.26,WARNING,rpm,True,True
RPM_INSTABILITY,0.5,189,S058,79.54,20.46,WARNING,rpm,True,True
RPM_INSTABILITY,0.75,189,S058,83.5,16.5,WARNING,joint,True,True
RPM_INSTABILITY,0.75,189,S058,83.52,16.48,WARNING,joint,True,True
RPM_INSTABILITY,1.0,189,S058,93.57,6.43,CRITICAL,vibration,True,True
RPM_INSTABILITY,1.0,189,S058,94.27,5.73,CRITICAL,vibration,True,True
COMBINED_FAULT,0.15,189,S058,64.21,35.79,WARNING,rpm,True,True
COMBINED_FAULT,0.15,189,S058,54.94,45.06,WATCH,rpm,True,False
COMBINED_FAULT,0.3,189,S058,70.36,29.64,WARNING,rpm,True,True
COMBINED_FAULT,0.3,189,S058,97.33,2.67,CRITICAL,vibration,True,True
COMBINED_FAULT,0.5,189,S058,98.81,1.19,CRITICAL,vibration,True,True
COMBINED_FAULT,0.5,189,S058,98.74,1.26,CRITICAL,vibration,True,True
COMBINED_FAULT,0.75,189,S058,97.55,2.45,CRITICAL,vibration,True,True
COMBINED_FAULT,0.75,189,S058,98.49,1.51,CRITICAL,vibration,True,True
COMBINED_FAULT,1.0,189,S058,97.98,2.02,CRITICAL,joint,True,True
COMBINED_FAULT,1.0,189,S058,98.87,1.13,CRITICAL,vibration,True,True
NORMAL,0.0,190,S058,6.78,93.22,NORMAL,temperature,False,False
BELT_SLIP,0.15,190,S058,53.06,46.94,WATCH,rpm,True,False
BELT_SLIP,0.15,190,S058,64.23,35.77,WARNING,rpm,True,True
BELT_SLIP,0.3,190,S058,85.5,14.5,WARNING,joint,True,True
BELT_SLIP,0.3,190,S058,84.14,15.86,WARNING,joint,True,True
BELT_SLIP,0.5,190,S058,93.33,6.67,CRITICAL,vibration,True,True
BELT_SLIP,0.5,190,S058,93.26,6.74,CRITICAL,vibration,True,True
BELT_SLIP,0.75,190,S058,97.3,2.7,CRITICAL,vibration,True,True
BELT_SLIP,0.75,190,S058,97.27,2.73,CRITICAL,vibration,True,True
BELT_SLIP,1.0,190,S058,98.35,1.65,CRITICAL,vibration,True,True
BELT_SLIP,1.0,190,S058,98.07,1.93,CRITICAL,vibration,True,True
HIGH_VIBRATION,0.15,190,S058,83.53,16.47,WARNING,vibration,True,True
HIGH_VIBRATION,0.15,190,S058,83.96,16.04,WARNING,vibration,True,True
HIGH_VIBRATION,0.3,190,S058,93.37,6.63,CRITICAL,vibration,True,True
HIGH_VIBRATION,0.3,190,S058,93.46,6.54,CRITICAL,vibration,True,True
HIGH_VIBRATION,0.5,190,S058,95.69,4.31,CRITICAL,vibration,True,True
HIGH_VIBRATION,0.5,190,S058,95.81,4.19,CRITICAL,vibration,True,True
HIGH_VIBRATION,0.75,190,S058,97.07,2.93,CRITICAL,vibration,True,True
HIGH_VIBRATION,0.75,190,S058,97.2,2.8,CRITICAL,vibration,True,True
HIGH_VIBRATION,1.0,190,S058,97.84,2.16,CRITICAL,vibration,True,True
HIGH_VIBRATION,1.0,190,S058,98.17,1.83,CRITICAL,vibration,True,True
OVERHEATING,0.15,190,S058,16.36,83.64,NORMAL,temperature,False,False
OVERHEATING,0.15,190,S058,16.51,83.49,NORMAL,temperature,False,False
OVERHEATING,0.3,190,S058,14.37,85.63,NORMAL,temperature,False,False
OVERHEATING,0.3,190,S058,14.35,85.65,NORMAL,temperature,False,False
OVERHEATING,0.5,190,S058,13.98,86.02,NORMAL,temperature,False,False
OVERHEATING,0.5,190,S058,13.83,86.17,NORMAL,temperature,False,False
OVERHEATING,0.75,190,S058,27.57,72.43,NORMAL,temperature,False,False
OVERHEATING,0.75,190,S058,26.66,73.34,NORMAL,temperature,False,False
OVERHEATING,1.0,190,S058,51.01,48.99,WATCH,temperature,True,False
OVERHEATING,1.0,190,S058,51.46,48.54,WATCH,temperature,True,False
RPM_INSTABILITY,0.15,190,S058,59.66,40.34,WATCH,rpm,True,False
RPM_INSTABILITY,0.15,190,S058,70.73,29.27,WARNING,rpm,True,True
RPM_INSTABILITY,0.3,190,S058,75.47,24.53,WARNING,rpm,True,True
RPM_INSTABILITY,0.3,190,S058,75.47,24.53,WARNING,rpm,True,True
RPM_INSTABILITY,0.5,190,S058,69.55,30.45,WARNING,rpm,True,True
RPM_INSTABILITY,0.5,190,S058,75.47,24.53,WARNING,rpm,True,True
RPM_INSTABILITY,0.75,190,S058,82.82,17.18,WARNING,joint,True,True
RPM_INSTABILITY,0.75,190,S058,84.62,15.38,WARNING,joint,True,True
RPM_INSTABILITY,1.0,190,S058,89.89,10.11,WARNING,vibration,True,True
RPM_INSTABILITY,1.0,190,S058,89.61,10.39,WARNING,joint,True,True
COMBINED_FAULT,0.15,190,S058,76.96,23.04,WARNING,rpm,True,True
COMBINED_FAULT,0.15,190,S058,79.88,20.12,WARNING,joint,True,True
COMBINED_FAULT,0.3,190,S058,64.02,35.98,WARNING,rpm,True,True
COMBINED_FAULT,0.3,190,S058,96.85,3.15,CRITICAL,vibration,True,True
COMBINED_FAULT,0.5,190,S058,94.59,5.41,CRITICAL,vibration,True,True
COMBINED_FAULT,0.5,190,S058,98.34,1.66,CRITICAL,vibration,True,True
COMBINED_FAULT,0.75,190,S058,94.29,5.71,CRITICAL,joint,True,True
COMBINED_FAULT,0.75,190,S058,79.97,20.03,WARNING,rpm,True,True
COMBINED_FAULT,1.0,190,S058,97.17,2.83,CRITICAL,vibration,True,True
COMBINED_FAULT,1.0,190,S058,97.12,2.88,CRITICAL,vibration,True,True
NORMAL,0.0,191,S058,4.38,95.62,NORMAL,rpm,False,False
BELT_SLIP,0.15,191,S058,43.87,56.13,WATCH,rpm,True,False
BELT_SLIP,0.15,191,S058,52.86,47.14,WATCH,rpm,True,False
BELT_SLIP,0.3,191,S058,77.66,22.34,WARNING,rpm,True,True
BELT_SLIP,0.3,191,S058,81.81,18.19,WARNING,rpm,True,True
BELT_SLIP,0.5,191,S058,91.5,8.5,WARNING,joint,True,True
BELT_SLIP,0.5,191,S058,93.21,6.79,CRITICAL,joint,True,True
BELT_SLIP,0.75,191,S058,95.6,4.4,CRITICAL,joint,True,True
BELT_SLIP,0.75,191,S058,94.94,5.06,CRITICAL,joint,True,True
BELT_SLIP,1.0,191,S058,97.11,2.89,CRITICAL,joint,True,True
BELT_SLIP,1.0,191,S058,97.57,2.43,CRITICAL,joint,True,True
HIGH_VIBRATION,0.15,191,S058,77.39,22.61,WARNING,vibration,True,True
HIGH_VIBRATION,0.15,191,S058,76.82,23.18,WARNING,vibration,True,True
HIGH_VIBRATION,0.3,191,S058,89.47,10.53,WARNING,vibration,True,True
HIGH_VIBRATION,0.3,191,S058,89.59,10.41,WARNING,vibration,True,True
HIGH_VIBRATION,0.5,191,S058,93.51,6.49,CRITICAL,vibration,True,True
HIGH_VIBRATION,0.5,191,S058,93.53,6.47,CRITICAL,vibration,True,True
HIGH_VIBRATION,0.75,191,S058,95.66,4.34,CRITICAL,vibration,True,True
HIGH_VIBRATION,0.75,191,S058,96.19,3.81,CRITICAL,vibration,True,True
HIGH_VIBRATION,1.0,191,S058,97.46,2.54,CRITICAL,vibration,True,True
HIGH_VIBRATION,1.0,191,S058,98.09,1.91,CRITICAL,vibration,True,True
OVERHEATING,0.15,191,S058,13.77,86.23,NORMAL,temperature,False,False
OVERHEATING,0.15,191,S058,13.76,86.24,NORMAL,temperature,False,False
OVERHEATING,0.3,191,S058,18.74,81.26,NORMAL,temperature,False,False
OVERHEATING,0.3,191,S058,19.49,80.51,NORMAL,temperature,False,False
OVERHEATING,0.5,191,S058,31.75,68.25,NORMAL,temperature,False,False
OVERHEATING,0.5,191,S058,31.71,68.29,NORMAL,temperature,False,False
OVERHEATING,0.75,191,S058,48.8,51.2,WATCH,temperature,True,False
OVERHEATING,0.75,191,S058,48.64,51.36,WATCH,temperature,True,False
OVERHEATING,1.0,191,S058,65.12,34.88,WARNING,temperature,True,True
OVERHEATING,1.0,191,S058,65.3,34.7,WARNING,temperature,True,True
RPM_INSTABILITY,0.15,191,S058,78.22,21.78,WARNING,rpm,True,True
RPM_INSTABILITY,0.15,191,S058,73.4,26.6,WARNING,rpm,True,True
RPM_INSTABILITY,0.3,191,S058,79.09,20.91,WARNING,rpm,True,True
RPM_INSTABILITY,0.3,191,S058,72.94,27.06,WARNING,rpm,True,True
RPM_INSTABILITY,0.5,191,S058,75.78,24.22,WARNING,rpm,True,True
RPM_INSTABILITY,0.5,191,S058,74.95,25.05,WARNING,rpm,True,True
RPM_INSTABILITY,0.75,191,S058,72.33,27.67,WARNING,joint,True,True
RPM_INSTABILITY,0.75,191,S058,72.21,27.79,WARNING,rpm,True,True
RPM_INSTABILITY,1.0,191,S058,84.72,15.28,WARNING,joint,True,True
RPM_INSTABILITY,1.0,191,S058,90.08,9.92,WARNING,vibration,True,True
COMBINED_FAULT,0.15,191,S058,71.3,28.7,WARNING,vibration,True,True
COMBINED_FAULT,0.15,191,S058,73.94,26.06,WARNING,joint,True,True
COMBINED_FAULT,0.3,191,S058,88.26,11.74,WARNING,joint,True,True
COMBINED_FAULT,0.3,191,S058,70.47,29.53,WARNING,rpm,True,True
COMBINED_FAULT,0.5,191,S058,86.68,13.32,WARNING,joint,True,True
COMBINED_FAULT,0.5,191,S058,94.13,5.87,CRITICAL,vibration,True,True
COMBINED_FAULT,0.75,191,S058,93.43,6.57,CRITICAL,vibration,True,True
COMBINED_FAULT,0.75,191,S058,96.91,3.09,CRITICAL,vibration,True,True
COMBINED_FAULT,1.0,191,S058,82.75,17.25,WARNING,joint,True,True
COMBINED_FAULT,1.0,191,S058,84.84,15.16,WARNING,joint,True,True
NORMAL,0.0,192,S058,3.43,96.57,NORMAL,joint,False,False
BELT_SLIP,0.15,192,S058,58.8,41.2,WATCH,rpm,True,False
BELT_SLIP,0.15,192,S058,65.2,34.8,WARNING,rpm,True,True
BELT_SLIP,0.3,192,S058,81.67,18.33,WARNING,joint,True,True
BELT_SLIP,0.3,192,S058,80.98,19.02,WARNING,joint,True,True
BELT_SLIP,0.5,192,S058,91.81,8.19,CRITICAL,joint,True,True
BELT_SLIP,0.5,192,S058,91.27,8.73,WARNING,vibration,True,True
BELT_SLIP,0.75,192,S058,94.93,5.07,CRITICAL,vibration,True,True
BELT_SLIP,0.75,192,S058,95.21,4.79,CRITICAL,joint,True,True
BELT_SLIP,1.0,192,S058,98.02,1.98,CRITICAL,vibration,True,True
BELT_SLIP,1.0,192,S058,97.34,2.66,CRITICAL,vibration,True,True
HIGH_VIBRATION,0.15,192,S058,75.12,24.88,WARNING,vibration,True,True
HIGH_VIBRATION,0.15,192,S058,75.23,24.77,WARNING,vibration,True,True
HIGH_VIBRATION,0.3,192,S058,90.95,9.05,WARNING,vibration,True,True
HIGH_VIBRATION,0.3,192,S058,90.54,9.46,WARNING,vibration,True,True
HIGH_VIBRATION,0.5,192,S058,95.99,4.01,CRITICAL,vibration,True,True
HIGH_VIBRATION,0.5,192,S058,95.58,4.42,CRITICAL,vibration,True,True
HIGH_VIBRATION,0.75,192,S058,97.22,2.78,CRITICAL,vibration,True,True
HIGH_VIBRATION,0.75,192,S058,97.15,2.85,CRITICAL,vibration,True,True
HIGH_VIBRATION,1.0,192,S058,98.01,1.99,CRITICAL,vibration,True,True
HIGH_VIBRATION,1.0,192,S058,98.13,1.87,CRITICAL,vibration,True,True
OVERHEATING,0.15,192,S058,12.39,87.61,NORMAL,temperature,False,False
OVERHEATING,0.15,192,S058,12.43,87.57,NORMAL,temperature,False,False
OVERHEATING,0.3,192,S058,13.52,86.48,NORMAL,temperature,False,False
OVERHEATING,0.3,192,S058,13.74,86.26,NORMAL,temperature,False,False
OVERHEATING,0.5,192,S058,19.81,80.19,NORMAL,temperature,False,False
OVERHEATING,0.5,192,S058,21.31,78.69,NORMAL,temperature,False,False
OVERHEATING,0.75,192,S058,39.53,60.47,WATCH,temperature,True,False
OVERHEATING,0.75,192,S058,40.93,59.07,WATCH,temperature,True,False
OVERHEATING,1.0,192,S058,60.13,39.87,WATCH,temperature,True,False
OVERHEATING,1.0,192,S058,58.92,41.08,WATCH,temperature,True,False
RPM_INSTABILITY,0.15,192,S058,65.81,34.19,WARNING,rpm,True,True
RPM_INSTABILITY,0.15,192,S058,72.25,27.75,WARNING,rpm,True,True
RPM_INSTABILITY,0.3,192,S058,69.27,30.73,WARNING,rpm,True,True
RPM_INSTABILITY,0.3,192,S058,70.39,29.61,WARNING,rpm,True,True
RPM_INSTABILITY,0.5,192,S058,75.94,24.06,WARNING,rpm,True,True
RPM_INSTABILITY,0.5,192,S058,75.79,24.21,WARNING,rpm,True,True
RPM_INSTABILITY,0.75,192,S058,79.82,20.18,WARNING,rpm,True,True
RPM_INSTABILITY,0.75,192,S058,75.79,24.21,WARNING,rpm,True,True
RPM_INSTABILITY,1.0,192,S058,93.73,6.27,CRITICAL,vibration,True,True
RPM_INSTABILITY,1.0,192,S058,88.36,11.64,WARNING,vibration,True,True
COMBINED_FAULT,0.15,192,S058,44.19,55.81,WATCH,rpm,True,False
COMBINED_FAULT,0.15,192,S058,57.47,42.53,WATCH,vibration,True,False
COMBINED_FAULT,0.3,192,S058,96.35,3.65,CRITICAL,vibration,True,True
COMBINED_FAULT,0.3,192,S058,63.91,36.09,WARNING,rpm,True,True
COMBINED_FAULT,0.5,192,S058,88.32,11.68,WARNING,joint,True,True
COMBINED_FAULT,0.5,192,S058,87.06,12.94,WARNING,joint,True,True
COMBINED_FAULT,0.75,192,S058,75.6,24.4,WARNING,rpm,True,True
COMBINED_FAULT,0.75,192,S058,93.81,6.19,CRITICAL,joint,True,True
COMBINED_FAULT,1.0,192,S058,98.07,1.93,CRITICAL,vibration,True,True
COMBINED_FAULT,1.0,192,S058,96.98,3.02,CRITICAL,joint,True,True
NORMAL,0.0,193,S058,3.67,96.33,NORMAL,temperature,False,False
BELT_SLIP,0.15,193,S058,60.27,39.73,WATCH,rpm,True,False
BELT_SLIP,0.15,193,S058,65.54,34.46,WARNING,rpm,True,True
BELT_SLIP,0.3,193,S058,74.24,25.76,WARNING,rpm,True,True
BELT_SLIP,0.3,193,S058,78.94,21.06,WARNING,rpm,True,True
BELT_SLIP,0.5,193,S058,78.94,21.06,WARNING,rpm,True,True
BELT_SLIP,0.5,193,S058,81.81,18.19,WARNING,rpm,True,True
BELT_SLIP,0.75,193,S058,93.16,6.84,CRITICAL,joint,True,True
BELT_SLIP,0.75,193,S058,92.29,7.71,CRITICAL,joint,True,True
BELT_SLIP,1.0,193,S058,95.7,4.3,CRITICAL,joint,True,True
BELT_SLIP,1.0,193,S058,96.24,3.76,CRITICAL,joint,True,True
HIGH_VIBRATION,0.15,193,S058,35.37,64.63,WATCH,vibration,True,False
HIGH_VIBRATION,0.15,193,S058,36.83,63.17,WATCH,vibration,True,False
HIGH_VIBRATION,0.3,193,S058,85.78,14.22,WARNING,vibration,True,True
HIGH_VIBRATION,0.3,193,S058,87.05,12.95,WARNING,vibration,True,True
HIGH_VIBRATION,0.5,193,S058,93.72,6.28,CRITICAL,vibration,True,True
HIGH_VIBRATION,0.5,193,S058,93.63,6.37,CRITICAL,vibration,True,True
HIGH_VIBRATION,0.75,193,S058,97.04,2.96,CRITICAL,vibration,True,True
HIGH_VIBRATION,0.75,193,S058,96.37,3.63,CRITICAL,vibration,True,True
HIGH_VIBRATION,1.0,193,S058,97.65,2.35,CRITICAL,vibration,True,True
HIGH_VIBRATION,1.0,193,S058,97.85,2.15,CRITICAL,vibration,True,True
OVERHEATING,0.15,193,S058,15.38,84.62,NORMAL,temperature,False,False
OVERHEATING,0.15,193,S058,15.87,84.13,NORMAL,temperature,False,False
OVERHEATING,0.3,193,S058,20.77,79.23,NORMAL,temperature,False,False
OVERHEATING,0.3,193,S058,21.73,78.27,NORMAL,temperature,False,False
OVERHEATING,0.5,193,S058,36.86,63.14,WATCH,temperature,True,False
OVERHEATING,0.5,193,S058,35.16,64.84,WATCH,temperature,True,False
OVERHEATING,0.75,193,S058,55.39,44.61,WATCH,temperature,True,False
OVERHEATING,0.75,193,S058,57.51,42.49,WATCH,temperature,True,False
OVERHEATING,1.0,193,S058,63.24,36.76,WARNING,temperature,True,True
OVERHEATING,1.0,193,S058,63.47,36.53,WARNING,temperature,True,True
RPM_INSTABILITY,0.15,193,S058,64.82,35.18,WARNING,rpm,True,True
RPM_INSTABILITY,0.15,193,S058,79.83,20.17,WARNING,rpm,True,True
RPM_INSTABILITY,0.3,193,S058,79.89,20.11,WARNING,rpm,True,True
RPM_INSTABILITY,0.3,193,S058,72.77,27.23,WARNING,rpm,True,True
RPM_INSTABILITY,0.5,193,S058,75.72,24.28,WARNING,rpm,True,True
RPM_INSTABILITY,0.5,193,S058,75.69,24.31,WARNING,rpm,True,True
RPM_INSTABILITY,0.75,193,S058,74.89,25.11,WARNING,rpm,True,True
RPM_INSTABILITY,0.75,193,S058,79.93,20.07,WARNING,rpm,True,True
RPM_INSTABILITY,1.0,193,S058,79.88,20.12,WARNING,rpm,True,True
RPM_INSTABILITY,1.0,193,S058,75.69,24.31,WARNING,rpm,True,True
COMBINED_FAULT,0.15,193,S058,65.91,34.09,WARNING,rpm,True,True
COMBINED_FAULT,0.15,193,S058,38.01,61.99,WATCH,rpm,True,False
COMBINED_FAULT,0.3,193,S058,82.53,17.47,WARNING,vibration,True,True
COMBINED_FAULT,0.3,193,S058,77.44,22.56,WARNING,rpm,True,True
COMBINED_FAULT,0.5,193,S058,82.95,17.05,WARNING,joint,True,True
COMBINED_FAULT,0.5,193,S058,94.31,5.69,CRITICAL,vibration,True,True
COMBINED_FAULT,0.75,193,S058,97.4,2.6,CRITICAL,vibration,True,True
COMBINED_FAULT,0.75,193,S058,93.71,6.29,CRITICAL,vibration,True,True
COMBINED_FAULT,1.0,193,S058,97.25,2.75,CRITICAL,vibration,True,True
COMBINED_FAULT,1.0,193,S058,96.31,3.69,CRITICAL,vibration,True,True
NORMAL,0.0,194,S058,3.7,96.3,NORMAL,temperature,False,False
BELT_SLIP,0.15,194,S058,71.82,28.18,WARNING,rpm,True,True
BELT_SLIP,0.15,194,S058,72.3,27.7,WARNING,rpm,True,True
BELT_SLIP,0.3,194,S058,74.61,25.39,WARNING,rpm,True,True
BELT_SLIP,0.3,194,S058,78.94,21.06,WARNING,rpm,True,True
BELT_SLIP,0.5,194,S058,84.66,15.34,WARNING,joint,True,True
BELT_SLIP,0.5,194,S058,84.84,15.16,WARNING,joint,True,True
BELT_SLIP,0.75,194,S058,94.05,5.95,CRITICAL,joint,True,True
BELT_SLIP,0.75,194,S058,93.29,6.71,CRITICAL,joint,True,True
BELT_SLIP,1.0,194,S058,96.4,3.6,CRITICAL,joint,True,True
BELT_SLIP,1.0,194,S058,96.61,3.39,CRITICAL,joint,True,True
HIGH_VIBRATION,0.15,194,S058,54.11,45.89,WATCH,vibration,True,False
HIGH_VIBRATION,0.15,194,S058,54.86,45.14,WATCH,vibration,True,False
HIGH_VIBRATION,0.3,194,S058,87.15,12.85,WARNING,vibration,True,True
HIGH_VIBRATION,0.3,194,S058,85.16,14.84,WARNING,vibration,True,True
HIGH_VIBRATION,0.5,194,S058,94.02,5.98,CRITICAL,vibration,True,True
HIGH_VIBRATION,0.5,194,S058,94.41,5.59,CRITICAL,vibration,True,True
HIGH_VIBRATION,0.75,194,S058,96.88,3.12,CRITICAL,vibration,True,True
HIGH_VIBRATION,0.75,194,S058,97.04,2.96,CRITICAL,vibration,True,True
HIGH_VIBRATION,1.0,194,S058,98.02,1.98,CRITICAL,vibration,True,True
HIGH_VIBRATION,1.0,194,S058,97.78,2.22,CRITICAL,vibration,True,True
OVERHEATING,0.15,194,S058,18.88,81.12,NORMAL,temperature,False,False
OVERHEATING,0.15,194,S058,19.05,80.95,NORMAL,temperature,False,False
OVERHEATING,0.3,194,S058,25.61,74.39,NORMAL,temperature,False,False
OVERHEATING,0.3,194,S058,26.48,73.52,NORMAL,temperature,False,False
OVERHEATING,0.5,194,S058,42.58,57.42,WATCH,temperature,True,False
OVERHEATING,0.5,194,S058,44.14,55.86,WATCH,temperature,True,False
OVERHEATING,0.75,194,S058,62.38,37.62,WARNING,temperature,True,True
OVERHEATING,0.75,194,S058,61.76,38.24,WARNING,temperature,True,True
OVERHEATING,1.0,194,S058,66.31,33.69,WARNING,temperature,True,True
OVERHEATING,1.0,194,S058,66.31,33.69,WARNING,temperature,True,True
RPM_INSTABILITY,0.15,194,S058,55.28,44.72,WATCH,rpm,True,False
RPM_INSTABILITY,0.15,194,S058,74.05,25.95,WARNING,rpm,True,True
RPM_INSTABILITY,0.3,194,S058,75.96,24.04,WARNING,rpm,True,True
RPM_INSTABILITY,0.3,194,S058,75.47,24.53,WARNING,rpm,True,True
RPM_INSTABILITY,0.5,194,S058,75.47,24.53,WARNING,rpm,True,True
RPM_INSTABILITY,0.5,194,S058,75.55,24.45,WARNING,rpm,True,True
RPM_INSTABILITY,0.75,194,S058,76.63,23.37,WARNING,rpm,True,True
RPM_INSTABILITY,0.75,194,S058,75.55,24.45,WARNING,rpm,True,True
RPM_INSTABILITY,1.0,194,S058,82.58,17.42,WARNING,vibration,True,True
RPM_INSTABILITY,1.0,194,S058,89.55,10.45,WARNING,vibration,True,True
COMBINED_FAULT,0.15,194,S058,76.76,23.24,WARNING,rpm,True,True
COMBINED_FAULT,0.15,194,S058,24.79,75.21,NORMAL,vibration,False,False
COMBINED_FAULT,0.3,194,S058,86.31,13.69,WARNING,vibration,True,True
COMBINED_FAULT,0.3,194,S058,76.36,23.64,WARNING,rpm,True,True
COMBINED_FAULT,0.5,194,S058,78.76,21.24,WARNING,joint,True,True
COMBINED_FAULT,0.5,194,S058,68.62,31.38,WARNING,rpm,True,True
COMBINED_FAULT,0.75,194,S058,96.89,3.11,CRITICAL,vibration,True,True
COMBINED_FAULT,0.75,194,S058,98.17,1.83,CRITICAL,vibration,True,True
COMBINED_FAULT,1.0,194,S058,97.35,2.65,CRITICAL,vibration,True,True
COMBINED_FAULT,1.0,194,S058,98.58,1.42,CRITICAL,vibration,True,True
NORMAL,0.0,195,S058,5.78,94.22,NORMAL,temperature,False,False
BELT_SLIP,0.15,195,S058,74.32,25.68,WARNING,rpm,True,True
BELT_SLIP,0.15,195,S058,68.02,31.98,WARNING,rpm,True,True
BELT_SLIP,0.3,195,S058,83.89,16.11,WARNING,joint,True,True
BELT_SLIP,0.3,195,S058,84.41,15.59,WARNING,joint,True,True
BELT_SLIP,0.5,195,S058,92.49,7.51,CRITICAL,joint,True,True
BELT_SLIP,0.5,195,S058,91.83,8.17,CRITICAL,joint,True,True
BELT_SLIP,0.75,195,S058,96.43,3.57,CRITICAL,vibration,True,True
BELT_SLIP,0.75,195,S058,96.44,3.56,CRITICAL,joint,True,True
BELT_SLIP,1.0,195,S058,97.79,2.21,CRITICAL,joint,True,True
BELT_SLIP,1.0,195,S058,98.06,1.94,CRITICAL,vibration,True,True
HIGH_VIBRATION,0.15,195,S058,76.24,23.76,WARNING,vibration,True,True
HIGH_VIBRATION,0.15,195,S058,78.51,21.49,WARNING,vibration,True,True
HIGH_VIBRATION,0.3,195,S058,92.57,7.43,CRITICAL,vibration,True,True
HIGH_VIBRATION,0.3,195,S058,91.85,8.15,CRITICAL,vibration,True,True
HIGH_VIBRATION,0.5,195,S058,96.6,3.4,CRITICAL,vibration,True,True
HIGH_VIBRATION,0.5,195,S058,96.49,3.51,CRITICAL,vibration,True,True
HIGH_VIBRATION,0.75,195,S058,97.91,2.09,CRITICAL,vibration,True,True
HIGH_VIBRATION,0.75,195,S058,97.93,2.07,CRITICAL,vibration,True,True
HIGH_VIBRATION,1.0,195,S058,98.62,1.38,CRITICAL,vibration,True,True
HIGH_VIBRATION,1.0,195,S058,97.93,2.07,CRITICAL,vibration,True,True
OVERHEATING,0.15,195,S058,27.14,72.86,NORMAL,temperature,False,False
OVERHEATING,0.15,195,S058,27.13,72.87,NORMAL,temperature,False,False
OVERHEATING,0.3,195,S058,37.72,62.28,WATCH,temperature,True,False
OVERHEATING,0.3,195,S058,37.44,62.56,WATCH,temperature,True,False
OVERHEATING,0.5,195,S058,47.52,52.48,WATCH,temperature,True,False
OVERHEATING,0.5,195,S058,48.05,51.95,WATCH,temperature,True,False
OVERHEATING,0.75,195,S058,58.02,41.98,WATCH,temperature,True,False
OVERHEATING,0.75,195,S058,58.03,41.97,WATCH,temperature,True,False
OVERHEATING,1.0,195,S058,62.95,37.05,WARNING,temperature,True,True
OVERHEATING,1.0,195,S058,63.13,36.87,WARNING,temperature,True,True
RPM_INSTABILITY,0.15,195,S058,77.35,22.65,WARNING,rpm,True,True
RPM_INSTABILITY,0.15,195,S058,67.73,32.27,WARNING,rpm,True,True
RPM_INSTABILITY,0.3,195,S058,75.51,24.49,WARNING,rpm,True,True
RPM_INSTABILITY,0.3,195,S058,73.29,26.71,WARNING,rpm,True,True
RPM_INSTABILITY,0.5,195,S058,75.55,24.45,WARNING,rpm,True,True
RPM_INSTABILITY,0.5,195,S058,80.12,19.88,WARNING,rpm,True,True
RPM_INSTABILITY,0.75,195,S058,79.82,20.18,WARNING,rpm,True,True
RPM_INSTABILITY,0.75,195,S058,80.05,19.95,WARNING,joint,True,True
RPM_INSTABILITY,1.0,195,S058,92.61,7.39,CRITICAL,vibration,True,True
RPM_INSTABILITY,1.0,195,S058,92.98,7.02,CRITICAL,vibration,True,True
COMBINED_FAULT,0.15,195,S058,87.5,12.5,WARNING,joint,True,True
COMBINED_FAULT,0.15,195,S058,54.73,45.27,WATCH,vibration,True,False
COMBINED_FAULT,0.3,195,S058,77.13,22.87,WARNING,joint,True,True
COMBINED_FAULT,0.3,195,S058,88.22,11.78,WARNING,vibration,True,True
COMBINED_FAULT,0.5,195,S058,97.93,2.07,CRITICAL,vibration,True,True
COMBINED_FAULT,0.5,195,S058,97.48,2.52,CRITICAL,joint,True,True
COMBINED_FAULT,0.75,195,S058,98.09,1.91,CRITICAL,vibration,True,True
COMBINED_FAULT,0.75,195,S058,98.06,1.94,CRITICAL,vibration,True,True
COMBINED_FAULT,1.0,195,S058,98.85,1.15,CRITICAL,vibration,True,True
COMBINED_FAULT,1.0,195,S058,98.34,1.66,CRITICAL,vibration,True,True
NORMAL,0.0,196,S058,7.81,92.19,NORMAL,temperature,False,False
BELT_SLIP,0.15,196,S058,66.05,33.95,WARNING,rpm,True,True
BELT_SLIP,0.15,196,S058,50.94,49.06,WATCH,rpm,True,False
BELT_SLIP,0.3,196,S058,85.24,14.76,WARNING,joint,True,True
BELT_SLIP,0.3,196,S058,81.19,18.81,WARNING,joint,True,True
BELT_SLIP,0.5,196,S058,92.09,7.91,CRITICAL,joint,True,True
BELT_SLIP,0.5,196,S058,92.5,7.5,CRITICAL,joint,True,True
BELT_SLIP,0.75,196,S058,96.51,3.49,CRITICAL,joint,True,True
BELT_SLIP,0.75,196,S058,96.98,3.02,CRITICAL,joint,True,True
BELT_SLIP,1.0,196,S058,97.51,2.49,CRITICAL,joint,True,True
BELT_SLIP,1.0,196,S058,97.86,2.14,CRITICAL,joint,True,True
HIGH_VIBRATION,0.15,196,S058,73.44,26.56,WARNING,vibration,True,True
HIGH_VIBRATION,0.15,196,S058,74.35,25.65,WARNING,vibration,True,True
HIGH_VIBRATION,0.3,196,S058,91.28,8.72,WARNING,vibration,True,True
HIGH_VIBRATION,0.3,196,S058,90.49,9.51,WARNING,vibration,True,True
HIGH_VIBRATION,0.5,196,S058,95.24,4.76,CRITICAL,vibration,True,True
HIGH_VIBRATION,0.5,196,S058,95.15,4.85,CRITICAL,vibration,True,True
HIGH_VIBRATION,0.75,196,S058,96.93,3.07,CRITICAL,vibration,True,True
HIGH_VIBRATION,0.75,196,S058,96.66,3.34,CRITICAL,vibration,True,True
HIGH_VIBRATION,1.0,196,S058,98.09,1.91,CRITICAL,vibration,True,True
HIGH_VIBRATION,1.0,196,S058,97.55,2.45,CRITICAL,vibration,True,True
OVERHEATING,0.15,196,S058,37.23,62.77,WATCH,temperature,True,False
OVERHEATING,0.15,196,S058,36.24,63.76,WATCH,temperature,True,False
OVERHEATING,0.3,196,S058,50.3,49.7,WATCH,temperature,True,False
OVERHEATING,0.3,196,S058,51.38,48.62,WATCH,temperature,True,False
OVERHEATING,0.5,196,S058,58.71,41.29,WATCH,temperature,True,False
OVERHEATING,0.5,196,S058,59.05,40.95,WATCH,temperature,True,False
OVERHEATING,0.75,196,S058,61.14,38.86,WARNING,temperature,True,True
OVERHEATING,0.75,196,S058,61.34,38.66,WARNING,temperature,True,True
OVERHEATING,1.0,196,S058,62.95,37.05,WARNING,temperature,True,True
OVERHEATING,1.0,196,S058,63.08,36.92,WARNING,temperature,True,True
RPM_INSTABILITY,0.15,196,S058,73.95,26.05,WARNING,rpm,True,True
RPM_INSTABILITY,0.15,196,S058,62.25,37.75,WARNING,rpm,True,True
RPM_INSTABILITY,0.3,196,S058,74.43,25.57,WARNING,rpm,True,True
RPM_INSTABILITY,0.3,196,S058,73.46,26.54,WARNING,rpm,True,True
RPM_INSTABILITY,0.5,196,S058,71.2,28.8,WARNING,rpm,True,True
RPM_INSTABILITY,0.5,196,S058,75.61,24.39,WARNING,rpm,True,True
RPM_INSTABILITY,0.75,196,S058,79.98,20.02,WARNING,rpm,True,True
RPM_INSTABILITY,0.75,196,S058,81.34,18.66,WARNING,joint,True,True
RPM_INSTABILITY,1.0,196,S058,89.33,10.67,WARNING,joint,True,True
RPM_INSTABILITY,1.0,196,S058,85.97,14.03,WARNING,joint,True,True
COMBINED_FAULT,0.15,196,S058,60.25,39.75,WATCH,rpm,True,False
COMBINED_FAULT,0.15,196,S058,84.62,15.38,WARNING,joint,True,True
COMBINED_FAULT,0.3,196,S058,79.91,20.09,WARNING,joint,True,True
COMBINED_FAULT,0.3,196,S058,85.97,14.03,WARNING,joint,True,True
COMBINED_FAULT,0.5,196,S058,89.36,10.64,WARNING,joint,True,True
COMBINED_FAULT,0.5,196,S058,93.99,6.01,CRITICAL,joint,True,True
COMBINED_FAULT,0.75,196,S058,84.8,15.2,WARNING,joint,True,True
COMBINED_FAULT,0.75,196,S058,83.31,16.69,WARNING,joint,True,True
COMBINED_FAULT,1.0,196,S058,96.37,3.63,CRITICAL,vibration,True,True
COMBINED_FAULT,1.0,196,S058,98.57,1.43,CRITICAL,joint,True,True
NORMAL,0.0,197,S058,3.99,96.01,NORMAL,temperature,False,False
BELT_SLIP,0.15,197,S058,65.9,34.1,WARNING,rpm,True,True
BELT_SLIP,0.15,197,S058,46.03,53.97,WATCH,rpm,True,False
BELT_SLIP,0.3,197,S058,77.24,22.76,WARNING,rpm,True,True
BELT_SLIP,0.3,197,S058,81.81,18.19,WARNING,rpm,True,True
BELT_SLIP,0.5,197,S058,85.58,14.42,WARNING,joint,True,True
BELT_SLIP,0.5,197,S058,87.22,12.78,WARNING,joint,True,True
BELT_SLIP,0.75,197,S058,95.13,4.87,CRITICAL,vibration,True,True
BELT_SLIP,0.75,197,S058,95.36,4.64,CRITICAL,joint,True,True
BELT_SLIP,1.0,197,S058,97.84,2.16,CRITICAL,vibration,True,True
BELT_SLIP,1.0,197,S058,97.51,2.49,CRITICAL,vibration,True,True
HIGH_VIBRATION,0.15,197,S058,71.12,28.88,WARNING,vibration,True,True
HIGH_VIBRATION,0.15,197,S058,72.91,27.09,WARNING,vibration,True,True
HIGH_VIBRATION,0.3,197,S058,90.7,9.3,WARNING,vibration,True,True
HIGH_VIBRATION,0.3,197,S058,90.54,9.46,WARNING,vibration,True,True
HIGH_VIBRATION,0.5,197,S058,93.86,6.14,CRITICAL,vibration,True,True
HIGH_VIBRATION,0.5,197,S058,93.63,6.37,CRITICAL,vibration,True,True
HIGH_VIBRATION,0.75,197,S058,96.94,3.06,CRITICAL,vibration,True,True
HIGH_VIBRATION,0.75,197,S058,97.15,2.85,CRITICAL,vibration,True,True
HIGH_VIBRATION,1.0,197,S058,97.54,2.46,CRITICAL,vibration,True,True
HIGH_VIBRATION,1.0,197,S058,97.68,2.32,CRITICAL,vibration,True,True
OVERHEATING,0.15,197,S058,12.83,87.17,NORMAL,temperature,False,False
OVERHEATING,0.15,197,S058,12.62,87.38,NORMAL,temperature,False,False
OVERHEATING,0.3,197,S058,14.41,85.59,NORMAL,temperature,False,False
OVERHEATING,0.3,197,S058,14.51,85.49,NORMAL,temperature,False,False
OVERHEATING,0.5,197,S058,24.67,75.33,NORMAL,temperature,False,False
OVERHEATING,0.5,197,S058,25.08,74.92,NORMAL,temperature,False,False
OVERHEATING,0.75,197,S058,45.83,54.17,WATCH,temperature,True,False
OVERHEATING,0.75,197,S058,45.99,54.01,WATCH,temperature,True,False
OVERHEATING,1.0,197,S058,61.82,38.18,WARNING,temperature,True,True
OVERHEATING,1.0,197,S058,62.28,37.72,WARNING,temperature,True,True
RPM_INSTABILITY,0.15,197,S058,75.69,24.31,WARNING,rpm,True,True
RPM_INSTABILITY,0.15,197,S058,53.43,46.57,WATCH,rpm,True,False
RPM_INSTABILITY,0.3,197,S058,67.96,32.04,WARNING,rpm,True,True
RPM_INSTABILITY,0.3,197,S058,62.91,37.09,WARNING,rpm,True,True
RPM_INSTABILITY,0.5,197,S058,75.69,24.31,WARNING,rpm,True,True
RPM_INSTABILITY,0.5,197,S058,72.32,27.68,WARNING,rpm,True,True
RPM_INSTABILITY,0.75,197,S058,62.81,37.19,WARNING,rpm,True,True
RPM_INSTABILITY,0.75,197,S058,79.88,20.12,WARNING,rpm,True,True
RPM_INSTABILITY,1.0,197,S058,84.47,15.53,WARNING,joint,True,True
RPM_INSTABILITY,1.0,197,S058,82.37,17.63,WARNING,joint,True,True
COMBINED_FAULT,0.15,197,S058,42.52,57.48,WATCH,rpm,True,False
COMBINED_FAULT,0.15,197,S058,71.59,28.41,WARNING,vibration,True,True
COMBINED_FAULT,0.3,197,S058,72.3,27.7,WARNING,rpm,True,True
COMBINED_FAULT,0.3,197,S058,94.26,5.74,CRITICAL,vibration,True,True
COMBINED_FAULT,0.5,197,S058,94.04,5.96,CRITICAL,vibration,True,True
COMBINED_FAULT,0.5,197,S058,85.28,14.72,WARNING,joint,True,True
COMBINED_FAULT,0.75,197,S058,94.43,5.57,CRITICAL,vibration,True,True
COMBINED_FAULT,0.75,197,S058,91.64,8.36,WARNING,joint,True,True
COMBINED_FAULT,1.0,197,S058,85.41,14.59,WARNING,joint,True,True
COMBINED_FAULT,1.0,197,S058,95.71,4.29,CRITICAL,vibration,True,True
NORMAL,0.0,198,S058,3.97,96.03,NORMAL,temperature,False,False
BELT_SLIP,0.15,198,S058,51.51,48.49,WATCH,rpm,True,False
BELT_SLIP,0.15,198,S058,74.13,25.87,WARNING,rpm,True,True
BELT_SLIP,0.3,198,S058,81.81,18.19,WARNING,rpm,True,True
BELT_SLIP,0.3,198,S058,76.62,23.38,WARNING,rpm,True,True
BELT_SLIP,0.5,198,S058,85.76,14.24,WARNING,joint,True,True
BELT_SLIP,0.5,198,S058,87.25,12.75,WARNING,joint,True,True
BELT_SLIP,0.75,198,S058,94.77,5.23,CRITICAL,joint,True,True
BELT_SLIP,0.75,198,S058,95.52,4.48,CRITICAL,joint,True,True
BELT_SLIP,1.0,198,S058,97.34,2.66,CRITICAL,vibration,True,True
BELT_SLIP,1.0,198,S058,96.97,3.03,CRITICAL,vibration,True,True
HIGH_VIBRATION,0.15,198,S058,60.58,39.42,WATCH,vibration,True,False
HIGH_VIBRATION,0.15,198,S058,63.82,36.18,WARNING,vibration,True,True
HIGH_VIBRATION,0.3,198,S058,90.43,9.57,WARNING,vibration,True,True
HIGH_VIBRATION,0.3,198,S058,90.44,9.56,WARNING,vibration,True,True
HIGH_VIBRATION,0.5,198,S058,96.46,3.54,CRITICAL,vibration,True,True
HIGH_VIBRATION,0.5,198,S058,96.02,3.98,CRITICAL,vibration,True,True
HIGH_VIBRATION,0.75,198,S058,97.64,2.36,CRITICAL,vibration,True,True
HIGH_VIBRATION,0.75,198,S058,97.57,2.43,CRITICAL,vibration,True,True
HIGH_VIBRATION,1.0,198,S058,98.0,2.0,CRITICAL,vibration,True,True
HIGH_VIBRATION,1.0,198,S058,98.23,1.77,CRITICAL,vibration,True,True
OVERHEATING,0.15,198,S058,15.9,84.1,NORMAL,temperature,False,False
OVERHEATING,0.15,198,S058,15.54,84.46,NORMAL,temperature,False,False
OVERHEATING,0.3,198,S058,20.87,79.13,NORMAL,temperature,False,False
OVERHEATING,0.3,198,S058,20.8,79.2,NORMAL,temperature,False,False
OVERHEATING,0.5,198,S058,33.01,66.99,NORMAL,temperature,False,False
OVERHEATING,0.5,198,S058,32.18,67.82,NORMAL,temperature,False,False
OVERHEATING,0.75,198,S058,57.05,42.95,WATCH,temperature,True,False
OVERHEATING,0.75,198,S058,57.02,42.98,WATCH,temperature,True,False
OVERHEATING,1.0,198,S058,66.89,33.11,WARNING,temperature,True,True
OVERHEATING,1.0,198,S058,66.89,33.11,WARNING,temperature,True,True
RPM_INSTABILITY,0.15,198,S058,67.38,32.62,WARNING,rpm,True,True
RPM_INSTABILITY,0.15,198,S058,65.43,34.57,WARNING,rpm,True,True
RPM_INSTABILITY,0.3,198,S058,75.72,24.28,WARNING,rpm,True,True
RPM_INSTABILITY,0.3,198,S058,71.35,28.65,WARNING,rpm,True,True
RPM_INSTABILITY,0.5,198,S058,79.77,20.23,WARNING,rpm,True,True
RPM_INSTABILITY,0.5,198,S058,79.71,20.29,WARNING,rpm,True,True
RPM_INSTABILITY,0.75,198,S058,75.66,24.34,WARNING,rpm,True,True
RPM_INSTABILITY,0.75,198,S058,75.74,24.26,WARNING,rpm,True,True
RPM_INSTABILITY,1.0,198,S058,84.76,15.24,WARNING,vibration,True,True
RPM_INSTABILITY,1.0,198,S058,77.21,22.79,WARNING,joint,True,True
COMBINED_FAULT,0.15,198,S058,54.41,45.59,WATCH,joint,True,False
COMBINED_FAULT,0.15,198,S058,36.45,63.55,WATCH,vibration,True,False
COMBINED_FAULT,0.3,198,S058,94.3,5.7,CRITICAL,vibration,True,True
COMBINED_FAULT,0.3,198,S058,59.3,40.7,WATCH,rpm,True,False
COMBINED_FAULT,0.5,198,S058,78.57,21.43,WARNING,joint,True,True
COMBINED_FAULT,0.5,198,S058,89.14,10.86,WARNING,joint,True,True
COMBINED_FAULT,0.75,198,S058,96.23,3.77,CRITICAL,vibration,True,True
COMBINED_FAULT,0.75,198,S058,79.86,20.14,WARNING,rpm,True,True
COMBINED_FAULT,1.0,198,S058,98.07,1.93,CRITICAL,vibration,True,True
COMBINED_FAULT,1.0,198,S058,98.21,1.79,CRITICAL,vibration,True,True
NORMAL,0.0,199,S058,5.39,94.61,NORMAL,rpm,False,False
BELT_SLIP,0.15,199,S058,47.72,52.28,WATCH,rpm,True,False
BELT_SLIP,0.15,199,S058,53.41,46.59,WATCH,rpm,True,False
BELT_SLIP,0.3,199,S058,67.74,32.26,WARNING,rpm,True,True
BELT_SLIP,0.3,199,S058,73.89,26.11,WARNING,rpm,True,True
BELT_SLIP,0.5,199,S058,86.17,13.83,WARNING,joint,True,True
BELT_SLIP,0.5,199,S058,79.54,20.46,WARNING,joint,True,True
BELT_SLIP,0.75,199,S058,88.85,11.15,WARNING,joint,True,True
BELT_SLIP,0.75,199,S058,90.16,9.84,WARNING,joint,True,True
BELT_SLIP,1.0,199,S058,96.12,3.88,CRITICAL,joint,True,True
BELT_SLIP,1.0,199,S058,97.2,2.8,CRITICAL,joint,True,True
HIGH_VIBRATION,0.15,199,S058,36.27,63.73,WATCH,vibration,True,False
HIGH_VIBRATION,0.15,199,S058,34.76,65.24,NORMAL,vibration,False,False
HIGH_VIBRATION,0.3,199,S058,87.66,12.34,WARNING,vibration,True,True
HIGH_VIBRATION,0.3,199,S058,86.49,13.51,WARNING,vibration,True,True
HIGH_VIBRATION,0.5,199,S058,95.06,4.94,CRITICAL,vibration,True,True
HIGH_VIBRATION,0.5,199,S058,95.38,4.62,CRITICAL,vibration,True,True
HIGH_VIBRATION,0.75,199,S058,97.47,2.53,CRITICAL,vibration,True,True
HIGH_VIBRATION,0.75,199,S058,97.27,2.73,CRITICAL,vibration,True,True
HIGH_VIBRATION,1.0,199,S058,97.7,2.3,CRITICAL,vibration,True,True
HIGH_VIBRATION,1.0,199,S058,98.39,1.61,CRITICAL,vibration,True,True
OVERHEATING,0.15,199,S058,16.51,83.49,NORMAL,temperature,False,False
OVERHEATING,0.15,199,S058,16.33,83.67,NORMAL,temperature,False,False
OVERHEATING,0.3,199,S058,20.61,79.39,NORMAL,temperature,False,False
OVERHEATING,0.3,199,S058,20.93,79.07,NORMAL,temperature,False,False
OVERHEATING,0.5,199,S058,31.64,68.36,NORMAL,temperature,False,False
OVERHEATING,0.5,199,S058,31.9,68.1,NORMAL,temperature,False,False
OVERHEATING,0.75,199,S058,49.16,50.84,WATCH,temperature,True,False
OVERHEATING,0.75,199,S058,47.53,52.47,WATCH,temperature,True,False
OVERHEATING,1.0,199,S058,59.91,40.09,WATCH,temperature,True,False
OVERHEATING,1.0,199,S058,60.73,39.27,WARNING,temperature,True,True
RPM_INSTABILITY,0.15,199,S058,72.73,27.27,WARNING,rpm,True,True
RPM_INSTABILITY,0.15,199,S058,67.25,32.75,WARNING,rpm,True,True
RPM_INSTABILITY,0.3,199,S058,79.38,20.62,WARNING,rpm,True,True
RPM_INSTABILITY,0.3,199,S058,72.99,27.01,WARNING,rpm,True,True
RPM_INSTABILITY,0.5,199,S058,75.51,24.49,WARNING,rpm,True,True
RPM_INSTABILITY,0.5,199,S058,78.06,21.94,WARNING,rpm,True,True
RPM_INSTABILITY,0.75,199,S058,79.82,20.18,WARNING,rpm,True,True
RPM_INSTABILITY,0.75,199,S058,64.9,35.1,WARNING,rpm,True,True
RPM_INSTABILITY,1.0,199,S058,79.82,20.18,WARNING,rpm,True,True
RPM_INSTABILITY,1.0,199,S058,79.82,20.18,WARNING,rpm,True,True
COMBINED_FAULT,0.15,199,S058,63.39,36.61,WARNING,rpm,True,True
COMBINED_FAULT,0.15,199,S058,50.85,49.15,WATCH,rpm,True,False
COMBINED_FAULT,0.3,199,S058,91.64,8.36,WARNING,joint,True,True
COMBINED_FAULT,0.3,199,S058,79.8,20.2,WARNING,joint,True,True
COMBINED_FAULT,0.5,199,S058,74.52,25.48,WARNING,joint,True,True
COMBINED_FAULT,0.5,199,S058,90.44,9.56,WARNING,vibration,True,True
COMBINED_FAULT,0.75,199,S058,95.67,4.33,CRITICAL,vibration,True,True
COMBINED_FAULT,0.75,199,S058,91.99,8.01,CRITICAL,joint,True,True
COMBINED_FAULT,1.0,199,S058,94.12,5.88,CRITICAL,joint,True,True
COMBINED_FAULT,1.0,199,S058,97.59,2.41,CRITICAL,vibration,True,True
NORMAL,0.0,200,S058,7.6,92.4,NORMAL,temperature,False,False
BELT_SLIP,0.15,200,S058,57.94,42.06,WATCH,rpm,True,False
BELT_SLIP,0.15,200,S058,58.6,41.4,WATCH,rpm,True,False
BELT_SLIP,0.3,200,S058,69.48,30.52,WARNING,rpm,True,True
BELT_SLIP,0.3,200,S058,81.81,18.19,WARNING,rpm,True,True
BELT_SLIP,0.5,200,S058,78.94,21.06,WARNING,rpm,True,True
BELT_SLIP,0.5,200,S058,77.4,22.6,WARNING,joint,True,True
BELT_SLIP,0.75,200,S058,91.98,8.02,CRITICAL,joint,True,True
BELT_SLIP,0.75,200,S058,91.25,8.75,WARNING,joint,True,True
BELT_SLIP,1.0,200,S058,95.33,4.67,CRITICAL,joint,True,True
BELT_SLIP,1.0,200,S058,96.37,3.63,CRITICAL,joint,True,True
HIGH_VIBRATION,0.15,200,S058,25.39,74.61,NORMAL,vibration,False,False
HIGH_VIBRATION,0.15,200,S058,25.46,74.54,NORMAL,vibration,False,False
HIGH_VIBRATION,0.3,200,S058,82.5,17.5,WARNING,vibration,True,True
HIGH_VIBRATION,0.3,200,S058,81.96,18.04,WARNING,vibration,True,True
HIGH_VIBRATION,0.5,200,S058,93.29,6.71,CRITICAL,vibration,True,True
HIGH_VIBRATION,0.5,200,S058,93.62,6.38,CRITICAL,vibration,True,True
HIGH_VIBRATION,0.75,200,S058,96.53,3.47,CRITICAL,vibration,True,True
HIGH_VIBRATION,0.75,200,S058,96.3,3.7,CRITICAL,vibration,True,True
HIGH_VIBRATION,1.0,200,S058,97.17,2.83,CRITICAL,vibration,True,True
HIGH_VIBRATION,1.0,200,S058,97.79,2.21,CRITICAL,vibration,True,True
OVERHEATING,0.15,200,S058,23.56,76.44,NORMAL,temperature,False,False
OVERHEATING,0.15,200,S058,22.98,77.02,NORMAL,temperature,False,False
OVERHEATING,0.3,200,S058,26.89,73.11,NORMAL,temperature,False,False
OVERHEATING,0.3,200,S058,26.55,73.45,NORMAL,temperature,False,False
OVERHEATING,0.5,200,S058,39.22,60.78,WATCH,temperature,True,False
OVERHEATING,0.5,200,S058,39.43,60.57,WATCH,temperature,True,False
OVERHEATING,0.75,200,S058,53.01,46.99,WATCH,temperature,True,False
OVERHEATING,0.75,200,S058,55.39,44.61,WATCH,temperature,True,False
OVERHEATING,1.0,200,S058,69.92,30.08,WARNING,temperature,True,True
OVERHEATING,1.0,200,S058,69.09,30.91,WARNING,temperature,True,True
RPM_INSTABILITY,0.15,200,S058,72.59,27.41,WARNING,rpm,True,True
RPM_INSTABILITY,0.15,200,S058,79.82,20.18,WARNING,rpm,True,True
RPM_INSTABILITY,0.3,200,S058,64.64,35.36,WARNING,rpm,True,True
RPM_INSTABILITY,0.3,200,S058,75.57,24.43,WARNING,rpm,True,True
RPM_INSTABILITY,0.5,200,S058,79.73,20.27,WARNING,rpm,True,True
RPM_INSTABILITY,0.5,200,S058,75.97,24.03,WARNING,rpm,True,True
RPM_INSTABILITY,0.75,200,S058,79.73,20.27,WARNING,rpm,True,True
RPM_INSTABILITY,0.75,200,S058,75.92,24.08,WARNING,rpm,True,True
RPM_INSTABILITY,1.0,200,S058,79.8,20.2,WARNING,rpm,True,True
RPM_INSTABILITY,1.0,200,S058,75.57,24.43,WARNING,rpm,True,True
COMBINED_FAULT,0.15,200,S058,22.0,78.0,NORMAL,temperature,False,False
COMBINED_FAULT,0.15,200,S058,53.57,46.43,WATCH,rpm,True,False
COMBINED_FAULT,0.3,200,S058,48.25,51.75,WATCH,joint,True,False
COMBINED_FAULT,0.3,200,S058,79.85,20.15,WARNING,rpm,True,True
COMBINED_FAULT,0.5,200,S058,76.94,23.06,WARNING,joint,True,True
COMBINED_FAULT,0.5,200,S058,87.32,12.68,WARNING,vibration,True,True
COMBINED_FAULT,0.75,200,S058,96.93,3.07,CRITICAL,vibration,True,True
COMBINED_FAULT,0.75,200,S058,98.49,1.51,CRITICAL,vibration,True,True
COMBINED_FAULT,1.0,200,S058,97.97,2.03,CRITICAL,vibration,True,True
COMBINED_FAULT,1.0,200,S058,96.5,3.5,CRITICAL,vibration,True,True
NORMAL,0.0,201,S059,9.13,90.87,NORMAL,vibration,False,False
BELT_SLIP,0.15,201,S059,77.67,22.33,WARNING,rpm,True,True
BELT_SLIP,0.15,201,S059,69.11,30.89,WARNING,rpm,True,True
BELT_SLIP,0.3,201,S059,80.34,19.66,WARNING,joint,True,True
BELT_SLIP,0.3,201,S059,82.01,17.99,WARNING,joint,True,True
BELT_SLIP,0.5,201,S059,84.13,15.87,WARNING,joint,True,True
BELT_SLIP,0.5,201,S059,87.53,12.47,WARNING,joint,True,True
BELT_SLIP,0.75,201,S059,94.6,5.4,CRITICAL,joint,True,True
BELT_SLIP,0.75,201,S059,94.62,5.38,CRITICAL,joint,True,True
BELT_SLIP,1.0,201,S059,95.76,4.24,CRITICAL,joint,True,True
BELT_SLIP,1.0,201,S059,97.42,2.58,CRITICAL,joint,True,True
HIGH_VIBRATION,0.15,201,S059,58.91,41.09,WATCH,vibration,True,False
HIGH_VIBRATION,0.15,201,S059,58.09,41.91,WATCH,vibration,True,False
HIGH_VIBRATION,0.3,201,S059,87.08,12.92,WARNING,vibration,True,True
HIGH_VIBRATION,0.3,201,S059,86.24,13.76,WARNING,vibration,True,True
HIGH_VIBRATION,0.5,201,S059,96.67,3.33,CRITICAL,vibration,True,True
HIGH_VIBRATION,0.5,201,S059,96.46,3.54,CRITICAL,vibration,True,True
HIGH_VIBRATION,0.75,201,S059,98.44,1.56,CRITICAL,vibration,True,True
HIGH_VIBRATION,0.75,201,S059,98.21,1.79,CRITICAL,vibration,True,True
HIGH_VIBRATION,1.0,201,S059,98.57,1.43,CRITICAL,vibration,True,True
HIGH_VIBRATION,1.0,201,S059,98.34,1.66,CRITICAL,vibration,True,True
OVERHEATING,0.15,201,S059,19.87,80.13,NORMAL,temperature,False,False
OVERHEATING,0.15,201,S059,19.82,80.18,NORMAL,temperature,False,False
OVERHEATING,0.3,201,S059,24.04,75.96,NORMAL,temperature,False,False
OVERHEATING,0.3,201,S059,24.48,75.52,NORMAL,temperature,False,False
OVERHEATING,0.5,201,S059,32.55,67.45,NORMAL,temperature,False,False
OVERHEATING,0.5,201,S059,32.22,67.78,NORMAL,temperature,False,False
OVERHEATING,0.75,201,S059,53.58,46.42,WATCH,temperature,True,False
OVERHEATING,0.75,201,S059,52.7,47.3,WATCH,temperature,True,False
OVERHEATING,1.0,201,S059,64.12,35.88,WARNING,temperature,True,True
OVERHEATING,1.0,201,S059,63.35,36.65,WARNING,temperature,True,True
RPM_INSTABILITY,0.15,201,S059,63.14,36.86,WARNING,rpm,True,True
RPM_INSTABILITY,0.15,201,S059,62.97,37.03,WARNING,rpm,True,True
RPM_INSTABILITY,0.3,201,S059,75.47,24.53,WARNING,rpm,True,True
RPM_INSTABILITY,0.3,201,S059,74.9,25.1,WARNING,rpm,True,True
RPM_INSTABILITY,0.5,201,S059,75.47,24.53,WARNING,rpm,True,True
RPM_INSTABILITY,0.5,201,S059,71.74,28.26,WARNING,rpm,True,True
RPM_INSTABILITY,0.75,201,S059,78.07,21.93,WARNING,rpm,True,True
RPM_INSTABILITY,0.75,201,S059,75.47,24.53,WARNING,rpm,True,True
RPM_INSTABILITY,1.0,201,S059,79.06,20.94,WARNING,vibration,True,True
RPM_INSTABILITY,1.0,201,S059,82.08,17.92,WARNING,joint,True,True
COMBINED_FAULT,0.15,201,S059,72.83,27.17,WARNING,joint,True,True
COMBINED_FAULT,0.15,201,S059,69.28,30.72,WARNING,rpm,True,True
COMBINED_FAULT,0.3,201,S059,82.41,17.59,WARNING,vibration,True,True
COMBINED_FAULT,0.3,201,S059,82.93,17.07,WARNING,joint,True,True
COMBINED_FAULT,0.5,201,S059,75.47,24.53,WARNING,rpm,True,True
COMBINED_FAULT,0.5,201,S059,91.23,8.77,WARNING,vibration,True,True
COMBINED_FAULT,0.75,201,S059,94.47,5.53,CRITICAL,joint,True,True
COMBINED_FAULT,0.75,201,S059,71.29,28.71,WARNING,rpm,True,True
COMBINED_FAULT,1.0,201,S059,81.78,18.22,WARNING,joint,True,True
COMBINED_FAULT,1.0,201,S059,98.87,1.13,CRITICAL,vibration,True,True
NORMAL,0.0,202,S069,22.88,77.12,NORMAL,vibration,False,False
BELT_SLIP,0.15,202,S069,75.61,24.39,WARNING,vibration,True,True
BELT_SLIP,0.15,202,S069,76.75,23.25,WARNING,vibration,True,True
BELT_SLIP,0.3,202,S069,88.5,11.5,WARNING,vibration,True,True
BELT_SLIP,0.3,202,S069,89.22,10.78,WARNING,vibration,True,True
BELT_SLIP,0.5,202,S069,93.92,6.08,CRITICAL,vibration,True,True
BELT_SLIP,0.5,202,S069,94.29,5.71,CRITICAL,vibration,True,True
BELT_SLIP,0.75,202,S069,97.24,2.76,CRITICAL,vibration,True,True
BELT_SLIP,0.75,202,S069,97.49,2.51,CRITICAL,vibration,True,True
BELT_SLIP,1.0,202,S069,98.54,1.46,CRITICAL,vibration,True,True
BELT_SLIP,1.0,202,S069,98.77,1.23,CRITICAL,vibration,True,True
HIGH_VIBRATION,0.15,202,S069,88.06,11.94,WARNING,vibration,True,True
HIGH_VIBRATION,0.15,202,S069,88.36,11.64,WARNING,vibration,True,True
HIGH_VIBRATION,0.3,202,S069,97.56,2.44,CRITICAL,vibration,True,True
HIGH_VIBRATION,0.3,202,S069,97.12,2.88,CRITICAL,vibration,True,True
HIGH_VIBRATION,0.5,202,S069,98.83,1.17,CRITICAL,vibration,True,True
HIGH_VIBRATION,0.5,202,S069,98.76,1.24,CRITICAL,vibration,True,True
HIGH_VIBRATION,0.75,202,S069,99.01,0.99,CRITICAL,vibration,True,True
HIGH_VIBRATION,0.75,202,S069,99.07,0.93,CRITICAL,vibration,True,True
HIGH_VIBRATION,1.0,202,S069,99.2,0.8,CRITICAL,vibration,True,True
HIGH_VIBRATION,1.0,202,S069,99.38,0.62,CRITICAL,vibration,True,True
OVERHEATING,0.15,202,S069,22.88,77.12,NORMAL,vibration,False,False
OVERHEATING,0.15,202,S069,22.88,77.12,NORMAL,vibration,False,False
OVERHEATING,0.3,202,S069,22.88,77.12,NORMAL,vibration,False,False
OVERHEATING,0.3,202,S069,22.88,77.12,NORMAL,vibration,False,False
OVERHEATING,0.5,202,S069,22.88,77.12,NORMAL,vibration,False,False
OVERHEATING,0.5,202,S069,22.88,77.12,NORMAL,vibration,False,False
OVERHEATING,0.75,202,S069,33.19,66.81,NORMAL,temperature,False,False
OVERHEATING,0.75,202,S069,36.95,63.05,WATCH,temperature,True,False
OVERHEATING,1.0,202,S069,55.46,44.54,WATCH,temperature,True,False
OVERHEATING,1.0,202,S069,57.79,42.21,WATCH,temperature,True,False
RPM_INSTABILITY,0.15,202,S069,74.37,25.63,WARNING,rpm,True,True
RPM_INSTABILITY,0.15,202,S069,64.17,35.83,WARNING,rpm,True,True
RPM_INSTABILITY,0.3,202,S069,75.48,24.52,WARNING,rpm,True,True
RPM_INSTABILITY,0.3,202,S069,79.91,20.09,WARNING,rpm,True,True
RPM_INSTABILITY,0.5,202,S069,82.12,17.88,WARNING,joint,True,True
RPM_INSTABILITY,0.5,202,S069,80.53,19.47,WARNING,vibration,True,True
RPM_INSTABILITY,0.75,202,S069,89.97,10.03,WARNING,vibration,True,True
RPM_INSTABILITY,0.75,202,S069,90.68,9.32,WARNING,vibration,True,True
RPM_INSTABILITY,1.0,202,S069,96.64,3.36,CRITICAL,vibration,True,True
RPM_INSTABILITY,1.0,202,S069,94.73,5.27,CRITICAL,vibration,True,True
COMBINED_FAULT,0.15,202,S069,26.97,73.03,NORMAL,vibration,False,False
COMBINED_FAULT,0.15,202,S069,62.77,37.23,WARNING,vibration,True,True
COMBINED_FAULT,0.3,202,S069,97.37,2.63,CRITICAL,vibration,True,True
COMBINED_FAULT,0.3,202,S069,96.76,3.24,CRITICAL,vibration,True,True
COMBINED_FAULT,0.5,202,S069,98.92,1.08,CRITICAL,vibration,True,True
COMBINED_FAULT,0.5,202,S069,99.1,0.9,CRITICAL,vibration,True,True
COMBINED_FAULT,0.75,202,S069,99.16,0.84,CRITICAL,vibration,True,True
COMBINED_FAULT,0.75,202,S069,98.09,1.91,CRITICAL,vibration,True,True
COMBINED_FAULT,1.0,202,S069,99.04,0.96,CRITICAL,vibration,True,True
COMBINED_FAULT,1.0,202,S069,99.2,0.8,CRITICAL,vibration,True,True
NORMAL,0.0,203,S071,33.8,66.2,NORMAL,temperature,False,False
BELT_SLIP,0.15,203,S071,52.16,47.84,WATCH,joint,True,False
BELT_SLIP,0.15,203,S071,60.55,39.45,WATCH,joint,True,False
BELT_SLIP,0.3,203,S071,80.91,19.09,WARNING,joint,True,True
BELT_SLIP,0.3,203,S071,85.77,14.23,WARNING,joint,True,True
BELT_SLIP,0.5,203,S071,88.53,11.47,WARNING,joint,True,True
BELT_SLIP,0.5,203,S071,91.7,8.3,WARNING,joint,True,True
BELT_SLIP,0.75,203,S071,94.94,5.06,CRITICAL,joint,True,True
BELT_SLIP,0.75,203,S071,93.92,6.08,CRITICAL,joint,True,True
BELT_SLIP,1.0,203,S071,97.83,2.17,CRITICAL,vibration,True,True
BELT_SLIP,1.0,203,S071,97.71,2.29,CRITICAL,vibration,True,True
HIGH_VIBRATION,0.15,203,S071,64.78,35.22,WARNING,vibration,True,True
HIGH_VIBRATION,0.15,203,S071,64.28,35.72,WARNING,vibration,True,True
HIGH_VIBRATION,0.3,203,S071,91.92,8.08,CRITICAL,vibration,True,True
HIGH_VIBRATION,0.3,203,S071,91.31,8.69,WARNING,vibration,True,True
HIGH_VIBRATION,0.5,203,S071,94.91,5.09,CRITICAL,vibration,True,True
HIGH_VIBRATION,0.5,203,S071,94.51,5.49,CRITICAL,vibration,True,True
HIGH_VIBRATION,0.75,203,S071,96.79,3.21,CRITICAL,vibration,True,True
HIGH_VIBRATION,0.75,203,S071,96.91,3.09,CRITICAL,vibration,True,True
HIGH_VIBRATION,1.0,203,S071,97.97,2.03,CRITICAL,vibration,True,True
HIGH_VIBRATION,1.0,203,S071,97.72,2.28,CRITICAL,vibration,True,True
OVERHEATING,0.15,203,S071,25.65,74.35,NORMAL,temperature,False,False
OVERHEATING,0.15,203,S071,25.71,74.29,NORMAL,temperature,False,False
OVERHEATING,0.3,203,S071,22.56,77.44,NORMAL,temperature,False,False
OVERHEATING,0.3,203,S071,22.75,77.25,NORMAL,temperature,False,False
OVERHEATING,0.5,203,S071,25.99,74.01,NORMAL,temperature,False,False
OVERHEATING,0.5,203,S071,26.03,73.97,NORMAL,temperature,False,False
OVERHEATING,0.75,203,S071,41.99,58.01,WATCH,temperature,True,False
OVERHEATING,0.75,203,S071,41.91,58.09,WATCH,temperature,True,False
OVERHEATING,1.0,203,S071,64.98,35.02,WARNING,temperature,True,True
OVERHEATING,1.0,203,S071,62.12,37.88,WARNING,temperature,True,True
RPM_INSTABILITY,0.15,203,S071,65.53,34.47,WARNING,rpm,True,True
RPM_INSTABILITY,0.15,203,S071,70.0,30.0,WARNING,rpm,True,True
RPM_INSTABILITY,0.3,203,S071,71.68,28.32,WARNING,rpm,True,True
RPM_INSTABILITY,0.3,203,S071,75.06,24.94,WARNING,rpm,True,True
RPM_INSTABILITY,0.5,203,S071,77.14,22.86,WARNING,joint,True,True
RPM_INSTABILITY,0.5,203,S071,80.74,19.26,WARNING,joint,True,True
RPM_INSTABILITY,0.75,203,S071,84.63,15.37,WARNING,joint,True,True
RPM_INSTABILITY,0.75,203,S071,86.86,13.14,WARNING,joint,True,True
RPM_INSTABILITY,1.0,203,S071,86.65,13.35,WARNING,joint,True,True
RPM_INSTABILITY,1.0,203,S071,88.6,11.4,WARNING,joint,True,True
COMBINED_FAULT,0.15,203,S071,43.71,56.29,WATCH,rpm,True,False
COMBINED_FAULT,0.15,203,S071,51.07,48.93,WATCH,vibration,True,False
COMBINED_FAULT,0.3,203,S071,83.27,16.73,WARNING,joint,True,True
COMBINED_FAULT,0.3,203,S071,83.09,16.91,WARNING,joint,True,True
COMBINED_FAULT,0.5,203,S071,71.97,28.03,WARNING,rpm,True,True
COMBINED_FAULT,0.5,203,S071,79.28,20.72,WARNING,rpm,True,True
COMBINED_FAULT,0.75,203,S071,95.63,4.37,CRITICAL,vibration,True,True
COMBINED_FAULT,0.75,203,S071,98.31,1.69,CRITICAL,vibration,True,True
COMBINED_FAULT,1.0,203,S071,98.23,1.77,CRITICAL,vibration,True,True
COMBINED_FAULT,1.0,203,S071,98.0,2.0,CRITICAL,vibration,True,True
NORMAL,0.0,204,S071,33.15,66.85,NORMAL,temperature,False,False
BELT_SLIP,0.15,204,S071,76.25,23.75,WARNING,joint,True,True
BELT_SLIP,0.15,204,S071,59.98,40.02,WATCH,joint,True,False
BELT_SLIP,0.3,204,S071,88.39,11.61,WARNING,joint,True,True
BELT_SLIP,0.3,204,S071,86.76,13.24,WARNING,joint,True,True
BELT_SLIP,0.5,204,S071,91.6,8.4,WARNING,joint,True,True
BELT_SLIP,0.5,204,S071,92.14,7.86,CRITICAL,joint,True,True
BELT_SLIP,0.75,204,S071,94.27,5.73,CRITICAL,joint,True,True
BELT_SLIP,0.75,204,S071,93.82,6.18,CRITICAL,joint,True,True
BELT_SLIP,1.0,204,S071,96.68,3.32,CRITICAL,vibration,True,True
BELT_SLIP,1.0,204,S071,96.14,3.86,CRITICAL,vibration,True,True
HIGH_VIBRATION,0.15,204,S071,62.86,37.14,WARNING,joint,True,True
HIGH_VIBRATION,0.15,204,S071,67.45,32.55,WARNING,vibration,True,True
HIGH_VIBRATION,0.3,204,S071,92.29,7.71,CRITICAL,vibration,True,True
HIGH_VIBRATION,0.3,204,S071,91.82,8.18,CRITICAL,vibration,True,True
HIGH_VIBRATION,0.5,204,S071,96.54,3.46,CRITICAL,vibration,True,True
HIGH_VIBRATION,0.5,204,S071,95.77,4.23,CRITICAL,vibration,True,True
HIGH_VIBRATION,0.75,204,S071,98.06,1.94,CRITICAL,vibration,True,True
HIGH_VIBRATION,0.75,204,S071,97.18,2.82,CRITICAL,vibration,True,True
HIGH_VIBRATION,1.0,204,S071,98.46,1.54,CRITICAL,vibration,True,True
HIGH_VIBRATION,1.0,204,S071,98.07,1.93,CRITICAL,vibration,True,True
OVERHEATING,0.15,204,S071,36.33,63.67,WATCH,temperature,True,False
OVERHEATING,0.15,204,S071,37.59,62.41,WATCH,temperature,True,False
OVERHEATING,0.3,204,S071,28.39,71.61,NORMAL,temperature,False,False
OVERHEATING,0.3,204,S071,27.65,72.35,NORMAL,temperature,False,False
OVERHEATING,0.5,204,S071,17.7,82.3,NORMAL,temperature,False,False
OVERHEATING,0.5,204,S071,18.08,81.92,NORMAL,temperature,False,False
OVERHEATING,0.75,204,S071,14.84,85.16,NORMAL,temperature,False,False
OVERHEATING,0.75,204,S071,15.11,84.89,NORMAL,temperature,False,False
OVERHEATING,1.0,204,S071,22.36,77.64,NORMAL,temperature,False,False
OVERHEATING,1.0,204,S071,24.3,75.7,NORMAL,temperature,False,False
RPM_INSTABILITY,0.15,204,S071,77.3,22.7,WARNING,rpm,True,True
RPM_INSTABILITY,0.15,204,S071,77.26,22.74,WARNING,rpm,True,True
RPM_INSTABILITY,0.3,204,S071,64.89,35.11,WARNING,rpm,True,True
RPM_INSTABILITY,0.3,204,S071,72.43,27.57,WARNING,rpm,True,True
RPM_INSTABILITY,0.5,204,S071,78.33,21.67,WARNING,joint,True,True
RPM_INSTABILITY,0.5,204,S071,84.65,15.35,WARNING,joint,True,True
RPM_INSTABILITY,0.75,204,S071,87.5,12.5,WARNING,joint,True,True
RPM_INSTABILITY,0.75,204,S071,89.34,10.66,WARNING,joint,True,True
RPM_INSTABILITY,1.0,204,S071,92.19,7.81,CRITICAL,joint,True,True
RPM_INSTABILITY,1.0,204,S071,92.04,7.96,CRITICAL,joint,True,True
COMBINED_FAULT,0.15,204,S071,88.56,11.44,WARNING,joint,True,True
COMBINED_FAULT,0.15,204,S071,59.35,40.65,WATCH,joint,True,False
COMBINED_FAULT,0.3,204,S071,96.94,3.06,CRITICAL,joint,True,True
COMBINED_FAULT,0.3,204,S071,90.11,9.89,WARNING,joint,True,True
COMBINED_FAULT,0.5,204,S071,92.17,7.83,CRITICAL,joint,True,True
COMBINED_FAULT,0.5,204,S071,87.17,12.83,WARNING,joint,True,True
COMBINED_FAULT,0.75,204,S071,98.39,1.61,CRITICAL,vibration,True,True
COMBINED_FAULT,0.75,204,S071,80.94,19.06,WARNING,rpm,True,True
COMBINED_FAULT,1.0,204,S071,97.39,2.61,CRITICAL,vibration,True,True
COMBINED_FAULT,1.0,204,S071,85.08,14.92,WARNING,joint,True,True
NORMAL,0.0,205,S071,13.19,86.81,NORMAL,temperature,False,False
BELT_SLIP,0.15,205,S071,60.25,39.75,WATCH,joint,True,False
BELT_SLIP,0.15,205,S071,48.37,51.63,WATCH,joint,True,False
BELT_SLIP,0.3,205,S071,80.03,19.97,WARNING,joint,True,True
BELT_SLIP,0.3,205,S071,83.03,16.97,WARNING,joint,True,True
BELT_SLIP,0.5,205,S071,89.55,10.45,WARNING,joint,True,True
BELT_SLIP,0.5,205,S071,86.05,13.95,WARNING,joint,True,True
BELT_SLIP,0.75,205,S071,93.33,6.67,CRITICAL,joint,True,True
BELT_SLIP,0.75,205,S071,94.36,5.64,CRITICAL,joint,True,True
BELT_SLIP,1.0,205,S071,96.08,3.92,CRITICAL,vibration,True,True
BELT_SLIP,1.0,205,S071,96.36,3.64,CRITICAL,vibration,True,True
HIGH_VIBRATION,0.15,205,S071,59.7,40.3,WATCH,vibration,True,False
HIGH_VIBRATION,0.15,205,S071,56.49,43.51,WATCH,vibration,True,False
HIGH_VIBRATION,0.3,205,S071,91.01,8.99,WARNING,vibration,True,True
HIGH_VIBRATION,0.3,205,S071,90.67,9.33,WARNING,vibration,True,True
HIGH_VIBRATION,0.5,205,S071,95.35,4.65,CRITICAL,vibration,True,True
HIGH_VIBRATION,0.5,205,S071,95.5,4.5,CRITICAL,vibration,True,True
HIGH_VIBRATION,0.75,205,S071,97.31,2.69,CRITICAL,vibration,True,True
HIGH_VIBRATION,0.75,205,S071,97.14,2.86,CRITICAL,vibration,True,True
HIGH_VIBRATION,1.0,205,S071,98.26,1.74,CRITICAL,vibration,True,True
HIGH_VIBRATION,1.0,205,S071,97.7,2.3,CRITICAL,vibration,True,True
OVERHEATING,0.15,205,S071,21.38,78.62,NORMAL,temperature,False,False
OVERHEATING,0.15,205,S071,21.74,78.26,NORMAL,temperature,False,False
OVERHEATING,0.3,205,S071,18.14,81.86,NORMAL,temperature,False,False
OVERHEATING,0.3,205,S071,18.06,81.94,NORMAL,temperature,False,False
OVERHEATING,0.5,205,S071,19.66,80.34,NORMAL,temperature,False,False
OVERHEATING,0.5,205,S071,19.47,80.53,NORMAL,temperature,False,False
OVERHEATING,0.75,205,S071,34.95,65.05,WATCH,temperature,True,False
OVERHEATING,0.75,205,S071,35.42,64.58,WATCH,temperature,True,False
OVERHEATING,1.0,205,S071,57.16,42.84,WATCH,temperature,True,False
OVERHEATING,1.0,205,S071,58.87,41.13,WATCH,temperature,True,False
RPM_INSTABILITY,0.15,205,S071,56.73,43.27,WATCH,rpm,True,False
RPM_INSTABILITY,0.15,205,S071,68.34,31.66,WARNING,rpm,True,True
RPM_INSTABILITY,0.3,205,S071,66.03,33.97,WARNING,rpm,True,True
RPM_INSTABILITY,0.3,205,S071,75.69,24.31,WARNING,rpm,True,True
RPM_INSTABILITY,0.5,205,S071,74.44,25.56,WARNING,rpm,True,True
RPM_INSTABILITY,0.5,205,S071,75.72,24.28,WARNING,rpm,True,True
RPM_INSTABILITY,0.75,205,S071,78.6,21.4,WARNING,joint,True,True
RPM_INSTABILITY,0.75,205,S071,80.59,19.41,WARNING,joint,True,True
RPM_INSTABILITY,1.0,205,S071,85.92,14.08,WARNING,joint,True,True
RPM_INSTABILITY,1.0,205,S071,87.13,12.87,WARNING,joint,True,True
COMBINED_FAULT,0.15,205,S071,55.64,44.36,WATCH,rpm,True,False
COMBINED_FAULT,0.15,205,S071,46.87,53.13,WATCH,joint,True,False
COMBINED_FAULT,0.3,205,S071,96.02,3.98,CRITICAL,vibration,True,True
COMBINED_FAULT,0.3,205,S071,85.35,14.65,WARNING,joint,True,True
COMBINED_FAULT,0.5,205,S071,95.84,4.16,CRITICAL,vibration,True,True
COMBINED_FAULT,0.5,205,S071,92.11,7.89,CRITICAL,joint,True,True
COMBINED_FAULT,0.75,205,S071,97.92,2.08,CRITICAL,vibration,True,True
COMBINED_FAULT,0.75,205,S071,97.64,2.36,CRITICAL,vibration,True,True
COMBINED_FAULT,1.0,205,S071,99.07,0.93,CRITICAL,vibration,True,True
COMBINED_FAULT,1.0,205,S071,80.39,19.61,WARNING,joint,True,True
NORMAL,0.0,206,S071,7.03,92.97,NORMAL,rpm,False,False
BELT_SLIP,0.15,206,S071,45.22,54.78,WATCH,rpm,True,False
BELT_SLIP,0.15,206,S071,64.18,35.82,WARNING,rpm,True,True
BELT_SLIP,0.3,206,S071,68.33,31.67,WARNING,rpm,True,True
BELT_SLIP,0.3,206,S071,78.94,21.06,WARNING,rpm,True,True
BELT_SLIP,0.5,206,S071,76.5,23.5,WARNING,rpm,True,True
BELT_SLIP,0.5,206,S071,81.16,18.84,WARNING,joint,True,True
BELT_SLIP,0.75,206,S071,89.15,10.85,WARNING,joint,True,True
BELT_SLIP,0.75,206,S071,92.76,7.24,CRITICAL,joint,True,True
BELT_SLIP,1.0,206,S071,92.38,7.62,CRITICAL,joint,True,True
BELT_SLIP,1.0,206,S071,96.04,3.96,CRITICAL,vibration,True,True
HIGH_VIBRATION,0.15,206,S071,57.82,42.18,WATCH,vibration,True,False
HIGH_VIBRATION,0.15,206,S071,56.95,43.05,WATCH,vibration,True,False
HIGH_VIBRATION,0.3,206,S071,92.25,7.75,CRITICAL,vibration,True,True
HIGH_VIBRATION,0.3,206,S071,93.56,6.44,CRITICAL,vibration,True,True
HIGH_VIBRATION,0.5,206,S071,96.41,3.59,CRITICAL,vibration,True,True
HIGH_VIBRATION,0.5,206,S071,96.95,3.05,CRITICAL,vibration,True,True
HIGH_VIBRATION,0.75,206,S071,98.3,1.7,CRITICAL,vibration,True,True
HIGH_VIBRATION,0.75,206,S071,97.61,2.39,CRITICAL,vibration,True,True
HIGH_VIBRATION,1.0,206,S071,98.31,1.69,CRITICAL,vibration,True,True
HIGH_VIBRATION,1.0,206,S071,98.38,1.62,CRITICAL,vibration,True,True
OVERHEATING,0.15,206,S071,16.19,83.81,NORMAL,temperature,False,False
OVERHEATING,0.15,206,S071,16.27,83.73,NORMAL,temperature,False,False
OVERHEATING,0.3,206,S071,16.95,83.05,NORMAL,temperature,False,False
OVERHEATING,0.3,206,S071,17.16,82.84,NORMAL,temperature,False,False
OVERHEATING,0.5,206,S071,21.81,78.19,NORMAL,temperature,False,False
OVERHEATING,0.5,206,S071,22.17,77.83,NORMAL,temperature,False,False
OVERHEATING,0.75,206,S071,33.79,66.21,NORMAL,temperature,False,False
OVERHEATING,0.75,206,S071,36.74,63.26,WATCH,temperature,True,False
OVERHEATING,1.0,206,S071,49.82,50.18,WATCH,temperature,True,False
OVERHEATING,1.0,206,S071,49.11,50.89,WATCH,temperature,True,False
RPM_INSTABILITY,0.15,206,S071,69.13,30.87,WARNING,rpm,True,True
RPM_INSTABILITY,0.15,206,S071,77.96,22.04,WARNING,rpm,True,True
RPM_INSTABILITY,0.3,206,S071,79.82,20.18,WARNING,rpm,True,True
RPM_INSTABILITY,0.3,206,S071,70.16,29.84,WARNING,rpm,True,True
RPM_INSTABILITY,0.5,206,S071,72.41,27.59,WARNING,rpm,True,True
RPM_INSTABILITY,0.5,206,S071,69.5,30.5,WARNING,rpm,True,True
RPM_INSTABILITY,0.75,206,S071,79.82,20.18,WARNING,rpm,True,True
RPM_INSTABILITY,0.75,206,S071,80.12,19.88,WARNING,rpm,True,True
RPM_INSTABILITY,1.0,206,S071,72.72,27.28,WARNING,rpm,True,True
RPM_INSTABILITY,1.0,206,S071,81.03,18.97,WARNING,joint,True,True
COMBINED_FAULT,0.15,206,S071,47.24,52.76,WATCH,vibration,True,False
COMBINED_FAULT,0.15,206,S071,35.66,64.34,WATCH,vibration,True,False
COMBINED_FAULT,0.3,206,S071,75.51,24.49,WARNING,rpm,True,True
COMBINED_FAULT,0.3,206,S071,65.32,34.68,WARNING,rpm,True,True
COMBINED_FAULT,0.5,206,S071,96.91,3.09,CRITICAL,vibration,True,True
COMBINED_FAULT,0.5,206,S071,97.0,3.0,CRITICAL,vibration,True,True
COMBINED_FAULT,0.75,206,S071,98.66,1.34,CRITICAL,vibration,True,True
COMBINED_FAULT,0.75,206,S071,92.67,7.33,CRITICAL,joint,True,True
COMBINED_FAULT,1.0,206,S071,98.43,1.57,CRITICAL,vibration,True,True
COMBINED_FAULT,1.0,206,S071,75.51,24.49,WARNING,rpm,True,True
NORMAL,0.0,207,S071,19.74,80.26,NORMAL,temperature,False,False
BELT_SLIP,0.15,207,S071,67.0,33.0,WARNING,joint,True,True
BELT_SLIP,0.15,207,S071,67.0,33.0,WARNING,joint,True,True
BELT_SLIP,0.3,207,S071,83.75,16.25,WARNING,joint,True,True
BELT_SLIP,0.3,207,S071,85.93,14.07,WARNING,joint,True,True
BELT_SLIP,0.5,207,S071,92.51,7.49,CRITICAL,joint,True,True
BELT_SLIP,0.5,207,S071,90.69,9.31,WARNING,joint,True,True
BELT_SLIP,0.75,207,S071,94.75,5.25,CRITICAL,joint,True,True
BELT_SLIP,0.75,207,S071,94.88,5.12,CRITICAL,joint,True,True
BELT_SLIP,1.0,207,S071,97.52,2.48,CRITICAL,joint,True,True
BELT_SLIP,1.0,207,S071,97.4,2.6,CRITICAL,joint,True,True
HIGH_VIBRATION,0.15,207,S071,57.51,42.49,WATCH,vibration,True,False
HIGH_VIBRATION,0.15,207,S071,58.43,41.57,WATCH,vibration,True,False
HIGH_VIBRATION,0.3,207,S071,91.98,8.02,CRITICAL,vibration,True,True
HIGH_VIBRATION,0.3,207,S071,92.06,7.94,CRITICAL,vibration,True,True
HIGH_VIBRATION,0.5,207,S071,97.34,2.66,CRITICAL,vibration,True,True
HIGH_VIBRATION,0.5,207,S071,97.79,2.21,CRITICAL,vibration,True,True
HIGH_VIBRATION,0.75,207,S071,98.39,1.61,CRITICAL,vibration,True,True
HIGH_VIBRATION,0.75,207,S071,98.29,1.71,CRITICAL,vibration,True,True
HIGH_VIBRATION,1.0,207,S071,98.61,1.39,CRITICAL,vibration,True,True
HIGH_VIBRATION,1.0,207,S071,98.85,1.15,CRITICAL,vibration,True,True
OVERHEATING,0.15,207,S071,57.34,42.66,WATCH,temperature,True,False
OVERHEATING,0.15,207,S071,57.3,42.7,WATCH,temperature,True,False
OVERHEATING,0.3,207,S071,65.19,34.81,WARNING,temperature,True,True
OVERHEATING,0.3,207,S071,65.01,34.99,WARNING,temperature,True,True
OVERHEATING,0.5,207,S071,69.15,30.85,WARNING,temperature,True,True
OVERHEATING,0.5,207,S071,69.15,30.85,WARNING,temperature,True,True
OVERHEATING,0.75,207,S071,69.15,30.85,WARNING,temperature,True,True
OVERHEATING,0.75,207,S071,69.15,30.85,WARNING,temperature,True,True
OVERHEATING,1.0,207,S071,69.15,30.85,WARNING,temperature,True,True
OVERHEATING,1.0,207,S071,69.15,30.85,WARNING,temperature,True,True
RPM_INSTABILITY,0.15,207,S071,75.47,24.53,WARNING,rpm,True,True
RPM_INSTABILITY,0.15,207,S071,66.04,33.96,WARNING,rpm,True,True
RPM_INSTABILITY,0.3,207,S071,73.63,26.37,WARNING,rpm,True,True
RPM_INSTABILITY,0.3,207,S071,75.47,24.53,WARNING,rpm,True,True
RPM_INSTABILITY,0.5,207,S071,72.1,27.9,WARNING,rpm,True,True
RPM_INSTABILITY,0.5,207,S071,80.17,19.83,WARNING,rpm,True,True
RPM_INSTABILITY,0.75,207,S071,78.09,21.91,WARNING,joint,True,True
RPM_INSTABILITY,0.75,207,S071,78.51,21.49,WARNING,joint,True,True
RPM_INSTABILITY,1.0,207,S071,81.09,18.91,WARNING,joint,True,True
RPM_INSTABILITY,1.0,207,S071,83.17,16.83,WARNING,joint,True,True
COMBINED_FAULT,0.15,207,S071,54.41,45.59,WATCH,temperature,True,False
COMBINED_FAULT,0.15,207,S071,59.47,40.53,WATCH,temperature,True,False
COMBINED_FAULT,0.3,207,S071,82.08,17.92,WARNING,joint,True,True
COMBINED_FAULT,0.3,207,S071,75.45,24.55,WARNING,rpm,True,True
COMBINED_FAULT,0.5,207,S071,89.73,10.27,WARNING,joint,True,True
COMBINED_FAULT,0.5,207,S071,98.43,1.57,CRITICAL,joint,True,True
COMBINED_FAULT,0.75,207,S071,98.07,1.93,CRITICAL,vibration,True,True
COMBINED_FAULT,0.75,207,S071,97.79,2.21,CRITICAL,vibration,True,True
COMBINED_FAULT,1.0,207,S071,97.73,2.27,CRITICAL,joint,True,True
COMBINED_FAULT,1.0,207,S071,98.2,1.8,CRITICAL,joint,True,True
NORMAL,0.0,208,S071,20.4,79.6,NORMAL,temperature,False,False
BELT_SLIP,0.15,208,S071,64.88,35.12,WARNING,joint,True,True
BELT_SLIP,0.15,208,S071,66.84,33.16,WARNING,joint,True,True
BELT_SLIP,0.3,208,S071,90.47,9.53,WARNING,joint,True,True
BELT_SLIP,0.3,208,S071,89.69,10.31,WARNING,joint,True,True
BELT_SLIP,0.5,208,S071,95.13,4.87,CRITICAL,joint,True,True
BELT_SLIP,0.5,208,S071,95.14,4.86,CRITICAL,joint,True,True
BELT_SLIP,0.75,208,S071,97.03,2.97,CRITICAL,joint,True,True
BELT_SLIP,0.75,208,S071,97.42,2.58,CRITICAL,joint,True,True
BELT_SLIP,1.0,208,S071,98.41,1.59,CRITICAL,joint,True,True
BELT_SLIP,1.0,208,S071,98.08,1.92,CRITICAL,joint,True,True
HIGH_VIBRATION,0.15,208,S071,85.16,14.84,WARNING,vibration,True,True
HIGH_VIBRATION,0.15,208,S071,86.15,13.85,WARNING,vibration,True,True
HIGH_VIBRATION,0.3,208,S071,93.71,6.29,CRITICAL,vibration,True,True
HIGH_VIBRATION,0.3,208,S071,93.93,6.07,CRITICAL,vibration,True,True
HIGH_VIBRATION,0.5,208,S071,96.99,3.01,CRITICAL,vibration,True,True
HIGH_VIBRATION,0.5,208,S071,97.26,2.74,CRITICAL,vibration,True,True
HIGH_VIBRATION,0.75,208,S071,98.29,1.71,CRITICAL,vibration,True,True
HIGH_VIBRATION,0.75,208,S071,98.05,1.95,CRITICAL,vibration,True,True
HIGH_VIBRATION,1.0,208,S071,98.5,1.5,CRITICAL,vibration,True,True
HIGH_VIBRATION,1.0,208,S071,98.28,1.72,CRITICAL,vibration,True,True
OVERHEATING,0.15,208,S071,39.48,60.52,WATCH,temperature,True,False
OVERHEATING,0.15,208,S071,39.48,60.52,WATCH,temperature,True,False
OVERHEATING,0.3,208,S071,48.18,51.82,WATCH,temperature,True,False
OVERHEATING,0.3,208,S071,47.72,52.28,WATCH,temperature,True,False
OVERHEATING,0.5,208,S071,58.75,41.25,WATCH,temperature,True,False
OVERHEATING,0.5,208,S071,58.97,41.03,WATCH,temperature,True,False
OVERHEATING,0.75,208,S071,67.84,32.16,WARNING,temperature,True,True
OVERHEATING,0.75,208,S071,67.61,32.39,WARNING,temperature,True,True
OVERHEATING,1.0,208,S071,72.56,27.44,WARNING,temperature,True,True
OVERHEATING,1.0,208,S071,72.39,27.61,WARNING,temperature,True,True
RPM_INSTABILITY,0.15,208,S071,80.19,19.81,WARNING,rpm,True,True
RPM_INSTABILITY,0.15,208,S071,74.09,25.91,WARNING,rpm,True,True
RPM_INSTABILITY,0.3,208,S071,75.79,24.21,WARNING,rpm,True,True
RPM_INSTABILITY,0.3,208,S071,75.58,24.42,WARNING,rpm,True,True
RPM_INSTABILITY,0.5,208,S071,87.25,12.75,WARNING,joint,True,True
RPM_INSTABILITY,0.5,208,S071,81.44,18.56,WARNING,joint,True,True
RPM_INSTABILITY,0.75,208,S071,84.78,15.22,WARNING,joint,True,True
RPM_INSTABILITY,0.75,208,S071,88.26,11.74,WARNING,joint,True,True
RPM_INSTABILITY,1.0,208,S071,93.45,6.55,CRITICAL,joint,True,True
RPM_INSTABILITY,1.0,208,S071,92.6,7.4,CRITICAL,joint,True,True
COMBINED_FAULT,0.15,208,S071,83.31,16.69,WARNING,joint,True,True
COMBINED_FAULT,0.15,208,S071,90.42,9.58,WARNING,joint,True,True
COMBINED_FAULT,0.3,208,S071,91.31,8.69,WARNING,vibration,True,True
COMBINED_FAULT,0.3,208,S071,96.87,3.13,CRITICAL,joint,True,True
COMBINED_FAULT,0.5,208,S071,95.14,4.86,CRITICAL,vibration,True,True
COMBINED_FAULT,0.5,208,S071,93.93,6.07,CRITICAL,joint,True,True
COMBINED_FAULT,0.75,208,S071,99.03,0.97,CRITICAL,vibration,True,True
COMBINED_FAULT,0.75,208,S071,97.05,2.95,CRITICAL,vibration,True,True
COMBINED_FAULT,1.0,208,S071,99.19,0.81,CRITICAL,vibration,True,True
COMBINED_FAULT,1.0,208,S071,98.85,1.15,CRITICAL,vibration,True,True
NORMAL,0.0,209,S071,32.66,67.34,NORMAL,temperature,False,False
BELT_SLIP,0.15,209,S071,80.3,19.7,WARNING,joint,True,True
BELT_SLIP,0.15,209,S071,84.34,15.66,WARNING,joint,True,True
BELT_SLIP,0.3,209,S071,93.93,6.07,CRITICAL,joint,True,True
BELT_SLIP,0.3,209,S071,94.57,5.43,CRITICAL,joint,True,True
BELT_SLIP,0.5,209,S071,96.91,3.09,CRITICAL,joint,True,True
BELT_SLIP,0.5,209,S071,96.44,3.56,CRITICAL,joint,True,True
BELT_SLIP,0.75,209,S071,98.47,1.53,CRITICAL,joint,True,True
BELT_SLIP,0.75,209,S071,98.58,1.42,CRITICAL,joint,True,True
BELT_SLIP,1.0,209,S071,98.87,1.13,CRITICAL,joint,True,True
BELT_SLIP,1.0,209,S071,99.07,0.93,CRITICAL,joint,True,True
HIGH_VIBRATION,0.15,209,S071,89.62,10.38,WARNING,vibration,True,True
HIGH_VIBRATION,0.15,209,S071,89.52,10.48,WARNING,vibration,True,True
HIGH_VIBRATION,0.3,209,S071,95.34,4.66,CRITICAL,vibration,True,True
HIGH_VIBRATION,0.3,209,S071,95.38,4.62,CRITICAL,vibration,True,True
HIGH_VIBRATION,0.5,209,S071,97.18,2.82,CRITICAL,vibration,True,True
HIGH_VIBRATION,0.5,209,S071,97.15,2.85,CRITICAL,vibration,True,True
HIGH_VIBRATION,0.75,209,S071,98.06,1.94,CRITICAL,vibration,True,True
HIGH_VIBRATION,0.75,209,S071,98.16,1.84,CRITICAL,vibration,True,True
HIGH_VIBRATION,1.0,209,S071,98.39,1.61,CRITICAL,vibration,True,True
HIGH_VIBRATION,1.0,209,S071,98.43,1.57,CRITICAL,vibration,True,True
OVERHEATING,0.15,209,S071,51.43,48.57,WATCH,temperature,True,False
OVERHEATING,0.15,209,S071,51.49,48.51,WATCH,temperature,True,False
OVERHEATING,0.3,209,S071,62.04,37.96,WARNING,temperature,True,True
OVERHEATING,0.3,209,S071,61.36,38.64,WARNING,temperature,True,True
OVERHEATING,0.5,209,S071,77.57,22.43,WARNING,temperature,True,True
OVERHEATING,0.5,209,S071,77.51,22.49,WARNING,temperature,True,True
OVERHEATING,0.75,209,S071,81.19,18.81,WARNING,temperature,True,True
OVERHEATING,0.75,209,S071,81.19,18.81,WARNING,temperature,True,True
OVERHEATING,1.0,209,S071,81.35,18.65,WARNING,temperature,True,True
OVERHEATING,1.0,209,S071,81.35,18.65,WARNING,temperature,True,True
RPM_INSTABILITY,0.15,209,S071,73.99,26.01,WARNING,rpm,True,True
RPM_INSTABILITY,0.15,209,S071,66.4,33.6,WARNING,rpm,True,True
RPM_INSTABILITY,0.3,209,S071,74.09,25.91,WARNING,joint,True,True
RPM_INSTABILITY,0.3,209,S071,76.37,23.63,WARNING,joint,True,True
RPM_INSTABILITY,0.5,209,S071,85.84,14.16,WARNING,joint,True,True
RPM_INSTABILITY,0.5,209,S071,86.72,13.28,WARNING,joint,True,True
RPM_INSTABILITY,0.75,209,S071,93.02,6.98,CRITICAL,joint,True,True
RPM_INSTABILITY,0.75,209,S071,92.77,7.23,CRITICAL,joint,True,True
RPM_INSTABILITY,1.0,209,S071,94.83,5.17,CRITICAL,joint,True,True
RPM_INSTABILITY,1.0,209,S071,95.67,4.33,CRITICAL,joint,True,True
COMBINED_FAULT,0.15,209,S071,84.85,15.15,WARNING,joint,True,True
COMBINED_FAULT,0.15,209,S071,70.35,29.65,WARNING,joint,True,True
COMBINED_FAULT,0.3,209,S071,80.05,19.95,WARNING,rpm,True,True
COMBINED_FAULT,0.3,209,S071,97.45,2.55,CRITICAL,joint,True,True
COMBINED_FAULT,0.5,209,S071,95.86,4.14,CRITICAL,vibration,True,True
COMBINED_FAULT,0.5,209,S071,97.27,2.73,CRITICAL,joint,True,True
COMBINED_FAULT,0.75,209,S071,98.17,1.83,CRITICAL,joint,True,True
COMBINED_FAULT,0.75,209,S071,94.38,5.62,CRITICAL,joint,True,True
COMBINED_FAULT,1.0,209,S071,96.27,3.73,CRITICAL,joint,True,True
COMBINED_FAULT,1.0,209,S071,96.27,3.73,CRITICAL,joint,True,True
NORMAL,0.0,210,S071,47.9,52.1,WATCH,temperature,True,False
BELT_SLIP,0.15,210,S071,85.14,14.86,WARNING,joint,True,True
BELT_SLIP,0.15,210,S071,88.0,12.0,WARNING,joint,True,True
BELT_SLIP,0.3,210,S071,93.29,6.71,CRITICAL,joint,True,True
BELT_SLIP,0.3,210,S071,94.15,5.85,CRITICAL,joint,True,True
BELT_SLIP,0.5,210,S071,96.68,3.32,CRITICAL,joint,True,True
BELT_SLIP,0.5,210,S071,96.13,3.87,CRITICAL,joint,True,True
BELT_SLIP,0.75,210,S071,97.37,2.63,CRITICAL,vibration,True,True
BELT_SLIP,0.75,210,S071,97.38,2.62,CRITICAL,joint,True,True
BELT_SLIP,1.0,210,S071,98.61,1.39,CRITICAL,vibration,True,True
BELT_SLIP,1.0,210,S071,98.76,1.24,CRITICAL,vibration,True,True
HIGH_VIBRATION,0.15,210,S071,91.24,8.76,WARNING,vibration,True,True
HIGH_VIBRATION,0.15,210,S071,90.69,9.31,WARNING,vibration,True,True
HIGH_VIBRATION,0.3,210,S071,96.04,3.96,CRITICAL,vibration,True,True
HIGH_VIBRATION,0.3,210,S071,96.15,3.85,CRITICAL,vibration,True,True
HIGH_VIBRATION,0.5,210,S071,97.42,2.58,CRITICAL,vibration,True,True
HIGH_VIBRATION,0.5,210,S071,97.56,2.44,CRITICAL,vibration,True,True
HIGH_VIBRATION,0.75,210,S071,98.51,1.49,CRITICAL,vibration,True,True
HIGH_VIBRATION,0.75,210,S071,98.17,1.83,CRITICAL,vibration,True,True
HIGH_VIBRATION,1.0,210,S071,98.63,1.37,CRITICAL,vibration,True,True
HIGH_VIBRATION,1.0,210,S071,98.64,1.36,CRITICAL,vibration,True,True
OVERHEATING,0.15,210,S071,55.64,44.36,WATCH,temperature,True,False
OVERHEATING,0.15,210,S071,55.8,44.2,WATCH,temperature,True,False
OVERHEATING,0.3,210,S071,49.24,50.76,WATCH,temperature,True,False
OVERHEATING,0.3,210,S071,49.24,50.76,WATCH,temperature,True,False
OVERHEATING,0.5,210,S071,39.99,60.01,WATCH,temperature,True,False
OVERHEATING,0.5,210,S071,38.7,61.3,WATCH,temperature,True,False
OVERHEATING,0.75,210,S071,31.16,68.84,NORMAL,temperature,False,False
OVERHEATING,0.75,210,S071,30.53,69.47,NORMAL,temperature,False,False
OVERHEATING,1.0,210,S071,34.82,65.18,NORMAL,temperature,False,False
OVERHEATING,1.0,210,S071,33.1,66.9,NORMAL,temperature,False,False
RPM_INSTABILITY,0.15,210,S071,69.32,30.68,WARNING,rpm,True,True
RPM_INSTABILITY,0.15,210,S071,79.06,20.94,WARNING,rpm,True,True
RPM_INSTABILITY,0.3,210,S071,81.77,18.23,WARNING,joint,True,True
RPM_INSTABILITY,0.3,210,S071,84.53,15.47,WARNING,joint,True,True
RPM_INSTABILITY,0.5,210,S071,89.89,10.11,WARNING,joint,True,True
RPM_INSTABILITY,0.5,210,S071,89.8,10.2,WARNING,joint,True,True
RPM_INSTABILITY,0.75,210,S071,94.38,5.62,CRITICAL,joint,True,True
RPM_INSTABILITY,0.75,210,S071,93.93,6.07,CRITICAL,joint,True,True
RPM_INSTABILITY,1.0,210,S071,96.37,3.63,CRITICAL,joint,True,True
RPM_INSTABILITY,1.0,210,S071,97.09,2.91,CRITICAL,joint,True,True
COMBINED_FAULT,0.15,210,S071,76.78,23.22,WARNING,joint,True,True
COMBINED_FAULT,0.15,210,S071,95.28,4.72,CRITICAL,joint,True,True
COMBINED_FAULT,0.3,210,S071,73.6,26.4,WARNING,joint,True,True
COMBINED_FAULT,0.3,210,S071,96.52,3.48,CRITICAL,joint,True,True
COMBINED_FAULT,0.5,210,S071,85.07,14.93,WARNING,joint,True,True
COMBINED_FAULT,0.5,210,S071,96.59,3.41,CRITICAL,joint,True,True
COMBINED_FAULT,0.75,210,S071,97.6,2.4,CRITICAL,vibration,True,True
COMBINED_FAULT,0.75,210,S071,98.17,1.83,CRITICAL,vibration,True,True
COMBINED_FAULT,1.0,210,S071,99.21,0.79,CRITICAL,vibration,True,True
COMBINED_FAULT,1.0,210,S071,98.35,1.65,CRITICAL,vibration,True,True
NORMAL,0.0,211,S071,20.49,79.51,NORMAL,temperature,False,False
BELT_SLIP,0.15,211,S071,74.46,25.54,WARNING,joint,True,True
BELT_SLIP,0.15,211,S071,77.16,22.84,WARNING,joint,True,True
BELT_SLIP,0.3,211,S071,91.08,8.92,WARNING,joint,True,True
BELT_SLIP,0.3,211,S071,89.29,10.71,WARNING,joint,True,True
BELT_SLIP,0.5,211,S071,95.17,4.83,CRITICAL,vibration,True,True
BELT_SLIP,0.5,211,S071,94.92,5.08,CRITICAL,vibration,True,True
BELT_SLIP,0.75,211,S071,96.85,3.15,CRITICAL,vibration,True,True
BELT_SLIP,0.75,211,S071,97.06,2.94,CRITICAL,joint,True,True
BELT_SLIP,1.0,211,S071,98.06,1.94,CRITICAL,vibration,True,True
BELT_SLIP,1.0,211,S071,98.36,1.64,CRITICAL,vibration,True,True
HIGH_VIBRATION,0.15,211,S071,88.79,11.21,WARNING,vibration,True,True
HIGH_VIBRATION,0.15,211,S071,88.71,11.29,WARNING,vibration,True,True
HIGH_VIBRATION,0.3,211,S071,95.23,4.77,CRITICAL,vibration,True,True
HIGH_VIBRATION,0.3,211,S071,95.51,4.49,CRITICAL,vibration,True,True
HIGH_VIBRATION,0.5,211,S071,96.94,3.06,CRITICAL,vibration,True,True
HIGH_VIBRATION,0.5,211,S071,96.67,3.33,CRITICAL,vibration,True,True
HIGH_VIBRATION,0.75,211,S071,97.65,2.35,CRITICAL,vibration,True,True
HIGH_VIBRATION,0.75,211,S071,98.01,1.99,CRITICAL,vibration,True,True
HIGH_VIBRATION,1.0,211,S071,98.44,1.56,CRITICAL,vibration,True,True
HIGH_VIBRATION,1.0,211,S071,98.53,1.47,CRITICAL,vibration,True,True
OVERHEATING,0.15,211,S071,33.6,66.4,NORMAL,temperature,False,False
OVERHEATING,0.15,211,S071,33.76,66.24,NORMAL,temperature,False,False
OVERHEATING,0.3,211,S071,26.41,73.59,NORMAL,temperature,False,False
OVERHEATING,0.3,211,S071,27.26,72.74,NORMAL,temperature,False,False
OVERHEATING,0.5,211,S071,19.0,81.0,NORMAL,temperature,False,False
OVERHEATING,0.5,211,S071,19.09,80.91,NORMAL,temperature,False,False
OVERHEATING,0.75,211,S071,17.08,82.92,NORMAL,temperature,False,False
OVERHEATING,0.75,211,S071,16.97,83.03,NORMAL,temperature,False,False
OVERHEATING,1.0,211,S071,19.96,80.04,NORMAL,temperature,False,False
OVERHEATING,1.0,211,S071,21.97,78.03,NORMAL,temperature,False,False
RPM_INSTABILITY,0.15,211,S071,73.39,26.61,WARNING,rpm,True,True
RPM_INSTABILITY,0.15,211,S071,64.83,35.17,WARNING,rpm,True,True
RPM_INSTABILITY,0.3,211,S071,79.94,20.06,WARNING,rpm,True,True
RPM_INSTABILITY,0.3,211,S071,76.96,23.04,WARNING,joint,True,True
RPM_INSTABILITY,0.5,211,S071,81.96,18.04,WARNING,joint,True,True
RPM_INSTABILITY,0.5,211,S071,81.27,18.73,WARNING,joint,True,True
RPM_INSTABILITY,0.75,211,S071,90.46,9.54,WARNING,joint,True,True
RPM_INSTABILITY,0.75,211,S071,88.95,11.05,WARNING,joint,True,True
RPM_INSTABILITY,1.0,211,S071,92.24,7.76,CRITICAL,vibration,True,True
RPM_INSTABILITY,1.0,211,S071,94.16,5.84,CRITICAL,vibration,True,True
COMBINED_FAULT,0.15,211,S071,92.28,7.72,CRITICAL,vibration,True,True
COMBINED_FAULT,0.15,211,S071,50.07,49.93,WATCH,rpm,True,False
COMBINED_FAULT,0.3,211,S071,65.04,34.96,WARNING,rpm,True,True
COMBINED_FAULT,0.3,211,S071,90.67,9.33,WARNING,joint,True,True
COMBINED_FAULT,0.5,211,S071,95.82,4.18,CRITICAL,vibration,True,True
COMBINED_FAULT,0.5,211,S071,89.72,10.28,WARNING,joint,True,True
COMBINED_FAULT,0.75,211,S071,98.55,1.45,CRITICAL,vibration,True,True
COMBINED_FAULT,0.75,211,S071,97.34,2.66,CRITICAL,vibration,True,True
COMBINED_FAULT,1.0,211,S071,96.32,3.68,CRITICAL,vibration,True,True
COMBINED_FAULT,1.0,211,S071,98.19,1.81,CRITICAL,vibration,True,True
NORMAL,0.0,212,S071,73.92,26.08,WARNING,temperature,True,True
BELT_SLIP,0.15,212,S071,83.89,16.11,WARNING,joint,True,True
BELT_SLIP,0.15,212,S071,84.79,15.21,WARNING,joint,True,True
BELT_SLIP,0.3,212,S071,95.17,4.83,CRITICAL,joint,True,True
BELT_SLIP,0.3,212,S071,93.78,6.22,CRITICAL,joint,True,True
BELT_SLIP,0.5,212,S071,97.7,2.3,CRITICAL,joint,True,True
BELT_SLIP,0.5,212,S071,97.4,2.6,CRITICAL,joint,True,True
BELT_SLIP,0.75,212,S071,98.07,1.93,CRITICAL,joint,True,True
BELT_SLIP,0.75,212,S071,98.44,1.56,CRITICAL,joint,True,True
BELT_SLIP,1.0,212,S071,98.69,1.31,CRITICAL,joint,True,True
BELT_SLIP,1.0,212,S071,98.51,1.49,CRITICAL,vibration,True,True
HIGH_VIBRATION,0.15,212,S071,88.95,11.05,WARNING,joint,True,True
HIGH_VIBRATION,0.15,212,S071,90.34,9.66,WARNING,joint,True,True
HIGH_VIBRATION,0.3,212,S071,96.14,3.86,CRITICAL,vibration,True,True
HIGH_VIBRATION,0.3,212,S071,96.0,4.0,CRITICAL,vibration,True,True
HIGH_VIBRATION,0.5,212,S071,97.37,2.63,CRITICAL,vibration,True,True
HIGH_VIBRATION,0.5,212,S071,97.55,2.45,CRITICAL,vibration,True,True
HIGH_VIBRATION,0.75,212,S071,98.21,1.79,CRITICAL,vibration,True,True
HIGH_VIBRATION,0.75,212,S071,98.09,1.91,CRITICAL,vibration,True,True
HIGH_VIBRATION,1.0,212,S071,98.83,1.17,CRITICAL,vibration,True,True
HIGH_VIBRATION,1.0,212,S071,98.74,1.26,CRITICAL,vibration,True,True
OVERHEATING,0.15,212,S071,78.78,21.22,WARNING,temperature,True,True
OVERHEATING,0.15,212,S071,78.64,21.36,WARNING,temperature,True,True
OVERHEATING,0.3,212,S071,71.95,28.05,WARNING,temperature,True,True
OVERHEATING,0.3,212,S071,71.45,28.55,WARNING,temperature,True,True
OVERHEATING,0.5,212,S071,56.27,43.73,WATCH,temperature,True,False
OVERHEATING,0.5,212,S071,55.58,44.42,WATCH,temperature,True,False
OVERHEATING,0.75,212,S071,39.08,60.92,WATCH,temperature,True,False
OVERHEATING,0.75,212,S071,42.24,57.76,WATCH,temperature,True,False
OVERHEATING,1.0,212,S071,32.77,67.23,NORMAL,temperature,False,False
OVERHEATING,1.0,212,S071,32.3,67.7,NORMAL,temperature,False,False
RPM_INSTABILITY,0.15,212,S071,73.92,26.08,WARNING,temperature,True,True
RPM_INSTABILITY,0.15,212,S071,81.67,18.33,WARNING,rpm,True,True
RPM_INSTABILITY,0.3,212,S071,84.85,15.15,WARNING,joint,True,True
RPM_INSTABILITY,0.3,212,S071,83.1,16.9,WARNING,joint,True,True
RPM_INSTABILITY,0.5,212,S071,89.02,10.98,WARNING,joint,True,True
RPM_INSTABILITY,0.5,212,S071,91.79,8.21,CRITICAL,joint,True,True
RPM_INSTABILITY,0.75,212,S071,95.16,4.84,CRITICAL,joint,True,True
RPM_INSTABILITY,0.75,212,S071,95.33,4.67,CRITICAL,joint,True,True
RPM_INSTABILITY,1.0,212,S071,97.78,2.22,CRITICAL,joint,True,True
RPM_INSTABILITY,1.0,212,S071,96.71,3.29,CRITICAL,joint,True,True
COMBINED_FAULT,0.15,212,S071,80.18,19.82,WARNING,temperature,True,True
COMBINED_FAULT,0.15,212,S071,85.42,14.58,WARNING,joint,True,True
COMBINED_FAULT,0.3,212,S071,90.89,9.11,WARNING,joint,True,True
COMBINED_FAULT,0.3,212,S071,78.21,21.79,WARNING,joint,True,True
COMBINED_FAULT,0.5,212,S071,99.03,0.97,CRITICAL,joint,True,True
COMBINED_FAULT,0.5,212,S071,98.75,1.25,CRITICAL,joint,True,True
COMBINED_FAULT,0.75,212,S071,96.79,3.21,CRITICAL,joint,True,True
COMBINED_FAULT,0.75,212,S071,98.18,1.82,CRITICAL,joint,True,True
COMBINED_FAULT,1.0,212,S071,92.47,7.53,CRITICAL,joint,True,True
COMBINED_FAULT,1.0,212,S071,98.37,1.63,CRITICAL,vibration,True,True
NORMAL,0.0,213,S071,22.22,77.78,NORMAL,temperature,False,False
BELT_SLIP,0.15,213,S071,68.78,31.22,WARNING,joint,True,True
BELT_SLIP,0.15,213,S071,72.68,27.32,WARNING,joint,True,True
BELT_SLIP,0.3,213,S071,88.22,11.78,WARNING,joint,True,True
BELT_SLIP,0.3,213,S071,88.38,11.62,WARNING,joint,True,True
BELT_SLIP,0.5,213,S071,96.27,3.73,CRITICAL,joint,True,True
BELT_SLIP,0.5,213,S071,95.82,4.18,CRITICAL,joint,True,True
BELT_SLIP,0.75,213,S071,97.64,2.36,CRITICAL,joint,True,True
BELT_SLIP,0.75,213,S071,97.9,2.1,CRITICAL,joint,True,True
BELT_SLIP,1.0,213,S071,98.74,1.26,CRITICAL,joint,True,True
BELT_SLIP,1.0,213,S071,98.94,1.06,CRITICAL,joint,True,True
HIGH_VIBRATION,0.15,213,S071,82.69,17.31,WARNING,vibration,True,True
HIGH_VIBRATION,0.15,213,S071,82.26,17.74,WARNING,vibration,True,True
HIGH_VIBRATION,0.3,213,S071,96.19,3.81,CRITICAL,vibration,True,True
HIGH_VIBRATION,0.3,213,S071,95.92,4.08,CRITICAL,vibration,True,True
HIGH_VIBRATION,0.5,213,S071,97.37,2.63,CRITICAL,vibration,True,True
HIGH_VIBRATION,0.5,213,S071,97.3,2.7,CRITICAL,vibration,True,True
HIGH_VIBRATION,0.75,213,S071,98.04,1.96,CRITICAL,vibration,True,True
HIGH_VIBRATION,0.75,213,S071,98.21,1.79,CRITICAL,vibration,True,True
HIGH_VIBRATION,1.0,213,S071,98.7,1.3,CRITICAL,vibration,True,True
HIGH_VIBRATION,1.0,213,S071,98.68,1.32,CRITICAL,vibration,True,True
OVERHEATING,0.15,213,S071,45.25,54.75,WATCH,temperature,True,False
OVERHEATING,0.15,213,S071,44.62,55.38,WATCH,temperature,True,False
OVERHEATING,0.3,213,S071,46.03,53.97,WATCH,temperature,True,False
OVERHEATING,0.3,213,S071,45.09,54.91,WATCH,temperature,True,False
OVERHEATING,0.5,213,S071,54.15,45.85,WATCH,temperature,True,False
OVERHEATING,0.5,213,S071,54.75,45.25,WATCH,temperature,True,False
OVERHEATING,0.75,213,S071,74.09,25.91,WARNING,temperature,True,True
OVERHEATING,0.75,213,S071,74.15,25.85,WARNING,temperature,True,True
OVERHEATING,1.0,213,S071,81.83,18.17,WARNING,temperature,True,True
OVERHEATING,1.0,213,S071,81.2,18.8,WARNING,temperature,True,True
RPM_INSTABILITY,0.15,213,S071,75.96,24.04,WARNING,rpm,True,True
RPM_INSTABILITY,0.15,213,S071,82.81,17.19,WARNING,rpm,True,True
RPM_INSTABILITY,0.3,213,S071,76.01,23.99,WARNING,rpm,True,True
RPM_INSTABILITY,0.3,213,S071,76.22,23.78,WARNING,rpm,True,True
RPM_INSTABILITY,0.5,213,S071,84.76,15.24,WARNING,joint,True,True
RPM_INSTABILITY,0.5,213,S071,82.09,17.91,WARNING,joint,True,True
RPM_INSTABILITY,0.75,213,S071,89.15,10.85,WARNING,joint,True,True
RPM_INSTABILITY,0.75,213,S071,91.36,8.64,WARNING,joint,True,True
RPM_INSTABILITY,1.0,213,S071,93.96,6.04,CRITICAL,joint,True,True
RPM_INSTABILITY,1.0,213,S071,95.32,4.68,CRITICAL,joint,True,True
COMBINED_FAULT,0.15,213,S071,70.28,29.72,WARNING,joint,True,True
COMBINED_FAULT,0.15,213,S071,47.84,52.16,WATCH,rpm,True,False
COMBINED_FAULT,0.3,213,S071,79.42,20.58,WARNING,rpm,True,True
COMBINED_FAULT,0.3,213,S071,88.67,11.33,WARNING,joint,True,True
COMBINED_FAULT,0.5,213,S071,93.56,6.44,CRITICAL,joint,True,True
COMBINED_FAULT,0.5,213,S071,96.69,3.31,CRITICAL,vibration,True,True
COMBINED_FAULT,0.75,213,S071,98.45,1.55,CRITICAL,joint,True,True
COMBINED_FAULT,0.75,213,S071,97.89,2.11,CRITICAL,joint,True,True
COMBINED_FAULT,1.0,213,S071,99.13,0.87,CRITICAL,joint,True,True
COMBINED_FAULT,1.0,213,S071,98.51,1.49,CRITICAL,vibration,True,True
NORMAL,0.0,214,S071,25.45,74.55,NORMAL,temperature,False,False
BELT_SLIP,0.15,214,S071,57.89,42.11,WATCH,joint,True,False
BELT_SLIP,0.15,214,S071,72.65,27.35,WARNING,rpm,True,True
BELT_SLIP,0.3,214,S071,89.4,10.6,WARNING,joint,True,True
BELT_SLIP,0.3,214,S071,89.99,10.01,WARNING,joint,True,True
BELT_SLIP,0.5,214,S071,95.21,4.79,CRITICAL,joint,True,True
BELT_SLIP,0.5,214,S071,95.27,4.73,CRITICAL,joint,True,True
BELT_SLIP,0.75,214,S071,98.06,1.94,CRITICAL,joint,True,True
BELT_SLIP,0.75,214,S071,98.06,1.94,CRITICAL,joint,True,True
BELT_SLIP,1.0,214,S071,98.64,1.36,CRITICAL,joint,True,True
BELT_SLIP,1.0,214,S071,98.73,1.27,CRITICAL,joint,True,True
HIGH_VIBRATION,0.15,214,S071,64.97,35.03,WARNING,vibration,True,True
HIGH_VIBRATION,0.15,214,S071,66.71,33.29,WARNING,vibration,True,True
HIGH_VIBRATION,0.3,214,S071,93.46,6.54,CRITICAL,vibration,True,True
HIGH_VIBRATION,0.3,214,S071,92.82,7.18,CRITICAL,vibration,True,True
HIGH_VIBRATION,0.5,214,S071,96.72,3.28,CRITICAL,vibration,True,True
HIGH_VIBRATION,0.5,214,S071,97.01,2.99,CRITICAL,vibration,True,True
HIGH_VIBRATION,0.75,214,S071,98.3,1.7,CRITICAL,vibration,True,True
HIGH_VIBRATION,0.75,214,S071,98.31,1.69,CRITICAL,vibration,True,True
HIGH_VIBRATION,1.0,214,S071,98.74,1.26,CRITICAL,vibration,True,True
HIGH_VIBRATION,1.0,214,S071,98.63,1.37,CRITICAL,vibration,True,True
OVERHEATING,0.15,214,S071,60.29,39.71,WATCH,temperature,True,False
OVERHEATING,0.15,214,S071,60.48,39.52,WATCH,temperature,True,False
OVERHEATING,0.3,214,S071,67.37,32.63,WARNING,temperature,True,True
OVERHEATING,0.3,214,S071,66.37,33.63,WARNING,temperature,True,True
OVERHEATING,0.5,214,S071,71.59,28.41,WARNING,temperature,True,True
OVERHEATING,0.5,214,S071,71.63,28.37,WARNING,temperature,True,True
OVERHEATING,0.75,214,S071,72.03,27.97,WARNING,temperature,True,True
OVERHEATING,0.75,214,S071,71.87,28.13,WARNING,temperature,True,True
OVERHEATING,1.0,214,S071,73.12,26.88,WARNING,temperature,True,True
OVERHEATING,1.0,214,S071,73.32,26.68,WARNING,temperature,True,True
RPM_INSTABILITY,0.15,214,S071,68.65,31.35,WARNING,rpm,True,True
RPM_INSTABILITY,0.15,214,S071,75.6,24.4,WARNING,rpm,True,True
RPM_INSTABILITY,0.3,214,S071,75.05,24.95,WARNING,rpm,True,True
RPM_INSTABILITY,0.3,214,S071,72.97,27.03,WARNING,rpm,True,True
RPM_INSTABILITY,0.5,214,S071,80.01,19.99,WARNING,rpm,True,True
RPM_INSTABILITY,0.5,214,S071,74.88,25.12,WARNING,joint,True,True
RPM_INSTABILITY,0.75,214,S071,86.74,13.26,WARNING,joint,True,True
RPM_INSTABILITY,0.75,214,S071,85.53,14.47,WARNING,joint,True,True
RPM_INSTABILITY,1.0,214,S071,93.7,6.3,CRITICAL,joint,True,True
RPM_INSTABILITY,1.0,214,S071,94.44,5.56,CRITICAL,joint,True,True
COMBINED_FAULT,0.15,214,S071,67.87,32.13,WARNING,rpm,True,True
COMBINED_FAULT,0.15,214,S071,57.72,42.28,WATCH,joint,True,False
COMBINED_FAULT,0.3,214,S071,97.33,2.67,CRITICAL,vibration,True,True
COMBINED_FAULT,0.3,214,S071,86.47,13.53,WARNING,joint,True,True
COMBINED_FAULT,0.5,214,S071,98.41,1.59,CRITICAL,vibration,True,True
COMBINED_FAULT,0.5,214,S071,94.66,5.34,CRITICAL,vibration,True,True
COMBINED_FAULT,0.75,214,S071,97.02,2.98,CRITICAL,vibration,True,True
COMBINED_FAULT,0.75,214,S071,97.85,2.15,CRITICAL,joint,True,True
COMBINED_FAULT,1.0,214,S071,91.1,8.9,WARNING,joint,True,True
COMBINED_FAULT,1.0,214,S071,91.96,8.04,CRITICAL,joint,True,True
NORMAL,0.0,215,S071,31.26,68.74,NORMAL,temperature,False,False
BELT_SLIP,0.15,215,S071,71.85,28.15,WARNING,joint,True,True
BELT_SLIP,0.15,215,S071,62.09,37.91,WARNING,joint,True,True
BELT_SLIP,0.3,215,S071,90.39,9.61,WARNING,joint,True,True
BELT_SLIP,0.3,215,S071,89.82,10.18,WARNING,joint,True,True
BELT_SLIP,0.5,215,S071,95.18,4.82,CRITICAL,joint,True,True
BELT_SLIP,0.5,215,S071,93.88,6.12,CRITICAL,joint,True,True
BELT_SLIP,0.75,215,S071,97.58,2.42,CRITICAL,joint,True,True
BELT_SLIP,0.75,215,S071,97.1,2.9,CRITICAL,joint,True,True
BELT_SLIP,1.0,215,S071,98.41,1.59,CRITICAL,joint,True,True
BELT_SLIP,1.0,215,S071,98.56,1.44,CRITICAL,joint,True,True
HIGH_VIBRATION,0.15,215,S071,67.42,32.58,WARNING,vibration,True,True
HIGH_VIBRATION,0.15,215,S071,67.82,32.18,WARNING,vibration,True,True
HIGH_VIBRATION,0.3,215,S071,93.37,6.63,CRITICAL,vibration,True,True
HIGH_VIBRATION,0.3,215,S071,93.81,6.19,CRITICAL,vibration,True,True
HIGH_VIBRATION,0.5,215,S071,97.42,2.58,CRITICAL,vibration,True,True
HIGH_VIBRATION,0.5,215,S071,96.93,3.07,CRITICAL,vibration,True,True
HIGH_VIBRATION,0.75,215,S071,98.4,1.6,CRITICAL,vibration,True,True
HIGH_VIBRATION,0.75,215,S071,98.63,1.37,CRITICAL,vibration,True,True
HIGH_VIBRATION,1.0,215,S071,98.66,1.34,CRITICAL,vibration,True,True
HIGH_VIBRATION,1.0,215,S071,98.6,1.4,CRITICAL,vibration,True,True
OVERHEATING,0.15,215,S071,64.99,35.01,WARNING,temperature,True,True
OVERHEATING,0.15,215,S071,65.28,34.72,WARNING,temperature,True,True
OVERHEATING,0.3,215,S071,68.09,31.91,WARNING,temperature,True,True
OVERHEATING,0.3,215,S071,68.09,31.91,WARNING,temperature,True,True
OVERHEATING,0.5,215,S071,69.73,30.27,WARNING,temperature,True,True
OVERHEATING,0.5,215,S071,70.01,29.99,WARNING,temperature,True,True
OVERHEATING,0.75,215,S071,70.73,29.27,WARNING,temperature,True,True
OVERHEATING,0.75,215,S071,70.73,29.27,WARNING,temperature,True,True
OVERHEATING,1.0,215,S071,70.73,29.27,WARNING,temperature,True,True
OVERHEATING,1.0,215,S071,70.73,29.27,WARNING,temperature,True,True
RPM_INSTABILITY,0.15,215,S071,71.86,28.14,WARNING,rpm,True,True
RPM_INSTABILITY,0.15,215,S071,68.36,31.64,WARNING,rpm,True,True
RPM_INSTABILITY,0.3,215,S071,65.31,34.69,WARNING,rpm,True,True
RPM_INSTABILITY,0.3,215,S071,72.12,27.88,WARNING,rpm,True,True
RPM_INSTABILITY,0.5,215,S071,76.66,23.34,WARNING,rpm,True,True
RPM_INSTABILITY,0.5,215,S071,79.52,20.48,WARNING,rpm,True,True
RPM_INSTABILITY,0.75,215,S071,85.79,14.21,WARNING,joint,True,True
RPM_INSTABILITY,0.75,215,S071,84.99,15.01,WARNING,joint,True,True
RPM_INSTABILITY,1.0,215,S071,91.34,8.66,WARNING,joint,True,True
RPM_INSTABILITY,1.0,215,S071,89.99,10.01,WARNING,joint,True,True
COMBINED_FAULT,0.15,215,S071,73.35,26.65,WARNING,joint,True,True
COMBINED_FAULT,0.15,215,S071,69.42,30.58,WARNING,joint,True,True
COMBINED_FAULT,0.3,215,S071,93.81,6.19,CRITICAL,joint,True,True
COMBINED_FAULT,0.3,215,S071,93.44,6.56,CRITICAL,joint,True,True
COMBINED_FAULT,0.5,215,S071,94.55,5.45,CRITICAL,joint,True,True
COMBINED_FAULT,0.5,215,S071,98.63,1.37,CRITICAL,vibration,True,True
COMBINED_FAULT,0.75,215,S071,98.99,1.01,CRITICAL,joint,True,True
COMBINED_FAULT,0.75,215,S071,98.57,1.43,CRITICAL,vibration,True,True
COMBINED_FAULT,1.0,215,S071,98.19,1.81,CRITICAL,vibration,True,True
COMBINED_FAULT,1.0,215,S071,91.82,8.18,CRITICAL,joint,True,True
NORMAL,0.0,216,S071,8.3,91.7,NORMAL,temperature,False,False
BELT_SLIP,0.15,216,S071,54.63,45.37,WATCH,rpm,True,False
BELT_SLIP,0.15,216,S071,69.1,30.9,WARNING,rpm,True,True
BELT_SLIP,0.3,216,S071,82.44,17.56,WARNING,joint,True,True
BELT_SLIP,0.3,216,S071,78.08,21.92,WARNING,joint,True,True
BELT_SLIP,0.5,216,S071,89.47,10.53,WARNING,joint,True,True
BELT_SLIP,0.5,216,S071,91.44,8.56,WARNING,joint,True,True
BELT_SLIP,0.75,216,S071,95.66,4.34,CRITICAL,joint,True,True
BELT_SLIP,0.75,216,S071,94.87,5.13,CRITICAL,joint,True,True
BELT_SLIP,1.0,216,S071,97.83,2.17,CRITICAL,joint,True,True
BELT_SLIP,1.0,216,S071,98.28,1.72,CRITICAL,joint,True,True
HIGH_VIBRATION,0.15,216,S071,51.46,48.54,WATCH,vibration,True,False
HIGH_VIBRATION,0.15,216,S071,47.47,52.53,WATCH,vibration,True,False
HIGH_VIBRATION,0.3,216,S071,91.17,8.83,WARNING,vibration,True,True
HIGH_VIBRATION,0.3,216,S071,90.84,9.16,WARNING,vibration,True,True
HIGH_VIBRATION,0.5,216,S071,96.57,3.43,CRITICAL,vibration,True,True
HIGH_VIBRATION,0.5,216,S071,97.09,2.91,CRITICAL,vibration,True,True
HIGH_VIBRATION,0.75,216,S071,98.03,1.97,CRITICAL,vibration,True,True
HIGH_VIBRATION,0.75,216,S071,98.21,1.79,CRITICAL,vibration,True,True
HIGH_VIBRATION,1.0,216,S071,98.35,1.65,CRITICAL,vibration,True,True
HIGH_VIBRATION,1.0,216,S071,98.54,1.46,CRITICAL,vibration,True,True
OVERHEATING,0.15,216,S071,28.9,71.1,NORMAL,temperature,False,False
OVERHEATING,0.15,216,S071,28.97,71.03,NORMAL,temperature,False,False
OVERHEATING,0.3,216,S071,40.52,59.48,WATCH,temperature,True,False
OVERHEATING,0.3,216,S071,40.28,59.72,WATCH,temperature,True,False
OVERHEATING,0.5,216,S071,55.68,44.32,WATCH,temperature,True,False
OVERHEATING,0.5,216,S071,56.79,43.21,WATCH,temperature,True,False
OVERHEATING,0.75,216,S071,61.39,38.61,WARNING,temperature,True,True
OVERHEATING,0.75,216,S071,61.04,38.96,WARNING,temperature,True,True
OVERHEATING,1.0,216,S071,59.68,40.32,WATCH,temperature,True,False
OVERHEATING,1.0,216,S071,59.6,40.4,WATCH,temperature,True,False
RPM_INSTABILITY,0.15,216,S071,64.5,35.5,WARNING,rpm,True,True
RPM_INSTABILITY,0.15,216,S071,32.85,67.15,NORMAL,rpm,False,False
RPM_INSTABILITY,0.3,216,S071,75.71,24.29,WARNING,rpm,True,True
RPM_INSTABILITY,0.3,216,S071,64.02,35.98,WARNING,rpm,True,True
RPM_INSTABILITY,0.5,216,S071,75.66,24.34,WARNING,rpm,True,True
RPM_INSTABILITY,0.5,216,S071,79.54,20.46,WARNING,rpm,True,True
RPM_INSTABILITY,0.75,216,S071,67.38,32.62,WARNING,rpm,True,True
RPM_INSTABILITY,0.75,216,S071,75.71,24.29,WARNING,rpm,True,True
RPM_INSTABILITY,1.0,216,S071,87.61,12.39,WARNING,joint,True,True
RPM_INSTABILITY,1.0,216,S071,87.97,12.03,WARNING,joint,True,True
COMBINED_FAULT,0.15,216,S071,80.67,19.33,WARNING,joint,True,True
COMBINED_FAULT,0.15,216,S071,62.16,37.84,WARNING,rpm,True,True
COMBINED_FAULT,0.3,216,S071,96.1,3.9,CRITICAL,vibration,True,True
COMBINED_FAULT,0.3,216,S071,75.2,24.8,WARNING,vibration,True,True
COMBINED_FAULT,0.5,216,S071,98.51,1.49,CRITICAL,vibration,True,True
COMBINED_FAULT,0.5,216,S071,96.76,3.24,CRITICAL,vibration,True,True
COMBINED_FAULT,0.75,216,S071,98.22,1.78,CRITICAL,vibration,True,True
COMBINED_FAULT,0.75,216,S071,77.79,22.21,WARNING,joint,True,True
COMBINED_FAULT,1.0,216,S071,98.59,1.41,CRITICAL,vibration,True,True
COMBINED_FAULT,1.0,216,S071,86.08,13.92,WARNING,joint,True,True
NORMAL,0.0,217,S071,4.64,95.36,NORMAL,temperature,False,False
BELT_SLIP,0.15,217,S071,67.73,32.27,WARNING,rpm,True,True
BELT_SLIP,0.15,217,S071,66.51,33.49,WARNING,rpm,True,True
BELT_SLIP,0.3,217,S071,79.55,20.45,WARNING,joint,True,True
BELT_SLIP,0.3,217,S071,79.23,20.77,WARNING,joint,True,True
BELT_SLIP,0.5,217,S071,88.43,11.57,WARNING,joint,True,True
BELT_SLIP,0.5,217,S071,89.29,10.71,WARNING,joint,True,True
BELT_SLIP,0.75,217,S071,94.23,5.77,CRITICAL,vibration,True,True
BELT_SLIP,0.75,217,S071,94.33,5.67,CRITICAL,joint,True,True
BELT_SLIP,1.0,217,S071,98.4,1.6,CRITICAL,vibration,True,True
BELT_SLIP,1.0,217,S071,98.04,1.96,CRITICAL,vibration,True,True
HIGH_VIBRATION,0.15,217,S071,60.48,39.52,WATCH,vibration,True,False
HIGH_VIBRATION,0.15,217,S071,58.64,41.36,WATCH,vibration,True,False
HIGH_VIBRATION,0.3,217,S071,92.12,7.88,CRITICAL,vibration,True,True
HIGH_VIBRATION,0.3,217,S071,93.38,6.62,CRITICAL,vibration,True,True
HIGH_VIBRATION,0.5,217,S071,96.75,3.25,CRITICAL,vibration,True,True
HIGH_VIBRATION,0.5,217,S071,96.63,3.37,CRITICAL,vibration,True,True
HIGH_VIBRATION,0.75,217,S071,98.62,1.38,CRITICAL,vibration,True,True
HIGH_VIBRATION,0.75,217,S071,98.35,1.65,CRITICAL,vibration,True,True
HIGH_VIBRATION,1.0,217,S071,98.72,1.28,CRITICAL,vibration,True,True
HIGH_VIBRATION,1.0,217,S071,98.44,1.56,CRITICAL,vibration,True,True
OVERHEATING,0.15,217,S071,14.37,85.63,NORMAL,temperature,False,False
OVERHEATING,0.15,217,S071,14.02,85.98,NORMAL,temperature,False,False
OVERHEATING,0.3,217,S071,13.99,86.01,NORMAL,temperature,False,False
OVERHEATING,0.3,217,S071,14.46,85.54,NORMAL,temperature,False,False
OVERHEATING,0.5,217,S071,20.92,79.08,NORMAL,temperature,False,False
OVERHEATING,0.5,217,S071,20.78,79.22,NORMAL,temperature,False,False
OVERHEATING,0.75,217,S071,35.34,64.66,WATCH,temperature,True,False
OVERHEATING,0.75,217,S071,34.98,65.02,WATCH,temperature,True,False
OVERHEATING,1.0,217,S071,54.2,45.8,WATCH,temperature,True,False
OVERHEATING,1.0,217,S071,52.9,47.1,WATCH,temperature,True,False
RPM_INSTABILITY,0.15,217,S071,78.86,21.14,WARNING,rpm,True,True
RPM_INSTABILITY,0.15,217,S071,75.68,24.32,WARNING,rpm,True,True
RPM_INSTABILITY,0.3,217,S071,69.45,30.55,WARNING,rpm,True,True
RPM_INSTABILITY,0.3,217,S071,75.68,24.32,WARNING,rpm,True,True
RPM_INSTABILITY,0.5,217,S071,75.68,24.32,WARNING,rpm,True,True
RPM_INSTABILITY,0.5,217,S071,72.01,27.99,WARNING,rpm,True,True
RPM_INSTABILITY,0.75,217,S071,77.57,22.43,WARNING,joint,True,True
RPM_INSTABILITY,0.75,217,S071,75.66,24.34,WARNING,rpm,True,True
RPM_INSTABILITY,1.0,217,S071,84.26,15.74,WARNING,joint,True,True
RPM_INSTABILITY,1.0,217,S071,87.03,12.97,WARNING,joint,True,True
COMBINED_FAULT,0.15,217,S071,64.86,35.14,WARNING,rpm,True,True
COMBINED_FAULT,0.15,217,S071,44.63,55.37,WATCH,vibration,True,False
COMBINED_FAULT,0.3,217,S071,79.19,20.81,WARNING,joint,True,True
COMBINED_FAULT,0.3,217,S071,96.23,3.77,CRITICAL,vibration,True,True
COMBINED_FAULT,0.5,217,S071,98.4,1.6,CRITICAL,vibration,True,True
COMBINED_FAULT,0.5,217,S071,98.24,1.76,CRITICAL,vibration,True,True
COMBINED_FAULT,0.75,217,S071,97.19,2.81,CRITICAL,vibration,True,True
COMBINED_FAULT,0.75,217,S071,79.54,20.46,WARNING,rpm,True,True
COMBINED_FAULT,1.0,217,S071,96.31,3.69,CRITICAL,joint,True,True
COMBINED_FAULT,1.0,217,S071,98.75,1.25,CRITICAL,vibration,True,True
NORMAL,0.0,218,S074,13.52,86.48,NORMAL,vibration,False,False
BELT_SLIP,0.15,218,S074,63.87,36.13,WARNING,rpm,True,True
BELT_SLIP,0.15,218,S074,60.69,39.31,WARNING,rpm,True,True
BELT_SLIP,0.3,218,S074,82.02,17.98,WARNING,joint,True,True
BELT_SLIP,0.3,218,S074,81.09,18.91,WARNING,joint,True,True
BELT_SLIP,0.5,218,S074,92.72,7.28,CRITICAL,joint,True,True
BELT_SLIP,0.5,218,S074,92.28,7.72,CRITICAL,joint,True,True
BELT_SLIP,0.75,218,S074,96.58,3.42,CRITICAL,joint,True,True
BELT_SLIP,0.75,218,S074,96.78,3.22,CRITICAL,joint,True,True
BELT_SLIP,1.0,218,S074,98.23,1.77,CRITICAL,joint,True,True
BELT_SLIP,1.0,218,S074,97.91,2.09,CRITICAL,joint,True,True
HIGH_VIBRATION,0.15,218,S074,72.87,27.13,WARNING,vibration,True,True
HIGH_VIBRATION,0.15,218,S074,71.64,28.36,WARNING,vibration,True,True
HIGH_VIBRATION,0.3,218,S074,88.99,11.01,WARNING,vibration,True,True
HIGH_VIBRATION,0.3,218,S074,90.23,9.77,WARNING,vibration,True,True
HIGH_VIBRATION,0.5,218,S074,95.29,4.71,CRITICAL,vibration,True,True
HIGH_VIBRATION,0.5,218,S074,95.92,4.08,CRITICAL,vibration,True,True
HIGH_VIBRATION,0.75,218,S074,97.01,2.99,CRITICAL,vibration,True,True
HIGH_VIBRATION,0.75,218,S074,97.54,2.46,CRITICAL,vibration,True,True
HIGH_VIBRATION,1.0,218,S074,98.29,1.71,CRITICAL,vibration,True,True
HIGH_VIBRATION,1.0,218,S074,98.62,1.38,CRITICAL,vibration,True,True
OVERHEATING,0.15,218,S074,28.11,71.89,NORMAL,temperature,False,False
OVERHEATING,0.15,218,S074,27.97,72.03,NORMAL,temperature,False,False
OVERHEATING,0.3,218,S074,43.23,56.77,WATCH,temperature,True,False
OVERHEATING,0.3,218,S074,42.13,57.87,WATCH,temperature,True,False
OVERHEATING,0.5,218,S074,54.18,45.82,WATCH,temperature,True,False
OVERHEATING,0.5,218,S074,54.77,45.23,WATCH,temperature,True,False
OVERHEATING,0.75,218,S074,61.4,38.6,WARNING,temperature,True,True
OVERHEATING,0.75,218,S074,61.89,38.11,WARNING,temperature,True,True
OVERHEATING,1.0,218,S074,61.81,38.19,WARNING,temperature,True,True
OVERHEATING,1.0,218,S074,61.91,38.09,WARNING,temperature,True,True
RPM_INSTABILITY,0.15,218,S074,80.17,19.83,WARNING,rpm,True,True
RPM_INSTABILITY,0.15,218,S074,74.59,25.41,WARNING,rpm,True,True
RPM_INSTABILITY,0.3,218,S074,80.19,19.81,WARNING,rpm,True,True
RPM_INSTABILITY,0.3,218,S074,75.66,24.34,WARNING,rpm,True,True
RPM_INSTABILITY,0.5,218,S074,80.17,19.83,WARNING,rpm,True,True
RPM_INSTABILITY,0.5,218,S074,80.22,19.78,WARNING,rpm,True,True
RPM_INSTABILITY,0.75,218,S074,76.09,23.91,WARNING,joint,True,True
RPM_INSTABILITY,0.75,218,S074,78.79,21.21,WARNING,joint,True,True
RPM_INSTABILITY,1.0,218,S074,87.65,12.35,WARNING,vibration,True,True
RPM_INSTABILITY,1.0,218,S074,89.29,10.71,WARNING,vibration,True,True
COMBINED_FAULT,0.15,218,S074,73.04,26.96,WARNING,rpm,True,True
COMBINED_FAULT,0.15,218,S074,57.32,42.68,WATCH,rpm,True,False
COMBINED_FAULT,0.3,218,S074,80.19,19.81,WARNING,rpm,True,True
COMBINED_FAULT,0.3,218,S074,80.22,19.78,WARNING,rpm,True,True
COMBINED_FAULT,0.5,218,S074,90.19,9.81,WARNING,joint,True,True
COMBINED_FAULT,0.5,218,S074,72.07,27.93,WARNING,rpm,True,True
COMBINED_FAULT,0.75,218,S074,95.0,5.0,CRITICAL,joint,True,True
COMBINED_FAULT,0.75,218,S074,97.51,2.49,CRITICAL,vibration,True,True
COMBINED_FAULT,1.0,218,S074,96.59,3.41,CRITICAL,joint,True,True
COMBINED_FAULT,1.0,218,S074,98.14,1.86,CRITICAL,vibration,True,True
NORMAL,0.0,219,S074,30.65,69.35,NORMAL,vibration,False,False
BELT_SLIP,0.15,219,S074,78.3,21.7,WARNING,rpm,True,True
BELT_SLIP,0.15,219,S074,74.75,25.25,WARNING,rpm,True,True
BELT_SLIP,0.3,219,S074,90.75,9.25,WARNING,joint,True,True
BELT_SLIP,0.3,219,S074,90.77,9.23,WARNING,joint,True,True
BELT_SLIP,0.5,219,S074,94.58,5.42,CRITICAL,joint,True,True
BELT_SLIP,0.5,219,S074,95.28,4.72,CRITICAL,joint,True,True
BELT_SLIP,0.75,219,S074,97.57,2.43,CRITICAL,joint,True,True
BELT_SLIP,0.75,219,S074,97.02,2.98,CRITICAL,joint,True,True
BELT_SLIP,1.0,219,S074,97.89,2.11,CRITICAL,joint,True,True
BELT_SLIP,1.0,219,S074,98.35,1.65,CRITICAL,joint,True,True
HIGH_VIBRATION,0.15,219,S074,77.95,22.05,WARNING,vibration,True,True
HIGH_VIBRATION,0.15,219,S074,77.58,22.42,WARNING,vibration,True,True
HIGH_VIBRATION,0.3,219,S074,93.12,6.88,CRITICAL,vibration,True,True
HIGH_VIBRATION,0.3,219,S074,93.55,6.45,CRITICAL,vibration,True,True
HIGH_VIBRATION,0.5,219,S074,97.05,2.95,CRITICAL,vibration,True,True
HIGH_VIBRATION,0.5,219,S074,96.89,3.11,CRITICAL,vibration,True,True
HIGH_VIBRATION,0.75,219,S074,98.29,1.71,CRITICAL,vibration,True,True
HIGH_VIBRATION,0.75,219,S074,98.21,1.79,CRITICAL,vibration,True,True
HIGH_VIBRATION,1.0,219,S074,98.63,1.37,CRITICAL,vibration,True,True
HIGH_VIBRATION,1.0,219,S074,98.6,1.4,CRITICAL,vibration,True,True
OVERHEATING,0.15,219,S074,35.47,64.53,WATCH,temperature,True,False
OVERHEATING,0.15,219,S074,35.93,64.07,WATCH,temperature,True,False
OVERHEATING,0.3,219,S074,50.97,49.03,WATCH,temperature,True,False
OVERHEATING,0.3,219,S074,52.05,47.95,WATCH,temperature,True,False
OVERHEATING,0.5,219,S074,62.78,37.22,WARNING,temperature,True,True
OVERHEATING,0.5,219,S074,62.78,37.22,WARNING,temperature,True,True
OVERHEATING,0.75,219,S074,65.88,34.12,WARNING,temperature,True,True
OVERHEATING,0.75,219,S074,65.88,34.12,WARNING,temperature,True,True
OVERHEATING,1.0,219,S074,66.39,33.61,WARNING,temperature,True,True
OVERHEATING,1.0,219,S074,66.39,33.61,WARNING,temperature,True,True
RPM_INSTABILITY,0.15,219,S074,68.86,31.14,WARNING,rpm,True,True
RPM_INSTABILITY,0.15,219,S074,71.12,28.88,WARNING,rpm,True,True
RPM_INSTABILITY,0.3,219,S074,75.94,24.06,WARNING,rpm,True,True
RPM_INSTABILITY,0.3,219,S074,71.77,28.23,WARNING,rpm,True,True
RPM_INSTABILITY,0.5,219,S074,81.26,18.74,WARNING,joint,True,True
RPM_INSTABILITY,0.5,219,S074,79.52,20.48,WARNING,joint,True,True
RPM_INSTABILITY,0.75,219,S074,88.22,11.78,WARNING,joint,True,True
RPM_INSTABILITY,0.75,219,S074,87.25,12.75,WARNING,joint,True,True
RPM_INSTABILITY,1.0,219,S074,91.08,8.92,WARNING,vibration,True,True
RPM_INSTABILITY,1.0,219,S074,91.19,8.81,WARNING,vibration,True,True
COMBINED_FAULT,0.15,219,S074,31.06,68.94,NORMAL,joint,False,False
COMBINED_FAULT,0.15,219,S074,67.94,32.06,WARNING,rpm,True,True
COMBINED_FAULT,0.3,219,S074,89.36,10.64,WARNING,joint,True,True
COMBINED_FAULT,0.3,219,S074,76.36,23.64,WARNING,rpm,True,True
COMBINED_FAULT,0.5,219,S074,94.93,5.07,CRITICAL,joint,True,True
COMBINED_FAULT,0.5,219,S074,96.76,3.24,CRITICAL,vibration,True,True
COMBINED_FAULT,0.75,219,S074,95.38,4.62,CRITICAL,joint,True,True
COMBINED_FAULT,0.75,219,S074,96.96,3.04,CRITICAL,vibration,True,True
COMBINED_FAULT,1.0,219,S074,98.29,1.71,CRITICAL,vibration,True,True
COMBINED_FAULT,1.0,219,S074,97.3,2.7,CRITICAL,joint,True,True
NORMAL,0.0,220,S074,8.25,91.75,NORMAL,rpm,False,False
BELT_SLIP,0.15,220,S074,47.98,52.02,WATCH,rpm,True,False
BELT_SLIP,0.15,220,S074,67.85,32.15,WARNING,rpm,True,True
BELT_SLIP,0.3,220,S074,76.78,23.22,WARNING,joint,True,True
BELT_SLIP,0.3,220,S074,76.43,23.57,WARNING,joint,True,True
BELT_SLIP,0.5,220,S074,91.75,8.25,CRITICAL,joint,True,True
BELT_SLIP,0.5,220,S074,90.22,9.78,WARNING,joint,True,True
BELT_SLIP,0.75,220,S074,95.64,4.36,CRITICAL,joint,True,True
BELT_SLIP,0.75,220,S074,95.84,4.16,CRITICAL,joint,True,True
BELT_SLIP,1.0,220,S074,97.85,2.15,CRITICAL,joint,True,True
BELT_SLIP,1.0,220,S074,98.06,1.94,CRITICAL,joint,True,True
HIGH_VIBRATION,0.15,220,S074,66.62,33.38,WARNING,vibration,True,True
HIGH_VIBRATION,0.15,220,S074,69.17,30.83,WARNING,vibration,True,True
HIGH_VIBRATION,0.3,220,S074,92.76,7.24,CRITICAL,vibration,True,True
HIGH_VIBRATION,0.3,220,S074,93.17,6.83,CRITICAL,vibration,True,True
HIGH_VIBRATION,0.5,220,S074,96.47,3.53,CRITICAL,vibration,True,True
HIGH_VIBRATION,0.5,220,S074,96.67,3.33,CRITICAL,vibration,True,True
HIGH_VIBRATION,0.75,220,S074,98.43,1.57,CRITICAL,vibration,True,True
HIGH_VIBRATION,0.75,220,S074,98.35,1.65,CRITICAL,vibration,True,True
HIGH_VIBRATION,1.0,220,S074,98.75,1.25,CRITICAL,vibration,True,True
HIGH_VIBRATION,1.0,220,S074,98.73,1.27,CRITICAL,vibration,True,True
OVERHEATING,0.15,220,S074,21.12,78.88,NORMAL,temperature,False,False
OVERHEATING,0.15,220,S074,21.13,78.87,NORMAL,temperature,False,False
OVERHEATING,0.3,220,S074,28.83,71.17,NORMAL,temperature,False,False
OVERHEATING,0.3,220,S074,28.58,71.42,NORMAL,temperature,False,False
OVERHEATING,0.5,220,S074,45.11,54.89,WATCH,temperature,True,False
OVERHEATING,0.5,220,S074,43.91,56.09,WATCH,temperature,True,False
OVERHEATING,0.75,220,S074,64.66,35.34,WARNING,temperature,True,True
OVERHEATING,0.75,220,S074,65.05,34.95,WARNING,temperature,True,True
OVERHEATING,1.0,220,S074,66.56,33.44,WARNING,temperature,True,True
OVERHEATING,1.0,220,S074,66.67,33.33,WARNING,temperature,True,True
RPM_INSTABILITY,0.15,220,S074,64.96,35.04,WARNING,rpm,True,True
RPM_INSTABILITY,0.15,220,S074,79.23,20.77,WARNING,rpm,True,True
RPM_INSTABILITY,0.3,220,S074,75.47,24.53,WARNING,rpm,True,True
RPM_INSTABILITY,0.3,220,S074,76.27,23.73,WARNING,rpm,True,True
RPM_INSTABILITY,0.5,220,S074,76.27,23.73,WARNING,rpm,True,True
RPM_INSTABILITY,0.5,220,S074,76.27,23.73,WARNING,rpm,True,True
RPM_INSTABILITY,0.75,220,S074,79.92,20.08,WARNING,rpm,True,True
RPM_INSTABILITY,0.75,220,S074,79.92,20.08,WARNING,rpm,True,True
RPM_INSTABILITY,1.0,220,S074,87.15,12.85,WARNING,joint,True,True
RPM_INSTABILITY,1.0,220,S074,88.21,11.79,WARNING,joint,True,True
COMBINED_FAULT,0.15,220,S074,68.72,31.28,WARNING,rpm,True,True
COMBINED_FAULT,0.15,220,S074,54.05,45.95,WATCH,rpm,True,False
COMBINED_FAULT,0.3,220,S074,79.92,20.08,WARNING,rpm,True,True
COMBINED_FAULT,0.3,220,S074,92.85,7.15,CRITICAL,vibration,True,True
COMBINED_FAULT,0.5,220,S074,92.04,7.96,CRITICAL,joint,True,True
COMBINED_FAULT,0.5,220,S074,86.74,13.26,WARNING,joint,True,True
COMBINED_FAULT,0.75,220,S074,94.14,5.86,CRITICAL,joint,True,True
COMBINED_FAULT,0.75,220,S074,98.65,1.35,CRITICAL,vibration,True,True
COMBINED_FAULT,1.0,220,S074,99.09,0.91,CRITICAL,vibration,True,True
COMBINED_FAULT,1.0,220,S074,96.52,3.48,CRITICAL,joint,True,True
NORMAL,0.0,221,S074,16.05,83.95,NORMAL,rpm,False,False
BELT_SLIP,0.15,221,S074,75.3,24.7,WARNING,rpm,True,True
BELT_SLIP,0.15,221,S074,77.34,22.66,WARNING,rpm,True,True
BELT_SLIP,0.3,221,S074,84.35,15.65,WARNING,joint,True,True
BELT_SLIP,0.3,221,S074,85.65,14.35,WARNING,joint,True,True
BELT_SLIP,0.5,221,S074,92.96,7.04,CRITICAL,joint,True,True
BELT_SLIP,0.5,221,S074,93.04,6.96,CRITICAL,joint,True,True
BELT_SLIP,0.75,221,S074,96.3,3.7,CRITICAL,vibration,True,True
BELT_SLIP,0.75,221,S074,97.23,2.77,CRITICAL,vibration,True,True
BELT_SLIP,1.0,221,S074,98.3,1.7,CRITICAL,vibration,True,True
BELT_SLIP,1.0,221,S074,97.88,2.12,CRITICAL,vibration,True,True
HIGH_VIBRATION,0.15,221,S074,80.78,19.22,WARNING,vibration,True,True
HIGH_VIBRATION,0.15,221,S074,81.63,18.37,WARNING,vibration,True,True
HIGH_VIBRATION,0.3,221,S074,93.02,6.98,CRITICAL,vibration,True,True
HIGH_VIBRATION,0.3,221,S074,93.98,6.02,CRITICAL,vibration,True,True
HIGH_VIBRATION,0.5,221,S074,97.05,2.95,CRITICAL,vibration,True,True
HIGH_VIBRATION,0.5,221,S074,97.16,2.84,CRITICAL,vibration,True,True
HIGH_VIBRATION,0.75,221,S074,97.98,2.02,CRITICAL,vibration,True,True
HIGH_VIBRATION,0.75,221,S074,97.85,2.15,CRITICAL,vibration,True,True
HIGH_VIBRATION,1.0,221,S074,98.38,1.62,CRITICAL,vibration,True,True
HIGH_VIBRATION,1.0,221,S074,98.45,1.55,CRITICAL,vibration,True,True
OVERHEATING,0.15,221,S074,20.88,79.12,NORMAL,temperature,False,False
OVERHEATING,0.15,221,S074,21.31,78.69,NORMAL,temperature,False,False
OVERHEATING,0.3,221,S074,23.99,76.01,NORMAL,temperature,False,False
OVERHEATING,0.3,221,S074,23.67,76.33,NORMAL,temperature,False,False
OVERHEATING,0.5,221,S074,41.61,58.39,WATCH,temperature,True,False
OVERHEATING,0.5,221,S074,42.41,57.59,WATCH,temperature,True,False
OVERHEATING,0.75,221,S074,65.05,34.95,WARNING,temperature,True,True
OVERHEATING,0.75,221,S074,65.75,34.25,WARNING,temperature,True,True
OVERHEATING,1.0,221,S074,67.0,33.0,WARNING,temperature,True,True
OVERHEATING,1.0,221,S074,67.0,33.0,WARNING,temperature,True,True
RPM_INSTABILITY,0.15,221,S074,64.44,35.56,WARNING,rpm,True,True
RPM_INSTABILITY,0.15,221,S074,70.2,29.8,WARNING,rpm,True,True
RPM_INSTABILITY,0.3,221,S074,71.56,28.44,WARNING,rpm,True,True
RPM_INSTABILITY,0.3,221,S074,75.03,24.97,WARNING,rpm,True,True
RPM_INSTABILITY,0.5,221,S074,79.62,20.38,WARNING,rpm,True,True
RPM_INSTABILITY,0.5,221,S074,75.74,24.26,WARNING,joint,True,True
RPM_INSTABILITY,0.75,221,S074,87.75,12.25,WARNING,vibration,True,True
RPM_INSTABILITY,0.75,221,S074,85.87,14.13,WARNING,vibration,True,True
RPM_INSTABILITY,1.0,221,S074,91.5,8.5,WARNING,vibration,True,True
RPM_INSTABILITY,1.0,221,S074,92.48,7.52,CRITICAL,vibration,True,True
COMBINED_FAULT,0.15,221,S074,61.87,38.13,WARNING,rpm,True,True
COMBINED_FAULT,0.15,221,S074,72.87,27.13,WARNING,rpm,True,True
COMBINED_FAULT,0.3,221,S074,88.83,11.17,WARNING,vibration,True,True
COMBINED_FAULT,0.3,221,S074,96.51,3.49,CRITICAL,vibration,True,True
COMBINED_FAULT,0.5,221,S074,71.36,28.64,WARNING,rpm,True,True
COMBINED_FAULT,0.5,221,S074,97.35,2.65,CRITICAL,vibration,True,True
COMBINED_FAULT,0.75,221,S074,86.05,13.95,WARNING,joint,True,True
COMBINED_FAULT,0.75,221,S074,96.04,3.96,CRITICAL,joint,True,True
COMBINED_FAULT,1.0,221,S074,97.24,2.76,CRITICAL,joint,True,True
COMBINED_FAULT,1.0,221,S074,93.57,6.43,CRITICAL,joint,True,True
NORMAL,0.0,222,S074,10.29,89.71,NORMAL,rpm,False,False
BELT_SLIP,0.15,222,S074,72.39,27.61,WARNING,rpm,True,True
BELT_SLIP,0.15,222,S074,80.85,19.15,WARNING,rpm,True,True
BELT_SLIP,0.3,222,S074,77.55,22.45,WARNING,rpm,True,True
BELT_SLIP,0.3,222,S074,81.81,18.19,WARNING,rpm,True,True
BELT_SLIP,0.5,222,S074,85.13,14.87,WARNING,joint,True,True
BELT_SLIP,0.5,222,S074,86.78,13.22,WARNING,joint,True,True
BELT_SLIP,0.75,222,S074,94.42,5.58,CRITICAL,joint,True,True
BELT_SLIP,0.75,222,S074,93.55,6.45,CRITICAL,vibration,True,True
BELT_SLIP,1.0,222,S074,97.51,2.49,CRITICAL,vibration,True,True
BELT_SLIP,1.0,222,S074,96.44,3.56,CRITICAL,joint,True,True
HIGH_VIBRATION,0.15,222,S074,55.88,44.12,WATCH,vibration,True,False
HIGH_VIBRATION,0.15,222,S074,57.08,42.92,WATCH,vibration,True,False
HIGH_VIBRATION,0.3,222,S074,92.01,7.99,CRITICAL,vibration,True,True
HIGH_VIBRATION,0.3,222,S074,92.51,7.49,CRITICAL,vibration,True,True
HIGH_VIBRATION,0.5,222,S074,97.69,2.31,CRITICAL,vibration,True,True
HIGH_VIBRATION,0.5,222,S074,97.32,2.68,CRITICAL,vibration,True,True
HIGH_VIBRATION,0.75,222,S074,97.99,2.01,CRITICAL,vibration,True,True
HIGH_VIBRATION,0.75,222,S074,98.25,1.75,CRITICAL,vibration,True,True
HIGH_VIBRATION,1.0,222,S074,98.52,1.48,CRITICAL,vibration,True,True
HIGH_VIBRATION,1.0,222,S074,98.51,1.49,CRITICAL,vibration,True,True
OVERHEATING,0.15,222,S074,13.55,86.45,NORMAL,temperature,False,False
OVERHEATING,0.15,222,S074,13.53,86.47,NORMAL,temperature,False,False
OVERHEATING,0.3,222,S074,17.57,82.43,NORMAL,temperature,False,False
OVERHEATING,0.3,222,S074,17.89,82.11,NORMAL,temperature,False,False
OVERHEATING,0.5,222,S074,27.87,72.13,NORMAL,temperature,False,False
OVERHEATING,0.5,222,S074,26.9,73.1,NORMAL,temperature,False,False
OVERHEATING,0.75,222,S074,51.91,48.09,WATCH,temperature,True,False
OVERHEATING,0.75,222,S074,52.27,47.73,WATCH,temperature,True,False
OVERHEATING,1.0,222,S074,58.3,41.7,WATCH,temperature,True,False
OVERHEATING,1.0,222,S074,60.71,39.29,WARNING,temperature,True,True
RPM_INSTABILITY,0.15,222,S074,62.37,37.63,WARNING,rpm,True,True
RPM_INSTABILITY,0.15,222,S074,70.35,29.65,WARNING,rpm,True,True
RPM_INSTABILITY,0.3,222,S074,82.81,17.19,WARNING,rpm,True,True
RPM_INSTABILITY,0.3,222,S074,79.37,20.63,WARNING,rpm,True,True
RPM_INSTABILITY,0.5,222,S074,79.42,20.58,WARNING,rpm,True,True
RPM_INSTABILITY,0.5,222,S074,79.42,20.58,WARNING,rpm,True,True
RPM_INSTABILITY,0.75,222,S074,82.81,17.19,WARNING,rpm,True,True
RPM_INSTABILITY,0.75,222,S074,82.79,17.21,WARNING,rpm,True,True
RPM_INSTABILITY,1.0,222,S074,83.27,16.73,WARNING,joint,True,True
RPM_INSTABILITY,1.0,222,S074,80.56,19.44,WARNING,vibration,True,True
COMBINED_FAULT,0.15,222,S074,46.64,53.36,WATCH,vibration,True,False
COMBINED_FAULT,0.15,222,S074,76.0,24.0,WARNING,rpm,True,True
COMBINED_FAULT,0.3,222,S074,71.69,28.31,WARNING,rpm,True,True
COMBINED_FAULT,0.3,222,S074,77.11,22.89,WARNING,vibration,True,True
COMBINED_FAULT,0.5,222,S074,94.7,5.3,CRITICAL,vibration,True,True
COMBINED_FAULT,0.5,222,S074,94.58,5.42,CRITICAL,vibration,True,True
COMBINED_FAULT,0.75,222,S074,95.6,4.4,CRITICAL,vibration,True,True
COMBINED_FAULT,0.75,222,S074,97.62,2.38,CRITICAL,vibration,True,True
COMBINED_FAULT,1.0,222,S074,96.02,3.98,CRITICAL,joint,True,True
COMBINED_FAULT,1.0,222,S074,99.13,0.87,CRITICAL,vibration,True,True
NORMAL,0.0,223,S076,8.47,91.53,NORMAL,temperature,False,False
BELT_SLIP,0.15,223,S076,50.69,49.31,WATCH,rpm,True,False
BELT_SLIP,0.15,223,S076,57.53,42.47,WATCH,rpm,True,False
BELT_SLIP,0.3,223,S076,80.51,19.49,WARNING,joint,True,True
BELT_SLIP,0.3,223,S076,80.33,19.67,WARNING,joint,True,True
BELT_SLIP,0.5,223,S076,90.24,9.76,WARNING,joint,True,True
BELT_SLIP,0.5,223,S076,89.56,10.44,WARNING,joint,True,True
BELT_SLIP,0.75,223,S076,95.68,4.32,CRITICAL,joint,True,True
BELT_SLIP,0.75,223,S076,94.99,5.01,CRITICAL,joint,True,True
BELT_SLIP,1.0,223,S076,97.51,2.49,CRITICAL,joint,True,True
BELT_SLIP,1.0,223,S076,97.2,2.8,CRITICAL,joint,True,True
HIGH_VIBRATION,0.15,223,S076,64.66,35.34,WARNING,vibration,True,True
HIGH_VIBRATION,0.15,223,S076,64.71,35.29,WARNING,vibration,True,True
HIGH_VIBRATION,0.3,223,S076,90.85,9.15,WARNING,vibration,True,True
HIGH_VIBRATION,0.3,223,S076,91.33,8.67,WARNING,vibration,True,True
HIGH_VIBRATION,0.5,223,S076,95.07,4.93,CRITICAL,vibration,True,True
HIGH_VIBRATION,0.5,223,S076,95.84,4.16,CRITICAL,vibration,True,True
HIGH_VIBRATION,0.75,223,S076,97.64,2.36,CRITICAL,vibration,True,True
HIGH_VIBRATION,0.75,223,S076,97.64,2.36,CRITICAL,vibration,True,True
HIGH_VIBRATION,1.0,223,S076,98.15,1.85,CRITICAL,vibration,True,True
HIGH_VIBRATION,1.0,223,S076,98.13,1.87,CRITICAL,vibration,True,True
OVERHEATING,0.15,223,S076,15.45,84.55,NORMAL,temperature,False,False
OVERHEATING,0.15,223,S076,15.51,84.49,NORMAL,temperature,False,False
OVERHEATING,0.3,223,S076,20.35,79.65,NORMAL,temperature,False,False
OVERHEATING,0.3,223,S076,19.9,80.1,NORMAL,temperature,False,False
OVERHEATING,0.5,223,S076,32.79,67.21,NORMAL,temperature,False,False
OVERHEATING,0.5,223,S076,35.68,64.32,WATCH,temperature,True,False
OVERHEATING,0.75,223,S076,60.26,39.74,WATCH,temperature,True,False
OVERHEATING,0.75,223,S076,58.85,41.15,WATCH,temperature,True,False
OVERHEATING,1.0,223,S076,68.47,31.53,WARNING,temperature,True,True
OVERHEATING,1.0,223,S076,68.47,31.53,WARNING,temperature,True,True
RPM_INSTABILITY,0.15,223,S076,68.01,31.99,WARNING,rpm,True,True
RPM_INSTABILITY,0.15,223,S076,60.33,39.67,WATCH,rpm,True,False
RPM_INSTABILITY,0.3,223,S076,75.61,24.39,WARNING,rpm,True,True
RPM_INSTABILITY,0.3,223,S076,80.22,19.78,WARNING,rpm,True,True
RPM_INSTABILITY,0.5,223,S076,80.19,19.81,WARNING,rpm,True,True
RPM_INSTABILITY,0.5,223,S076,67.01,32.99,WARNING,rpm,True,True
RPM_INSTABILITY,0.75,223,S076,77.94,22.06,WARNING,joint,True,True
RPM_INSTABILITY,0.75,223,S076,78.19,21.81,WARNING,rpm,True,True
RPM_INSTABILITY,1.0,223,S076,85.92,14.08,WARNING,joint,True,True
RPM_INSTABILITY,1.0,223,S076,85.68,14.32,WARNING,joint,True,True
COMBINED_FAULT,0.15,223,S076,78.19,21.81,WARNING,joint,True,True
COMBINED_FAULT,0.15,223,S076,69.26,30.74,WARNING,joint,True,True
COMBINED_FAULT,0.3,223,S076,82.84,17.16,WARNING,joint,True,True
COMBINED_FAULT,0.3,223,S076,80.6,19.4,WARNING,joint,True,True
COMBINED_FAULT,0.5,223,S076,97.35,2.65,CRITICAL,vibration,True,True
COMBINED_FAULT,0.5,223,S076,75.66,24.34,WARNING,rpm,True,True
COMBINED_FAULT,0.75,223,S076,80.22,19.78,WARNING,rpm,True,True
COMBINED_FAULT,0.75,223,S076,77.69,22.31,WARNING,joint,True,True
COMBINED_FAULT,1.0,223,S076,96.68,3.32,CRITICAL,joint,True,True
COMBINED_FAULT,1.0,223,S076,97.18,2.82,CRITICAL,vibration,True,True
NORMAL,0.0,224,S076,8.74,91.26,NORMAL,temperature,False,False
BELT_SLIP,0.15,224,S076,78.94,21.06,WARNING,rpm,True,True
BELT_SLIP,0.15,224,S076,59.27,40.73,WATCH,joint,True,False
BELT_SLIP,0.3,224,S076,89.4,10.6,WARNING,joint,True,True
BELT_SLIP,0.3,224,S076,89.62,10.38,WARNING,joint,True,True
BELT_SLIP,0.5,224,S076,95.68,4.32,CRITICAL,joint,True,True
BELT_SLIP,0.5,224,S076,95.07,4.93,CRITICAL,joint,True,True
BELT_SLIP,0.75,224,S076,97.46,2.54,CRITICAL,joint,True,True
BELT_SLIP,0.75,224,S076,97.52,2.48,CRITICAL,joint,True,True
BELT_SLIP,1.0,224,S076,98.05,1.95,CRITICAL,joint,True,True
BELT_SLIP,1.0,224,S076,98.25,1.75,CRITICAL,joint,True,True
HIGH_VIBRATION,0.15,224,S076,81.39,18.61,WARNING,vibration,True,True
HIGH_VIBRATION,0.15,224,S076,81.18,18.82,WARNING,vibration,True,True
HIGH_VIBRATION,0.3,224,S076,93.78,6.22,CRITICAL,vibration,True,True
HIGH_VIBRATION,0.3,224,S076,93.43,6.57,CRITICAL,vibration,True,True
HIGH_VIBRATION,0.5,224,S076,96.31,3.69,CRITICAL,vibration,True,True
HIGH_VIBRATION,0.5,224,S076,96.08,3.92,CRITICAL,vibration,True,True
HIGH_VIBRATION,0.75,224,S076,97.46,2.54,CRITICAL,vibration,True,True
HIGH_VIBRATION,0.75,224,S076,97.75,2.25,CRITICAL,vibration,True,True
HIGH_VIBRATION,1.0,224,S076,97.72,2.28,CRITICAL,vibration,True,True
HIGH_VIBRATION,1.0,224,S076,97.66,2.34,CRITICAL,vibration,True,True
OVERHEATING,0.15,224,S076,23.63,76.37,NORMAL,temperature,False,False
OVERHEATING,0.15,224,S076,23.55,76.45,NORMAL,temperature,False,False
OVERHEATING,0.3,224,S076,36.9,63.1,WATCH,temperature,True,False
OVERHEATING,0.3,224,S076,36.91,63.09,WATCH,temperature,True,False
OVERHEATING,0.5,224,S076,53.79,46.21,WATCH,temperature,True,False
OVERHEATING,0.5,224,S076,54.85,45.15,WATCH,temperature,True,False
OVERHEATING,0.75,224,S076,65.98,34.02,WARNING,temperature,True,True
OVERHEATING,0.75,224,S076,65.57,34.43,WARNING,temperature,True,True
OVERHEATING,1.0,224,S076,66.08,33.92,WARNING,temperature,True,True
OVERHEATING,1.0,224,S076,66.08,33.92,WARNING,temperature,True,True
RPM_INSTABILITY,0.15,224,S076,58.03,41.97,WATCH,rpm,True,False
RPM_INSTABILITY,0.15,224,S076,66.19,33.81,WARNING,rpm,True,True
RPM_INSTABILITY,0.3,224,S076,77.44,22.56,WARNING,rpm,True,True
RPM_INSTABILITY,0.3,224,S076,62.8,37.2,WARNING,rpm,True,True
RPM_INSTABILITY,0.5,224,S076,74.24,25.76,WARNING,joint,True,True
RPM_INSTABILITY,0.5,224,S076,80.81,19.19,WARNING,joint,True,True
RPM_INSTABILITY,0.75,224,S076,87.4,12.6,WARNING,joint,True,True
RPM_INSTABILITY,0.75,224,S076,88.8,11.2,WARNING,joint,True,True
RPM_INSTABILITY,1.0,224,S076,92.09,7.91,CRITICAL,vibration,True,True
RPM_INSTABILITY,1.0,224,S076,92.46,7.54,CRITICAL,vibration,True,True
COMBINED_FAULT,0.15,224,S076,39.34,60.66,WATCH,rpm,True,False
COMBINED_FAULT,0.15,224,S076,69.0,31.0,WARNING,rpm,True,True
COMBINED_FAULT,0.3,224,S076,92.37,7.63,CRITICAL,vibration,True,True
COMBINED_FAULT,0.3,224,S076,91.78,8.22,CRITICAL,vibration,True,True
COMBINED_FAULT,0.5,224,S076,97.51,2.49,CRITICAL,vibration,True,True
COMBINED_FAULT,0.5,224,S076,93.67,6.33,CRITICAL,joint,True,True
COMBINED_FAULT,0.75,224,S076,98.22,1.78,CRITICAL,vibration,True,True
COMBINED_FAULT,0.75,224,S076,87.61,12.39,WARNING,joint,True,True
COMBINED_FAULT,1.0,224,S076,97.97,2.03,CRITICAL,vibration,True,True
COMBINED_FAULT,1.0,224,S076,97.63,2.37,CRITICAL,joint,True,True
